PLAYER_ID,NAME,AGE,TEAM,FGA,3PA,3P_PCT,SEASON,SHOT_FREQUENCY_PCT,TEAM_ID,LEFT_CORNER_3_FGM,LEFT_CORNER_3_FGA,LEFT_CORNER_3_PCT,RIGHT_CORNER_3_FGM,RIGHT_CORNER_3_FGA,RIGHT_CORNER_3_PCT,ABOVE_THE_BREAK_3_FGM,ABOVE_THE_BREAK_3_FGA,ABOVE_BREAK_3_PCT,CORNER_3_FGM,CORNER_3_FGA,CORNER_3_PCT
201985,AJ Price,28.0,CLE,137,57,0.263,2014-15,0.4160583941605839,1610612739,1.0,5.0,0.2,0.0,2.0,0.0,14.0,50.0,0.28,1.0,7.0,0.143
201166,Aaron Brooks,30.0,CHI,817,313,0.387,2014-15,0.3831089351285189,1610612741,4.0,21.0,0.19,9.0,17.0,0.529,108.0,273.0,0.396,13.0,38.0,0.342
203932,Aaron Gordon,19.0,ORL,208,48,0.271,2014-15,0.2307692307692307,1610612753,2.0,10.0,0.2,7.0,16.0,0.438,4.0,21.0,0.19,9.0,26.0,0.346
203940,Adreian Payne,24.0,MIN,220,9,0.111,2014-15,0.0409090909090909,1610612750,0.0,0.0,0.0,0.0,1.0,0.0,1.0,8.0,0.125,0.0,1.0,0.0
201143,Al Horford,29.0,ATL,965,36,0.306,2014-15,0.0373056994818652,1610612737,3.0,11.0,0.273,8.0,18.0,0.444,0.0,7.0,0.0,11.0,29.0,0.379
2744,Al Jefferson,30.0,CHA,1010,5,0.4,2014-15,0.0049504950495049,1610612766,1.0,1.0,1.0,0.0,0.0,0.0,1.0,4.0,0.25,1.0,1.0,1.0
202329,Al-Farouq Aminu,24.0,DAL,357,124,0.274,2014-15,0.3473389355742297,1610612742,9.0,33.0,0.273,10.0,30.0,0.333,15.0,61.0,0.246,19.0,63.0,0.302
101187,Alan Anderson,32.0,BKN,440,210,0.348,2014-15,0.4772727272727273,1610612751,19.0,47.0,0.404,14.0,31.0,0.452,40.0,127.0,0.315,33.0,78.0,0.423
202692,Alec Burks,23.0,UTA,300,68,0.382,2014-15,0.2266666666666666,1610612762,3.0,6.0,0.5,5.0,11.0,0.455,18.0,49.0,0.367,8.0,17.0,0.471
203945,Alex Kirk,23.0,CLE,4,0,0.0,2014-15,0.0,1610612739,0.0,0.0,0.0,,,,0.0,0.0,0.0,0.0,0.0,0.0
203458,Alex Len,22.0,PHX,353,3,0.333,2014-15,0.0084985835694051,1610612756,1.0,1.0,1.0,0.0,0.0,0.0,0.0,2.0,0.0,1.0,1.0,1.0
203144,Alexey Shved,26.0,NYK,335,139,0.338,2014-15,0.4149253731343283,1610612752,1.0,4.0,0.25,3.0,7.0,0.429,43.0,125.0,0.344,4.0,11.0,0.364
201582,Alexis Ajinca,27.0,NOP,329,0,0.0,2014-15,0.0,1610612740,0.0,0.0,0.0,0.0,0.0,0.0,0.0,0.0,0.0,0.0,0.0,0.0
203459,Allen Crabbe,23.0,POR,153,85,0.353,2014-15,0.5555555555555556,1610612757,7.0,22.0,0.318,7.0,13.0,0.538,16.0,50.0,0.32,14.0,35.0,0.4
202087,Alonzo Gee,28.0,POR,186,35,0.371,2014-15,0.1881720430107527,1610612757,6.0,15.0,0.4,6.0,14.0,0.429,1.0,6.0,0.167,12.0,29.0,0.414
2405,Amar'e Stoudemire,32.0,DAL,490,4,0.0,2014-15,0.0081632653061224,1610612742,0.0,0.0,0.0,0.0,0.0,0.0,0.0,3.0,0.0,0.0,0.0,0.0
101161,Amir Johnson,28.0,TOR,519,46,0.413,2014-15,0.0886319845857418,1610612761,2.0,5.0,0.4,1.0,5.0,0.2,16.0,36.0,0.444,3.0,10.0,0.3
2760,Anderson Varejao,32.0,CLE,200,2,0.0,2014-15,0.01,1610612739,0.0,0.0,0.0,0.0,1.0,0.0,0.0,1.0,0.0,0.0,1.0,0.0
203958,Andre Dawkins,23.0,MIA,6,6,0.167,2014-15,1.0,1610612748,0.0,1.0,0.0,0.0,0.0,0.0,1.0,5.0,0.2,0.0,1.0,0.0
203083,Andre Drummond,21.0,DET,961,2,0.0,2014-15,0.0020811654526534,1610612765,0.0,0.0,0.0,0.0,0.0,0.0,0.0,0.0,0.0,0.0,0.0,0.0
2738,Andre Iguodala,31.0,GSW,496,212,0.349,2014-15,0.4274193548387097,1610612744,15.0,42.0,0.357,11.0,40.0,0.275,48.0,124.0,0.387,26.0,82.0,0.317
1889,Andre Miller,39.0,SAC,290,34,0.206,2014-15,0.1172413793103448,1610612758,1.0,4.0,0.25,0.0,1.0,0.0,6.0,27.0,0.222,1.0,5.0,0.2
203460,Andre Roberson,23.0,OKC,201,85,0.247,2014-15,0.4228855721393035,1610612760,11.0,33.0,0.333,4.0,14.0,0.286,6.0,36.0,0.167,15.0,47.0,0.319
200745,Andrea Bargnani,29.0,NYK,361,41,0.366,2014-15,0.113573407202216,1610612752,0.0,0.0,0.0,0.0,0.0,0.0,15.0,41.0,0.366,0.0,0.0,0.0
1905,Andrei Kirilenko,34.0,BKN,5,0,0.0,2014-15,0.0,1610612751,0.0,0.0,0.0,0.0,0.0,0.0,0.0,0.0,0.0,0.0,0.0,0.0
101106,Andrew Bogut,30.0,GSW,355,0,0.0,2014-15,0.0,1610612744,0.0,0.0,0.0,0.0,0.0,0.0,0.0,0.0,0.0,0.0,0.0,0.0
203094,Andrew Nicholson,25.0,ORL,190,41,0.317,2014-15,0.2157894736842105,1610612753,2.0,8.0,0.25,1.0,6.0,0.167,10.0,27.0,0.37,3.0,14.0,0.214
203952,Andrew Wiggins,20.0,MIN,1137,126,0.31,2014-15,0.1108179419525065,1610612750,8.0,22.0,0.364,5.0,10.0,0.5,26.0,93.0,0.28,13.0,32.0,0.406
203461,Anthony Bennett,22.0,MIN,297,23,0.304,2014-15,0.0774410774410774,1610612750,1.0,1.0,1.0,2.0,5.0,0.4,4.0,17.0,0.235,3.0,6.0,0.5
203076,Anthony Davis,22.0,NOP,1199,12,0.083,2014-15,0.0100083402835696,1610612740,0.0,2.0,0.0,0.0,2.0,0.0,1.0,5.0,0.2,0.0,4.0,0.0
201627,Anthony Morrow,29.0,OKC,615,325,0.434,2014-15,0.5284552845528455,1610612760,26.0,57.0,0.456,33.0,60.0,0.55,82.0,208.0,0.394,59.0,117.0,0.504
201229,Anthony Tolliver,30.0,DET,393,290,0.366,2014-15,0.7379134860050891,1610612765,19.0,44.0,0.432,28.0,70.0,0.4,59.0,176.0,0.335,47.0,114.0,0.412
203462,Archie Goodwin,20.0,PHX,201,41,0.293,2014-15,0.2039800995024875,1610612756,1.0,3.0,0.333,2.0,5.0,0.4,9.0,31.0,0.29,3.0,8.0,0.375
202620,Arinze Onuaku,27.0,MIN,14,0,0.0,2014-15,0.0,1610612750,0.0,0.0,0.0,0.0,0.0,0.0,0.0,0.0,0.0,0.0,0.0,0.0
203382,Aron Baynes,28.0,SAS,327,4,0.25,2014-15,0.0122324159021406,1610612759,0.0,0.0,0.0,0.0,1.0,0.0,1.0,3.0,0.333,0.0,1.0,0.0
201167,Arron Afflalo,29.0,POR,884,333,0.354,2014-15,0.3766968325791855,1610612757,21.0,71.0,0.296,24.0,59.0,0.407,73.0,203.0,0.36,45.0,130.0,0.346
201948,Austin Daye,27.0,ATL,141,71,0.338,2014-15,0.5035460992907801,1610612737,3.0,10.0,0.3,8.0,12.0,0.667,13.0,49.0,0.265,11.0,22.0,0.5
203085,Austin Rivers,22.0,LAC,496,131,0.298,2014-15,0.2641129032258064,1610612746,8.0,18.0,0.444,6.0,19.0,0.316,25.0,93.0,0.269,14.0,37.0,0.378
202340,Avery Bradley,24.0,BOS,1013,352,0.352,2014-15,0.3474827245804541,1610612738,26.0,66.0,0.394,25.0,63.0,0.397,73.0,220.0,0.332,51.0,129.0,0.395
2732,Ben Gordon,32.0,ORL,295,97,0.361,2014-15,0.3288135593220339,1610612753,6.0,10.0,0.6,5.0,9.0,0.556,24.0,78.0,0.308,11.0,19.0,0.579
203463,Ben McLemore,22.0,SAC,831,391,0.358,2014-15,0.470517448856799,1610612758,28.0,63.0,0.444,32.0,82.0,0.39,80.0,241.0,0.332,60.0,145.0,0.414
2757,Beno Udrih,32.0,MEM,505,97,0.268,2014-15,0.192079207920792,1610612763,6.0,13.0,0.462,2.0,9.0,0.222,18.0,73.0,0.247,8.0,22.0,0.364
203108,Bernard James,30.0,DAL,27,0,0.0,2014-15,0.0,1610612742,0.0,0.0,0.0,0.0,0.0,0.0,0.0,0.0,0.0,0.0,0.0,0.0
202687,Bismack Biyombo,22.0,CHA,186,0,0.0,2014-15,0.0,1610612766,0.0,0.0,0.0,0.0,0.0,0.0,0.0,0.0,0.0,0.0,0.0,0.0
201933,Blake Griffin,26.0,LAC,1144,25,0.4,2014-15,0.0218531468531468,1610612746,1.0,2.0,0.5,2.0,4.0,0.5,7.0,18.0,0.389,3.0,6.0,0.5
202711,Bojan Bogdanovic,26.0,BKN,576,256,0.355,2014-15,0.4444444444444444,1610612751,28.0,59.0,0.475,22.0,56.0,0.393,41.0,141.0,0.291,50.0,115.0,0.435
2564,Boris Diaw,33.0,SAS,632,169,0.32,2014-15,0.2674050632911392,1610612759,2.0,8.0,0.25,1.0,12.0,0.083,51.0,148.0,0.345,3.0,20.0,0.15
203078,Bradley Beal,22.0,WAS,851,259,0.409,2014-15,0.3043478260869565,1610612764,12.0,39.0,0.308,13.0,30.0,0.433,81.0,190.0,0.426,25.0,69.0,0.362
201148,Brandan Wright,27.0,PHX,363,3,0.0,2014-15,0.0082644628099173,1610612756,0.0,0.0,0.0,0.0,1.0,0.0,0.0,1.0,0.0,0.0,1.0,0.0
101138,Brandon Bass,30.0,BOS,683,32,0.281,2014-15,0.0468521229868228,1610612738,6.0,19.0,0.316,3.0,9.0,0.333,0.0,4.0,0.0,9.0,28.0,0.321
203561,Brandon Davies,23.0,PHI,137,34,0.235,2014-15,0.2481751824817518,1610612755,0.0,1.0,0.0,0.0,1.0,0.0,8.0,32.0,0.25,0.0,2.0,0.0
201943,Brandon Jennings,25.0,DET,543,211,0.36,2014-15,0.3885819521178637,1610612765,9.0,18.0,0.5,7.0,14.0,0.5,60.0,178.0,0.337,16.0,32.0,0.5
202688,Brandon Knight,23.0,PHX,888,321,0.389,2014-15,0.3614864864864865,1610612756,16.0,42.0,0.381,12.0,25.0,0.48,97.0,254.0,0.382,28.0,67.0,0.418
201575,Brandon Rush,29.0,GSW,54,27,0.111,2014-15,0.5,1610612744,1.0,6.0,0.167,0.0,1.0,0.0,2.0,20.0,0.1,1.0,7.0,0.143
2217,Brendan Haywood,35.0,CLE,30,0,0.0,2014-15,0.0,1610612739,0.0,0.0,0.0,0.0,0.0,0.0,0.0,0.0,0.0,0.0,0.0,0.0
203148,Brian Roberts,29.0,CHA,452,193,0.321,2014-15,0.4269911504424779,1610612766,2.0,5.0,0.4,10.0,23.0,0.435,50.0,163.0,0.307,12.0,28.0,0.429
201572,Brook Lopez,27.0,BKN,987,10,0.1,2014-15,0.0101317122593718,1610612751,0.0,0.0,0.0,0.0,4.0,0.0,1.0,6.0,0.167,0.0,4.0,0.0
203998,Bruno Caboclo,19.0,TOR,12,3,0.667,2014-15,0.25,1610612761,0.0,0.0,0.0,1.0,1.0,1.0,1.0,2.0,0.5,1.0,1.0,1.0
203955,Bryce Cotton,22.0,UTA,69,20,0.35,2014-15,0.2898550724637681,1610612762,0.0,1.0,0.0,1.0,1.0,1.0,6.0,18.0,0.333,1.0,2.0,0.5
201228,C.J. Watson,31.0,IND,417,175,0.4,2014-15,0.4196642685851319,1610612754,6.0,23.0,0.261,10.0,24.0,0.417,54.0,126.0,0.429,16.0,47.0,0.34
203912,C.J. Wilcox,24.0,LAC,38,19,0.368,2014-15,0.5,1610612746,2.0,5.0,0.4,0.0,0.0,0.0,5.0,14.0,0.357,2.0,5.0,0.4
203468,CJ McCollum,23.0,POR,365,139,0.396,2014-15,0.3808219178082191,1610612757,12.0,28.0,0.429,7.0,19.0,0.368,36.0,92.0,0.391,19.0,47.0,0.404
101139,CJ Miles,28.0,IND,827,446,0.345,2014-15,0.5392986698911729,1610612754,11.0,36.0,0.306,31.0,77.0,0.403,112.0,328.0,0.341,42.0,113.0,0.372
203946,Cameron Bairstow,24.0,CHI,14,0,0.0,2014-15,0.0,1610612741,0.0,0.0,0.0,0.0,0.0,0.0,0.0,0.0,0.0,0.0,0.0,0.0
201171,Carl Landry,31.0,SAC,369,0,0.0,2014-15,0.0,1610612758,0.0,0.0,0.0,0.0,0.0,0.0,0.0,0.0,0.0,0.0,0.0,0.0
2430,Carlos Boozer,33.0,LAL,743,0,0.0,2014-15,0.0,1610612747,0.0,0.0,0.0,0.0,0.0,0.0,0.0,0.0,0.0,0.0,0.0,0.0
2546,Carmelo Anthony,31.0,NYK,806,179,0.341,2014-15,0.2220843672456575,1610612752,8.0,12.0,0.667,3.0,5.0,0.6,50.0,161.0,0.311,11.0,17.0,0.647
2406,Caron Butler,35.0,DET,396,219,0.379,2014-15,0.553030303030303,1610612765,7.0,15.0,0.467,18.0,37.0,0.486,58.0,164.0,0.354,25.0,52.0,0.481
201858,Cartier Martin,30.0,DET,53,33,0.182,2014-15,0.6226415094339622,1610612765,1.0,4.0,0.25,0.0,6.0,0.0,5.0,22.0,0.227,1.0,10.0,0.1
202718,Chandler Parsons,26.0,DAL,829,347,0.38,2014-15,0.4185765983112183,1610612742,17.0,50.0,0.34,19.0,49.0,0.388,96.0,248.0,0.387,36.0,99.0,0.364
101112,Channing Frye,32.0,ORL,487,346,0.393,2014-15,0.7104722792607803,1610612753,6.0,14.0,0.429,5.0,20.0,0.25,125.0,312.0,0.401,11.0,34.0,0.324
101111,Charlie Villanueva,30.0,DAL,362,221,0.376,2014-15,0.6104972375690608,1610612742,13.0,34.0,0.382,6.0,21.0,0.286,64.0,166.0,0.386,19.0,55.0,0.345
201978,Chase Budinger,27.0,MIN,390,143,0.364,2014-15,0.3666666666666666,1610612750,9.0,23.0,0.391,7.0,21.0,0.333,36.0,99.0,0.364,16.0,44.0,0.364
2365,Chris Andersen,36.0,MIA,207,13,0.308,2014-15,0.0628019323671497,1610612748,1.0,2.0,0.5,3.0,5.0,0.6,0.0,3.0,0.0,4.0,7.0,0.571
2547,Chris Bosh,31.0,MIA,745,168,0.375,2014-15,0.2255033557046979,1610612748,2.0,7.0,0.286,5.0,13.0,0.385,56.0,148.0,0.378,7.0,20.0,0.35
203142,Chris Copeland,31.0,IND,310,167,0.311,2014-15,0.5387096774193548,1610612754,10.0,31.0,0.323,6.0,16.0,0.375,36.0,120.0,0.3,16.0,47.0,0.34
201604,Chris Douglas-Roberts,28.0,LAC,21,7,0.143,2014-15,0.3333333333333333,1610612746,1.0,5.0,0.2,0.0,1.0,0.0,0.0,1.0,0.0,1.0,6.0,0.167
203187,Chris Johnson,25.0,UTA,154,95,0.295,2014-15,0.6168831168831169,1610612762,8.0,28.0,0.286,5.0,22.0,0.227,15.0,45.0,0.333,13.0,50.0,0.26
2549,Chris Kaman,33.0,POR,549,0,0.0,2014-15,0.0,1610612757,0.0,0.0,0.0,0.0,0.0,0.0,0.0,0.0,0.0,0.0,0.0,0.0
101108,Chris Paul,30.0,LAC,1170,349,0.398,2014-15,0.2982905982905983,1610612746,11.0,35.0,0.314,6.0,13.0,0.462,122.0,301.0,0.405,17.0,48.0,0.354
101236,Chuck Hayes,32.0,TOR,46,0,0.0,2014-15,0.0,1610612761,0.0,0.0,0.0,0.0,0.0,0.0,0.0,0.0,0.0,0.0,0.0,0.0
203921,Cleanthony Early,24.0,NYK,214,84,0.262,2014-15,0.3925233644859813,1610612752,4.0,13.0,0.308,5.0,13.0,0.385,13.0,58.0,0.224,9.0,26.0,0.346
203991,Clint Capela,21.0,HOU,29,0,0.0,2014-15,0.0,1610612745,0.0,0.0,0.0,0.0,0.0,0.0,0.0,0.0,0.0,0.0,0.0,0.0
203469,Cody Zeller,22.0,CHA,373,1,1.0,2014-15,0.002680965147453,1610612766,0.0,0.0,0.0,0.0,0.0,0.0,1.0,1.0,1.0,0.0,0.0,0.0
202332,Cole Aldrich,26.0,NYK,301,0,0.0,2014-15,0.0,1610612752,0.0,0.0,0.0,0.0,0.0,0.0,0.0,0.0,0.0,0.0,0.0,0.0
201147,Corey Brewer,29.0,HOU,805,235,0.268,2014-15,0.2919254658385093,1610612745,18.0,78.0,0.231,21.0,71.0,0.296,23.0,78.0,0.295,39.0,149.0,0.262
203928,Cory Jefferson,24.0,BKN,167,15,0.133,2014-15,0.0898203592814371,1610612751,0.0,1.0,0.0,2.0,4.0,0.5,0.0,9.0,0.0,2.0,5.0,0.4
202709,Cory Joseph,23.0,SAS,411,44,0.364,2014-15,0.1070559610705596,1610612759,6.0,16.0,0.375,3.0,9.0,0.333,7.0,16.0,0.438,9.0,25.0,0.36
201584,Courtney Lee,29.0,MEM,643,224,0.402,2014-15,0.3483670295489891,1610612763,16.0,42.0,0.381,15.0,37.0,0.405,59.0,144.0,0.41,31.0,79.0,0.392
201571,D.J. Augustin,27.0,OKC,647,246,0.337,2014-15,0.3802163833075734,1610612760,6.0,22.0,0.273,11.0,24.0,0.458,65.0,192.0,0.339,17.0,46.0,0.37
2563,Dahntay Jones,34.0,LAC,21,4,0.0,2014-15,0.1904761904761904,1610612746,0.0,3.0,0.0,0.0,1.0,0.0,0.0,0.0,0.0,0.0,4.0,0.0
203081,Damian Lillard,24.0,POR,1360,572,0.343,2014-15,0.4205882352941176,1610612757,17.0,40.0,0.425,8.0,32.0,0.25,171.0,498.0,0.343,25.0,72.0,0.347
204014,Damjan Rudez,29.0,IND,263,170,0.406,2014-15,0.6463878326996197,1610612754,21.0,46.0,0.457,12.0,19.0,0.632,36.0,105.0,0.343,33.0,65.0,0.508
201568,Danilo Gallinari,26.0,DEN,568,301,0.355,2014-15,0.5299295774647887,1610612743,10.0,32.0,0.313,15.0,37.0,0.405,81.0,228.0,0.355,25.0,69.0,0.362
101122,Danny Granger,32.0,PHX,162,84,0.357,2014-15,0.5185185185185185,1610612756,7.0,18.0,0.389,3.0,7.0,0.429,20.0,59.0,0.339,10.0,25.0,0.4
201980,Danny Green,28.0,SAS,738,457,0.418,2014-15,0.6192411924119241,1610612759,31.0,79.0,0.392,41.0,74.0,0.554,119.0,303.0,0.393,72.0,153.0,0.471
201967,Dante Cunningham,28.0,NOP,339,10,0.1,2014-15,0.0294985250737463,1610612740,1.0,1.0,1.0,0.0,3.0,0.0,0.0,5.0,0.0,1.0,4.0,0.25
203957,Dante Exum,19.0,UTA,416,264,0.314,2014-15,0.6346153846153846,1610612762,24.0,58.0,0.414,12.0,48.0,0.25,47.0,157.0,0.299,36.0,106.0,0.34
203121,Darius Miller,25.0,NOP,7,1,0.0,2014-15,0.1428571428571428,1610612740,0.0,0.0,0.0,0.0,0.0,0.0,0.0,1.0,0.0,0.0,0.0,0.0
202721,Darius Morris,24.0,BKN,106,33,0.212,2014-15,0.3113207547169811,1610612751,1.0,6.0,0.167,0.0,7.0,0.0,6.0,20.0,0.3,1.0,13.0,0.077
201589,Darrell Arthur,27.0,DEN,384,110,0.236,2014-15,0.2864583333333333,1610612743,2.0,8.0,0.25,1.0,11.0,0.091,23.0,90.0,0.256,3.0,19.0,0.158
201954,Darren Collison,27.0,SAC,550,161,0.373,2014-15,0.2927272727272727,1610612758,9.0,19.0,0.474,15.0,31.0,0.484,36.0,108.0,0.333,24.0,50.0,0.48
101135,David Lee,32.0,GSW,313,2,0.0,2014-15,0.0063897763578274,1610612744,0.0,0.0,0.0,0.0,0.0,0.0,0.0,1.0,0.0,0.0,0.0,0.0
204065,David Stockton,24.0,SAC,6,2,0.5,2014-15,0.3333333333333333,1610612758,0.0,0.0,0.0,0.0,0.0,0.0,1.0,2.0,0.5,0.0,0.0,0.0
204033,David Wear,24.0,SAC,2,1,0.0,2014-15,0.5,1610612758,0.0,0.0,0.0,0.0,0.0,0.0,0.0,1.0,0.0,0.0,0.0,0.0
2561,David West,34.0,IND,686,20,0.2,2014-15,0.0291545189504373,1610612754,1.0,2.0,0.5,0.0,1.0,0.0,3.0,17.0,0.176,1.0,3.0,0.333
201599,DeAndre Jordan,26.0,LAC,534,4,0.25,2014-15,0.0074906367041198,1610612746,0.0,0.0,0.0,0.0,0.0,0.0,1.0,4.0,0.25,0.0,0.0,0.0
201971,DeJuan Blair,26.0,WAS,57,0,0.0,2014-15,0.0,1610612764,0.0,0.0,0.0,0.0,0.0,0.0,0.0,0.0,0.0,0.0,0.0,0.0
201942,DeMar DeRozan,25.0,TOR,990,88,0.284,2014-15,0.0888888888888888,1610612761,11.0,32.0,0.344,11.0,26.0,0.423,3.0,29.0,0.103,22.0,58.0,0.379
202326,DeMarcus Cousins,24.0,SAC,1066,8,0.25,2014-15,0.0075046904315197,1610612758,0.0,1.0,0.0,0.0,0.0,0.0,2.0,7.0,0.286,0.0,1.0,0.0
201960,DeMarre Carroll,28.0,ATL,653,304,0.395,2014-15,0.4655436447166922,1610612737,23.0,50.0,0.46,37.0,86.0,0.43,60.0,168.0,0.357,60.0,136.0,0.441
203471,Dennis Schröder,21.0,ATL,665,148,0.351,2014-15,0.2225563909774436,1610612737,2.0,5.0,0.4,1.0,10.0,0.1,49.0,132.0,0.371,3.0,15.0,0.2
101114,Deron Williams,31.0,BKN,771,237,0.367,2014-15,0.3073929961089494,1610612751,9.0,20.0,0.45,8.0,18.0,0.444,70.0,196.0,0.357,17.0,38.0,0.447
202324,Derrick Favors,23.0,UTA,918,6,0.167,2014-15,0.0065359477124183,1610612762,1.0,1.0,1.0,0.0,1.0,0.0,0.0,4.0,0.0,1.0,2.0,0.5
201565,Derrick Rose,26.0,CHI,835,271,0.28,2014-15,0.3245508982035928,1610612741,4.0,8.0,0.5,0.0,4.0,0.0,71.0,253.0,0.281,4.0,12.0,0.333
202682,Derrick Williams,24.0,SAC,485,156,0.314,2014-15,0.3216494845360825,1610612758,10.0,22.0,0.455,9.0,26.0,0.346,30.0,108.0,0.278,19.0,48.0,0.396
2734,Devin Harris,32.0,DAL,524,266,0.357,2014-15,0.5076335877862596,1610612742,12.0,22.0,0.545,17.0,26.0,0.654,65.0,213.0,0.305,29.0,48.0,0.604
203906,Devyn Marble,22.0,ORL,44,22,0.182,2014-15,0.5,1610612753,1.0,8.0,0.125,0.0,6.0,0.0,3.0,8.0,0.375,1.0,14.0,0.071
203473,Dewayne Dedmon,25.0,ORL,162,1,0.0,2014-15,0.0061728395061728,1610612753,0.0,0.0,0.0,0.0,0.0,0.0,0.0,1.0,0.0,0.0,0.0,0.0
203079,Dion Waiters,23.0,OKC,946,246,0.297,2014-15,0.2600422832980972,1610612760,19.0,57.0,0.333,18.0,53.0,0.34,36.0,136.0,0.265,37.0,110.0,0.336
1717,Dirk Nowitzki,37.0,DAL,1062,274,0.38,2014-15,0.2580037664783427,1610612742,3.0,10.0,0.3,1.0,1.0,1.0,100.0,263.0,0.38,4.0,11.0,0.364
202388,Donald Sloan,27.0,IND,355,131,0.313,2014-15,0.3690140845070422,1610612754,3.0,5.0,0.6,2.0,12.0,0.167,36.0,112.0,0.321,5.0,17.0,0.294
202700,Donatas Motiejunas,24.0,HOU,700,133,0.368,2014-15,0.19,1610612745,10.0,32.0,0.313,11.0,26.0,0.423,28.0,74.0,0.378,21.0,58.0,0.362
2748,Dorell Wright,29.0,POR,190,108,0.38,2014-15,0.5684210526315789,1610612757,8.0,20.0,0.4,6.0,17.0,0.353,27.0,70.0,0.386,14.0,37.0,0.378
203926,Doug McDermott,23.0,CHI,107,41,0.317,2014-15,0.3831775700934579,1610612741,1.0,4.0,0.25,1.0,3.0,0.333,11.0,34.0,0.324,2.0,7.0,0.286
203110,Draymond Green,25.0,GSW,765,329,0.337,2014-15,0.4300653594771242,1610612744,3.0,20.0,0.15,5.0,9.0,0.556,103.0,300.0,0.343,8.0,29.0,0.276
2400,Drew Gooden,33.0,WAS,276,59,0.39,2014-15,0.213768115942029,1610612764,2.0,4.0,0.5,4.0,8.0,0.5,17.0,46.0,0.37,6.0,12.0,0.5
204079,Drew Gordon,24.0,PHI,19,3,0.0,2014-15,0.1578947368421052,1610612755,0.0,0.0,0.0,0.0,0.0,0.0,0.0,3.0,0.0,0.0,0.0,0.0
202779,Dwight Buycks,26.0,LAL,40,11,0.636,2014-15,0.275,1610612747,1.0,1.0,1.0,1.0,1.0,1.0,5.0,9.0,0.556,2.0,2.0,1.0
2730,Dwight Howard,29.0,HOU,423,2,0.5,2014-15,0.0047281323877068,1610612745,0.0,0.0,0.0,0.0,0.0,0.0,1.0,1.0,1.0,0.0,0.0,0.0
203939,Dwight Powell,23.0,DAL,67,11,0.273,2014-15,0.1641791044776119,1610612742,1.0,3.0,0.333,1.0,1.0,1.0,1.0,7.0,0.143,2.0,4.0,0.5
2548,Dwyane Wade,33.0,MIA,1084,102,0.284,2014-15,0.0940959409594096,1610612748,5.0,13.0,0.385,1.0,5.0,0.2,23.0,83.0,0.277,6.0,18.0,0.333
202734,E'Twaun Moore,26.0,CHI,139,38,0.342,2014-15,0.2733812949640288,1610612741,4.0,14.0,0.286,2.0,2.0,1.0,7.0,22.0,0.318,6.0,16.0,0.375
2853,Earl Barron,33.0,PHX,39,4,0.5,2014-15,0.1025641025641025,1610612756,0.0,0.0,0.0,1.0,1.0,1.0,1.0,3.0,0.333,1.0,1.0,1.0
201947,Earl Clark,27.0,BKN,30,14,0.286,2014-15,0.4666666666666667,1610612751,0.0,1.0,0.0,0.0,1.0,0.0,4.0,12.0,0.333,0.0,2.0,0.0
202334,Ed Davis,26.0,LAL,469,0,0.0,2014-15,0.0,1610612747,0.0,0.0,0.0,0.0,0.0,0.0,0.0,0.0,0.0,0.0,0.0,0.0
202327,Ekpe Udoh,28.0,LAC,24,0,0.0,2014-15,0.0,1610612746,0.0,0.0,0.0,0.0,0.0,0.0,0.0,0.0,0.0,0.0,0.0,0.0
203901,Elfrid Payton,21.0,ORL,708,42,0.262,2014-15,0.059322033898305,1610612753,2.0,6.0,0.333,3.0,7.0,0.429,6.0,29.0,0.207,5.0,13.0,0.385
202407,Elijah Millsap,27.0,UTA,238,90,0.311,2014-15,0.3781512605042016,1610612762,4.0,7.0,0.571,8.0,25.0,0.32,16.0,56.0,0.286,12.0,32.0,0.375
202343,Elliot Williams,26.0,PHI,37,18,0.444,2014-15,0.4864864864864865,1610612755,1.0,2.0,0.5,1.0,1.0,1.0,6.0,15.0,0.4,2.0,3.0,0.667
1882,Elton Brand,36.0,ATL,95,1,0.0,2014-15,0.0105263157894736,1610612737,0.0,1.0,0.0,0.0,0.0,0.0,0.0,0.0,0.0,0.0,1.0,0.0
202683,Enes Freedom,23.0,OKC,928,45,0.356,2014-15,0.0484913793103448,1610612760,10.0,25.0,0.4,2.0,10.0,0.2,4.0,10.0,0.4,12.0,35.0,0.343
202339,Eric Bledsoe,25.0,PHX,1046,272,0.324,2014-15,0.260038240917782,1610612756,4.0,20.0,0.2,12.0,28.0,0.429,72.0,222.0,0.324,16.0,48.0,0.333
201569,Eric Gordon,26.0,NOP,694,315,0.448,2014-15,0.4538904899135447,1610612740,8.0,21.0,0.381,13.0,29.0,0.448,120.0,263.0,0.456,21.0,50.0,0.42
203961,Eric Moreland,23.0,SAC,1,0,0.0,2014-15,0.0,1610612758,,,,,,,0.0,0.0,0.0,,,
203475,Erick Green,24.0,DEN,162,47,0.298,2014-15,0.2901234567901234,1610612743,3.0,8.0,0.375,4.0,9.0,0.444,8.0,31.0,0.258,7.0,17.0,0.412
101141,Ersan Ilyasova,28.0,MIL,557,190,0.389,2014-15,0.341113105924596,1610612749,5.0,10.0,0.5,7.0,15.0,0.467,62.0,165.0,0.376,12.0,25.0,0.48
203095,Evan Fournier,22.0,ORL,575,225,0.378,2014-15,0.391304347826087,1610612753,8.0,26.0,0.308,8.0,20.0,0.4,69.0,176.0,0.392,16.0,46.0,0.348
202323,Evan Turner,26.0,BOS,746,119,0.277,2014-15,0.1595174262734584,1610612738,7.0,21.0,0.333,6.0,20.0,0.3,20.0,78.0,0.256,13.0,41.0,0.317
203105,Festus Ezeli,25.0,GSW,139,0,0.0,2014-15,0.0,1610612744,0.0,0.0,0.0,0.0,0.0,0.0,0.0,0.0,0.0,0.0,0.0,0.0
101128,Francisco Garcia,33.0,HOU,63,45,0.222,2014-15,0.7142857142857143,1610612745,2.0,6.0,0.333,3.0,12.0,0.25,5.0,26.0,0.192,5.0,18.0,0.278
203128,Furkan Aldemir,23.0,PHI,78,5,0.0,2014-15,0.0641025641025641,1610612755,0.0,1.0,0.0,0.0,0.0,0.0,0.0,4.0,0.0,0.0,1.0,0.0
203539,Gal Mekel,27.0,DAL,20,3,0.0,2014-15,0.15,1610612742,0.0,0.0,0.0,0.0,1.0,0.0,0.0,2.0,0.0,0.0,1.0,0.0
202066,Garrett Temple,29.0,WAS,170,88,0.375,2014-15,0.5176470588235295,1610612764,4.0,20.0,0.2,10.0,17.0,0.588,19.0,50.0,0.38,14.0,37.0,0.378
203914,Gary Harris,20.0,DEN,217,103,0.204,2014-15,0.4746543778801843,1610612743,4.0,23.0,0.174,2.0,12.0,0.167,15.0,68.0,0.221,6.0,35.0,0.171
202390,Gary Neal,30.0,MIN,503,164,0.305,2014-15,0.3260437375745527,1610612750,2.0,10.0,0.2,3.0,11.0,0.273,45.0,143.0,0.315,5.0,21.0,0.238
201588,George Hill,29.0,IND,535,193,0.358,2014-15,0.3607476635514018,1610612754,9.0,27.0,0.333,5.0,16.0,0.313,55.0,148.0,0.372,14.0,43.0,0.326
101123,Gerald Green,29.0,PHX,778,387,0.354,2014-15,0.4974293059125964,1610612756,18.0,51.0,0.353,20.0,59.0,0.339,99.0,274.0,0.361,38.0,110.0,0.345
201945,Gerald Henderson,27.0,CHA,847,136,0.331,2014-15,0.1605667060212514,1610612766,13.0,27.0,0.481,16.0,42.0,0.381,16.0,67.0,0.239,29.0,69.0,0.42
2222,Gerald Wallace,32.0,BOS,34,3,0.333,2014-15,0.088235294117647,1610612738,1.0,1.0,1.0,0.0,0.0,0.0,0.0,1.0,0.0,1.0,1.0,1.0
203507,Giannis Antetokounmpo,20.0,MIL,780,44,0.159,2014-15,0.0564102564102564,1610612749,0.0,3.0,0.0,1.0,4.0,0.25,6.0,36.0,0.167,1.0,7.0,0.143
203540,Gigi Datome,27.0,BOS,89,40,0.45,2014-15,0.449438202247191,1610612738,0.0,2.0,0.0,1.0,3.0,0.333,17.0,35.0,0.486,1.0,5.0,0.2
201175,Glen Davis,29.0,LAC,255,4,0.0,2014-15,0.0156862745098039,1610612746,0.0,0.0,0.0,0.0,0.0,0.0,0.0,3.0,0.0,0.0,0.0,0.0
203318,Glen Rice,24.0,WAS,15,7,0.143,2014-15,0.4666666666666667,1610612764,0.0,0.0,0.0,1.0,2.0,0.5,0.0,5.0,0.0,1.0,2.0,0.5
203922,Glenn Robinson III,21.0,PHI,67,19,0.263,2014-15,0.2835820895522388,1610612755,2.0,6.0,0.333,0.0,0.0,0.0,3.0,13.0,0.231,2.0,6.0,0.333
201609,Goran Dragic,29.0,MIA,1002,259,0.347,2014-15,0.2584830339321357,1610612748,14.0,42.0,0.333,15.0,43.0,0.349,61.0,174.0,0.351,29.0,85.0,0.341
202330,Gordon Hayward,25.0,UTA,1087,330,0.364,2014-15,0.3035878564857405,1610612762,11.0,22.0,0.5,10.0,28.0,0.357,99.0,279.0,0.355,21.0,50.0,0.42
203476,Gorgui Dieng,25.0,MIN,512,6,0.167,2014-15,0.01171875,1610612750,0.0,0.0,0.0,0.0,0.0,0.0,1.0,3.0,0.333,0.0,0.0,0.0
203511,Grant Jerrett,21.0,UTA,26,15,0.067,2014-15,0.5769230769230769,1610612762,0.0,1.0,0.0,0.0,3.0,0.0,1.0,11.0,0.091,0.0,4.0,0.0
202328,Greg Monroe,25.0,DET,853,0,0.0,2014-15,0.0,1610612765,0.0,0.0,0.0,0.0,0.0,0.0,0.0,0.0,0.0,0.0,0.0,0.0
202962,Greg Smith,24.0,DAL,49,0,0.0,2014-15,0.0,1610612742,0.0,0.0,0.0,0.0,0.0,0.0,0.0,0.0,0.0,0.0,0.0,0.0
201880,Greg Stiemsma,29.0,TOR,8,0,0.0,2014-15,0.0,1610612761,0.0,0.0,0.0,0.0,0.0,0.0,0.0,0.0,0.0,0.0,0.0,0.0
202349,Greivis Vasquez,28.0,TOR,725,351,0.379,2014-15,0.4841379310344827,1610612761,10.0,17.0,0.588,13.0,32.0,0.406,110.0,299.0,0.368,23.0,49.0,0.469
203084,Harrison Barnes,23.0,GSW,656,215,0.405,2014-15,0.3277439024390244,1610612744,23.0,62.0,0.371,31.0,53.0,0.585,33.0,99.0,0.333,54.0,115.0,0.47
202355,Hassan Whiteside,26.0,MIA,387,0,0.0,2014-15,0.0,1610612748,0.0,0.0,0.0,0.0,0.0,0.0,0.0,0.0,0.0,0.0,0.0,0.0
2045,Hedo Turkoglu,36.0,LAC,188,139,0.432,2014-15,0.7393617021276596,1610612746,6.0,11.0,0.545,12.0,22.0,0.545,42.0,106.0,0.396,18.0,33.0,0.545
203156,Henry Sims,25.0,PHI,502,22,0.182,2014-15,0.0438247011952191,1610612755,0.0,3.0,0.0,0.0,2.0,0.0,4.0,17.0,0.235,0.0,5.0,0.0
201611,Henry Walker,27.0,MIA,168,132,0.341,2014-15,0.7857142857142857,1610612748,4.0,14.0,0.286,2.0,12.0,0.167,39.0,105.0,0.371,6.0,26.0,0.231
203138,Hollis Thompson,24.0,PHI,543,287,0.401,2014-15,0.5285451197053407,1610612755,15.0,30.0,0.5,10.0,28.0,0.357,90.0,229.0,0.393,25.0,58.0,0.431
203546,Ian Clark,24.0,DEN,55,30,0.333,2014-15,0.5454545454545454,1610612743,2.0,4.0,0.5,4.0,8.0,0.5,4.0,18.0,0.222,6.0,12.0,0.5
101133,Ian Mahinmi,28.0,IND,212,0,0.0,2014-15,0.0,1610612754,0.0,0.0,0.0,0.0,0.0,0.0,0.0,0.0,0.0,0.0,0.0,0.0
202697,Iman Shumpert,25.0,CLE,471,196,0.342,2014-15,0.416135881104034,1610612739,12.0,38.0,0.316,13.0,41.0,0.317,42.0,116.0,0.362,25.0,79.0,0.316
203477,Isaiah Canaan,24.0,PHI,378,246,0.37,2014-15,0.6507936507936508,1610612755,9.0,19.0,0.474,6.0,20.0,0.3,76.0,206.0,0.369,15.0,39.0,0.385
202738,Isaiah Thomas,26.0,BOS,796,346,0.373,2014-15,0.4346733668341708,1610612738,7.0,20.0,0.35,11.0,24.0,0.458,111.0,300.0,0.37,18.0,44.0,0.409
202397,Ish Smith,26.0,PHI,367,60,0.3,2014-15,0.1634877384196185,1610612755,1.0,6.0,0.167,2.0,8.0,0.25,15.0,46.0,0.326,3.0,14.0,0.214
200826,J.J. Barea,31.0,DAL,536,167,0.323,2014-15,0.3115671641791044,1610612742,12.0,16.0,0.75,3.0,13.0,0.231,39.0,137.0,0.285,15.0,29.0,0.517
201581,JJ Hickson,26.0,DEN,459,2,0.0,2014-15,0.0043572984749455,1610612743,0.0,1.0,0.0,0.0,0.0,0.0,0.0,0.0,0.0,0.0,1.0,0.0
200755,JJ Redick,31.0,LAC,938,458,0.437,2014-15,0.488272921108742,1610612746,33.0,76.0,0.434,27.0,58.0,0.466,140.0,324.0,0.432,60.0,134.0,0.448
2747,JR Smith,29.0,CLE,755,426,0.383,2014-15,0.5642384105960265,1610612739,21.0,45.0,0.467,13.0,39.0,0.333,129.0,339.0,0.381,34.0,84.0,0.405
203960,JaKarr Sampson,22.0,PHI,346,127,0.244,2014-15,0.3670520231213873,1610612755,5.0,25.0,0.2,5.0,21.0,0.238,21.0,78.0,0.269,10.0,46.0,0.217
203210,JaMychal Green,25.0,MEM,47,6,0.0,2014-15,0.1276595744680851,1610612763,0.0,1.0,0.0,0.0,2.0,0.0,0.0,3.0,0.0,0.0,3.0,0.0
201580,JaVale McGee,27.0,DEN,79,0,0.0,2014-15,0.0,1610612743,0.0,0.0,0.0,0.0,0.0,0.0,0.0,0.0,0.0,0.0,0.0,0.0
203913,Jabari Brown,22.0,LAL,170,62,0.371,2014-15,0.3647058823529411,1610612747,1.0,5.0,0.2,2.0,4.0,0.5,20.0,53.0,0.377,3.0,9.0,0.333
203953,Jabari Parker,20.0,MIL,263,16,0.25,2014-15,0.0608365019011406,1610612749,1.0,1.0,1.0,1.0,4.0,0.25,2.0,11.0,0.182,2.0,5.0,0.4
204022,Jack Cooley,24.0,UTA,22,0,0.0,2014-15,0.0,1610612762,0.0,0.0,0.0,0.0,0.0,0.0,0.0,0.0,0.0,0.0,0.0,0.0
203109,Jae Crowder,24.0,BOS,545,208,0.293,2014-15,0.381651376146789,1610612738,10.0,25.0,0.4,6.0,29.0,0.207,45.0,151.0,0.298,16.0,54.0,0.296
203479,Jamaal Franklin,23.0,DEN,2,2,0.5,2014-15,1.0,1610612743,0.0,0.0,0.0,0.0,0.0,0.0,1.0,2.0,0.5,0.0,0.0,0.0
2037,Jamal Crawford,35.0,LAC,839,364,0.327,2014-15,0.433849821215733,1610612746,14.0,38.0,0.368,12.0,34.0,0.353,93.0,285.0,0.326,26.0,72.0,0.361
2749,Jameer Nelson,33.0,DEN,504,258,0.345,2014-15,0.5119047619047619,1610612743,8.0,16.0,0.5,4.0,10.0,0.4,77.0,232.0,0.332,12.0,26.0,0.462
203516,James Ennis III,24.0,MIA,247,95,0.326,2014-15,0.3846153846153846,1610612748,6.0,22.0,0.273,9.0,22.0,0.409,16.0,50.0,0.32,15.0,44.0,0.341
201935,James Harden,25.0,HOU,1470,555,0.375,2014-15,0.3775510204081632,1610612745,10.0,25.0,0.4,20.0,38.0,0.526,178.0,491.0,0.363,30.0,63.0,0.476
201949,James Johnson,28.0,TOR,404,51,0.216,2014-15,0.1262376237623762,1610612761,4.0,11.0,0.364,3.0,14.0,0.214,4.0,26.0,0.154,7.0,25.0,0.28
2592,James Jones,34.0,CLE,201,175,0.36,2014-15,0.8706467661691543,1610612739,12.0,38.0,0.316,7.0,23.0,0.304,44.0,114.0,0.386,19.0,61.0,0.311
203949,James Michael McAdoo,22.0,GSW,44,0,0.0,2014-15,0.0,1610612744,0.0,0.0,0.0,0.0,0.0,0.0,0.0,0.0,0.0,0.0,0.0,0.0
203923,James Young,19.0,BOS,102,66,0.258,2014-15,0.6470588235294118,1610612738,0.0,3.0,0.0,2.0,10.0,0.2,15.0,53.0,0.283,2.0,13.0,0.154
2457,Jannero Pargo,35.0,CHA,35,22,0.409,2014-15,0.6285714285714286,1610612766,2.0,2.0,1.0,1.0,1.0,1.0,6.0,17.0,0.353,3.0,3.0,1.0
203099,Jared Cunningham,24.0,LAC,33,13,0.308,2014-15,0.3939393939393939,1610612746,1.0,3.0,0.333,1.0,4.0,0.25,2.0,6.0,0.333,2.0,7.0,0.286
201162,Jared Dudley,29.0,MIL,423,192,0.385,2014-15,0.4539007092198581,1610612749,12.0,24.0,0.5,15.0,46.0,0.326,47.0,122.0,0.385,27.0,70.0,0.386
203096,Jared Sullinger,23.0,BOS,708,184,0.283,2014-15,0.2598870056497175,1610612738,3.0,10.0,0.3,1.0,1.0,1.0,48.0,172.0,0.279,4.0,11.0,0.364
203950,Jarnell Stokes,21.0,MEM,37,0,0.0,2014-15,0.0,1610612763,0.0,0.0,0.0,0.0,0.0,0.0,0.0,0.0,0.0,0.0,0.0,0.0
101127,Jarrett Jack,31.0,BKN,817,146,0.267,2014-15,0.1787025703794369,1610612751,12.0,29.0,0.414,8.0,14.0,0.571,19.0,96.0,0.198,20.0,43.0,0.465
101131,Jason Maxiell,32.0,CHA,192,0,0.0,2014-15,0.0,1610612766,0.0,0.0,0.0,0.0,0.0,0.0,0.0,0.0,0.0,0.0,0.0,0.0
2202,Jason Richardson,34.0,PHI,178,96,0.323,2014-15,0.5393258426966292,1610612755,1.0,6.0,0.167,6.0,14.0,0.429,24.0,76.0,0.316,7.0,20.0,0.35
201160,Jason Smith,29.0,NYK,592,42,0.357,2014-15,0.0709459459459459,1610612752,7.0,19.0,0.368,8.0,17.0,0.471,0.0,6.0,0.0,15.0,36.0,0.417
1891,Jason Terry,37.0,HOU,446,323,0.39,2014-15,0.7242152466367713,1610612745,33.0,61.0,0.541,38.0,85.0,0.447,55.0,177.0,0.311,71.0,146.0,0.486
201574,Jason Thompson,28.0,SAC,428,1,0.0,2014-15,0.0023364485981308,1610612758,0.0,0.0,0.0,0.0,0.0,0.0,0.0,0.0,0.0,0.0,0.0,0.0
202399,Jeff Adrien,29.0,HOU,44,0,0.0,2014-15,0.0,1610612745,0.0,0.0,0.0,0.0,0.0,0.0,0.0,0.0,0.0,0.0,0.0,0.0
201965,Jeff Ayres,28.0,SAS,95,0,0.0,2014-15,0.0,1610612759,0.0,0.0,0.0,0.0,0.0,0.0,0.0,0.0,0.0,0.0,0.0,0.0
201145,Jeff Green,28.0,MEM,967,292,0.332,2014-15,0.3019648397104447,1610612763,17.0,36.0,0.472,17.0,46.0,0.37,63.0,205.0,0.307,34.0,82.0,0.415
201952,Jeff Teague,27.0,ATL,887,207,0.343,2014-15,0.2333709131905298,1610612737,4.0,14.0,0.286,4.0,11.0,0.364,63.0,182.0,0.346,8.0,25.0,0.32
203481,Jeff Withey,25.0,NOP,64,0,0.0,2014-15,0.0,1610612740,0.0,0.0,0.0,0.0,0.0,0.0,0.0,0.0,0.0,0.0,0.0,0.0
203106,Jeffery Taylor,26.0,CHA,114,36,0.306,2014-15,0.3157894736842105,1610612766,2.0,9.0,0.222,4.0,7.0,0.571,5.0,20.0,0.25,6.0,16.0,0.375
203924,Jerami Grant,21.0,PHI,352,156,0.314,2014-15,0.4431818181818182,1610612755,11.0,32.0,0.344,5.0,13.0,0.385,33.0,111.0,0.297,16.0,45.0,0.356
202077,Jerel McNeal,28.0,PHX,11,2,0.5,2014-15,0.1818181818181818,1610612756,0.0,0.0,0.0,0.0,0.0,0.0,1.0,2.0,0.5,0.0,0.0,0.0
202379,Jeremy Evans,27.0,UTA,58,5,0.4,2014-15,0.0862068965517241,1610612762,0.0,1.0,0.0,2.0,2.0,1.0,0.0,2.0,0.0,2.0,3.0,0.667
203087,Jeremy Lamb,23.0,OKC,250,111,0.342,2014-15,0.444,1610612760,2.0,10.0,0.2,2.0,5.0,0.4,34.0,94.0,0.362,4.0,15.0,0.267
202391,Jeremy Lin,26.0,LAL,654,176,0.369,2014-15,0.2691131498470948,1610612747,3.0,8.0,0.375,3.0,8.0,0.375,59.0,159.0,0.371,6.0,16.0,0.375
202366,Jerome Jordan,28.0,BKN,94,0,0.0,2014-15,0.0,1610612751,0.0,0.0,0.0,0.0,0.0,0.0,0.0,0.0,0.0,0.0,0.0,0.0
201573,Jerryd Bayless,26.0,MIL,516,120,0.308,2014-15,0.2325581395348837,1610612749,8.0,31.0,0.258,8.0,24.0,0.333,21.0,64.0,0.328,16.0,55.0,0.291
202690,Jimmer Fredette,26.0,NOP,166,48,0.188,2014-15,0.2891566265060241,1610612740,2.0,3.0,0.667,1.0,9.0,0.111,6.0,36.0,0.167,3.0,12.0,0.25
202710,Jimmy Butler III,25.0,CHI,912,193,0.378,2014-15,0.2116228070175438,1610612741,12.0,22.0,0.545,10.0,26.0,0.385,51.0,143.0,0.357,22.0,48.0,0.458
201149,Joakim Noah,30.0,CHI,427,2,0.0,2014-15,0.0046838407494145,1610612741,0.0,0.0,0.0,0.0,0.0,0.0,0.0,0.0,0.0,0.0,0.0,0.0
201975,Jodie Meeks,27.0,DET,534,212,0.349,2014-15,0.3970037453183521,1610612765,12.0,28.0,0.429,5.0,19.0,0.263,57.0,165.0,0.345,17.0,47.0,0.362
203925,Joe Harris,23.0,CLE,120,84,0.369,2014-15,0.7,1610612739,8.0,25.0,0.32,9.0,20.0,0.45,14.0,39.0,0.359,17.0,45.0,0.378
204060,Joe Ingles,27.0,UTA,354,202,0.356,2014-15,0.5706214689265536,1610612762,13.0,34.0,0.382,16.0,32.0,0.5,43.0,135.0,0.319,29.0,66.0,0.439
2207,Joe Johnson,34.0,BKN,1025,337,0.359,2014-15,0.328780487804878,1610612751,16.0,51.0,0.314,16.0,46.0,0.348,89.0,238.0,0.374,32.0,97.0,0.33
201202,Joel Anthony,32.0,DET,62,0,0.0,2014-15,0.0,1610612765,0.0,0.0,0.0,0.0,0.0,0.0,0.0,0.0,0.0,0.0,0.0,0.0
200777,Joel Freeland,28.0,POR,151,0,0.0,2014-15,0.0,1610612757,0.0,0.0,0.0,0.0,0.0,0.0,0.0,0.0,0.0,0.0,0.0,0.0
201595,Joey Dorsey,31.0,HOU,145,1,0.0,2014-15,0.0068965517241379,1610612745,0.0,0.0,0.0,0.0,0.0,0.0,0.0,0.0,0.0,0.0,0.0,0.0
203530,Joffrey Lauvergne,23.0,DEN,89,16,0.188,2014-15,0.1797752808988764,1610612743,0.0,3.0,0.0,0.0,4.0,0.0,3.0,8.0,0.375,0.0,7.0,0.0
203089,John Henson,24.0,MIL,346,0,0.0,2014-15,0.0,1610612749,0.0,0.0,0.0,0.0,0.0,0.0,0.0,0.0,0.0,0.0,0.0,0.0
203098,John Jenkins,24.0,ATL,99,52,0.404,2014-15,0.5252525252525253,1610612737,4.0,5.0,0.8,4.0,12.0,0.333,13.0,35.0,0.371,8.0,17.0,0.471
101249,John Lucas III,32.0,DET,104,29,0.31,2014-15,0.2788461538461538,1610612765,2.0,4.0,0.5,0.0,0.0,0.0,7.0,25.0,0.28,2.0,4.0,0.5
2422,John Salmons,35.0,NOP,48,26,0.308,2014-15,0.5416666666666666,1610612740,0.0,4.0,0.0,2.0,5.0,0.4,6.0,17.0,0.353,2.0,9.0,0.222
202322,John Wall,24.0,WAS,1166,217,0.3,2014-15,0.1861063464837049,1610612764,6.0,23.0,0.261,5.0,20.0,0.25,54.0,167.0,0.323,11.0,43.0,0.256
203948,Johnny O'Bryant III,22.0,MIL,120,0,0.0,2014-15,0.0,1610612749,0.0,0.0,0.0,0.0,0.0,0.0,0.0,0.0,0.0,0.0,0.0,0.0
202720,Jon Leuer,26.0,MEM,273,29,0.241,2014-15,0.1062271062271062,1610612763,2.0,5.0,0.4,2.0,5.0,0.4,3.0,19.0,0.158,4.0,10.0,0.4
201973,Jonas Jerebko,28.0,BOS,379,140,0.386,2014-15,0.3693931398416886,1610612738,9.0,18.0,0.5,9.0,20.0,0.45,36.0,102.0,0.353,18.0,38.0,0.474
202685,Jonas Valančiūnas,23.0,TOR,652,1,0.0,2014-15,0.0015337423312883,1610612761,0.0,0.0,0.0,0.0,0.0,0.0,0.0,1.0,0.0,0.0,0.0,0.0
203919,Jordan Adams,20.0,MEM,86,25,0.4,2014-15,0.2906976744186046,1610612763,1.0,5.0,0.2,1.0,4.0,0.25,8.0,16.0,0.5,2.0,9.0,0.222
203903,Jordan Clarkson,23.0,LAL,596,121,0.314,2014-15,0.2030201342281879,1610612747,3.0,10.0,0.3,1.0,2.0,0.5,34.0,109.0,0.312,4.0,12.0,0.333
200770,Jordan Farmar,28.0,LAC,158,97,0.361,2014-15,0.6139240506329114,1610612746,3.0,12.0,0.25,4.0,10.0,0.4,28.0,75.0,0.373,7.0,22.0,0.318
202706,Jordan Hamilton,24.0,LAC,35,21,0.476,2014-15,0.6,1610612746,1.0,1.0,1.0,1.0,1.0,1.0,8.0,19.0,0.421,2.0,2.0,1.0
201941,Jordan Hill,27.0,LAL,777,11,0.273,2014-15,0.0141570141570141,1610612747,1.0,2.0,0.5,1.0,4.0,0.25,1.0,5.0,0.2,2.0,6.0,0.333
203268,Jorge Gutierrez,26.0,MIL,41,3,0.0,2014-15,0.073170731707317,1610612749,0.0,1.0,0.0,0.0,0.0,0.0,0.0,2.0,0.0,0.0,1.0,0.0
101181,Jose Calderon,33.0,NYK,354,142,0.415,2014-15,0.4011299435028249,1610612752,7.0,19.0,0.368,7.0,10.0,0.7,45.0,113.0,0.398,14.0,29.0,0.483
201177,Josh McRoberts,28.0,MIA,53,19,0.421,2014-15,0.3584905660377358,1610612748,0.0,0.0,0.0,0.0,0.0,0.0,8.0,19.0,0.421,0.0,0.0,0.0
2746,Josh Smith,29.0,HOU,987,228,0.316,2014-15,0.2310030395136778,1610612745,10.0,26.0,0.385,13.0,27.0,0.481,49.0,174.0,0.282,23.0,53.0,0.434
201950,Jrue Holiday,25.0,NOP,534,135,0.378,2014-15,0.2528089887640449,1610612740,7.0,17.0,0.412,7.0,20.0,0.35,37.0,98.0,0.378,14.0,37.0,0.378
203944,Julius Randle,20.0,LAL,3,0,0.0,2014-15,0.0,1610612747,0.0,0.0,0.0,0.0,0.0,0.0,0.0,0.0,0.0,0.0,0.0,0.0
203120,Justin Hamilton,25.0,MIN,178,31,0.323,2014-15,0.1741573033707865,1610612750,1.0,3.0,0.333,0.0,2.0,0.0,9.0,26.0,0.346,1.0,5.0,0.2
203200,Justin Holiday,26.0,GSW,235,109,0.321,2014-15,0.4638297872340425,1610612744,3.0,10.0,0.3,9.0,18.0,0.5,23.0,80.0,0.288,12.0,28.0,0.429
203994,Jusuf Nurkić,20.0,DEN,383,2,0.0,2014-15,0.0052219321148825,1610612743,0.0,1.0,0.0,0.0,0.0,0.0,0.0,1.0,0.0,0.0,1.0,0.0
203909,KJ McDaniels,22.0,HOU,434,150,0.287,2014-15,0.3456221198156682,1610612745,8.0,25.0,0.32,2.0,6.0,0.333,33.0,119.0,0.277,10.0,31.0,0.323
203564,Kalin Lucas,26.0,MEM,1,0,0.0,2014-15,0.0,1610612763,0.0,0.0,0.0,0.0,0.0,0.0,0.0,0.0,0.0,0.0,0.0,0.0
202695,Kawhi Leonard,24.0,SAS,822,192,0.349,2014-15,0.2335766423357664,1610612759,19.0,43.0,0.442,15.0,33.0,0.455,33.0,116.0,0.284,34.0,76.0,0.447
203482,Kelly Olynyk,24.0,BOS,528,175,0.349,2014-15,0.3314393939393939,1610612738,5.0,10.0,0.5,2.0,9.0,0.222,54.0,155.0,0.348,7.0,19.0,0.368
202689,Kemba Walker,25.0,CHA,981,280,0.304,2014-15,0.2854230377166157,1610612766,6.0,17.0,0.353,1.0,9.0,0.111,78.0,250.0,0.312,7.0,26.0,0.269
203088,Kendall Marshall,23.0,MIL,101,46,0.391,2014-15,0.4554455445544554,1610612749,0.0,5.0,0.0,1.0,4.0,0.25,17.0,37.0,0.459,1.0,9.0,0.111
2570,Kendrick Perkins,30.0,CLE,227,1,0.0,2014-15,0.0044052863436123,1610612739,0.0,0.0,0.0,0.0,0.0,0.0,0.0,0.0,0.0,0.0,0.0,0.0
202702,Kenneth Faried,25.0,DEN,736,8,0.125,2014-15,0.0108695652173913,1610612743,0.0,1.0,0.0,1.0,1.0,1.0,0.0,2.0,0.0,1.0,2.0,0.5
203145,Kent Bazemore,25.0,ATL,331,132,0.364,2014-15,0.3987915407854985,1610612737,13.0,34.0,0.382,14.0,30.0,0.467,21.0,68.0,0.309,27.0,64.0,0.422
203484,Kentavious Caldwell-Pope,22.0,DET,972,444,0.345,2014-15,0.4567901234567901,1610612765,27.0,70.0,0.386,16.0,47.0,0.34,110.0,323.0,0.341,43.0,117.0,0.368
2030,Kenyon Martin,37.0,MIL,22,0,0.0,2014-15,0.0,1610612749,0.0,0.0,0.0,0.0,0.0,0.0,0.0,0.0,0.0,0.0,0.0,0.0
201142,Kevin Durant,26.0,OKC,467,159,0.403,2014-15,0.3404710920770878,1610612760,5.0,8.0,0.625,3.0,7.0,0.429,56.0,144.0,0.389,8.0,15.0,0.533
708,Kevin Garnett,39.0,MIN,306,7,0.143,2014-15,0.022875816993464,1610612750,0.0,0.0,0.0,0.0,2.0,0.0,1.0,5.0,0.2,0.0,2.0,0.0
201567,Kevin Love,26.0,CLE,952,392,0.367,2014-15,0.4117647058823529,1610612739,30.0,82.0,0.366,18.0,47.0,0.383,96.0,263.0,0.365,48.0,129.0,0.372
2755,Kevin Martin,32.0,MIN,625,191,0.393,2014-15,0.3056,1610612750,21.0,34.0,0.618,1.0,5.0,0.2,53.0,152.0,0.349,22.0,39.0,0.564
202338,Kevin Seraphin,25.0,WAS,450,2,0.0,2014-15,0.0044444444444444,1610612764,0.0,0.0,0.0,0.0,0.0,0.0,0.0,1.0,0.0,0.0,0.0,0.0
203114,Khris Middleton,23.0,MIL,869,268,0.407,2014-15,0.3084004602991945,1610612749,34.0,68.0,0.5,22.0,41.0,0.537,53.0,159.0,0.333,56.0,109.0,0.514
2550,Kirk Hinrich,34.0,CHI,381,168,0.345,2014-15,0.4409448818897638,1610612741,13.0,38.0,0.342,12.0,27.0,0.444,34.0,103.0,0.33,25.0,65.0,0.385
202691,Klay Thompson,25.0,GSW,1299,545,0.439,2014-15,0.4195535026943803,1610612744,28.0,57.0,0.491,39.0,73.0,0.534,172.0,412.0,0.417,67.0,130.0,0.515
977,Kobe Bryant,36.0,LAL,713,184,0.293,2014-15,0.2580645161290322,1610612747,6.0,7.0,0.857,4.0,13.0,0.308,44.0,163.0,0.27,10.0,20.0,0.5
201585,Kosta Koufos,26.0,MEM,358,0,0.0,2014-15,0.0,1610612763,0.0,0.0,0.0,0.0,0.0,0.0,0.0,0.0,0.0,0.0,0.0,0.0
203123,Kostas Papanikolaou,24.0,HOU,197,106,0.292,2014-15,0.5380710659898477,1610612745,9.0,28.0,0.321,5.0,16.0,0.313,17.0,62.0,0.274,14.0,44.0,0.318
2743,Kris Humphries,30.0,WAS,446,7,0.0,2014-15,0.0156950672645739,1610612764,0.0,1.0,0.0,0.0,4.0,0.0,0.0,2.0,0.0,0.0,5.0,0.0
203937,Kyle Anderson,21.0,SAS,89,11,0.273,2014-15,0.1235955056179775,1610612759,1.0,4.0,0.25,2.0,2.0,1.0,0.0,5.0,0.0,3.0,6.0,0.5
2594,Kyle Korver,34.0,ATL,600,449,0.492,2014-15,0.7483333333333333,1610612737,28.0,56.0,0.5,33.0,58.0,0.569,160.0,335.0,0.478,61.0,114.0,0.535
200768,Kyle Lowry,29.0,TOR,1043,391,0.338,2014-15,0.3748801534036433,1610612761,16.0,50.0,0.32,5.0,13.0,0.385,111.0,326.0,0.34,21.0,63.0,0.333
203124,Kyle O'Quinn,25.0,ORL,242,43,0.279,2014-15,0.1776859504132231,1610612753,0.0,0.0,0.0,3.0,6.0,0.5,9.0,36.0,0.25,3.0,6.0,0.5
202713,Kyle Singler,27.0,OKC,446,241,0.398,2014-15,0.5403587443946188,1610612760,16.0,39.0,0.41,26.0,61.0,0.426,54.0,142.0,0.38,42.0,100.0,0.42
202681,Kyrie Irving,23.0,CLE,1235,378,0.415,2014-15,0.3060728744939271,1610612739,19.0,37.0,0.514,21.0,44.0,0.477,115.0,294.0,0.391,40.0,81.0,0.494
200746,LaMarcus Aldridge,29.0,POR,1415,105,0.352,2014-15,0.0742049469964664,1610612757,9.0,19.0,0.474,2.0,13.0,0.154,26.0,72.0,0.361,11.0,32.0,0.344
202362,Lance Stephenson,24.0,CHA,550,105,0.171,2014-15,0.1909090909090909,1610612766,0.0,4.0,0.0,1.0,5.0,0.2,17.0,94.0,0.181,1.0,9.0,0.111
202498,Lance Thomas,27.0,NYK,442,22,0.318,2014-15,0.0497737556561085,1610612752,4.0,12.0,0.333,3.0,8.0,0.375,0.0,2.0,0.0,7.0,20.0,0.35
202361,Landry Fields,27.0,TOR,41,2,0.5,2014-15,0.048780487804878,1610612761,0.0,0.0,0.0,1.0,2.0,0.5,0.0,0.0,0.0,1.0,2.0,0.5
204038,Langston Galloway,23.0,NYK,511,176,0.352,2014-15,0.3444227005870841,1610612752,2.0,9.0,0.222,7.0,17.0,0.412,52.0,145.0,0.359,9.0,26.0,0.346
203580,Larry Drew II,25.0,PHI,58,26,0.154,2014-15,0.4482758620689655,1610612755,1.0,2.0,0.5,0.0,0.0,0.0,3.0,22.0,0.136,1.0,2.0,0.5
202336,Larry Sanders,26.0,MIL,172,0,0.0,2014-15,0.0,1610612749,0.0,0.0,0.0,0.0,0.0,0.0,0.0,0.0,0.0,0.0,0.0,0.0
202730,Lavoy Allen,26.0,IND,299,0,0.0,2014-15,0.0,1610612754,0.0,0.0,0.0,0.0,0.0,0.0,0.0,0.0,0.0,0.0,0.0,0.0
2544,LeBron James,30.0,CLE,1279,339,0.354,2014-15,0.2650508209538702,1610612739,6.0,18.0,0.333,9.0,23.0,0.391,105.0,298.0,0.352,15.0,41.0,0.366
2571,Leandro Barbosa,32.0,GSW,386,112,0.384,2014-15,0.2901554404145077,1610612744,5.0,13.0,0.385,9.0,18.0,0.5,29.0,80.0,0.363,14.0,31.0,0.452
201991,Lester Hudson,30.0,LAC,14,6,0.5,2014-15,0.4285714285714285,1610612746,0.0,2.0,0.0,1.0,2.0,0.5,2.0,2.0,1.0,1.0,4.0,0.25
203485,Lorenzo Brown,24.0,MIN,122,28,0.214,2014-15,0.2295081967213114,1610612750,0.0,2.0,0.0,0.0,2.0,0.0,6.0,23.0,0.261,0.0,4.0,0.0
200811,Lou Amundson,32.0,NYK,255,1,0.0,2014-15,0.0039215686274509,1610612752,0.0,0.0,0.0,0.0,0.0,0.0,0.0,0.0,0.0,0.0,0.0,0.0
101150,Lou Williams,28.0,TOR,928,447,0.34,2014-15,0.4816810344827586,1610612761,35.0,73.0,0.479,15.0,31.0,0.484,102.0,342.0,0.298,50.0,104.0,0.481
201601,Luc Mbah a Moute,28.0,PHI,636,202,0.307,2014-15,0.3176100628930817,1610612755,6.0,17.0,0.353,5.0,17.0,0.294,51.0,167.0,0.305,11.0,34.0,0.324
203512,Lucas Nogueira,22.0,TOR,8,0,0.0,2014-15,0.0,1610612761,0.0,0.0,0.0,0.0,0.0,0.0,0.0,0.0,0.0,0.0,0.0,0.0
2449,Luis Scola,35.0,IND,642,20,0.25,2014-15,0.0311526479750778,1610612754,3.0,9.0,0.333,1.0,2.0,0.5,1.0,6.0,0.167,4.0,11.0,0.364
202337,Luke Babbitt,26.0,NOP,192,115,0.513,2014-15,0.5989583333333334,1610612740,16.0,31.0,0.516,12.0,19.0,0.632,31.0,64.0,0.484,28.0,50.0,0.56
2557,Luke Ridnour,34.0,ORL,176,63,0.317,2014-15,0.3579545454545454,1610612753,7.0,14.0,0.5,2.0,7.0,0.286,11.0,42.0,0.262,9.0,21.0,0.429
2736,Luol Deng,30.0,MIA,787,220,0.355,2014-15,0.2795425667090216,1610612748,17.0,45.0,0.378,33.0,70.0,0.471,28.0,102.0,0.275,50.0,115.0,0.435
202723,Malcolm Lee,25.0,PHI,1,0,0.0,2014-15,0.0,1610612755,,,,,,,,,,,,
202952,Malcolm Thomas,26.0,PHI,40,7,0.0,2014-15,0.175,1610612755,0.0,1.0,0.0,0.0,0.0,0.0,0.0,6.0,0.0,0.0,1.0,0.0
1938,Manu Ginobili,37.0,SAS,589,258,0.345,2014-15,0.4380305602716469,1610612759,11.0,24.0,0.458,9.0,20.0,0.45,69.0,213.0,0.324,20.0,44.0,0.455
201188,Marc Gasol,30.0,MEM,1072,17,0.176,2014-15,0.0158582089552238,1610612763,0.0,0.0,0.0,0.0,0.0,0.0,3.0,14.0,0.214,0.0,0.0,0.0
101162,Marcin Gortat,31.0,WAS,775,3,0.0,2014-15,0.0038709677419354,1610612764,0.0,0.0,0.0,0.0,0.0,0.0,0.0,3.0,0.0,0.0,0.0,0.0
201158,Marco Belinelli,29.0,SAS,470,230,0.374,2014-15,0.4893617021276595,1610612759,12.0,27.0,0.444,12.0,27.0,0.444,62.0,175.0,0.354,24.0,54.0,0.444
202694,Marcus Morris Sr.,25.0,PHX,763,313,0.358,2014-15,0.4102228047182175,1610612756,21.0,57.0,0.368,22.0,49.0,0.449,68.0,201.0,0.338,43.0,106.0,0.406
203935,Marcus Smart,21.0,BOS,477,272,0.335,2014-15,0.570230607966457,1610612738,14.0,34.0,0.412,6.0,16.0,0.375,71.0,218.0,0.326,20.0,50.0,0.4
201977,Marcus Thornton,28.0,PHX,345,143,0.378,2014-15,0.4144927536231884,1610612756,6.0,13.0,0.462,4.0,11.0,0.364,44.0,118.0,0.373,10.0,24.0,0.417
201596,Mario Chalmers,29.0,MIA,663,248,0.294,2014-15,0.3740573152337858,1610612748,15.0,48.0,0.313,20.0,46.0,0.435,37.0,147.0,0.252,35.0,94.0,0.372
203900,Markel Brown,23.0,BKN,210,64,0.266,2014-15,0.3047619047619048,1610612751,8.0,16.0,0.5,0.0,11.0,0.0,9.0,36.0,0.25,8.0,27.0,0.296
202693,Markieff Morris,25.0,PHX,1100,179,0.318,2014-15,0.1627272727272727,1610612756,4.0,11.0,0.364,3.0,16.0,0.188,50.0,150.0,0.333,7.0,27.0,0.259
201578,Marreese Speights,27.0,GSW,646,18,0.278,2014-15,0.0278637770897832,1610612744,0.0,2.0,0.0,1.0,2.0,0.5,4.0,12.0,0.333,1.0,4.0,0.25
101110,Martell Webster,28.0,WAS,91,43,0.233,2014-15,0.4725274725274725,1610612764,0.0,5.0,0.0,1.0,4.0,0.25,9.0,34.0,0.265,1.0,9.0,0.111
101107,Marvin Williams,29.0,CHA,495,265,0.358,2014-15,0.5353535353535354,1610612766,18.0,40.0,0.45,15.0,29.0,0.517,62.0,195.0,0.318,33.0,69.0,0.478
203486,Mason Plumlee,25.0,BKN,489,3,0.0,2014-15,0.0061349693251533,1610612751,0.0,0.0,0.0,0.0,0.0,0.0,0.0,0.0,0.0,0.0,0.0,0.0
2440,Matt Barnes,35.0,LAC,624,376,0.362,2014-15,0.6025641025641025,1610612746,26.0,83.0,0.313,42.0,97.0,0.433,68.0,195.0,0.349,68.0,180.0,0.378
2588,Matt Bonner,35.0,SAS,230,126,0.365,2014-15,0.5478260869565217,1610612759,3.0,7.0,0.429,4.0,13.0,0.308,39.0,105.0,0.371,7.0,20.0,0.35
203521,Matthew Dellavedova,24.0,CLE,307,167,0.407,2014-15,0.5439739413680782,1610612739,4.0,22.0,0.182,13.0,33.0,0.394,51.0,112.0,0.455,17.0,55.0,0.309
203090,Maurice Harkless,22.0,ORL,158,56,0.179,2014-15,0.3544303797468354,1610612753,1.0,13.0,0.077,6.0,18.0,0.333,3.0,23.0,0.13,7.0,31.0,0.226
203086,Meyers Leonard,23.0,POR,245,112,0.42,2014-15,0.4571428571428571,1610612757,7.0,13.0,0.538,8.0,13.0,0.615,32.0,85.0,0.376,15.0,26.0,0.577
201563,Michael Beasley,26.0,MIA,212,34,0.235,2014-15,0.160377358490566,1610612748,3.0,6.0,0.5,2.0,4.0,0.5,3.0,24.0,0.125,5.0,10.0,0.5
203487,Michael Carter-Williams,23.0,MIL,919,153,0.235,2014-15,0.1664853101196953,1610612749,1.0,10.0,0.1,3.0,9.0,0.333,32.0,132.0,0.242,4.0,19.0,0.211
203077,Michael Kidd-Gilchrist,21.0,CHA,482,0,0.0,2014-15,0.0,1610612766,0.0,0.0,0.0,0.0,0.0,0.0,0.0,0.0,0.0,0.0,0.0,0.0
201144,Mike Conley,27.0,MEM,882,277,0.386,2014-15,0.3140589569160997,1610612763,11.0,20.0,0.55,9.0,26.0,0.346,87.0,229.0,0.38,20.0,46.0,0.435
2399,Mike Dunleavy,34.0,CHI,481,263,0.407,2014-15,0.5467775467775468,1610612741,13.0,29.0,0.448,9.0,20.0,0.45,84.0,212.0,0.396,22.0,49.0,0.449
2034,Mike Miller,35.0,CLE,114,98,0.327,2014-15,0.8596491228070176,1610612739,4.0,10.0,0.4,8.0,24.0,0.333,20.0,64.0,0.313,12.0,34.0,0.353
203488,Mike Muscala,23.0,ATL,151,22,0.409,2014-15,0.1456953642384106,1610612737,3.0,6.0,0.5,1.0,3.0,0.333,5.0,13.0,0.385,4.0,9.0,0.444
203118,Mike Scott,26.0,ATL,453,192,0.344,2014-15,0.423841059602649,1610612737,7.0,18.0,0.389,9.0,20.0,0.45,50.0,152.0,0.329,16.0,38.0,0.421
203101,Miles Plumlee,26.0,MIL,254,0,0.0,2014-15,0.0,1610612749,0.0,0.0,0.0,0.0,0.0,0.0,0.0,0.0,0.0,0.0,0.0,0.0
203545,Miroslav Raduljica,27.0,MIN,8,0,0.0,2014-15,0.0,1610612750,0.0,0.0,0.0,0.0,0.0,0.0,0.0,0.0,0.0,0.0,0.0,0.0
203141,Mirza Teletovic,29.0,BKN,319,193,0.321,2014-15,0.6050156739811913,1610612751,7.0,14.0,0.5,3.0,4.0,0.75,52.0,174.0,0.299,10.0,18.0,0.556
203956,Mitch McGary,23.0,OKC,165,2,0.0,2014-15,0.0121212121212121,1610612760,0.0,0.0,0.0,0.0,1.0,0.0,0.0,1.0,0.0,0.0,1.0,0.0
2590,Mo Williams,32.0,CHA,860,348,0.342,2014-15,0.4046511627906977,1610612766,5.0,11.0,0.455,5.0,18.0,0.278,109.0,314.0,0.347,10.0,29.0,0.345
101145,Monta Ellis,29.0,DAL,1354,284,0.285,2014-15,0.2097488921713441,1610612742,14.0,38.0,0.368,7.0,20.0,0.35,60.0,225.0,0.267,21.0,58.0,0.362
101126,Nate Robinson,31.0,DEN,255,112,0.277,2014-15,0.4392156862745098,1610612743,5.0,12.0,0.417,1.0,8.0,0.125,25.0,92.0,0.272,6.0,20.0,0.3
203489,Nate Wolters,24.0,MIL,57,7,0.0,2014-15,0.1228070175438596,1610612749,0.0,3.0,0.0,0.0,0.0,0.0,0.0,4.0,0.0,0.0,3.0,0.0
1737,Nazr Mohammed,37.0,CHI,30,0,0.0,2014-15,0.0,1610612741,0.0,0.0,0.0,0.0,0.0,0.0,0.0,0.0,0.0,0.0,0.0,0.0
2403,Nene,32.0,WAS,601,5,0.2,2014-15,0.0083194675540765,1610612764,0.0,0.0,0.0,0.0,3.0,0.0,1.0,2.0,0.5,0.0,3.0,0.0
203457,Nerlens Noel,21.0,PHI,653,0,0.0,2014-15,0.0,1610612755,0.0,0.0,0.0,0.0,0.0,0.0,0.0,0.0,0.0,0.0,0.0,0.0
201979,Nick Calathes,26.0,MEM,247,43,0.256,2014-15,0.1740890688259109,1610612763,1.0,6.0,0.167,0.0,3.0,0.0,10.0,34.0,0.294,1.0,9.0,0.111
2555,Nick Collison,34.0,OKC,253,60,0.267,2014-15,0.2371541501976284,1610612760,6.0,18.0,0.333,4.0,16.0,0.25,6.0,26.0,0.231,10.0,34.0,0.294
203910,Nick Johnson,22.0,HOU,75,21,0.238,2014-15,0.28,1610612745,1.0,4.0,0.25,1.0,3.0,0.333,3.0,14.0,0.214,2.0,7.0,0.286
201156,Nick Young,30.0,LAL,476,225,0.369,2014-15,0.4726890756302521,1610612747,12.0,27.0,0.444,8.0,18.0,0.444,63.0,178.0,0.354,20.0,45.0,0.444
201587,Nicolas Batum,26.0,POR,600,309,0.324,2014-15,0.515,1610612757,8.0,35.0,0.229,15.0,33.0,0.455,76.0,240.0,0.317,23.0,68.0,0.338
203917,Nik Stauskas,21.0,SAC,296,149,0.322,2014-15,0.5033783783783784,1610612758,2.0,13.0,0.154,9.0,25.0,0.36,37.0,111.0,0.333,11.0,38.0,0.289
202703,Nikola Mirotic,24.0,CHI,624,313,0.316,2014-15,0.5016025641025641,1610612741,16.0,48.0,0.333,16.0,46.0,0.348,67.0,218.0,0.307,32.0,94.0,0.34
201593,Nikola Pekovic,29.0,MIN,328,0,0.0,2014-15,0.0,1610612750,0.0,0.0,0.0,0.0,0.0,0.0,0.0,0.0,0.0,0.0,0.0,0.0
202696,Nikola Vučević,24.0,ORL,1206,6,0.333,2014-15,0.0049751243781094,1610612753,0.0,0.0,0.0,0.0,0.0,0.0,2.0,6.0,0.333,0.0,0.0,0.0
203943,Noah Vonleh,19.0,CHA,76,13,0.385,2014-15,0.1710526315789473,1610612766,0.0,0.0,0.0,0.0,0.0,0.0,5.0,13.0,0.385,0.0,0.0,0.0
202708,Norris Cole,26.0,NOP,558,176,0.313,2014-15,0.3154121863799283,1610612740,7.0,23.0,0.304,8.0,30.0,0.267,39.0,121.0,0.322,15.0,53.0,0.283
201564,O.J. Mayo,27.0,MIL,701,277,0.357,2014-15,0.3951497860199714,1610612749,26.0,75.0,0.347,28.0,52.0,0.538,45.0,149.0,0.302,54.0,127.0,0.425
203136,Ognjen Kuzmic,25.0,GSW,12,0,0.0,2014-15,0.0,1610612744,0.0,0.0,0.0,0.0,0.0,0.0,0.0,0.0,0.0,0.0,0.0,0.0
201600,Omer Asik,28.0,NOP,412,0,0.0,2014-15,0.0,1610612740,0.0,0.0,0.0,0.0,0.0,0.0,0.0,0.0,0.0,0.0,0.0,0.0
201956,Omri Casspi,27.0,SAC,427,87,0.402,2014-15,0.2037470725995316,1610612758,5.0,7.0,0.714,0.0,6.0,0.0,30.0,74.0,0.405,5.0,13.0,0.385
203490,Otto Porter Jr.,22.0,WAS,391,104,0.337,2014-15,0.2659846547314578,1610612764,9.0,26.0,0.346,7.0,20.0,0.35,19.0,57.0,0.333,16.0,46.0,0.348
200782,P.J. Tucker,30.0,PHX,596,252,0.345,2014-15,0.4228187919463087,1610612756,29.0,77.0,0.377,29.0,81.0,0.358,29.0,94.0,0.309,58.0,158.0,0.367
203798,PJ Hairston,22.0,CHA,269,163,0.301,2014-15,0.6059479553903345,1610612766,8.0,16.0,0.5,2.0,8.0,0.25,39.0,137.0,0.285,10.0,24.0,0.417
203143,Pablo Prigioni,38.0,HOU,228,166,0.343,2014-15,0.7280701754385965,1610612745,6.0,16.0,0.375,2.0,11.0,0.182,49.0,137.0,0.358,8.0,27.0,0.296
201976,Patrick Beverley,26.0,HOU,532,323,0.356,2014-15,0.6071428571428571,1610612745,27.0,77.0,0.351,23.0,55.0,0.418,65.0,191.0,0.34,50.0,132.0,0.379
203565,Patrick Christopher,27.0,MEM,12,4,0.0,2014-15,0.3333333333333333,1610612763,0.0,0.0,0.0,0.0,1.0,0.0,0.0,3.0,0.0,0.0,1.0,0.0
202335,Patrick Patterson,26.0,TOR,535,283,0.371,2014-15,0.5289719626168224,1610612761,22.0,53.0,0.415,20.0,50.0,0.4,63.0,179.0,0.352,42.0,103.0,0.408
201988,Patty Mills,26.0,SAS,336,182,0.341,2014-15,0.5416666666666666,1610612759,11.0,24.0,0.458,7.0,25.0,0.28,44.0,132.0,0.333,18.0,49.0,0.367
2200,Pau Gasol,34.0,CHI,1153,26,0.462,2014-15,0.0225498699045967,1610612741,5.0,10.0,0.5,6.0,11.0,0.545,1.0,4.0,0.25,11.0,21.0,0.524
202331,Paul George,25.0,IND,49,22,0.409,2014-15,0.4489795918367347,1610612754,1.0,4.0,0.25,0.0,1.0,0.0,8.0,17.0,0.471,1.0,5.0,0.2
200794,Paul Millsap,30.0,ATL,930,216,0.356,2014-15,0.232258064516129,1610612737,10.0,27.0,0.37,13.0,25.0,0.52,54.0,164.0,0.329,23.0,52.0,0.442
1718,Paul Pierce,37.0,WAS,656,303,0.389,2014-15,0.461890243902439,1610612764,12.0,27.0,0.444,13.0,32.0,0.406,93.0,244.0,0.381,25.0,59.0,0.424
203544,Pero Antic,32.0,ATL,296,173,0.301,2014-15,0.5844594594594594,1610612737,3.0,11.0,0.273,3.0,21.0,0.143,46.0,141.0,0.326,6.0,32.0,0.188
203103,Perry Jones III,23.0,OKC,184,60,0.233,2014-15,0.3260869565217391,1610612760,2.0,9.0,0.222,1.0,7.0,0.143,11.0,41.0,0.268,3.0,16.0,0.188
203515,Phil Pressey,24.0,BOS,174,65,0.246,2014-15,0.3735632183908046,1610612738,0.0,2.0,0.0,0.0,2.0,0.0,16.0,60.0,0.267,0.0,4.0,0.0
203112,Quincy Acy,24.0,NYK,331,60,0.3,2014-15,0.1812688821752265,1610612752,3.0,12.0,0.25,3.0,12.0,0.25,12.0,35.0,0.343,6.0,24.0,0.25
203113,Quincy Miller,22.0,DET,38,18,0.167,2014-15,0.4736842105263157,1610612765,0.0,2.0,0.0,1.0,1.0,1.0,2.0,15.0,0.133,1.0,3.0,0.333
202347,Quincy Pondexter,27.0,NOP,447,244,0.373,2014-15,0.5458612975391499,1610612740,24.0,57.0,0.421,24.0,45.0,0.533,43.0,140.0,0.307,48.0,102.0,0.471
200765,Rajon Rondo,29.0,DAL,645,86,0.314,2014-15,0.1333333333333333,1610612742,4.0,9.0,0.444,7.0,21.0,0.333,16.0,55.0,0.291,11.0,30.0,0.367
201196,Ramon Sessions,29.0,WAS,334,60,0.317,2014-15,0.1796407185628742,1610612764,2.0,6.0,0.333,2.0,5.0,0.4,15.0,49.0,0.306,4.0,11.0,0.364
200751,Randy Foye,31.0,DEN,402,263,0.357,2014-15,0.654228855721393,1610612743,10.0,30.0,0.333,11.0,24.0,0.458,73.0,206.0,0.354,21.0,54.0,0.389
2446,Rasual Butler,36.0,WAS,517,235,0.387,2014-15,0.4545454545454545,1610612764,21.0,58.0,0.362,20.0,42.0,0.476,50.0,135.0,0.37,41.0,100.0,0.41
203492,Ray McCallum,24.0,SAC,470,111,0.306,2014-15,0.2361702127659574,1610612758,6.0,22.0,0.273,7.0,28.0,0.25,21.0,60.0,0.35,13.0,50.0,0.26
101109,Raymond Felton,31.0,DAL,106,34,0.294,2014-15,0.320754716981132,1610612742,0.0,1.0,0.0,0.0,3.0,0.0,10.0,29.0,0.345,0.0,4.0,0.0
203493,Reggie Bullock Jr.,24.0,PHX,70,46,0.326,2014-15,0.6571428571428571,1610612756,7.0,12.0,0.583,2.0,8.0,0.25,5.0,25.0,0.2,9.0,20.0,0.45
2501,Reggie Evans,35.0,SAC,137,2,0.0,2014-15,0.0145985401459854,1610612758,0.0,1.0,0.0,0.0,0.0,0.0,0.0,1.0,0.0,0.0,1.0,0.0
202704,Reggie Jackson,25.0,DET,996,241,0.299,2014-15,0.2419678714859438,1610612765,4.0,10.0,0.4,2.0,13.0,0.154,66.0,215.0,0.307,6.0,23.0,0.261
202130,Reggie Williams,28.0,SAS,39,19,0.158,2014-15,0.4871794871794871,1610612759,0.0,2.0,0.0,0.0,3.0,0.0,3.0,13.0,0.231,0.0,5.0,0.0
2210,Richard Jefferson,35.0,DAL,324,155,0.426,2014-15,0.4783950617283951,1610612742,15.0,32.0,0.469,13.0,33.0,0.394,38.0,91.0,0.418,28.0,65.0,0.431
203495,Ricky Ledo,22.0,NYK,96,27,0.37,2014-15,0.28125,1610612752,0.0,0.0,0.0,0.0,0.0,0.0,10.0,27.0,0.37,0.0,0.0,0.0
201937,Ricky Rubio,24.0,MIN,219,51,0.255,2014-15,0.2328767123287671,1610612750,0.0,5.0,0.0,1.0,7.0,0.143,12.0,39.0,0.308,1.0,12.0,0.083
203133,Robbie Hummel,26.0,MIN,172,51,0.314,2014-15,0.2965116279069767,1610612750,3.0,9.0,0.333,6.0,16.0,0.375,7.0,26.0,0.269,9.0,25.0,0.36
203496,Robert Covington,24.0,PHI,756,446,0.374,2014-15,0.58994708994709,1610612755,17.0,47.0,0.362,18.0,40.0,0.45,132.0,357.0,0.37,35.0,87.0,0.402
203135,Robert Sacre,26.0,LAL,306,1,0.0,2014-15,0.0032679738562091,1610612747,0.0,0.0,0.0,0.0,0.0,0.0,0.0,1.0,0.0,0.0,0.0,0.0
201577,Robin Lopez,27.0,POR,437,1,0.0,2014-15,0.0022883295194508,1610612757,0.0,0.0,0.0,0.0,0.0,0.0,0.0,1.0,0.0,0.0,0.0,0.0
203918,Rodney Hood,22.0,UTA,374,170,0.365,2014-15,0.4545454545454545,1610612762,6.0,16.0,0.375,4.0,20.0,0.2,52.0,132.0,0.394,10.0,36.0,0.278
201155,Rodney Stuckey,29.0,IND,754,141,0.39,2014-15,0.1870026525198939,1610612754,12.0,27.0,0.444,8.0,17.0,0.471,35.0,95.0,0.368,20.0,44.0,0.455
101179,Ronnie Price,32.0,LAL,223,109,0.284,2014-15,0.4887892376681614,1610612747,5.0,13.0,0.385,2.0,6.0,0.333,24.0,89.0,0.27,7.0,19.0,0.368
201579,Roy Hibbert,28.0,IND,710,2,0.0,2014-15,0.0028169014084507,1610612754,0.0,0.0,0.0,0.0,0.0,0.0,0.0,2.0,0.0,0.0,0.0,0.0
200752,Rudy Gay,28.0,SAC,1116,220,0.359,2014-15,0.1971326164874552,1610612758,8.0,24.0,0.333,9.0,26.0,0.346,62.0,169.0,0.367,17.0,50.0,0.34
203497,Rudy Gobert,23.0,UTA,427,2,0.0,2014-15,0.0046838407494145,1610612762,0.0,0.0,0.0,0.0,0.0,0.0,0.0,1.0,0.0,0.0,0.0,0.0
203893,Russ Smith,24.0,MEM,25,11,0.182,2014-15,0.44,1610612763,0.0,0.0,0.0,0.0,1.0,0.0,2.0,9.0,0.222,0.0,1.0,0.0
201566,Russell Westbrook,26.0,OKC,1471,288,0.299,2014-15,0.1957851801495581,1610612760,3.0,9.0,0.333,2.0,7.0,0.286,81.0,270.0,0.3,5.0,16.0,0.313
201583,Ryan Anderson,27.0,NOP,729,359,0.34,2014-15,0.4924554183813443,1610612740,15.0,29.0,0.517,4.0,26.0,0.154,103.0,301.0,0.342,19.0,55.0,0.345
200797,Ryan Hollins,30.0,SAC,82,0,0.0,2014-15,0.0,1610612758,0.0,0.0,0.0,0.0,0.0,0.0,0.0,0.0,0.0,0.0,0.0,0.0
203527,Ryan Kelly,24.0,LAL,309,134,0.336,2014-15,0.4336569579288026,1610612747,6.0,14.0,0.429,11.0,18.0,0.611,28.0,101.0,0.277,17.0,32.0,0.531
2223,Samuel Dalembert,35.0,NYK,130,0,0.0,2014-15,0.0,1610612752,0.0,0.0,0.0,0.0,0.0,0.0,0.0,0.0,0.0,0.0,0.0,0.0
203930,Sean Kilpatrick,25.0,MIN,20,13,0.308,2014-15,0.65,1610612750,0.0,1.0,0.0,1.0,1.0,1.0,3.0,11.0,0.273,1.0,2.0,0.5
2742,Sebastian Telfair,30.0,OKC,125,60,0.3,2014-15,0.48,1610612760,2.0,8.0,0.25,2.0,4.0,0.5,14.0,48.0,0.292,4.0,12.0,0.333
201586,Serge Ibaka,25.0,OKC,786,205,0.376,2014-15,0.2608142493638677,1610612760,12.0,20.0,0.6,4.0,18.0,0.222,61.0,167.0,0.365,16.0,38.0,0.421
203508,Sergey Karasev,21.0,BKN,134,54,0.296,2014-15,0.4029850746268656,1610612751,2.0,8.0,0.25,3.0,15.0,0.2,11.0,30.0,0.367,5.0,23.0,0.217
203552,Seth Curry,24.0,PHX,3,1,0.0,2014-15,0.3333333333333333,1610612756,0.0,0.0,0.0,,,,0.0,1.0,0.0,0.0,0.0,0.0
203498,Shabazz Muhammad,22.0,MIN,397,51,0.392,2014-15,0.1284634760705289,1610612750,7.0,16.0,0.438,2.0,6.0,0.333,11.0,29.0,0.379,9.0,22.0,0.409
203894,Shabazz Napier,23.0,MIA,228,118,0.364,2014-15,0.5175438596491229,1610612748,4.0,16.0,0.25,7.0,15.0,0.467,32.0,86.0,0.372,11.0,31.0,0.355
203499,Shane Larkin,22.0,NYK,432,116,0.302,2014-15,0.2685185185185185,1610612752,0.0,4.0,0.0,2.0,6.0,0.333,33.0,106.0,0.311,2.0,10.0,0.2
200769,Shannon Brown,29.0,MIA,19,7,0.429,2014-15,0.3684210526315789,1610612748,2.0,2.0,1.0,0.0,0.0,0.0,1.0,5.0,0.2,2.0,2.0,1.0
2733,Shaun Livingston,29.0,GSW,396,2,0.0,2014-15,0.005050505050505,1610612744,0.0,0.0,0.0,0.0,0.0,0.0,0.0,1.0,0.0,0.0,0.0,0.0
101183,Shavlik Randolph,31.0,PHX,35,5,0.0,2014-15,0.1428571428571428,1610612756,0.0,0.0,0.0,0.0,0.0,0.0,0.0,5.0,0.0,0.0,0.0,0.0
1890,Shawn Marion,37.0,CLE,267,46,0.261,2014-15,0.1722846441947565,1610612739,4.0,18.0,0.222,6.0,18.0,0.333,2.0,11.0,0.182,10.0,36.0,0.278
200761,Shawne Williams,29.0,DET,300,178,0.36,2014-15,0.5933333333333334,1610612765,11.0,39.0,0.282,21.0,49.0,0.429,32.0,90.0,0.356,32.0,88.0,0.364
203963,Shayne Whittington,24.0,IND,42,6,0.167,2014-15,0.1428571428571428,1610612754,1.0,1.0,1.0,0.0,1.0,0.0,0.0,4.0,0.0,1.0,2.0,0.5
202714,Shelvin Mack,25.0,ATL,292,127,0.315,2014-15,0.4349315068493151,1610612737,4.0,9.0,0.444,6.0,12.0,0.5,30.0,106.0,0.283,10.0,21.0,0.476
204021,Sim Bhullar,22.0,SAC,2,0,0.0,2014-15,0.0,1610612758,,,,,,,0.0,0.0,0.0,,,
203524,Solomon Hill,24.0,IND,634,208,0.327,2014-15,0.3280757097791798,1610612754,19.0,39.0,0.487,8.0,33.0,0.242,41.0,135.0,0.304,27.0,72.0,0.375
203915,Spencer Dinwiddie,22.0,DET,169,65,0.185,2014-15,0.3846153846153846,1610612765,0.0,2.0,0.0,1.0,2.0,0.5,11.0,59.0,0.186,1.0,4.0,0.25
201150,Spencer Hawes,27.0,LAC,415,176,0.313,2014-15,0.4240963855421686,1610612746,4.0,12.0,0.333,5.0,18.0,0.278,46.0,145.0,0.317,9.0,30.0,0.3
201939,Stephen Curry,27.0,GSW,1341,646,0.443,2014-15,0.4817300521998509,1610612744,24.0,38.0,0.632,23.0,44.0,0.523,239.0,557.0,0.429,47.0,82.0,0.573
2581,Steve Blake,35.0,POR,327,219,0.352,2014-15,0.6697247706422018,1610612757,15.0,35.0,0.429,14.0,29.0,0.483,47.0,146.0,0.322,29.0,64.0,0.453
200779,Steve Novak,32.0,OKC,56,48,0.396,2014-15,0.8571428571428571,1610612760,3.0,7.0,0.429,2.0,6.0,0.333,14.0,35.0,0.4,5.0,13.0,0.385
203500,Steven Adams,21.0,OKC,399,2,0.0,2014-15,0.0050125313283208,1610612760,0.0,0.0,0.0,0.0,0.0,0.0,0.0,1.0,0.0,0.0,0.0,0.0
203933,T.J. Warren,21.0,PHX,214,21,0.238,2014-15,0.0981308411214953,1610612756,0.0,4.0,0.0,1.0,3.0,0.333,4.0,13.0,0.308,1.0,7.0,0.143
201959,Taj Gibson,30.0,CHI,506,0,0.0,2014-15,0.0,1610612741,0.0,0.0,0.0,0.0,0.0,0.0,0.0,0.0,0.0,0.0,0.0,0.0
204028,Tarik Black,23.0,LAL,273,1,0.0,2014-15,0.0036630036630036,1610612747,0.0,0.0,0.0,0.0,0.0,0.0,0.0,0.0,0.0,0.0,0.0,0.0
2419,Tayshaun Prince,35.0,DET,402,67,0.463,2014-15,0.1666666666666666,1610612765,12.0,21.0,0.571,12.0,26.0,0.462,7.0,20.0,0.35,24.0,47.0,0.511
203093,Terrence Jones,23.0,HOU,299,37,0.351,2014-15,0.1237458193979933,1610612745,0.0,1.0,0.0,0.0,1.0,0.0,13.0,34.0,0.382,0.0,2.0,0.0
203082,Terrence Ross,24.0,TOR,753,390,0.372,2014-15,0.5179282868525896,1610612761,33.0,86.0,0.384,22.0,53.0,0.415,90.0,248.0,0.363,55.0,139.0,0.396
200757,Thabo Sefolosha,31.0,ATL,249,78,0.321,2014-15,0.3132530120481928,1610612737,10.0,24.0,0.417,4.0,19.0,0.211,11.0,35.0,0.314,14.0,43.0,0.326
201152,Thaddeus Young,27.0,BKN,968,115,0.33,2014-15,0.1188016528925619,1610612751,4.0,17.0,0.235,1.0,2.0,0.5,33.0,95.0,0.347,5.0,19.0,0.263
203080,Thomas Robinson,24.0,PHI,260,2,0.0,2014-15,0.0076923076923076,1610612755,0.0,0.0,0.0,0.0,0.0,0.0,0.0,0.0,0.0,0.0,0.0,0.0
201168,Tiago Splitter,30.0,SAS,303,0,0.0,2014-15,0.0,1610612759,0.0,0.0,0.0,0.0,0.0,0.0,0.0,0.0,0.0,0.0,0.0,0.0
1495,Tim Duncan,39.0,SAS,819,7,0.286,2014-15,0.0085470085470085,1610612759,2.0,2.0,1.0,0.0,0.0,0.0,0.0,3.0,0.0,2.0,2.0,1.0
204025,Tim Frazier,24.0,POR,61,17,0.294,2014-15,0.2786885245901639,1610612757,0.0,0.0,0.0,0.0,0.0,0.0,5.0,17.0,0.294,0.0,0.0,0.0
203501,Tim Hardaway Jr.,23.0,NYK,717,354,0.342,2014-15,0.4937238493723849,1610612752,8.0,37.0,0.216,11.0,31.0,0.355,102.0,283.0,0.36,19.0,68.0,0.279
202389,Timofey Mozgov,28.0,CLE,566,6,0.333,2014-15,0.0106007067137809,1610612739,2.0,4.0,0.5,0.0,1.0,0.0,0.0,1.0,0.0,2.0,5.0,0.4
202699,Tobias Harris,22.0,ORL,949,239,0.364,2014-15,0.2518440463645943,1610612753,20.0,53.0,0.377,26.0,51.0,0.51,41.0,134.0,0.306,46.0,104.0,0.442
201962,Toney Douglas,29.0,NOP,51,18,0.278,2014-15,0.3529411764705882,1610612740,2.0,2.0,1.0,1.0,3.0,0.333,2.0,13.0,0.154,3.0,5.0,0.6
2754,Tony Allen,33.0,MEM,455,29,0.345,2014-15,0.0637362637362637,1610612763,4.0,10.0,0.4,2.0,10.0,0.2,4.0,9.0,0.444,6.0,20.0,0.3
2225,Tony Parker,33.0,SAS,832,89,0.427,2014-15,0.1069711538461538,1610612759,12.0,31.0,0.387,15.0,37.0,0.405,11.0,21.0,0.524,27.0,68.0,0.397
203503,Tony Snell,23.0,CHI,371,197,0.371,2014-15,0.5309973045822103,1610612741,11.0,30.0,0.367,13.0,27.0,0.481,49.0,139.0,0.353,24.0,57.0,0.421
203100,Tony Wroten,22.0,PHI,434,142,0.261,2014-15,0.3271889400921659,1610612755,1.0,4.0,0.25,1.0,6.0,0.167,35.0,126.0,0.278,2.0,10.0,0.2
203315,Toure' Murry,25.0,UTA,5,0,0.0,2014-15,0.0,1610612762,0.0,0.0,0.0,0.0,0.0,0.0,0.0,0.0,0.0,0.0,0.0,0.0
204037,Travis Wear,24.0,NYK,209,30,0.367,2014-15,0.1435406698564593,1610612752,2.0,6.0,0.333,2.0,4.0,0.5,7.0,20.0,0.35,4.0,10.0,0.4
2772,Trevor Ariza,29.0,HOU,910,555,0.35,2014-15,0.6098901098901099,1610612745,31.0,77.0,0.403,57.0,137.0,0.416,106.0,341.0,0.311,88.0,214.0,0.411
202344,Trevor Booker,27.0,UTA,464,84,0.345,2014-15,0.1810344827586207,1610612762,4.0,17.0,0.235,6.0,16.0,0.375,19.0,48.0,0.396,10.0,33.0,0.303
203504,Trey Burke,22.0,UTA,1005,390,0.318,2014-15,0.3880597014925373,1610612762,13.0,29.0,0.448,18.0,46.0,0.391,92.0,309.0,0.298,31.0,75.0,0.413
202684,Tristan Thompson,24.0,CLE,488,0,0.0,2014-15,0.0,1610612739,0.0,0.0,0.0,0.0,0.0,0.0,0.0,0.0,0.0,0.0,0.0,0.0
203584,Troy Daniels,23.0,CHA,165,118,0.364,2014-15,0.7151515151515152,1610612766,6.0,13.0,0.462,5.0,14.0,0.357,32.0,91.0,0.352,11.0,27.0,0.407
201951,Ty Lawson,27.0,DEN,926,205,0.341,2014-15,0.2213822894168466,1610612743,4.0,12.0,0.333,4.0,8.0,0.5,62.0,179.0,0.346,8.0,20.0,0.4
203898,Tyler Ennis,20.0,MIL,144,43,0.279,2014-15,0.2986111111111111,1610612749,3.0,7.0,0.429,1.0,4.0,0.25,8.0,32.0,0.25,4.0,11.0,0.364
201946,Tyler Hansbrough,29.0,TOR,165,7,0.143,2014-15,0.0424242424242424,1610612761,1.0,3.0,0.333,0.0,4.0,0.0,0.0,0.0,0.0,1.0,7.0,0.143
204020,Tyler Johnson,23.0,MIA,167,48,0.375,2014-15,0.2874251497005988,1610612748,3.0,8.0,0.375,2.0,4.0,0.5,13.0,35.0,0.371,5.0,12.0,0.417
203092,Tyler Zeller,25.0,BOS,619,0,0.0,2014-15,0.0,1610612738,0.0,0.0,0.0,0.0,0.0,0.0,0.0,0.0,0.0,0.0,0.0,0.0
201936,Tyreke Evans,25.0,NOP,1165,227,0.304,2014-15,0.1948497854077253,1610612740,9.0,25.0,0.36,8.0,25.0,0.32,52.0,171.0,0.304,17.0,50.0,0.34
200748,Tyrus Thomas,28.0,MEM,1,0,0.0,2014-15,0.0,1610612763,,,,,,,0.0,0.0,0.0,,,
2199,Tyson Chandler,32.0,DAL,440,0,0.0,2014-15,0.0,1610612742,0.0,0.0,0.0,0.0,0.0,0.0,0.0,0.0,0.0,0.0,0.0,0.0
2617,Udonis Haslem,35.0,MIA,239,10,0.2,2014-15,0.0418410041841004,1610612748,0.0,5.0,0.0,2.0,5.0,0.4,0.0,0.0,0.0,2.0,10.0,0.2
203505,Vander Blue,22.0,LAL,30,10,0.2,2014-15,0.3333333333333333,1610612747,0.0,0.0,0.0,0.0,1.0,0.0,2.0,9.0,0.222,0.0,1.0,0.0
201964,Victor Claver,26.0,POR,20,11,0.545,2014-15,0.55,1610612757,1.0,2.0,0.5,1.0,1.0,1.0,4.0,8.0,0.5,2.0,3.0,0.667
203506,Victor Oladipo,23.0,ORL,1086,248,0.339,2014-15,0.2283609576427256,1610612753,10.0,34.0,0.294,9.0,21.0,0.429,65.0,192.0,0.339,19.0,55.0,0.345
1713,Vince Carter,38.0,MEM,406,232,0.297,2014-15,0.5714285714285714,1610612763,5.0,20.0,0.25,8.0,14.0,0.571,56.0,196.0,0.286,13.0,34.0,0.382
201961,Wayne Ellington,27.0,LAL,617,243,0.37,2014-15,0.3938411669367909,1610612747,1.0,9.0,0.111,11.0,32.0,0.344,78.0,202.0,0.386,12.0,41.0,0.293
202325,Wesley Johnson,27.0,LAL,691,259,0.351,2014-15,0.3748191027496382,1610612747,18.0,47.0,0.383,14.0,41.0,0.341,59.0,170.0,0.347,32.0,88.0,0.364
202083,Wesley Matthews,28.0,POR,752,445,0.389,2014-15,0.5917553191489362,1610612757,35.0,77.0,0.455,17.0,53.0,0.321,120.0,314.0,0.382,52.0,130.0,0.4
203115,Will Barton,24.0,DEN,353,85,0.271,2014-15,0.2407932011331444,1610612743,2.0,8.0,0.25,4.0,17.0,0.235,17.0,58.0,0.293,6.0,25.0,0.24
101198,Will Bynum,32.0,WAS,31,9,0.0,2014-15,0.2903225806451613,1610612764,0.0,0.0,0.0,0.0,0.0,0.0,0.0,9.0,0.0,0.0,0.0,0.0
203805,Will Cherry,24.0,TOR,19,9,0.222,2014-15,0.4736842105263157,1610612761,0.0,1.0,0.0,1.0,2.0,0.5,1.0,6.0,0.167,1.0,3.0,0.333
2584,Willie Green,33.0,ORL,306,121,0.347,2014-15,0.3954248366013072,1610612753,9.0,22.0,0.409,10.0,24.0,0.417,23.0,74.0,0.311,19.0,46.0,0.413
201163,Wilson Chandler,28.0,DEN,975,406,0.342,2014-15,0.4164102564102564,1610612743,17.0,49.0,0.347,17.0,52.0,0.327,105.0,304.0,0.345,34.0,101.0,0.337
202333,Xavier Henry,24.0,LAL,13,0,0.0,2014-15,0.0,1610612747,0.0,0.0,0.0,0.0,0.0,0.0,0.0,0.0,0.0,0.0,0.0,0.0
203897,Zach LaVine,20.0,MIN,677,167,0.341,2014-15,0.2466765140324963,1610612750,5.0,15.0,0.333,4.0,9.0,0.444,48.0,140.0,0.343,9.0,24.0,0.375
2216,Zach Randolph,33.0,MEM,932,20,0.35,2014-15,0.0214592274678111,1610612763,0.0,0.0,0.0,0.0,2.0,0.0,5.0,13.0,0.385,0.0,2.0,0.0
2585,Zaza Pachulia,31.0,MIL,529,3,0.0,2014-15,0.0056710775047258,1610612749,0.0,0.0,0.0,0.0,0.0,0.0,0.0,3.0,0.0,0.0,0.0,0.0
204054,Zoran Dragic,26.0,MIA,30,14,0.214,2014-15,0.4666666666666667,1610612748,0.0,2.0,0.0,2.0,3.0,0.667,1.0,9.0,0.111,2.0,5.0,0.4
201166,Aaron Brooks,31.0,CHI,469,185,0.357,2015-16,0.394456289978678,1610612741,1.0,6.0,0.167,5.0,10.0,0.5,60.0,165.0,0.364,6.0,16.0,0.375
203932,Aaron Gordon,20.0,ORL,579,142,0.296,2015-16,0.2452504317789292,1610612753,9.0,34.0,0.265,10.0,23.0,0.435,23.0,79.0,0.291,19.0,57.0,0.333
1626151,Aaron Harrison,21.0,CHA,19,10,0.3,2015-16,0.5263157894736842,1610612766,0.0,3.0,0.0,1.0,1.0,1.0,2.0,6.0,0.333,1.0,4.0,0.25
203940,Adreian Payne,25.0,MIN,145,32,0.281,2015-16,0.2206896551724138,1610612750,2.0,5.0,0.4,0.0,3.0,0.0,7.0,24.0,0.292,2.0,8.0,0.25
201143,Al Horford,30.0,ATL,1048,256,0.344,2015-16,0.2442748091603053,1610612737,4.0,14.0,0.286,11.0,43.0,0.256,73.0,199.0,0.367,15.0,57.0,0.263
2744,Al Jefferson,31.0,CHA,505,0,0.0,2015-16,0.0,1610612766,0.0,0.0,0.0,0.0,0.0,0.0,0.0,0.0,0.0,0.0,0.0,0.0
202329,Al-Farouq Aminu,25.0,POR,719,349,0.361,2015-16,0.4853963838664812,1610612757,30.0,74.0,0.405,27.0,71.0,0.38,69.0,202.0,0.342,57.0,145.0,0.393
101187,Alan Anderson,33.0,WAS,59,37,0.324,2015-16,0.6271186440677966,1610612764,2.0,7.0,0.286,1.0,2.0,0.5,9.0,27.0,0.333,3.0,9.0,0.333
1626210,Alan Williams,23.0,PHX,24,0,0.0,2015-16,0.0,1610612756,0.0,0.0,0.0,0.0,0.0,0.0,0.0,0.0,0.0,0.0,0.0,0.0
202692,Alec Burks,24.0,UTA,334,79,0.405,2015-16,0.2365269461077844,1610612762,5.0,13.0,0.385,7.0,15.0,0.467,20.0,49.0,0.408,12.0,28.0,0.429
203458,Alex Len,23.0,PHX,624,7,0.143,2015-16,0.0112179487179487,1610612756,1.0,4.0,0.25,0.0,0.0,0.0,0.0,3.0,0.0,1.0,4.0,0.25
1627293,Alex Stepheson,28.0,MEM,27,0,0.0,2015-16,0.0,1610612763,0.0,0.0,0.0,0.0,0.0,0.0,0.0,0.0,0.0,0.0,0.0,0.0
201582,Alexis Ajinca,28.0,NOP,315,1,0.0,2015-16,0.0031746031746031,1610612740,0.0,0.0,0.0,0.0,0.0,0.0,0.0,1.0,0.0,0.0,0.0,0.0
203459,Allen Crabbe,24.0,POR,678,285,0.393,2015-16,0.4203539823008849,1610612757,22.0,46.0,0.478,16.0,43.0,0.372,74.0,194.0,0.381,38.0,89.0,0.427
202087,Alonzo Gee,29.0,NOP,255,60,0.283,2015-16,0.2352941176470588,1610612740,8.0,27.0,0.296,8.0,27.0,0.296,1.0,7.0,0.143,16.0,54.0,0.296
2405,Amar'e Stoudemire,33.0,MIA,221,0,0.0,2015-16,0.0,1610612748,0.0,0.0,0.0,0.0,0.0,0.0,0.0,0.0,0.0,0.0,0.0,0.0
101161,Amir Johnson,29.0,BOS,426,43,0.233,2015-16,0.1009389671361502,1610612738,3.0,6.0,0.5,2.0,4.0,0.5,5.0,32.0,0.156,5.0,10.0,0.5
2760,Anderson Varejao,33.0,GSW,124,1,0.0,2015-16,0.0080645161290322,1610612744,0.0,0.0,0.0,0.0,0.0,0.0,0.0,1.0,0.0,0.0,0.0,0.0
203083,Andre Drummond,22.0,DET,1060,6,0.333,2015-16,0.0056603773584905,1610612765,0.0,0.0,0.0,0.0,0.0,0.0,1.0,2.0,0.5,0.0,0.0,0.0
2738,Andre Iguodala,32.0,GSW,368,154,0.351,2015-16,0.4184782608695652,1610612744,13.0,27.0,0.481,13.0,33.0,0.394,28.0,91.0,0.308,26.0,60.0,0.433
1889,Andre Miller,40.0,SAS,106,8,0.25,2015-16,0.0754716981132075,1610612759,0.0,1.0,0.0,0.0,0.0,0.0,2.0,4.0,0.5,0.0,1.0,0.0
203460,Andre Roberson,24.0,OKC,274,103,0.311,2015-16,0.3759124087591241,1610612760,17.0,54.0,0.315,11.0,25.0,0.44,4.0,22.0,0.182,28.0,79.0,0.354
200745,Andrea Bargnani,30.0,BKN,279,16,0.188,2015-16,0.057347670250896,1610612751,0.0,0.0,0.0,0.0,0.0,0.0,3.0,15.0,0.2,0.0,0.0,0.0
101106,Andrew Bogut,31.0,GSW,279,1,1.0,2015-16,0.003584229390681,1610612744,0.0,0.0,0.0,0.0,0.0,0.0,1.0,1.0,1.0,0.0,0.0,0.0
202726,Andrew Goudelock,27.0,HOU,20,9,0.111,2015-16,0.45,1610612745,0.0,2.0,0.0,0.0,0.0,0.0,1.0,7.0,0.143,0.0,2.0,0.0
203094,Andrew Nicholson,26.0,ORL,310,114,0.36,2015-16,0.3677419354838709,1610612753,7.0,14.0,0.5,1.0,5.0,0.2,33.0,95.0,0.347,8.0,19.0,0.421
203952,Andrew Wiggins,21.0,MIN,1294,190,0.3,2015-16,0.1468315301391035,1610612750,10.0,21.0,0.476,2.0,9.0,0.222,45.0,159.0,0.283,12.0,30.0,0.4
203461,Anthony Bennett,23.0,TOR,27,14,0.214,2015-16,0.5185185185185185,1610612761,2.0,3.0,0.667,0.0,1.0,0.0,1.0,10.0,0.1,2.0,4.0,0.5
1626148,Anthony Brown,23.0,LAL,126,70,0.286,2015-16,0.5555555555555556,1610612747,6.0,14.0,0.429,1.0,8.0,0.125,13.0,48.0,0.271,7.0,22.0,0.318
203076,Anthony Davis,23.0,NOP,1136,108,0.324,2015-16,0.0950704225352112,1610612740,4.0,13.0,0.308,3.0,11.0,0.273,28.0,82.0,0.341,7.0,24.0,0.292
201627,Anthony Morrow,30.0,OKC,333,204,0.387,2015-16,0.6126126126126126,1610612760,16.0,31.0,0.516,17.0,56.0,0.304,46.0,118.0,0.39,33.0,87.0,0.379
201229,Anthony Tolliver,31.0,DET,332,272,0.36,2015-16,0.8192771084337349,1610612765,11.0,40.0,0.275,24.0,51.0,0.471,63.0,180.0,0.35,35.0,91.0,0.385
203462,Archie Goodwin,21.0,PHX,422,99,0.232,2015-16,0.2345971563981042,1610612756,2.0,5.0,0.4,0.0,10.0,0.0,21.0,82.0,0.256,2.0,15.0,0.133
203382,Aron Baynes,29.0,DET,384,2,0.0,2015-16,0.0052083333333333,1610612765,0.0,0.0,0.0,0.0,1.0,0.0,0.0,1.0,0.0,0.0,1.0,0.0
201167,Arron Afflalo,30.0,NYK,799,238,0.382,2015-16,0.2978723404255319,1610612752,25.0,57.0,0.439,21.0,46.0,0.457,45.0,133.0,0.338,46.0,103.0,0.447
203085,Austin Rivers,23.0,LAC,516,185,0.335,2015-16,0.3585271317829457,1610612746,15.0,27.0,0.556,2.0,15.0,0.133,45.0,140.0,0.321,17.0,42.0,0.405
202340,Avery Bradley,25.0,BOS,1019,407,0.361,2015-16,0.3994111874386654,1610612738,26.0,78.0,0.333,18.0,60.0,0.3,103.0,268.0,0.384,44.0,138.0,0.319
1626253,Axel Toupane,23.0,DEN,70,40,0.325,2015-16,0.5714285714285714,1610612743,4.0,17.0,0.235,9.0,23.0,0.391,0.0,0.0,0.0,13.0,40.0,0.325
203463,Ben McLemore,23.0,SAC,455,185,0.362,2015-16,0.4065934065934066,1610612758,11.0,33.0,0.333,15.0,42.0,0.357,41.0,110.0,0.373,26.0,75.0,0.347
2757,Beno Udrih,33.0,MEM,198,44,0.341,2015-16,0.2222222222222222,1610612763,6.0,9.0,0.667,1.0,5.0,0.2,8.0,27.0,0.296,7.0,14.0,0.5
202687,Bismack Biyombo,23.0,TOR,288,1,0.0,2015-16,0.0034722222222222,1610612761,0.0,0.0,0.0,0.0,0.0,0.0,0.0,1.0,0.0,0.0,0.0,0.0
201933,Blake Griffin,27.0,LAC,603,18,0.333,2015-16,0.0298507462686567,1610612746,0.0,2.0,0.0,0.0,1.0,0.0,6.0,15.0,0.4,0.0,3.0,0.0
1626246,Boban Marjanovic,27.0,SAS,174,0,0.0,2015-16,0.0,1610612759,0.0,0.0,0.0,0.0,0.0,0.0,0.0,0.0,0.0,0.0,0.0,0.0
1626171,Bobby Portis,21.0,CHI,436,52,0.308,2015-16,0.1192660550458715,1610612741,0.0,7.0,0.0,0.0,1.0,0.0,16.0,43.0,0.372,0.0,8.0,0.0
202711,Bojan Bogdanovic,27.0,BKN,749,338,0.382,2015-16,0.4512683578104139,1610612751,29.0,63.0,0.46,29.0,76.0,0.382,71.0,198.0,0.359,58.0,139.0,0.417
2564,Boris Diaw,34.0,SAS,383,69,0.362,2015-16,0.1801566579634465,1610612759,0.0,0.0,0.0,1.0,5.0,0.2,24.0,63.0,0.381,1.0,5.0,0.2
203078,Bradley Beal,23.0,WAS,799,271,0.387,2015-16,0.3391739674593241,1610612764,13.0,28.0,0.464,9.0,19.0,0.474,83.0,221.0,0.376,22.0,47.0,0.468
201148,Brandan Wright,28.0,MEM,52,0,0.0,2015-16,0.0,1610612763,0.0,0.0,0.0,0.0,0.0,0.0,0.0,0.0,0.0,0.0,0.0,0.0
1626183,Branden Dawson,23.0,LAC,5,0,0.0,2015-16,0.0,1610612746,0.0,0.0,0.0,,,,0.0,0.0,0.0,0.0,0.0,0.0
101138,Brandon Bass,31.0,LAL,317,2,0.0,2015-16,0.0063091482649842,1610612747,0.0,0.0,0.0,0.0,0.0,0.0,0.0,2.0,0.0,0.0,0.0,0.0
201943,Brandon Jennings,26.0,ORL,304,155,0.329,2015-16,0.5098684210526315,1610612753,7.0,17.0,0.412,2.0,11.0,0.182,42.0,124.0,0.339,9.0,28.0,0.321
202688,Brandon Knight,24.0,PHX,895,351,0.342,2015-16,0.3921787709497206,1610612756,13.0,29.0,0.448,9.0,21.0,0.429,98.0,299.0,0.328,22.0,50.0,0.44
201575,Brandon Rush,30.0,GSW,260,157,0.414,2015-16,0.6038461538461538,1610612744,16.0,42.0,0.381,8.0,26.0,0.308,40.0,88.0,0.455,24.0,68.0,0.353
203148,Brian Roberts,30.0,POR,165,42,0.357,2015-16,0.2545454545454545,1610612757,1.0,3.0,0.333,1.0,4.0,0.25,13.0,35.0,0.371,2.0,7.0,0.286
1627362,Briante Weber,23.0,MIA,39,5,0.0,2015-16,0.1282051282051282,1610612748,0.0,0.0,0.0,0.0,0.0,0.0,0.0,5.0,0.0,0.0,0.0,0.0
201572,Brook Lopez,28.0,BKN,1157,14,0.143,2015-16,0.0121002592912705,1610612751,0.0,1.0,0.0,0.0,2.0,0.0,2.0,11.0,0.182,0.0,3.0,0.0
203998,Bruno Caboclo,20.0,TOR,12,7,0.143,2015-16,0.5833333333333334,1610612761,1.0,4.0,0.25,0.0,1.0,0.0,0.0,2.0,0.0,1.0,5.0,0.2
203955,Bryce Cotton,23.0,MEM,10,3,0.0,2015-16,0.3,1610612763,0.0,0.0,0.0,0.0,0.0,0.0,0.0,3.0,0.0,0.0,0.0,0.0
1626214,Bryce Dejean-Jones,23.0,NOP,69,32,0.375,2015-16,0.463768115942029,1610612740,1.0,5.0,0.2,1.0,1.0,1.0,10.0,26.0,0.385,2.0,6.0,0.333
201228,C.J. Watson,32.0,ORL,137,48,0.292,2015-16,0.3503649635036496,1610612753,4.0,7.0,0.571,5.0,7.0,0.714,5.0,32.0,0.156,9.0,14.0,0.643
203912,C.J. Wilcox,25.0,LAC,66,23,0.391,2015-16,0.3484848484848485,1610612746,2.0,2.0,1.0,2.0,2.0,1.0,5.0,18.0,0.278,4.0,4.0,1.0
203468,CJ McCollum,24.0,POR,1431,472,0.417,2015-16,0.3298392732354996,1610612757,34.0,78.0,0.436,14.0,29.0,0.483,149.0,365.0,0.408,48.0,107.0,0.449
101139,CJ Miles,29.0,IND,634,387,0.367,2015-16,0.610410094637224,1610612754,11.0,25.0,0.44,18.0,38.0,0.474,113.0,322.0,0.351,29.0,63.0,0.46
203946,Cameron Bairstow,25.0,DET,40,5,0.2,2015-16,0.125,1610612765,0.0,1.0,0.0,1.0,2.0,0.5,0.0,2.0,0.0,1.0,3.0,0.333
1626166,Cameron Payne,21.0,OKC,278,111,0.324,2015-16,0.3992805755395683,1610612760,5.0,18.0,0.278,6.0,13.0,0.462,25.0,79.0,0.316,11.0,31.0,0.355
201171,Carl Landry,32.0,PHI,250,13,0.462,2015-16,0.052,1610612755,1.0,1.0,1.0,0.0,1.0,0.0,5.0,11.0,0.455,1.0,2.0,0.5
2546,Carmelo Anthony,32.0,NYK,1307,310,0.339,2015-16,0.2371843917368018,1610612752,8.0,18.0,0.444,5.0,16.0,0.313,92.0,275.0,0.335,13.0,34.0,0.382
2406,Caron Butler,36.0,SAC,59,18,0.167,2015-16,0.3050847457627119,1610612758,1.0,4.0,0.25,0.0,1.0,0.0,2.0,12.0,0.167,1.0,5.0,0.2
202718,Chandler Parsons,27.0,DAL,651,251,0.414,2015-16,0.3855606758832565,1610612742,12.0,25.0,0.48,11.0,21.0,0.524,81.0,201.0,0.403,23.0,46.0,0.5
101112,Channing Frye,33.0,CLE,347,235,0.387,2015-16,0.6772334293948127,1610612739,8.0,21.0,0.381,11.0,30.0,0.367,72.0,184.0,0.391,19.0,51.0,0.373
101111,Charlie Villanueva,31.0,DAL,327,172,0.273,2015-16,0.5259938837920489,1610612742,7.0,10.0,0.7,3.0,18.0,0.167,36.0,143.0,0.252,10.0,28.0,0.357
201978,Chase Budinger,28.0,PHX,239,86,0.279,2015-16,0.3598326359832636,1610612756,3.0,14.0,0.214,7.0,23.0,0.304,14.0,49.0,0.286,10.0,37.0,0.27
2365,Chris Andersen,37.0,MEM,72,14,0.286,2015-16,0.1944444444444444,1610612763,0.0,0.0,0.0,0.0,1.0,0.0,4.0,13.0,0.308,0.0,1.0,0.0
2547,Chris Bosh,32.0,MIA,767,222,0.365,2015-16,0.2894393741851369,1610612748,9.0,30.0,0.3,14.0,30.0,0.467,58.0,162.0,0.358,23.0,60.0,0.383
203142,Chris Copeland,32.0,MIL,51,36,0.278,2015-16,0.7058823529411765,1610612749,0.0,3.0,0.0,1.0,7.0,0.143,9.0,26.0,0.346,1.0,10.0,0.1
203187,Chris Johnson,26.0,UTA,194,99,0.273,2015-16,0.5103092783505154,1610612762,8.0,25.0,0.32,9.0,37.0,0.243,10.0,36.0,0.278,17.0,62.0,0.274
2549,Chris Kaman,34.0,POR,43,4,0.25,2015-16,0.0930232558139534,1610612757,0.0,0.0,0.0,0.0,1.0,0.0,1.0,3.0,0.333,0.0,1.0,0.0
1626191,Chris McCullough,21.0,BKN,109,34,0.382,2015-16,0.3119266055045872,1610612751,1.0,5.0,0.2,1.0,3.0,0.333,11.0,25.0,0.44,2.0,8.0,0.25
101108,Chris Paul,31.0,LAC,1114,329,0.371,2015-16,0.2953321364452423,1610612746,8.0,19.0,0.421,6.0,20.0,0.3,108.0,288.0,0.375,14.0,39.0,0.359
1626174,Christian Wood,20.0,PHI,53,11,0.364,2015-16,0.2075471698113207,1610612755,1.0,2.0,0.5,0.0,0.0,0.0,3.0,9.0,0.333,1.0,2.0,0.5
101236,Chuck Hayes,33.0,LAC,2,0,0.0,2015-16,0.0,1610612746,0.0,0.0,0.0,0.0,0.0,0.0,0.0,0.0,0.0,0.0,0.0,0.0
203921,Cleanthony Early,25.0,NYK,40,15,0.267,2015-16,0.375,1610612752,0.0,3.0,0.0,0.0,3.0,0.0,4.0,9.0,0.444,0.0,6.0,0.0
1626146,Cliff Alexander,20.0,POR,10,0,0.0,2015-16,0.0,1610612757,0.0,0.0,0.0,0.0,0.0,0.0,0.0,0.0,0.0,0.0,0.0,0.0
203991,Clint Capela,22.0,HOU,397,1,0.0,2015-16,0.0025188916876574,1610612745,0.0,0.0,0.0,0.0,0.0,0.0,0.0,0.0,0.0,0.0,0.0,0.0
203469,Cody Zeller,23.0,CHA,437,10,0.1,2015-16,0.022883295194508,1610612766,1.0,1.0,1.0,0.0,1.0,0.0,0.0,8.0,0.0,1.0,2.0,0.5
202332,Cole Aldrich,27.0,LAC,225,0,0.0,2015-16,0.0,1610612746,0.0,0.0,0.0,0.0,0.0,0.0,0.0,0.0,0.0,0.0,0.0,0.0
201147,Corey Brewer,30.0,HOU,552,224,0.272,2015-16,0.4057971014492754,1610612745,22.0,77.0,0.286,19.0,63.0,0.302,20.0,72.0,0.278,41.0,140.0,0.293
203928,Cory Jefferson,25.0,PHX,22,1,0.0,2015-16,0.0454545454545454,1610612756,0.0,0.0,0.0,0.0,0.0,0.0,0.0,1.0,0.0,0.0,0.0,0.0
202709,Cory Joseph,24.0,TOR,585,110,0.273,2015-16,0.188034188034188,1610612761,8.0,19.0,0.421,8.0,16.0,0.5,14.0,73.0,0.192,16.0,35.0,0.457
1626262,Coty Clarke,23.0,BOS,4,2,1.0,2015-16,0.5,1610612738,,,,1.0,1.0,1.0,1.0,1.0,1.0,1.0,1.0,1.0
201584,Courtney Lee,30.0,CHA,639,217,0.378,2015-16,0.3395931142410016,1610612766,18.0,52.0,0.346,8.0,30.0,0.267,56.0,134.0,0.418,26.0,82.0,0.317
1626245,Cristiano Felicio,23.0,CHI,72,4,0.0,2015-16,0.0555555555555555,1610612741,0.0,0.0,0.0,0.0,0.0,0.0,0.0,4.0,0.0,0.0,0.0,0.0
1626156,D'Angelo Russell,20.0,LAL,956,370,0.351,2015-16,0.3870292887029288,1610612747,9.0,31.0,0.29,10.0,24.0,0.417,110.0,305.0,0.361,19.0,55.0,0.345
201571,D.J. Augustin,28.0,DEN,350,168,0.405,2015-16,0.48,1610612743,11.0,17.0,0.647,9.0,22.0,0.409,46.0,125.0,0.368,20.0,39.0,0.513
2563,Dahntay Jones,35.0,CLE,14,2,0.5,2015-16,0.1428571428571428,1610612739,0.0,0.0,0.0,1.0,1.0,1.0,0.0,1.0,0.0,1.0,1.0,1.0
203081,Damian Lillard,25.0,POR,1474,610,0.375,2015-16,0.4138398914518317,1610612757,8.0,23.0,0.348,6.0,14.0,0.429,215.0,569.0,0.378,14.0,37.0,0.378
203996,Damien Inglis,21.0,MIL,37,13,0.231,2015-16,0.3513513513513513,1610612749,0.0,0.0,0.0,2.0,5.0,0.4,1.0,6.0,0.167,2.0,5.0,0.4
204014,Damjan Rudez,30.0,MIN,62,50,0.34,2015-16,0.8064516129032258,1610612750,0.0,3.0,0.0,3.0,9.0,0.333,14.0,37.0,0.378,3.0,12.0,0.25
201568,Danilo Gallinari,27.0,DEN,700,239,0.364,2015-16,0.3414285714285714,1610612743,7.0,21.0,0.333,4.0,9.0,0.444,75.0,206.0,0.364,11.0,30.0,0.367
201980,Danny Green,29.0,SAS,561,349,0.332,2015-16,0.6221033868092691,1610612759,13.0,46.0,0.283,22.0,66.0,0.333,80.0,232.0,0.345,35.0,112.0,0.313
201967,Dante Cunningham,29.0,NOP,412,174,0.316,2015-16,0.4223300970873786,1610612740,21.0,57.0,0.368,16.0,53.0,0.302,18.0,62.0,0.29,37.0,110.0,0.336
201589,Darrell Arthur,28.0,DEN,489,117,0.385,2015-16,0.2392638036809816,1610612743,6.0,15.0,0.4,6.0,18.0,0.333,33.0,82.0,0.402,12.0,33.0,0.364
201954,Darren Collison,28.0,SAC,776,217,0.401,2015-16,0.2796391752577319,1610612758,18.0,30.0,0.6,12.0,36.0,0.333,57.0,149.0,0.383,30.0,66.0,0.455
1626199,Darrun Hilliard,23.0,DET,131,50,0.38,2015-16,0.3816793893129771,1610612765,2.0,13.0,0.154,5.0,7.0,0.714,12.0,27.0,0.444,7.0,20.0,0.35
101135,David Lee,33.0,DAL,335,1,0.0,2015-16,0.0029850746268656,1610612742,0.0,0.0,0.0,0.0,0.0,0.0,0.0,1.0,0.0,0.0,0.0,0.0
2561,David West,35.0,SAS,448,7,0.429,2015-16,0.015625,1610612759,0.0,1.0,0.0,0.0,0.0,0.0,3.0,6.0,0.5,0.0,1.0,0.0
201599,DeAndre Jordan,27.0,LAC,508,1,0.0,2015-16,0.0019685039370078,1610612746,0.0,0.0,0.0,0.0,0.0,0.0,0.0,1.0,0.0,0.0,0.0,0.0
201971,DeJuan Blair,27.0,WAS,68,1,0.0,2015-16,0.0147058823529411,1610612764,0.0,0.0,0.0,0.0,0.0,0.0,0.0,0.0,0.0,0.0,0.0,0.0
201942,DeMar DeRozan,26.0,TOR,1377,139,0.338,2015-16,0.1009440813362382,1610612761,15.0,33.0,0.455,11.0,27.0,0.407,21.0,75.0,0.28,26.0,60.0,0.433
202326,DeMarcus Cousins,25.0,SAC,1332,210,0.333,2015-16,0.1576576576576576,1610612758,2.0,4.0,0.5,0.0,3.0,0.0,68.0,202.0,0.337,2.0,7.0,0.286
201960,DeMarre Carroll,29.0,TOR,270,118,0.39,2015-16,0.437037037037037,1610612761,5.0,13.0,0.385,5.0,15.0,0.333,36.0,90.0,0.4,10.0,28.0,0.357
1626153,Delon Wright,24.0,TOR,80,13,0.385,2015-16,0.1625,1610612761,0.0,1.0,0.0,0.0,1.0,0.0,5.0,11.0,0.455,0.0,2.0,0.0
203471,Dennis Schröder,22.0,ATL,781,239,0.322,2015-16,0.3060179257362356,1610612737,5.0,17.0,0.294,4.0,9.0,0.444,68.0,209.0,0.325,9.0,26.0,0.346
101114,Deron Williams,32.0,DAL,775,282,0.344,2015-16,0.3638709677419355,1610612742,11.0,27.0,0.407,15.0,26.0,0.577,71.0,227.0,0.313,26.0,53.0,0.491
202324,Derrick Favors,24.0,UTA,811,4,0.0,2015-16,0.0049321824907521,1610612762,0.0,0.0,0.0,0.0,0.0,0.0,0.0,2.0,0.0,0.0,0.0,0.0
201565,Derrick Rose,27.0,CHI,1048,150,0.293,2015-16,0.1431297709923664,1610612741,4.0,14.0,0.286,3.0,9.0,0.333,37.0,125.0,0.296,7.0,23.0,0.304
202682,Derrick Williams,25.0,NYK,565,150,0.293,2015-16,0.2654867256637168,1610612752,9.0,20.0,0.45,12.0,33.0,0.364,22.0,94.0,0.234,21.0,53.0,0.396
1626164,Devin Booker,19.0,PHX,867,289,0.343,2015-16,0.3333333333333333,1610612756,9.0,26.0,0.346,12.0,31.0,0.387,78.0,231.0,0.338,21.0,57.0,0.368
2734,Devin Harris,33.0,DAL,374,158,0.329,2015-16,0.4224598930481283,1610612742,16.0,43.0,0.372,11.0,22.0,0.5,24.0,86.0,0.279,27.0,65.0,0.415
203906,Devyn Marble,23.0,ORL,71,32,0.25,2015-16,0.4507042253521127,1610612753,2.0,4.0,0.5,2.0,6.0,0.333,4.0,22.0,0.182,4.0,10.0,0.4
203473,Dewayne Dedmon,26.0,ORL,177,0,0.0,2015-16,0.0,1610612753,0.0,0.0,0.0,0.0,0.0,0.0,0.0,0.0,0.0,0.0,0.0,0.0
203079,Dion Waiters,24.0,OKC,706,240,0.358,2015-16,0.3399433427762039,1610612760,19.0,49.0,0.388,19.0,49.0,0.388,48.0,141.0,0.34,38.0,98.0,0.388
1717,Dirk Nowitzki,38.0,DAL,1112,342,0.368,2015-16,0.3075539568345323,1610612742,10.0,29.0,0.345,1.0,8.0,0.125,115.0,305.0,0.377,11.0,37.0,0.297
202388,Donald Sloan,28.0,BKN,350,99,0.384,2015-16,0.2828571428571428,1610612751,6.0,17.0,0.353,6.0,12.0,0.5,25.0,67.0,0.373,12.0,29.0,0.414
202700,Donatas Motiejunas,25.0,HOU,205,57,0.281,2015-16,0.2780487804878049,1610612745,1.0,8.0,0.125,2.0,13.0,0.154,13.0,36.0,0.361,3.0,21.0,0.143
203926,Doug McDermott,24.0,CHI,644,259,0.425,2015-16,0.4021739130434782,1610612741,21.0,49.0,0.429,11.0,28.0,0.393,78.0,183.0,0.426,32.0,77.0,0.416
203110,Draymond Green,26.0,GSW,819,258,0.388,2015-16,0.315018315018315,1610612744,6.0,16.0,0.375,4.0,9.0,0.444,90.0,232.0,0.388,10.0,25.0,0.4
2400,Drew Gooden,34.0,WAS,103,41,0.171,2015-16,0.3980582524271844,1610612764,1.0,3.0,0.333,1.0,4.0,0.25,5.0,34.0,0.147,2.0,7.0,0.286
1626251,Duje Dukan,24.0,SAC,10,5,0.4,2015-16,0.5,1610612758,0.0,2.0,0.0,0.0,0.0,0.0,2.0,3.0,0.667,0.0,2.0,0.0
2730,Dwight Howard,30.0,HOU,600,6,0.0,2015-16,0.01,1610612745,0.0,0.0,0.0,0.0,0.0,0.0,0.0,4.0,0.0,0.0,0.0,0.0
203939,Dwight Powell,24.0,DAL,296,16,0.125,2015-16,0.054054054054054,1610612742,0.0,3.0,0.0,2.0,3.0,0.667,0.0,10.0,0.0,2.0,6.0,0.333
2548,Dwyane Wade,34.0,MIA,1183,44,0.159,2015-16,0.0371935756551141,1610612748,0.0,4.0,0.0,2.0,3.0,0.667,4.0,34.0,0.118,2.0,7.0,0.286
202734,E'Twaun Moore,27.0,CHI,389,104,0.452,2015-16,0.2673521850899742,1610612741,12.0,28.0,0.429,10.0,20.0,0.5,25.0,56.0,0.446,22.0,48.0,0.458
202334,Ed Davis,27.0,POR,337,0,0.0,2015-16,0.0,1610612757,0.0,0.0,0.0,0.0,0.0,0.0,0.0,0.0,0.0,0.0,0.0,0.0
204002,Edy Tavares,24.0,ATL,19,0,0.0,2015-16,0.0,1610612737,0.0,0.0,0.0,0.0,0.0,0.0,0.0,0.0,0.0,0.0,0.0,0.0
203901,Elfrid Payton,22.0,ORL,730,92,0.326,2015-16,0.1260273972602739,1610612753,5.0,14.0,0.357,3.0,12.0,0.25,22.0,64.0,0.344,8.0,26.0,0.308
202407,Elijah Millsap,28.0,UTA,39,12,0.083,2015-16,0.3076923076923077,1610612762,1.0,3.0,0.333,0.0,3.0,0.0,0.0,6.0,0.0,1.0,6.0,0.167
202343,Elliot Williams,27.0,CHA,10,4,0.25,2015-16,0.4,1610612766,0.0,1.0,0.0,0.0,0.0,0.0,1.0,3.0,0.333,0.0,1.0,0.0
1882,Elton Brand,37.0,PHI,72,1,0.0,2015-16,0.0138888888888888,1610612755,0.0,1.0,0.0,0.0,0.0,0.0,0.0,0.0,0.0,0.0,1.0,0.0
1626144,Emmanuel Mudiay,20.0,DEN,905,232,0.319,2015-16,0.256353591160221,1610612743,5.0,12.0,0.417,1.0,7.0,0.143,68.0,212.0,0.321,6.0,19.0,0.316
202683,Enes Freedom,24.0,OKC,719,21,0.476,2015-16,0.0292072322670375,1610612760,2.0,5.0,0.4,6.0,11.0,0.545,2.0,4.0,0.5,8.0,16.0,0.5
202339,Eric Bledsoe,26.0,PHX,492,129,0.372,2015-16,0.2621951219512195,1610612756,2.0,11.0,0.182,1.0,6.0,0.167,45.0,112.0,0.402,3.0,17.0,0.176
201569,Eric Gordon,27.0,NOP,552,294,0.384,2015-16,0.532608695652174,1610612740,5.0,22.0,0.227,8.0,26.0,0.308,100.0,245.0,0.408,13.0,48.0,0.271
203961,Eric Moreland,24.0,SAC,6,0,0.0,2015-16,0.0,1610612758,0.0,0.0,0.0,0.0,0.0,0.0,0.0,0.0,0.0,0.0,0.0,0.0
203475,Erick Green,25.0,DEN,13,5,0.2,2015-16,0.3846153846153846,1610612743,0.0,0.0,0.0,0.0,0.0,0.0,1.0,5.0,0.2,0.0,0.0,0.0
101141,Ersan Ilyasova,29.0,ORL,661,259,0.371,2015-16,0.3918305597579425,1610612753,7.0,17.0,0.412,5.0,17.0,0.294,84.0,224.0,0.375,12.0,34.0,0.353
203095,Evan Fournier,23.0,ORL,929,390,0.4,2015-16,0.4198062432723358,1610612753,17.0,47.0,0.362,15.0,36.0,0.417,124.0,302.0,0.411,32.0,83.0,0.386
202323,Evan Turner,27.0,BOS,753,83,0.241,2015-16,0.1102257636122178,1610612738,9.0,17.0,0.529,5.0,26.0,0.192,6.0,39.0,0.154,14.0,43.0,0.326
203105,Festus Ezeli,26.0,GSW,228,0,0.0,2015-16,0.0,1610612744,0.0,0.0,0.0,0.0,0.0,0.0,0.0,0.0,0.0,0.0,0.0,0.0
1626163,Frank Kaminsky,23.0,CHA,525,202,0.337,2015-16,0.3847619047619047,1610612766,6.0,17.0,0.353,1.0,9.0,0.111,61.0,175.0,0.349,7.0,26.0,0.269
202066,Garrett Temple,30.0,WAS,505,258,0.345,2015-16,0.5108910891089109,1610612764,22.0,64.0,0.344,23.0,60.0,0.383,44.0,133.0,0.331,45.0,124.0,0.363
203914,Gary Harris,21.0,DEN,765,297,0.354,2015-16,0.388235294117647,1610612743,26.0,64.0,0.406,12.0,44.0,0.273,67.0,188.0,0.356,38.0,108.0,0.352
202390,Gary Neal,31.0,WAS,325,100,0.41,2015-16,0.3076923076923077,1610612764,6.0,15.0,0.4,3.0,6.0,0.5,32.0,78.0,0.41,9.0,21.0,0.429
201588,George Hill,30.0,IND,739,314,0.408,2015-16,0.4248985115020298,1610612754,35.0,80.0,0.438,20.0,46.0,0.435,72.0,185.0,0.389,55.0,126.0,0.437
101123,Gerald Green,30.0,MIA,587,260,0.323,2015-16,0.4429301533219761,1610612748,15.0,46.0,0.326,16.0,46.0,0.348,52.0,166.0,0.313,31.0,92.0,0.337
201945,Gerald Henderson,28.0,POR,529,136,0.353,2015-16,0.2570888468809074,1610612757,15.0,30.0,0.5,17.0,41.0,0.415,16.0,65.0,0.246,32.0,71.0,0.451
203507,Giannis Antetokounmpo,21.0,MIL,1013,109,0.257,2015-16,0.1076011846001974,1610612749,4.0,14.0,0.286,8.0,21.0,0.381,15.0,68.0,0.221,12.0,35.0,0.343
203922,Glenn Robinson III,22.0,IND,151,37,0.378,2015-16,0.2450331125827814,1610612754,3.0,10.0,0.3,3.0,5.0,0.6,8.0,22.0,0.364,6.0,15.0,0.4
201609,Goran Dragic,30.0,MIA,875,205,0.312,2015-16,0.2342857142857143,1610612748,8.0,26.0,0.308,5.0,24.0,0.208,51.0,155.0,0.329,13.0,50.0,0.26
202330,Gordon Hayward,26.0,UTA,1202,410,0.349,2015-16,0.3410981697171381,1610612762,19.0,41.0,0.463,20.0,58.0,0.345,104.0,309.0,0.337,39.0,99.0,0.394
203476,Gorgui Dieng,26.0,MIN,579,20,0.3,2015-16,0.0345423143350604,1610612750,4.0,9.0,0.444,1.0,4.0,0.25,1.0,7.0,0.143,5.0,13.0,0.385
202328,Greg Monroe,26.0,MIL,941,1,0.0,2015-16,0.0010626992561105,1610612749,0.0,0.0,0.0,0.0,0.0,0.0,0.0,1.0,0.0,0.0,0.0,0.0
202962,Greg Smith,25.0,MIN,32,0,0.0,2015-16,0.0,1610612750,0.0,0.0,0.0,0.0,0.0,0.0,0.0,0.0,0.0,0.0,0.0,0.0
202349,Greivis Vasquez,29.0,MIL,138,73,0.247,2015-16,0.5289855072463768,1610612749,0.0,2.0,0.0,2.0,9.0,0.222,16.0,60.0,0.267,2.0,11.0,0.182
203084,Harrison Barnes,24.0,GSW,633,214,0.383,2015-16,0.3380726698262243,1610612744,16.0,43.0,0.372,21.0,55.0,0.382,45.0,116.0,0.388,37.0,98.0,0.378
202355,Hassan Whiteside,27.0,MIA,682,0,0.0,2015-16,0.0,1610612748,0.0,0.0,0.0,0.0,0.0,0.0,0.0,0.0,0.0,0.0,0.0,0.0
203156,Henry Sims,26.0,BKN,77,0,0.0,2015-16,0.0,1610612751,0.0,0.0,0.0,0.0,0.0,0.0,0.0,0.0,0.0,0.0,0.0,0.0
203138,Hollis Thompson,25.0,PHI,680,392,0.38,2015-16,0.5764705882352941,1610612755,29.0,68.0,0.426,28.0,57.0,0.491,92.0,266.0,0.346,57.0,125.0,0.456
203546,Ian Clark,25.0,GSW,202,84,0.357,2015-16,0.4158415841584158,1610612744,6.0,19.0,0.316,3.0,9.0,0.333,20.0,55.0,0.364,9.0,28.0,0.321
101133,Ian Mahinmi,29.0,IND,448,0,0.0,2015-16,0.0,1610612754,0.0,0.0,0.0,0.0,0.0,0.0,0.0,0.0,0.0,0.0,0.0,0.0
202697,Iman Shumpert,26.0,CLE,305,146,0.295,2015-16,0.4786885245901639,1610612739,10.0,31.0,0.323,8.0,30.0,0.267,25.0,81.0,0.309,18.0,61.0,0.295
203477,Isaiah Canaan,25.0,PHI,722,485,0.363,2015-16,0.6717451523545707,1610612755,24.0,48.0,0.5,17.0,54.0,0.315,135.0,383.0,0.352,41.0,102.0,0.402
202738,Isaiah Thomas,27.0,BOS,1382,465,0.359,2015-16,0.3364688856729377,1610612738,21.0,37.0,0.568,12.0,31.0,0.387,134.0,397.0,0.338,33.0,68.0,0.485
202397,Ish Smith,27.0,PHI,967,170,0.329,2015-16,0.1758014477766287,1610612755,5.0,8.0,0.625,3.0,13.0,0.231,48.0,148.0,0.324,8.0,21.0,0.381
200826,J.J. Barea,32.0,DAL,711,260,0.385,2015-16,0.3656821378340366,1610612742,7.0,20.0,0.35,6.0,18.0,0.333,87.0,221.0,0.394,13.0,38.0,0.342
201581,JJ Hickson,27.0,WAS,155,1,0.0,2015-16,0.0064516129032258,1610612764,0.0,0.0,0.0,0.0,0.0,0.0,0.0,1.0,0.0,0.0,0.0,0.0
1626266,JJ O'Brien,24.0,UTA,1,0,0.0,2015-16,0.0,1610612762,0.0,0.0,0.0,,,,0.0,0.0,0.0,0.0,0.0,0.0
200755,JJ Redick,32.0,LAC,880,421,0.475,2015-16,0.4784090909090909,1610612746,21.0,39.0,0.538,22.0,37.0,0.595,154.0,337.0,0.457,43.0,76.0,0.566
2747,JR Smith,30.0,CLE,850,510,0.4,2015-16,0.6,1610612739,24.0,57.0,0.421,30.0,74.0,0.405,149.0,377.0,0.395,54.0,131.0,0.412
203960,JaKarr Sampson,23.0,DEN,317,63,0.222,2015-16,0.1987381703470031,1610612743,2.0,10.0,0.2,4.0,19.0,0.211,8.0,33.0,0.242,6.0,29.0,0.207
203210,JaMychal Green,26.0,MEM,495,45,0.333,2015-16,0.0909090909090909,1610612763,6.0,14.0,0.429,5.0,16.0,0.313,4.0,14.0,0.286,11.0,30.0,0.367
201580,JaVale McGee,28.0,DAL,134,1,0.0,2015-16,0.0074626865671641,1610612742,0.0,0.0,0.0,0.0,0.0,0.0,0.0,1.0,0.0,0.0,0.0,0.0
203953,Jabari Parker,21.0,MIL,899,35,0.257,2015-16,0.0389321468298109,1610612749,4.0,10.0,0.4,1.0,9.0,0.111,4.0,16.0,0.25,5.0,19.0,0.263
203109,Jae Crowder,25.0,BOS,813,363,0.336,2015-16,0.4464944649446494,1610612738,13.0,40.0,0.325,15.0,43.0,0.349,94.0,278.0,0.338,28.0,83.0,0.337
1626143,Jahlil Okafor,20.0,PHI,781,6,0.167,2015-16,0.0076824583866837,1610612755,0.0,1.0,0.0,0.0,0.0,0.0,1.0,5.0,0.2,0.0,1.0,0.0
2037,Jamal Crawford,36.0,LAC,939,344,0.34,2015-16,0.3663471778487753,1610612746,20.0,48.0,0.417,14.0,33.0,0.424,82.0,253.0,0.324,34.0,81.0,0.42
2749,Jameer Nelson,34.0,DEN,307,144,0.299,2015-16,0.4690553745928338,1610612743,2.0,8.0,0.25,1.0,4.0,0.25,40.0,132.0,0.303,3.0,12.0,0.25
202341,James Anderson,27.0,SAC,178,86,0.267,2015-16,0.4831460674157303,1610612758,4.0,4.0,1.0,3.0,13.0,0.231,16.0,68.0,0.235,7.0,17.0,0.412
203516,James Ennis III,25.0,NOP,113,58,0.448,2015-16,0.5132743362831859,1610612740,5.0,6.0,0.833,4.0,10.0,0.4,17.0,41.0,0.415,9.0,16.0,0.563
201935,James Harden,26.0,HOU,1617,657,0.359,2015-16,0.4063079777365491,1610612745,6.0,21.0,0.286,12.0,43.0,0.279,218.0,593.0,0.368,18.0,64.0,0.281
201949,James Johnson,29.0,TOR,240,66,0.303,2015-16,0.275,1610612761,3.0,21.0,0.143,7.0,16.0,0.438,10.0,28.0,0.357,10.0,37.0,0.27
2592,James Jones,35.0,CLE,142,104,0.394,2015-16,0.7323943661971831,1610612739,7.0,15.0,0.467,4.0,8.0,0.5,30.0,81.0,0.37,11.0,23.0,0.478
203949,James Michael McAdoo,23.0,GSW,84,2,0.5,2015-16,0.0238095238095238,1610612744,0.0,0.0,0.0,0.0,0.0,0.0,1.0,2.0,0.5,0.0,0.0,0.0
203923,James Young,20.0,BOS,36,26,0.231,2015-16,0.7222222222222222,1610612738,0.0,3.0,0.0,1.0,8.0,0.125,5.0,13.0,0.385,1.0,11.0,0.091
203099,Jared Cunningham,25.0,CLE,105,39,0.308,2015-16,0.3714285714285714,1610612739,4.0,12.0,0.333,4.0,9.0,0.444,4.0,17.0,0.235,8.0,21.0,0.381
201162,Jared Dudley,30.0,WAS,487,238,0.42,2015-16,0.4887063655030801,1610612764,3.0,7.0,0.429,26.0,52.0,0.5,71.0,179.0,0.397,29.0,59.0,0.492
203096,Jared Sullinger,24.0,BOS,806,103,0.282,2015-16,0.1277915632754342,1610612738,0.0,1.0,0.0,1.0,1.0,1.0,28.0,99.0,0.283,1.0,2.0,0.5
204067,Jarell Eddie,24.0,WAS,65,47,0.319,2015-16,0.7230769230769231,1610612764,1.0,4.0,0.25,2.0,6.0,0.333,12.0,36.0,0.333,3.0,10.0,0.3
1626185,Jarell Martin,22.0,MEM,116,2,0.0,2015-16,0.0172413793103448,1610612763,0.0,0.0,0.0,0.0,0.0,0.0,0.0,1.0,0.0,0.0,0.0,0.0
203950,Jarnell Stokes,22.0,MEM,5,0,0.0,2015-16,0.0,1610612763,0.0,0.0,0.0,0.0,0.0,0.0,0.0,0.0,0.0,0.0,0.0,0.0
101127,Jarrett Jack,32.0,BKN,358,102,0.304,2015-16,0.2849162011173184,1610612751,7.0,19.0,0.368,2.0,6.0,0.333,22.0,75.0,0.293,9.0,25.0,0.36
201160,Jason Smith,30.0,ORL,503,16,0.25,2015-16,0.0318091451292246,1610612753,1.0,4.0,0.25,2.0,3.0,0.667,1.0,9.0,0.111,3.0,7.0,0.429
1891,Jason Terry,38.0,HOU,376,261,0.356,2015-16,0.6941489361702128,1610612745,18.0,50.0,0.36,25.0,67.0,0.373,50.0,141.0,0.355,43.0,117.0,0.368
201574,Jason Thompson,29.0,TOR,108,15,0.333,2015-16,0.1388888888888889,1610612761,0.0,0.0,0.0,0.0,2.0,0.0,5.0,13.0,0.385,0.0,2.0,0.0
201965,Jeff Ayres,29.0,LAC,23,1,0.0,2015-16,0.0434782608695652,1610612746,0.0,0.0,0.0,0.0,0.0,0.0,0.0,0.0,0.0,0.0,0.0,0.0
201145,Jeff Green,29.0,LAC,824,213,0.315,2015-16,0.2584951456310679,1610612746,11.0,32.0,0.344,15.0,45.0,0.333,41.0,131.0,0.313,26.0,77.0,0.338
201952,Jeff Teague,28.0,ATL,988,274,0.401,2015-16,0.2773279352226721,1610612737,6.0,19.0,0.316,7.0,11.0,0.636,97.0,243.0,0.399,13.0,30.0,0.433
203481,Jeff Withey,26.0,UTA,162,2,0.0,2015-16,0.0123456790123456,1610612762,0.0,0.0,0.0,0.0,0.0,0.0,0.0,1.0,0.0,0.0,0.0,0.0
203924,Jerami Grant,22.0,PHI,599,146,0.24,2015-16,0.2437395659432387,1610612755,13.0,40.0,0.325,9.0,34.0,0.265,13.0,72.0,0.181,22.0,74.0,0.297
202379,Jeremy Evans,28.0,DAL,48,16,0.25,2015-16,0.3333333333333333,1610612742,1.0,6.0,0.167,0.0,1.0,0.0,3.0,9.0,0.333,1.0,7.0,0.143
203087,Jeremy Lamb,24.0,CHA,510,181,0.309,2015-16,0.3549019607843137,1610612766,4.0,14.0,0.286,5.0,12.0,0.417,47.0,154.0,0.305,9.0,26.0,0.346
202391,Jeremy Lin,27.0,CHA,728,226,0.336,2015-16,0.3104395604395604,1610612766,2.0,7.0,0.286,7.0,16.0,0.438,67.0,203.0,0.33,9.0,23.0,0.391
1626170,Jerian Grant,23.0,NYK,391,100,0.22,2015-16,0.2557544757033248,1610612752,2.0,3.0,0.667,3.0,8.0,0.375,17.0,88.0,0.193,5.0,11.0,0.455
201573,Jerryd Bayless,27.0,MIL,437,231,0.437,2015-16,0.528604118993135,1610612749,14.0,40.0,0.35,19.0,32.0,0.594,66.0,153.0,0.431,33.0,72.0,0.458
202690,Jimmer Fredette,27.0,SAS,5,2,0.5,2015-16,0.4,1610612759,0.0,0.0,0.0,0.0,0.0,0.0,1.0,2.0,0.5,0.0,0.0,0.0
202710,Jimmy Butler III,26.0,CHI,1035,205,0.312,2015-16,0.1980676328502415,1610612741,3.0,17.0,0.176,10.0,18.0,0.556,50.0,164.0,0.305,13.0,35.0,0.371
201149,Joakim Noah,31.0,CHI,133,1,0.0,2015-16,0.0075187969924812,1610612741,0.0,0.0,0.0,0.0,0.0,0.0,0.0,1.0,0.0,0.0,0.0,0.0
201975,Jodie Meeks,28.0,DET,20,9,0.444,2015-16,0.45,1610612765,0.0,2.0,0.0,0.0,0.0,0.0,4.0,7.0,0.571,0.0,2.0,0.0
203925,Joe Harris,24.0,CLE,4,4,0.25,2015-16,1.0,1610612739,0.0,0.0,0.0,1.0,1.0,1.0,0.0,3.0,0.0,1.0,1.0,1.0
204060,Joe Ingles,28.0,UTA,291,210,0.386,2015-16,0.7216494845360825,1610612762,14.0,32.0,0.438,25.0,47.0,0.532,42.0,130.0,0.323,39.0,79.0,0.494
2207,Joe Johnson,35.0,MIA,859,313,0.383,2015-16,0.3643771827706635,1610612748,24.0,62.0,0.387,20.0,45.0,0.444,76.0,203.0,0.374,44.0,107.0,0.411
1626202,Joe Young,24.0,IND,169,46,0.217,2015-16,0.272189349112426,1610612754,2.0,6.0,0.333,0.0,3.0,0.0,8.0,36.0,0.222,2.0,9.0,0.222
201202,Joel Anthony,33.0,DET,10,0,0.0,2015-16,0.0,1610612765,0.0,0.0,0.0,0.0,0.0,0.0,0.0,0.0,0.0,0.0,0.0,0.0
203530,Joffrey Lauvergne,24.0,DEN,380,53,0.245,2015-16,0.1394736842105263,1610612743,1.0,10.0,0.1,3.0,11.0,0.273,9.0,33.0,0.273,4.0,21.0,0.19
203089,John Henson,25.0,MIL,291,1,0.0,2015-16,0.0034364261168384,1610612749,0.0,0.0,0.0,0.0,0.0,0.0,0.0,1.0,0.0,0.0,0.0,0.0
203098,John Jenkins,25.0,PHX,160,51,0.314,2015-16,0.31875,1610612756,2.0,8.0,0.25,5.0,7.0,0.714,9.0,36.0,0.25,7.0,15.0,0.467
202322,John Wall,25.0,WAS,1349,328,0.351,2015-16,0.2431430689399555,1610612764,4.0,25.0,0.16,10.0,17.0,0.588,100.0,281.0,0.356,14.0,42.0,0.333
203948,Johnny O'Bryant III,23.0,MIL,209,1,1.0,2015-16,0.0047846889952153,1610612749,1.0,1.0,1.0,0.0,0.0,0.0,0.0,0.0,0.0,1.0,1.0,1.0
202720,Jon Leuer,27.0,PHX,466,110,0.382,2015-16,0.2360515021459227,1610612756,0.0,3.0,0.0,4.0,14.0,0.286,38.0,92.0,0.413,4.0,17.0,0.235
201973,Jonas Jerebko,29.0,BOS,286,108,0.398,2015-16,0.3776223776223776,1610612738,9.0,21.0,0.429,6.0,16.0,0.375,28.0,70.0,0.4,15.0,37.0,0.405
202685,Jonas Valančiūnas,24.0,TOR,536,0,0.0,2015-16,0.0,1610612761,0.0,0.0,0.0,0.0,0.0,0.0,0.0,0.0,0.0,0.0,0.0,0.0
203613,Jonathon Simmons,26.0,SAS,242,47,0.383,2015-16,0.1942148760330578,1610612759,5.0,12.0,0.417,6.0,10.0,0.6,7.0,23.0,0.304,11.0,22.0,0.5
203919,Jordan Adams,21.0,MEM,6,1,0.0,2015-16,0.1666666666666666,1610612763,,,,0.0,0.0,0.0,0.0,1.0,0.0,0.0,0.0,0.0
203903,Jordan Clarkson,24.0,LAL,1098,320,0.347,2015-16,0.2914389799635701,1610612747,11.0,38.0,0.289,8.0,25.0,0.32,91.0,253.0,0.36,19.0,63.0,0.302
200770,Jordan Farmar,29.0,MEM,100,45,0.356,2015-16,0.45,1610612763,3.0,7.0,0.429,1.0,7.0,0.143,12.0,31.0,0.387,4.0,14.0,0.286
202706,Jordan Hamilton,25.0,NOP,116,45,0.289,2015-16,0.3879310344827586,1610612740,1.0,5.0,0.2,0.0,2.0,0.0,12.0,38.0,0.316,1.0,7.0,0.143
201941,Jordan Hill,28.0,IND,549,1,0.0,2015-16,0.0018214936247723,1610612754,0.0,0.0,0.0,0.0,1.0,0.0,0.0,0.0,0.0,0.0,1.0,0.0
203895,Jordan McRae,25.0,CLE,78,22,0.455,2015-16,0.282051282051282,1610612739,2.0,3.0,0.667,0.0,2.0,0.0,8.0,17.0,0.471,2.0,5.0,0.4
1626175,Jordan Mickey,21.0,BOS,22,0,0.0,2015-16,0.0,1610612738,0.0,0.0,0.0,0.0,0.0,0.0,0.0,0.0,0.0,0.0,0.0,0.0
203268,Jorge Gutierrez,27.0,CHA,11,2,0.0,2015-16,0.1818181818181818,1610612766,0.0,0.0,0.0,0.0,1.0,0.0,0.0,1.0,0.0,0.0,1.0,0.0
101181,Jose Calderon,34.0,NYK,455,203,0.414,2015-16,0.4461538461538462,1610612752,10.0,17.0,0.588,4.0,11.0,0.364,70.0,175.0,0.4,14.0,28.0,0.5
203962,Josh Huestis,24.0,OKC,12,6,0.667,2015-16,0.5,1610612760,0.0,1.0,0.0,1.0,2.0,0.5,3.0,3.0,1.0,1.0,3.0,0.333
201177,Josh McRoberts,29.0,MIA,148,49,0.245,2015-16,0.3310810810810811,1610612748,0.0,3.0,0.0,1.0,1.0,1.0,11.0,44.0,0.25,1.0,4.0,0.25
1626196,Josh Richardson,22.0,MIA,272,115,0.461,2015-16,0.4227941176470588,1610612748,9.0,21.0,0.429,15.0,21.0,0.714,29.0,73.0,0.397,24.0,42.0,0.571
2746,Josh Smith,30.0,HOU,349,143,0.287,2015-16,0.4097421203438395,1610612745,5.0,10.0,0.5,1.0,11.0,0.091,35.0,120.0,0.292,6.0,21.0,0.286
201950,Jrue Holiday,26.0,NOP,935,259,0.336,2015-16,0.2770053475935828,1610612740,3.0,15.0,0.2,4.0,18.0,0.222,79.0,223.0,0.354,7.0,33.0,0.212
203944,Julius Randle,21.0,LAL,835,36,0.278,2015-16,0.0431137724550898,1610612747,0.0,2.0,0.0,0.0,2.0,0.0,10.0,32.0,0.313,0.0,4.0,0.0
1626147,Justin Anderson,22.0,DAL,175,83,0.265,2015-16,0.4742857142857143,1610612742,5.0,17.0,0.294,5.0,18.0,0.278,12.0,48.0,0.25,10.0,35.0,0.286
202712,Justin Harper,26.0,BKN,10,9,0.444,2015-16,0.9,1610612751,0.0,0.0,0.0,0.0,0.0,0.0,4.0,9.0,0.444,0.0,0.0,0.0
203200,Justin Holiday,27.0,CHI,228,105,0.343,2015-16,0.4605263157894737,1610612741,6.0,17.0,0.353,8.0,21.0,0.381,22.0,67.0,0.328,14.0,38.0,0.368
1626159,Justise Winslow,20.0,MIA,462,116,0.276,2015-16,0.2510822510822511,1610612748,13.0,49.0,0.265,10.0,37.0,0.27,9.0,27.0,0.333,23.0,86.0,0.267
203994,Jusuf Nurkić,21.0,DEN,242,3,0.0,2015-16,0.012396694214876,1610612743,0.0,0.0,0.0,0.0,1.0,0.0,0.0,2.0,0.0,0.0,1.0,0.0
203909,KJ McDaniels,23.0,HOU,72,25,0.28,2015-16,0.3472222222222222,1610612745,2.0,5.0,0.4,1.0,4.0,0.25,4.0,16.0,0.25,3.0,9.0,0.333
1626157,Karl-Anthony Towns,20.0,MIN,1153,88,0.341,2015-16,0.0763226366001734,1610612750,1.0,7.0,0.143,1.0,2.0,0.5,28.0,78.0,0.359,2.0,9.0,0.222
202695,Kawhi Leonard,25.0,SAS,1090,291,0.443,2015-16,0.2669724770642201,1610612759,18.0,37.0,0.486,15.0,31.0,0.484,96.0,221.0,0.434,33.0,68.0,0.485
203951,Keith Appling,24.0,ORL,8,3,0.0,2015-16,0.375,1610612753,0.0,1.0,0.0,0.0,1.0,0.0,0.0,1.0,0.0,0.0,2.0,0.0
203482,Kelly Olynyk,25.0,BOS,556,210,0.405,2015-16,0.3776978417266187,1610612738,6.0,9.0,0.667,8.0,14.0,0.571,71.0,187.0,0.38,14.0,23.0,0.609
1626162,Kelly Oubre Jr.,20.0,WAS,211,79,0.316,2015-16,0.3744075829383886,1610612764,3.0,14.0,0.214,4.0,10.0,0.4,18.0,54.0,0.333,7.0,24.0,0.292
202689,Kemba Walker,26.0,CHA,1331,490,0.371,2015-16,0.3681442524417731,1610612766,10.0,27.0,0.37,12.0,27.0,0.444,159.0,432.0,0.368,22.0,54.0,0.407
203088,Kendall Marshall,24.0,PHI,118,49,0.327,2015-16,0.4152542372881356,1610612755,0.0,5.0,0.0,4.0,6.0,0.667,12.0,37.0,0.324,4.0,11.0,0.364
2570,Kendrick Perkins,31.0,NOP,75,0,0.0,2015-16,0.0,1610612740,0.0,0.0,0.0,0.0,0.0,0.0,0.0,0.0,0.0,0.0,0.0,0.0
202702,Kenneth Faried,26.0,DEN,626,2,0.5,2015-16,0.0031948881789137,1610612743,0.0,0.0,0.0,1.0,1.0,1.0,0.0,0.0,0.0,1.0,1.0,1.0
203145,Kent Bazemore,26.0,ATL,725,305,0.357,2015-16,0.4206896551724138,1610612737,24.0,58.0,0.414,25.0,60.0,0.417,60.0,186.0,0.323,49.0,118.0,0.415
203484,Kentavious Caldwell-Pope,23.0,DET,960,369,0.309,2015-16,0.384375,1610612765,30.0,78.0,0.385,8.0,28.0,0.286,76.0,257.0,0.296,38.0,106.0,0.358
201142,Kevin Durant,27.0,OKC,1381,481,0.387,2015-16,0.3482983345401882,1610612760,1.0,4.0,0.25,7.0,17.0,0.412,178.0,460.0,0.387,8.0,21.0,0.381
708,Kevin Garnett,40.0,MIN,115,1,0.0,2015-16,0.008695652173913,1610612750,0.0,0.0,0.0,0.0,1.0,0.0,0.0,0.0,0.0,0.0,1.0,0.0
201567,Kevin Love,27.0,CLE,977,439,0.36,2015-16,0.4493346980552712,1610612739,23.0,67.0,0.343,32.0,71.0,0.451,102.0,300.0,0.34,55.0,138.0,0.399
2755,Kevin Martin,33.0,SAS,419,136,0.36,2015-16,0.324582338902148,1610612759,11.0,21.0,0.524,0.0,1.0,0.0,38.0,113.0,0.336,11.0,22.0,0.5
202338,Kevin Seraphin,26.0,NYK,205,2,0.0,2015-16,0.0097560975609756,1610612752,0.0,0.0,0.0,0.0,0.0,0.0,0.0,1.0,0.0,0.0,0.0,0.0
1626172,Kevon Looney,20.0,GSW,7,2,0.5,2015-16,0.2857142857142857,1610612744,0.0,0.0,0.0,,,,1.0,2.0,0.5,0.0,0.0,0.0
203114,Khris Middleton,24.0,MIL,1142,361,0.396,2015-16,0.3161120840630473,1610612749,22.0,53.0,0.415,14.0,31.0,0.452,107.0,275.0,0.389,36.0,84.0,0.429
2550,Kirk Hinrich,35.0,ATL,129,62,0.387,2015-16,0.4806201550387597,1610612737,4.0,8.0,0.5,4.0,9.0,0.444,16.0,45.0,0.356,8.0,17.0,0.471
202691,Klay Thompson,26.0,GSW,1386,650,0.425,2015-16,0.468975468975469,1610612744,24.0,66.0,0.364,44.0,100.0,0.44,208.0,480.0,0.433,68.0,166.0,0.41
977,Kobe Bryant,37.0,LAL,1113,467,0.285,2015-16,0.4195867026055705,1610612747,7.0,23.0,0.304,13.0,41.0,0.317,113.0,402.0,0.281,20.0,64.0,0.313
201585,Kosta Koufos,27.0,SAC,444,0,0.0,2015-16,0.0,1610612758,0.0,0.0,0.0,0.0,0.0,0.0,0.0,0.0,0.0,0.0,0.0,0.0
203123,Kostas Papanikolaou,25.0,DEN,66,32,0.313,2015-16,0.4848484848484848,1610612743,2.0,5.0,0.4,0.0,3.0,0.0,8.0,23.0,0.348,2.0,8.0,0.25
2743,Kris Humphries,31.0,ATL,295,108,0.315,2015-16,0.3661016949152542,1610612737,1.0,7.0,0.143,4.0,11.0,0.364,29.0,89.0,0.326,5.0,18.0,0.278
204001,Kristaps Porziņģis,20.0,NYK,886,243,0.333,2015-16,0.2742663656884876,1610612752,4.0,15.0,0.267,4.0,10.0,0.4,73.0,217.0,0.336,8.0,25.0,0.32
203937,Kyle Anderson,22.0,SAS,295,37,0.324,2015-16,0.1254237288135593,1610612759,6.0,19.0,0.316,6.0,13.0,0.462,0.0,5.0,0.0,12.0,32.0,0.375
2594,Kyle Korver,35.0,ATL,617,397,0.398,2015-16,0.6434359805510534,1610612737,18.0,42.0,0.429,24.0,49.0,0.49,116.0,307.0,0.378,42.0,91.0,0.462
200768,Kyle Lowry,30.0,TOR,1198,547,0.388,2015-16,0.4565943238731219,1610612761,18.0,41.0,0.439,10.0,18.0,0.556,184.0,484.0,0.38,28.0,59.0,0.475
203124,Kyle O'Quinn,26.0,NYK,271,22,0.227,2015-16,0.081180811808118,1610612752,1.0,3.0,0.333,0.0,1.0,0.0,4.0,18.0,0.222,1.0,4.0,0.25
202713,Kyle Singler,28.0,OKC,221,97,0.309,2015-16,0.4389140271493212,1610612760,12.0,32.0,0.375,6.0,29.0,0.207,12.0,35.0,0.343,18.0,61.0,0.295
202681,Kyrie Irving,24.0,CLE,879,262,0.321,2015-16,0.29806598407281,1610612739,13.0,30.0,0.433,9.0,29.0,0.31,62.0,203.0,0.305,22.0,59.0,0.373
200746,LaMarcus Aldridge,30.0,SAS,1045,16,0.0,2015-16,0.0153110047846889,1610612759,0.0,4.0,0.0,0.0,5.0,0.0,0.0,7.0,0.0,0.0,9.0,0.0
203934,Lamar Patterson,24.0,ATL,80,49,0.245,2015-16,0.6125,1610612737,4.0,9.0,0.444,1.0,4.0,0.25,7.0,36.0,0.194,5.0,13.0,0.385
202362,Lance Stephenson,25.0,MEM,474,78,0.385,2015-16,0.1645569620253164,1610612763,0.0,9.0,0.0,8.0,16.0,0.5,22.0,52.0,0.423,8.0,25.0,0.32
202498,Lance Thomas,28.0,NYK,382,109,0.404,2015-16,0.2853403141361256,1610612752,18.0,41.0,0.439,7.0,21.0,0.333,19.0,45.0,0.422,25.0,62.0,0.403
204038,Langston Galloway,24.0,NYK,588,224,0.344,2015-16,0.3809523809523809,1610612752,18.0,36.0,0.5,10.0,24.0,0.417,49.0,158.0,0.31,28.0,60.0,0.467
1626204,Larry Nance Jr.,23.0,LAL,300,10,0.1,2015-16,0.0333333333333333,1610612747,1.0,5.0,0.2,0.0,0.0,0.0,0.0,3.0,0.0,1.0,5.0,0.2
202730,Lavoy Allen,27.0,IND,370,0,0.0,2015-16,0.0,1610612754,0.0,0.0,0.0,0.0,0.0,0.0,0.0,0.0,0.0,0.0,0.0,0.0
2544,LeBron James,31.0,CLE,1416,282,0.309,2015-16,0.1991525423728813,1610612739,5.0,20.0,0.25,4.0,17.0,0.235,78.0,244.0,0.32,9.0,37.0,0.243
2571,Leandro Barbosa,33.0,GSW,370,110,0.355,2015-16,0.2972972972972973,1610612744,12.0,28.0,0.429,5.0,7.0,0.714,22.0,74.0,0.297,17.0,35.0,0.486
203485,Lorenzo Brown,25.0,DET,25,8,0.125,2015-16,0.32,1610612765,0.0,0.0,0.0,0.0,0.0,0.0,1.0,7.0,0.143,0.0,0.0,0.0
200811,Lou Amundson,33.0,NYK,53,0,0.0,2015-16,0.0,1610612752,0.0,0.0,0.0,0.0,0.0,0.0,0.0,0.0,0.0,0.0,0.0,0.0
101150,Lou Williams,29.0,LAL,693,320,0.344,2015-16,0.4617604617604617,1610612747,19.0,55.0,0.345,9.0,27.0,0.333,80.0,235.0,0.34,28.0,82.0,0.341
201601,Luc Mbah a Moute,29.0,LAC,207,40,0.325,2015-16,0.1932367149758454,1610612746,4.0,16.0,0.25,8.0,20.0,0.4,0.0,1.0,0.0,12.0,36.0,0.333
203512,Lucas Nogueira,23.0,TOR,44,3,0.333,2015-16,0.0681818181818181,1610612761,0.0,0.0,0.0,0.0,0.0,0.0,1.0,3.0,0.333,0.0,0.0,0.0
1626242,Luis Montero,23.0,POR,19,9,0.111,2015-16,0.4736842105263157,1610612757,0.0,0.0,0.0,0.0,1.0,0.0,1.0,7.0,0.143,0.0,1.0,0.0
2449,Luis Scola,36.0,TOR,598,161,0.404,2015-16,0.2692307692307692,1610612761,20.0,43.0,0.465,19.0,41.0,0.463,26.0,76.0,0.342,39.0,84.0,0.464
202337,Luke Babbitt,27.0,NOP,289,109,0.404,2015-16,0.3771626297577855,1610612740,5.0,15.0,0.333,2.0,10.0,0.2,37.0,84.0,0.44,7.0,25.0,0.28
2736,Luol Deng,31.0,MIA,745,256,0.344,2015-16,0.3436241610738255,1610612748,19.0,57.0,0.333,32.0,84.0,0.381,36.0,113.0,0.319,51.0,141.0,0.362
1938,Manu Ginobili,38.0,SAS,435,179,0.391,2015-16,0.4114942528735632,1610612759,7.0,13.0,0.538,6.0,11.0,0.545,57.0,154.0,0.37,13.0,24.0,0.542
201188,Marc Gasol,31.0,MEM,707,3,0.667,2015-16,0.0042432814710042,1610612763,0.0,1.0,0.0,0.0,0.0,0.0,2.0,2.0,1.0,0.0,1.0,0.0
1626273,Marcelo Huertas,33.0,LAL,230,61,0.262,2015-16,0.2652173913043478,1610612747,1.0,5.0,0.2,0.0,5.0,0.0,15.0,45.0,0.333,1.0,10.0,0.1
101162,Marcin Gortat,32.0,WAS,764,1,0.0,2015-16,0.0013089005235602,1610612764,0.0,0.0,0.0,0.0,0.0,0.0,0.0,1.0,0.0,0.0,0.0,0.0
201158,Marco Belinelli,30.0,SAC,635,297,0.306,2015-16,0.4677165354330708,1610612758,9.0,18.0,0.5,10.0,28.0,0.357,72.0,246.0,0.293,19.0,46.0,0.413
202694,Marcus Morris Sr.,26.0,DET,945,298,0.362,2015-16,0.3153439153439153,1610612765,10.0,38.0,0.263,20.0,56.0,0.357,78.0,202.0,0.386,30.0,94.0,0.319
203935,Marcus Smart,22.0,BOS,529,241,0.253,2015-16,0.4555765595463138,1610612738,3.0,24.0,0.125,9.0,36.0,0.25,49.0,177.0,0.277,12.0,60.0,0.2
201977,Marcus Thornton,29.0,WAS,542,270,0.337,2015-16,0.4981549815498155,1610612764,13.0,32.0,0.406,10.0,28.0,0.357,68.0,205.0,0.332,23.0,60.0,0.383
201596,Mario Chalmers,30.0,MIA,444,149,0.309,2015-16,0.3355855855855856,1610612748,6.0,24.0,0.25,4.0,15.0,0.267,36.0,106.0,0.34,10.0,39.0,0.256
1626209,Mario Hezonja,21.0,ORL,418,192,0.349,2015-16,0.4593301435406698,1610612753,5.0,17.0,0.294,10.0,19.0,0.526,52.0,152.0,0.342,15.0,36.0,0.417
203900,Markel Brown,24.0,BKN,322,121,0.314,2015-16,0.3757763975155279,1610612751,6.0,20.0,0.3,11.0,19.0,0.579,21.0,82.0,0.256,17.0,39.0,0.436
202693,Markieff Morris,26.0,WAS,718,155,0.303,2015-16,0.2158774373259052,1610612764,5.0,12.0,0.417,2.0,10.0,0.2,39.0,131.0,0.298,7.0,22.0,0.318
201578,Marreese Speights,28.0,GSW,456,62,0.387,2015-16,0.1359649122807017,1610612744,2.0,4.0,0.5,0.0,2.0,0.0,22.0,55.0,0.4,2.0,6.0,0.333
101107,Marvin Williams,30.0,CHA,747,378,0.402,2015-16,0.5060240963855421,1610612766,27.0,61.0,0.443,21.0,46.0,0.457,104.0,269.0,0.387,48.0,107.0,0.449
203486,Mason Plumlee,26.0,POR,517,4,0.0,2015-16,0.0077369439071566,1610612757,0.0,0.0,0.0,0.0,0.0,0.0,0.0,2.0,0.0,0.0,0.0,0.0
2440,Matt Barnes,36.0,MEM,693,370,0.322,2015-16,0.5339105339105339,1610612763,18.0,50.0,0.36,14.0,55.0,0.255,85.0,260.0,0.327,32.0,105.0,0.305
2588,Matt Bonner,36.0,SAS,57,34,0.441,2015-16,0.5964912280701754,1610612759,2.0,4.0,0.5,0.0,1.0,0.0,13.0,28.0,0.464,2.0,5.0,0.4
203521,Matthew Dellavedova,25.0,CLE,511,239,0.41,2015-16,0.4677103718199608,1610612739,12.0,21.0,0.571,10.0,22.0,0.455,76.0,196.0,0.388,22.0,43.0,0.512
203090,Maurice Harkless,23.0,POR,411,140,0.279,2015-16,0.340632603406326,1610612757,12.0,34.0,0.353,7.0,36.0,0.194,20.0,69.0,0.29,19.0,70.0,0.271
1897,Metta World Peace,36.0,LAL,177,84,0.31,2015-16,0.4745762711864407,1610612747,8.0,21.0,0.381,3.0,13.0,0.231,15.0,50.0,0.3,11.0,34.0,0.324
203086,Meyers Leonard,24.0,POR,435,228,0.377,2015-16,0.5241379310344828,1610612757,6.0,15.0,0.4,4.0,14.0,0.286,76.0,196.0,0.388,10.0,29.0,0.345
201563,Michael Beasley,27.0,HOU,205,9,0.333,2015-16,0.0439024390243902,1610612745,1.0,2.0,0.5,1.0,4.0,0.25,1.0,3.0,0.333,2.0,6.0,0.333
203487,Michael Carter-Williams,24.0,MIL,555,55,0.273,2015-16,0.0990990990990991,1610612749,4.0,10.0,0.4,1.0,5.0,0.2,10.0,39.0,0.256,5.0,15.0,0.333
203077,Michael Kidd-Gilchrist,22.0,CHA,61,7,0.429,2015-16,0.1147540983606557,1610612766,1.0,3.0,0.333,1.0,1.0,1.0,1.0,3.0,0.333,2.0,4.0,0.5
201144,Mike Conley,28.0,MEM,696,215,0.363,2015-16,0.3089080459770115,1610612763,9.0,22.0,0.409,8.0,19.0,0.421,61.0,172.0,0.355,17.0,41.0,0.415
2399,Mike Dunleavy,35.0,CHI,188,99,0.394,2015-16,0.526595744680851,1610612741,0.0,4.0,0.0,9.0,18.0,0.5,30.0,77.0,0.39,9.0,22.0,0.409
2034,Mike Miller,36.0,DEN,62,52,0.365,2015-16,0.8387096774193549,1610612743,1.0,4.0,0.25,3.0,6.0,0.5,15.0,42.0,0.357,4.0,10.0,0.4
203488,Mike Muscala,24.0,ATL,152,39,0.308,2015-16,0.2565789473684211,1610612737,2.0,6.0,0.333,1.0,6.0,0.167,9.0,26.0,0.346,3.0,12.0,0.25
203118,Mike Scott,27.0,ATL,376,158,0.392,2015-16,0.4202127659574468,1610612737,6.0,21.0,0.286,5.0,16.0,0.313,51.0,121.0,0.421,11.0,37.0,0.297
203101,Miles Plumlee,27.0,MIL,233,0,0.0,2015-16,0.0,1610612749,0.0,0.0,0.0,0.0,0.0,0.0,0.0,0.0,0.0,0.0,0.0,0.0
203141,Mirza Teletovic,30.0,PHX,777,460,0.393,2015-16,0.592020592020592,1610612756,9.0,32.0,0.281,7.0,16.0,0.438,165.0,411.0,0.401,16.0,48.0,0.333
203956,Mitch McGary,24.0,OKC,23,4,0.0,2015-16,0.1739130434782608,1610612760,0.0,1.0,0.0,0.0,1.0,0.0,0.0,2.0,0.0,0.0,2.0,0.0
2590,Mo Williams,33.0,CLE,302,102,0.353,2015-16,0.3377483443708609,1610612739,4.0,13.0,0.308,6.0,16.0,0.375,25.0,72.0,0.347,10.0,29.0,0.345
101145,Monta Ellis,30.0,IND,1021,282,0.309,2015-16,0.2761998041136141,1610612754,26.0,64.0,0.406,9.0,25.0,0.36,49.0,182.0,0.269,35.0,89.0,0.393
1626149,Montrezl Harrell,22.0,HOU,90,1,0.0,2015-16,0.0111111111111111,1610612745,0.0,0.0,0.0,0.0,0.0,0.0,0.0,1.0,0.0,0.0,0.0,0.0
1626167,Myles Turner,20.0,IND,530,14,0.214,2015-16,0.0264150943396226,1610612754,0.0,1.0,0.0,1.0,1.0,1.0,2.0,12.0,0.167,1.0,2.0,0.5
101126,Nate Robinson,32.0,NOP,1,1,0.0,2015-16,1.0,1610612740,0.0,0.0,0.0,,,,0.0,1.0,0.0,0.0,0.0,0.0
1737,Nazr Mohammed,38.0,OKC,5,0,0.0,2015-16,0.0,1610612760,0.0,0.0,0.0,0.0,0.0,0.0,0.0,0.0,0.0,0.0,0.0,0.0
202357,Nemanja Bjelica,28.0,MIN,235,125,0.384,2015-16,0.5319148936170213,1610612750,3.0,8.0,0.375,3.0,5.0,0.6,42.0,112.0,0.375,6.0,13.0,0.462
2403,Nene,33.0,WAS,384,3,0.0,2015-16,0.0078125,1610612764,0.0,0.0,0.0,0.0,2.0,0.0,0.0,1.0,0.0,0.0,2.0,0.0
203457,Nerlens Noel,22.0,PHI,587,2,0.5,2015-16,0.0034071550255536,1610612755,0.0,0.0,0.0,0.0,0.0,0.0,1.0,2.0,0.5,0.0,0.0,0.0
2555,Nick Collison,35.0,OKC,109,2,0.0,2015-16,0.018348623853211,1610612760,0.0,0.0,0.0,0.0,1.0,0.0,0.0,1.0,0.0,0.0,1.0,0.0
201156,Nick Young,31.0,LAL,372,237,0.325,2015-16,0.6370967741935484,1610612747,10.0,24.0,0.417,13.0,31.0,0.419,54.0,179.0,0.302,23.0,55.0,0.418
201587,Nicolas Batum,27.0,CHA,873,399,0.348,2015-16,0.4570446735395189,1610612766,11.0,27.0,0.407,5.0,16.0,0.313,123.0,355.0,0.346,16.0,43.0,0.372
203917,Nik Stauskas,22.0,PHI,545,325,0.326,2015-16,0.5963302752293578,1610612755,15.0,49.0,0.306,23.0,59.0,0.39,68.0,217.0,0.313,38.0,108.0,0.352
203999,Nikola Jokić,21.0,DEN,600,84,0.333,2015-16,0.14,1610612743,1.0,8.0,0.125,3.0,5.0,0.6,24.0,71.0,0.338,4.0,13.0,0.308
202703,Nikola Mirotic,25.0,CHI,609,346,0.39,2015-16,0.5681444991789819,1610612741,17.0,42.0,0.405,19.0,39.0,0.487,99.0,263.0,0.376,36.0,81.0,0.444
201593,Nikola Pekovic,30.0,MIN,50,0,0.0,2015-16,0.0,1610612750,0.0,0.0,0.0,0.0,0.0,0.0,0.0,0.0,0.0,0.0,0.0,0.0
202696,Nikola Vučević,25.0,ORL,1046,9,0.222,2015-16,0.008604206500956,1610612753,0.0,0.0,0.0,0.0,0.0,0.0,2.0,8.0,0.25,0.0,0.0,0.0
203943,Noah Vonleh,20.0,POR,278,46,0.239,2015-16,0.1654676258992805,1610612757,3.0,11.0,0.273,1.0,3.0,0.333,7.0,32.0,0.219,4.0,14.0,0.286
1626181,Norman Powell,23.0,TOR,229,89,0.404,2015-16,0.388646288209607,1610612761,12.0,27.0,0.444,9.0,15.0,0.6,15.0,46.0,0.326,21.0,42.0,0.5
202708,Norris Cole,27.0,NOP,484,102,0.324,2015-16,0.2107438016528925,1610612740,3.0,9.0,0.333,6.0,11.0,0.545,24.0,82.0,0.293,9.0,20.0,0.45
201564,O.J. Mayo,28.0,MIL,321,162,0.321,2015-16,0.5046728971962616,1610612749,9.0,29.0,0.31,3.0,17.0,0.176,40.0,111.0,0.36,12.0,46.0,0.261
201600,Omer Asik,29.0,NOP,195,0,0.0,2015-16,0.0,1610612740,0.0,0.0,0.0,0.0,0.0,0.0,0.0,0.0,0.0,0.0,0.0,0.0
201956,Omri Casspi,28.0,SAC,622,274,0.409,2015-16,0.4405144694533762,1610612758,7.0,15.0,0.467,13.0,31.0,0.419,92.0,227.0,0.405,20.0,46.0,0.435
203111,Orlando Johnson,27.0,NOP,34,10,0.2,2015-16,0.2941176470588235,1610612740,0.0,3.0,0.0,2.0,2.0,1.0,0.0,5.0,0.0,2.0,5.0,0.4
203490,Otto Porter Jr.,23.0,WAS,717,267,0.367,2015-16,0.3723849372384937,1610612764,16.0,47.0,0.34,21.0,53.0,0.396,61.0,164.0,0.372,37.0,100.0,0.37
200782,P.J. Tucker,31.0,PHX,582,206,0.33,2015-16,0.3539518900343643,1610612756,25.0,76.0,0.329,25.0,70.0,0.357,18.0,59.0,0.305,50.0,146.0,0.342
203798,PJ Hairston,23.0,MEM,408,241,0.29,2015-16,0.5906862745098039,1610612763,11.0,35.0,0.314,10.0,29.0,0.345,49.0,177.0,0.277,21.0,64.0,0.328
203143,Pablo Prigioni,39.0,LAC,147,95,0.295,2015-16,0.6462585034013606,1610612746,5.0,10.0,0.5,1.0,2.0,0.5,21.0,78.0,0.269,6.0,12.0,0.5
1626192,Pat Connaughton,23.0,POR,49,21,0.238,2015-16,0.4285714285714285,1610612757,0.0,1.0,0.0,0.0,2.0,0.0,5.0,18.0,0.278,0.0,3.0,0.0
201976,Patrick Beverley,27.0,HOU,594,310,0.4,2015-16,0.5218855218855218,1610612745,35.0,79.0,0.443,18.0,52.0,0.346,71.0,179.0,0.397,53.0,131.0,0.405
202335,Patrick Patterson,27.0,TOR,493,293,0.362,2015-16,0.5943204868154158,1610612761,21.0,66.0,0.318,23.0,52.0,0.442,62.0,174.0,0.356,44.0,118.0,0.373
201988,Patty Mills,27.0,SAS,612,320,0.384,2015-16,0.5228758169934641,1610612759,14.0,38.0,0.368,18.0,46.0,0.391,91.0,234.0,0.389,32.0,84.0,0.381
2200,Pau Gasol,35.0,CHI,995,69,0.348,2015-16,0.0693467336683417,1610612741,5.0,14.0,0.357,3.0,11.0,0.273,16.0,44.0,0.364,8.0,25.0,0.32
202331,Paul George,26.0,IND,1449,566,0.371,2015-16,0.3906142167011732,1610612754,28.0,76.0,0.368,29.0,64.0,0.453,151.0,422.0,0.358,57.0,140.0,0.407
200794,Paul Millsap,31.0,ATL,1066,232,0.319,2015-16,0.2176360225140713,1610612737,2.0,13.0,0.154,6.0,29.0,0.207,66.0,189.0,0.349,8.0,42.0,0.19
1718,Paul Pierce,38.0,LAC,397,242,0.31,2015-16,0.6095717884130982,1610612746,1.0,12.0,0.083,6.0,18.0,0.333,67.0,209.0,0.321,7.0,30.0,0.233
203515,Phil Pressey,25.0,POR,78,18,0.222,2015-16,0.2307692307692307,1610612757,0.0,2.0,0.0,0.0,0.0,0.0,4.0,15.0,0.267,0.0,2.0,0.0
203112,Quincy Acy,25.0,SAC,214,49,0.388,2015-16,0.2289719626168224,1610612758,7.0,12.0,0.583,2.0,5.0,0.4,10.0,31.0,0.323,9.0,17.0,0.529
1626154,RJ Hunter,22.0,BOS,98,63,0.302,2015-16,0.6428571428571429,1610612738,5.0,13.0,0.385,2.0,11.0,0.182,12.0,39.0,0.308,7.0,24.0,0.292
200765,Rajon Rondo,30.0,SAC,782,170,0.365,2015-16,0.217391304347826,1610612758,11.0,30.0,0.367,15.0,30.0,0.5,36.0,108.0,0.333,26.0,60.0,0.433
1626176,Rakeem Christmas,24.0,IND,2,0,0.0,2015-16,0.0,1610612754,,,,0.0,0.0,0.0,0.0,0.0,0.0,0.0,0.0,0.0
201196,Ramon Sessions,30.0,WAS,592,111,0.324,2015-16,0.1875,1610612764,6.0,18.0,0.333,6.0,10.0,0.6,24.0,82.0,0.293,12.0,28.0,0.429
200751,Randy Foye,32.0,OKC,482,250,0.3,2015-16,0.5186721991701245,1610612760,12.0,40.0,0.3,8.0,26.0,0.308,55.0,182.0,0.302,20.0,66.0,0.303
1626173,Rashad Vaughn,19.0,MIL,266,147,0.293,2015-16,0.5526315789473685,1610612749,5.0,26.0,0.192,13.0,44.0,0.295,25.0,76.0,0.329,18.0,70.0,0.257
2446,Rasual Butler,37.0,SAS,104,49,0.306,2015-16,0.4711538461538461,1610612759,2.0,9.0,0.222,4.0,11.0,0.364,9.0,29.0,0.31,6.0,20.0,0.3
203526,Raul Neto,24.0,UTA,418,162,0.395,2015-16,0.3875598086124402,1610612762,14.0,35.0,0.4,13.0,27.0,0.481,37.0,97.0,0.381,27.0,62.0,0.435
203492,Ray McCallum,25.0,SAS,146,42,0.357,2015-16,0.2876712328767123,1610612759,1.0,5.0,0.2,3.0,8.0,0.375,11.0,29.0,0.379,4.0,13.0,0.308
101109,Raymond Felton,32.0,DAL,682,213,0.282,2015-16,0.312316715542522,1610612742,6.0,28.0,0.214,6.0,15.0,0.4,48.0,168.0,0.286,12.0,43.0,0.279
203493,Reggie Bullock Jr.,25.0,DET,98,53,0.415,2015-16,0.5408163265306123,1610612765,6.0,14.0,0.429,7.0,12.0,0.583,9.0,27.0,0.333,13.0,26.0,0.5
202704,Reggie Jackson,26.0,DET,1244,334,0.353,2015-16,0.2684887459807074,1610612765,7.0,21.0,0.333,8.0,19.0,0.421,103.0,292.0,0.353,15.0,40.0,0.375
2210,Richard Jefferson,36.0,CLE,312,173,0.382,2015-16,0.5544871794871795,1610612739,14.0,34.0,0.412,25.0,53.0,0.472,27.0,85.0,0.318,39.0,87.0,0.448
1626158,Richaun Holmes,22.0,PHI,222,44,0.182,2015-16,0.1981981981981982,1610612755,1.0,3.0,0.333,0.0,1.0,0.0,7.0,38.0,0.184,1.0,4.0,0.25
201937,Ricky Rubio,25.0,MIN,586,190,0.326,2015-16,0.3242320819112628,1610612750,9.0,22.0,0.409,6.0,15.0,0.4,46.0,151.0,0.305,15.0,37.0,0.405
203496,Robert Covington,25.0,PHI,712,482,0.353,2015-16,0.6769662921348315,1610612755,14.0,37.0,0.378,10.0,32.0,0.313,145.0,411.0,0.353,24.0,69.0,0.348
203135,Robert Sacre,27.0,LAL,75,0,0.0,2015-16,0.0,1610612747,0.0,0.0,0.0,0.0,0.0,0.0,0.0,0.0,0.0,0.0,0.0,0.0
201577,Robin Lopez,28.0,NYK,662,1,0.0,2015-16,0.0015105740181268,1610612752,0.0,0.0,0.0,0.0,1.0,0.0,0.0,0.0,0.0,0.0,1.0,0.0
203918,Rodney Hood,23.0,UTA,972,449,0.359,2015-16,0.4619341563786008,1610612762,24.0,52.0,0.462,15.0,49.0,0.306,122.0,346.0,0.353,39.0,101.0,0.386
201155,Rodney Stuckey,30.0,IND,443,83,0.241,2015-16,0.1873589164785553,1610612754,5.0,25.0,0.2,2.0,11.0,0.182,12.0,43.0,0.279,7.0,36.0,0.194
1626178,Rondae Hollis-Jefferson,21.0,BKN,138,14,0.286,2015-16,0.1014492753623188,1610612751,0.0,2.0,0.0,1.0,3.0,0.333,3.0,9.0,0.333,1.0,5.0,0.2
101179,Ronnie Price,33.0,PHX,302,196,0.347,2015-16,0.6490066225165563,1610612756,13.0,26.0,0.5,12.0,29.0,0.414,42.0,138.0,0.304,25.0,55.0,0.455
201579,Roy Hibbert,29.0,LAL,411,2,0.0,2015-16,0.0048661800486618,1610612747,0.0,0.0,0.0,0.0,0.0,0.0,0.0,2.0,0.0,0.0,0.0,0.0
200752,Rudy Gay,29.0,SAC,1007,215,0.344,2015-16,0.2135054617676266,1610612758,9.0,21.0,0.429,15.0,40.0,0.375,50.0,153.0,0.327,24.0,61.0,0.393
203497,Rudy Gobert,24.0,UTA,354,0,0.0,2015-16,0.0,1610612762,0.0,0.0,0.0,0.0,0.0,0.0,0.0,0.0,0.0,0.0,0.0,0.0
203893,Russ Smith,25.0,MEM,22,5,0.2,2015-16,0.2272727272727272,1610612763,0.0,0.0,0.0,1.0,1.0,1.0,0.0,4.0,0.0,1.0,1.0,1.0
201566,Russell Westbrook,27.0,OKC,1444,341,0.296,2015-16,0.2361495844875346,1610612760,7.0,24.0,0.292,4.0,13.0,0.308,90.0,303.0,0.297,11.0,37.0,0.297
201583,Ryan Anderson,28.0,NOP,929,358,0.366,2015-16,0.3853606027987082,1610612740,11.0,39.0,0.282,8.0,21.0,0.381,112.0,293.0,0.382,19.0,60.0,0.317
200797,Ryan Hollins,31.0,MEM,79,0,0.0,2015-16,0.0,1610612763,0.0,0.0,0.0,0.0,0.0,0.0,0.0,0.0,0.0,0.0,0.0,0.0
203527,Ryan Kelly,25.0,LAL,149,37,0.135,2015-16,0.2483221476510067,1610612747,0.0,4.0,0.0,1.0,5.0,0.2,4.0,27.0,0.148,1.0,9.0,0.111
1626257,Salah Mejri,30.0,DAL,78,1,0.0,2015-16,0.0128205128205128,1610612742,0.0,0.0,0.0,0.0,0.0,0.0,0.0,1.0,0.0,0.0,0.0,0.0
201619,Sasha Kaun,31.0,CLE,17,0,0.0,2015-16,0.0,1610612739,0.0,0.0,0.0,0.0,0.0,0.0,0.0,0.0,0.0,0.0,0.0,0.0
2756,Sasha Vujacic,32.0,NYK,277,143,0.364,2015-16,0.516245487364621,1610612752,6.0,21.0,0.286,4.0,11.0,0.364,42.0,111.0,0.378,10.0,32.0,0.313
203930,Sean Kilpatrick,26.0,BKN,270,114,0.342,2015-16,0.4222222222222222,1610612751,11.0,27.0,0.407,4.0,11.0,0.364,24.0,76.0,0.316,15.0,38.0,0.395
201586,Serge Ibaka,26.0,OKC,869,184,0.326,2015-16,0.2117376294591484,1610612760,18.0,49.0,0.367,16.0,48.0,0.333,26.0,87.0,0.299,34.0,97.0,0.351
203508,Sergey Karasev,22.0,BKN,74,37,0.297,2015-16,0.5,1610612751,0.0,2.0,0.0,2.0,8.0,0.25,9.0,26.0,0.346,2.0,10.0,0.2
203552,Seth Curry,25.0,SAC,224,111,0.45,2015-16,0.4955357142857143,1610612758,9.0,12.0,0.75,9.0,18.0,0.5,32.0,80.0,0.4,18.0,30.0,0.6
203498,Shabazz Muhammad,23.0,MIN,681,152,0.289,2015-16,0.2232011747430249,1610612750,16.0,42.0,0.381,12.0,25.0,0.48,16.0,84.0,0.19,28.0,67.0,0.418
203894,Shabazz Napier,24.0,ORL,201,104,0.327,2015-16,0.5174129353233831,1610612753,3.0,8.0,0.375,1.0,9.0,0.111,30.0,87.0,0.345,4.0,17.0,0.235
203499,Shane Larkin,23.0,BKN,502,108,0.361,2015-16,0.2151394422310757,1610612751,2.0,11.0,0.182,4.0,11.0,0.364,33.0,86.0,0.384,6.0,22.0,0.273
2733,Shaun Livingston,30.0,GSW,379,12,0.167,2015-16,0.0316622691292876,1610612744,2.0,4.0,0.5,0.0,4.0,0.0,0.0,3.0,0.0,2.0,8.0,0.25
203963,Shayne Whittington,25.0,IND,11,2,0.0,2015-16,0.1818181818181818,1610612754,0.0,0.0,0.0,0.0,0.0,0.0,0.0,2.0,0.0,0.0,0.0,0.0
202714,Shelvin Mack,26.0,UTA,415,125,0.312,2015-16,0.3012048192771084,1610612762,5.0,14.0,0.357,11.0,26.0,0.423,23.0,85.0,0.271,16.0,40.0,0.4
203524,Solomon Hill,25.0,IND,208,74,0.324,2015-16,0.3557692307692308,1610612754,6.0,16.0,0.375,6.0,11.0,0.545,12.0,45.0,0.267,12.0,27.0,0.444
201603,Sonny Weems,29.0,PHX,110,41,0.366,2015-16,0.3727272727272727,1610612756,1.0,6.0,0.167,5.0,10.0,0.5,9.0,24.0,0.375,6.0,16.0,0.375
203915,Spencer Dinwiddie,23.0,CHI,54,10,0.1,2015-16,0.1851851851851851,1610612741,0.0,0.0,0.0,0.0,0.0,0.0,1.0,10.0,0.1,0.0,0.0,0.0
201150,Spencer Hawes,28.0,CHA,306,102,0.373,2015-16,0.3333333333333333,1610612766,8.0,13.0,0.615,3.0,13.0,0.231,27.0,76.0,0.355,11.0,26.0,0.423
1626169,Stanley Johnson,20.0,DET,600,205,0.307,2015-16,0.3416666666666667,1610612765,9.0,25.0,0.36,23.0,59.0,0.39,31.0,116.0,0.267,32.0,84.0,0.381
201939,Stephen Curry,28.0,GSW,1598,886,0.454,2015-16,0.5544430538172715,1610612744,30.0,63.0,0.476,27.0,53.0,0.509,342.0,757.0,0.452,57.0,116.0,0.491
2581,Steve Blake,36.0,DET,240,151,0.344,2015-16,0.6291666666666667,1610612765,8.0,19.0,0.421,10.0,21.0,0.476,34.0,103.0,0.33,18.0,40.0,0.45
200779,Steve Novak,33.0,MIL,18,15,0.467,2015-16,0.8333333333333334,1610612749,3.0,4.0,0.75,1.0,2.0,0.5,3.0,9.0,0.333,4.0,6.0,0.667
203500,Steven Adams,22.0,OKC,426,0,0.0,2015-16,0.0,1610612760,0.0,0.0,0.0,0.0,0.0,0.0,0.0,0.0,0.0,0.0,0.0,0.0
204456,T.J. McConnell,24.0,PHI,464,89,0.348,2015-16,0.1918103448275862,1610612755,3.0,6.0,0.5,4.0,10.0,0.4,24.0,68.0,0.353,7.0,16.0,0.438
203933,T.J. Warren,22.0,PHX,441,70,0.4,2015-16,0.1587301587301587,1610612756,6.0,13.0,0.462,11.0,25.0,0.44,11.0,30.0,0.367,17.0,38.0,0.447
201959,Taj Gibson,31.0,CHI,500,3,0.0,2015-16,0.006,1610612741,0.0,0.0,0.0,0.0,0.0,0.0,0.0,3.0,0.0,0.0,0.0,0.0
204028,Tarik Black,24.0,LAL,104,0,0.0,2015-16,0.0,1610612747,0.0,0.0,0.0,0.0,0.0,0.0,0.0,0.0,0.0,0.0,0.0,0.0
2419,Tayshaun Prince,36.0,MIN,229,23,0.174,2015-16,0.1004366812227074,1610612750,3.0,16.0,0.188,1.0,6.0,0.167,0.0,1.0,0.0,4.0,22.0,0.182
203093,Terrence Jones,24.0,HOU,367,79,0.316,2015-16,0.215258855585831,1610612745,1.0,8.0,0.125,3.0,9.0,0.333,20.0,61.0,0.328,4.0,17.0,0.235
203082,Terrence Ross,25.0,TOR,626,339,0.386,2015-16,0.5415335463258786,1610612761,27.0,67.0,0.403,12.0,35.0,0.343,92.0,232.0,0.397,39.0,102.0,0.382
1626179,Terry Rozier,22.0,BOS,106,27,0.222,2015-16,0.2547169811320754,1610612738,1.0,5.0,0.2,2.0,4.0,0.5,3.0,18.0,0.167,3.0,9.0,0.333
200757,Thabo Sefolosha,32.0,ATL,371,123,0.341,2015-16,0.3315363881401617,1610612737,14.0,30.0,0.467,14.0,34.0,0.412,13.0,57.0,0.228,28.0,64.0,0.438
201152,Thaddeus Young,28.0,BKN,963,30,0.233,2015-16,0.0311526479750778,1610612751,1.0,7.0,0.143,0.0,2.0,0.0,6.0,19.0,0.316,1.0,9.0,0.111
203648,Thanasis Antetokounmpo,23.0,NYK,4,1,0.0,2015-16,0.25,1610612752,0.0,0.0,0.0,0.0,0.0,0.0,0.0,1.0,0.0,0.0,0.0,0.0
203080,Thomas Robinson,25.0,BKN,291,1,0.0,2015-16,0.0034364261168384,1610612751,0.0,0.0,0.0,0.0,0.0,0.0,0.0,0.0,0.0,0.0,0.0,0.0
201168,Tiago Splitter,31.0,ATL,155,2,0.0,2015-16,0.0129032258064516,1610612737,0.0,1.0,0.0,0.0,0.0,0.0,0.0,0.0,0.0,0.0,1.0,0.0
202353,Tibor Pleiss,26.0,UTA,25,2,0.0,2015-16,0.08,1610612762,0.0,1.0,0.0,0.0,0.0,0.0,0.0,1.0,0.0,0.0,1.0,0.0
1495,Tim Duncan,40.0,SAS,441,2,0.0,2015-16,0.0045351473922902,1610612759,0.0,0.0,0.0,0.0,0.0,0.0,0.0,1.0,0.0,0.0,0.0,0.0
204025,Tim Frazier,25.0,NOP,229,48,0.333,2015-16,0.2096069868995633,1610612740,1.0,1.0,1.0,0.0,2.0,0.0,15.0,45.0,0.333,1.0,3.0,0.333
203501,Tim Hardaway Jr.,24.0,ATL,265,143,0.336,2015-16,0.539622641509434,1610612737,4.0,23.0,0.174,13.0,24.0,0.542,31.0,94.0,0.33,17.0,47.0,0.362
202389,Timofey Mozgov,29.0,CLE,359,7,0.143,2015-16,0.0194986072423398,1610612739,0.0,1.0,0.0,1.0,5.0,0.2,0.0,1.0,0.0,1.0,6.0,0.167
202699,Tobias Harris,23.0,DET,889,239,0.335,2015-16,0.2688413948256468,1610612765,13.0,47.0,0.277,13.0,39.0,0.333,54.0,153.0,0.353,26.0,86.0,0.302
201962,Toney Douglas,30.0,NOP,445,203,0.399,2015-16,0.4561797752808988,1610612740,10.0,15.0,0.667,11.0,24.0,0.458,59.0,161.0,0.366,21.0,39.0,0.538
2754,Tony Allen,34.0,MEM,469,42,0.357,2015-16,0.0895522388059701,1610612763,4.0,13.0,0.308,7.0,18.0,0.389,4.0,11.0,0.364,11.0,31.0,0.355
2225,Tony Parker,34.0,SAS,710,65,0.415,2015-16,0.0915492957746478,1610612759,6.0,21.0,0.286,10.0,24.0,0.417,11.0,20.0,0.55,16.0,45.0,0.356
203503,Tony Snell,24.0,CHI,339,155,0.361,2015-16,0.4572271386430678,1610612741,7.0,20.0,0.35,4.0,16.0,0.25,45.0,118.0,0.381,11.0,36.0,0.306
203100,Tony Wroten,23.0,NYK,65,17,0.176,2015-16,0.2615384615384615,1610612752,0.0,0.0,0.0,0.0,1.0,0.0,3.0,16.0,0.188,0.0,1.0,0.0
2772,Trevor Ariza,31.0,HOU,859,499,0.371,2015-16,0.580908032596042,1610612745,32.0,63.0,0.508,57.0,148.0,0.385,96.0,287.0,0.334,89.0,211.0,0.422
202344,Trevor Booker,28.0,UTA,388,41,0.293,2015-16,0.1056701030927835,1610612762,7.0,21.0,0.333,4.0,11.0,0.364,1.0,8.0,0.125,11.0,32.0,0.344
203504,Trey Burke,23.0,UTA,634,256,0.344,2015-16,0.4037854889589905,1610612762,11.0,25.0,0.44,10.0,33.0,0.303,67.0,192.0,0.349,21.0,58.0,0.362
1626168,Trey Lyles,20.0,UTA,436,128,0.383,2015-16,0.2935779816513761,1610612762,20.0,47.0,0.426,11.0,24.0,0.458,18.0,56.0,0.321,31.0,71.0,0.437
202684,Tristan Thompson,25.0,CLE,420,0,0.0,2015-16,0.0,1610612739,0.0,0.0,0.0,0.0,0.0,0.0,0.0,0.0,0.0,0.0,0.0,0.0
203584,Troy Daniels,24.0,CHA,187,122,0.484,2015-16,0.6524064171122995,1610612766,10.0,17.0,0.588,9.0,14.0,0.643,40.0,91.0,0.44,19.0,31.0,0.613
201951,Ty Lawson,28.0,IND,354,108,0.333,2015-16,0.3050847457627119,1610612754,5.0,9.0,0.556,3.0,13.0,0.231,28.0,83.0,0.337,8.0,22.0,0.364
203898,Tyler Ennis,21.0,MIL,187,39,0.333,2015-16,0.2085561497326203,1610612749,5.0,6.0,0.833,0.0,2.0,0.0,8.0,30.0,0.267,5.0,8.0,0.625
201946,Tyler Hansbrough,30.0,CHA,71,3,0.667,2015-16,0.0422535211267605,1610612766,0.0,0.0,0.0,0.0,0.0,0.0,2.0,3.0,0.667,0.0,0.0,0.0
204020,Tyler Johnson,24.0,MIA,243,71,0.38,2015-16,0.2921810699588477,1610612748,4.0,11.0,0.364,8.0,11.0,0.727,15.0,46.0,0.326,12.0,22.0,0.545
203092,Tyler Zeller,26.0,BOS,290,0,0.0,2015-16,0.0,1610612738,0.0,0.0,0.0,0.0,0.0,0.0,0.0,0.0,0.0,0.0,0.0,0.0
201936,Tyreke Evans,26.0,NOP,314,85,0.388,2015-16,0.2707006369426751,1610612740,0.0,2.0,0.0,0.0,3.0,0.0,33.0,80.0,0.413,0.0,5.0,0.0
2199,Tyson Chandler,33.0,PHX,314,1,0.0,2015-16,0.0031847133757961,1610612756,0.0,0.0,0.0,0.0,0.0,0.0,0.0,0.0,0.0,0.0,0.0,0.0
1626145,Tyus Jones,20.0,MIN,156,53,0.302,2015-16,0.3397435897435897,1610612750,2.0,6.0,0.333,1.0,4.0,0.25,13.0,43.0,0.302,3.0,10.0,0.3
2617,Udonis Haslem,36.0,MIA,61,9,0.111,2015-16,0.1475409836065573,1610612748,0.0,2.0,0.0,1.0,4.0,0.25,0.0,3.0,0.0,1.0,6.0,0.167
203506,Victor Oladipo,24.0,ORL,970,282,0.348,2015-16,0.2907216494845361,1610612753,13.0,36.0,0.361,17.0,39.0,0.436,68.0,203.0,0.335,30.0,75.0,0.4
1713,Vince Carter,39.0,MEM,343,169,0.349,2015-16,0.4927113702623906,1610612763,4.0,15.0,0.267,7.0,16.0,0.438,46.0,134.0,0.343,11.0,31.0,0.355
201961,Wayne Ellington,28.0,BKN,561,268,0.358,2015-16,0.4777183600713012,1610612751,15.0,37.0,0.405,20.0,52.0,0.385,61.0,178.0,0.343,35.0,89.0,0.393
202325,Wesley Johnson,28.0,LAC,515,309,0.333,2015-16,0.6,1610612746,33.0,85.0,0.388,28.0,56.0,0.5,36.0,160.0,0.225,61.0,141.0,0.433
202083,Wesley Matthews,29.0,DAL,854,525,0.36,2015-16,0.6147540983606558,1610612742,36.0,102.0,0.353,29.0,54.0,0.537,124.0,369.0,0.336,65.0,156.0,0.417
203115,Will Barton,25.0,DEN,983,325,0.345,2015-16,0.3306205493387589,1610612743,13.0,33.0,0.394,3.0,14.0,0.214,96.0,273.0,0.352,16.0,47.0,0.34
1626161,Willie Cauley-Stein,22.0,SAC,339,2,0.0,2015-16,0.0058997050147492,1610612758,0.0,2.0,0.0,0.0,0.0,0.0,0.0,0.0,0.0,0.0,2.0,0.0
203186,Willie Reed,26.0,BKN,133,0,0.0,2015-16,0.0,1610612751,0.0,0.0,0.0,0.0,0.0,0.0,0.0,0.0,0.0,0.0,0.0,0.0
204098,Xavier Munford,24.0,MEM,77,23,0.391,2015-16,0.2987012987012987,1610612763,1.0,3.0,0.333,1.0,2.0,0.5,7.0,18.0,0.389,2.0,5.0,0.4
203897,Zach LaVine,21.0,MIN,959,316,0.389,2015-16,0.3295099061522419,1610612750,10.0,22.0,0.455,12.0,26.0,0.462,101.0,269.0,0.375,22.0,48.0,0.458
2216,Zach Randolph,34.0,MEM,907,26,0.231,2015-16,0.0286659316427783,1610612763,1.0,2.0,0.5,1.0,2.0,0.5,4.0,19.0,0.211,2.0,4.0,0.5
2585,Zaza Pachulia,32.0,DAL,470,3,0.0,2015-16,0.0063829787234042,1610612742,0.0,0.0,0.0,0.0,0.0,0.0,0.0,0.0,0.0,0.0,0.0,0.0
1627773,AJ Hammons,24.0,DAL,42,10,0.5,2016-17,0.238095238095238,1610612742,0.0,2.0,0.0,0.0,0.0,0.0,5.0,8.0,0.625,0.0,2.0,0.0
201166,Aaron Brooks,32.0,IND,300,128,0.375,2016-17,0.4266666666666667,1610612754,4.0,6.0,0.667,2.0,9.0,0.222,42.0,106.0,0.396,6.0,15.0,0.4
203932,Aaron Gordon,21.0,ORL,865,267,0.288,2016-17,0.3086705202312139,1610612753,10.0,36.0,0.278,9.0,33.0,0.273,58.0,195.0,0.297,19.0,69.0,0.275
1626151,Aaron Harrison,22.0,CHA,4,2,0.0,2016-17,0.5,1610612766,0.0,0.0,0.0,0.0,1.0,0.0,0.0,1.0,0.0,0.0,1.0,0.0
203940,Adreian Payne,26.0,MIN,54,15,0.2,2016-17,0.2777777777777778,1610612750,0.0,1.0,0.0,0.0,1.0,0.0,3.0,13.0,0.231,0.0,2.0,0.0
201143,Al Horford,31.0,BOS,801,242,0.355,2016-17,0.3021223470661673,1610612738,3.0,9.0,0.333,11.0,29.0,0.379,72.0,204.0,0.353,14.0,38.0,0.368
2744,Al Jefferson,32.0,IND,471,1,0.0,2016-17,0.0021231422505307,1610612754,0.0,0.0,0.0,0.0,0.0,0.0,0.0,1.0,0.0,0.0,0.0,0.0
202329,Al-Farouq Aminu,26.0,POR,466,212,0.33,2016-17,0.4549356223175965,1610612757,11.0,35.0,0.314,17.0,43.0,0.395,42.0,132.0,0.318,28.0,78.0,0.359
101187,Alan Anderson,34.0,LAC,80,44,0.318,2016-17,0.55,1610612746,1.0,10.0,0.1,3.0,7.0,0.429,10.0,27.0,0.37,4.0,17.0,0.235
1626210,Alan Williams,24.0,PHX,267,1,0.0,2016-17,0.0037453183520599,1610612756,0.0,0.0,0.0,0.0,0.0,0.0,0.0,0.0,0.0,0.0,0.0,0.0
202692,Alec Burks,25.0,UTA,248,76,0.329,2016-17,0.3064516129032258,1610612762,5.0,17.0,0.294,6.0,11.0,0.545,14.0,48.0,0.292,11.0,28.0,0.393
203518,Alex Abrines,23.0,OKC,341,247,0.381,2016-17,0.7243401759530792,1610612760,13.0,30.0,0.433,11.0,29.0,0.379,69.0,185.0,0.373,24.0,59.0,0.407
203458,Alex Len,24.0,PHX,463,12,0.25,2016-17,0.0259179265658747,1610612756,2.0,7.0,0.286,0.0,0.0,0.0,1.0,3.0,0.333,2.0,7.0,0.286
1627816,Alex Poythress,23.0,PHI,54,19,0.316,2016-17,0.3518518518518518,1610612755,2.0,4.0,0.5,1.0,2.0,0.5,3.0,13.0,0.231,3.0,6.0,0.5
201582,Alexis Ajinca,29.0,NOP,178,4,0.0,2016-17,0.0224719101123595,1610612740,0.0,0.0,0.0,0.0,0.0,0.0,0.0,4.0,0.0,0.0,0.0,0.0
203459,Allen Crabbe,25.0,POR,647,302,0.444,2016-17,0.4667697063369397,1610612757,21.0,46.0,0.457,15.0,39.0,0.385,98.0,217.0,0.452,36.0,85.0,0.424
202087,Alonzo Gee,30.0,DEN,14,3,0.0,2016-17,0.2142857142857142,1610612743,0.0,1.0,0.0,0.0,1.0,0.0,0.0,1.0,0.0,0.0,2.0,0.0
101161,Amir Johnson,30.0,BOS,370,66,0.409,2016-17,0.1783783783783784,1610612738,2.0,7.0,0.286,5.0,14.0,0.357,20.0,45.0,0.444,7.0,21.0,0.333
2760,Anderson Varejao,34.0,GSW,14,0,0.0,2016-17,0.0,1610612744,0.0,0.0,0.0,0.0,0.0,0.0,0.0,0.0,0.0,0.0,0.0,0.0
203083,Andre Drummond,23.0,DET,911,7,0.286,2016-17,0.0076838638858397,1610612765,0.0,0.0,0.0,0.0,0.0,0.0,1.0,3.0,0.333,0.0,0.0,0.0
2738,Andre Iguodala,33.0,GSW,415,177,0.362,2016-17,0.4265060240963855,1610612744,14.0,36.0,0.389,15.0,42.0,0.357,35.0,97.0,0.361,29.0,78.0,0.372
203460,Andre Roberson,25.0,OKC,463,184,0.245,2016-17,0.3974082073434125,1610612760,12.0,45.0,0.267,8.0,40.0,0.2,25.0,98.0,0.255,20.0,85.0,0.235
101106,Andrew Bogut,32.0,CLE,81,1,0.0,2016-17,0.0123456790123456,1610612739,0.0,0.0,0.0,0.0,0.0,0.0,0.0,1.0,0.0,0.0,0.0,0.0
1626150,Andrew Harrison,22.0,MEM,360,156,0.276,2016-17,0.4333333333333333,1610612763,7.0,14.0,0.5,2.0,7.0,0.286,34.0,130.0,0.262,9.0,21.0,0.429
203094,Andrew Nicholson,27.0,BKN,111,27,0.185,2016-17,0.2432432432432432,1610612751,0.0,3.0,0.0,0.0,3.0,0.0,5.0,20.0,0.25,0.0,6.0,0.0
203952,Andrew Wiggins,22.0,MIN,1570,289,0.356,2016-17,0.1840764331210191,1610612750,6.0,20.0,0.3,5.0,11.0,0.455,92.0,257.0,0.358,11.0,31.0,0.355
203461,Anthony Bennett,24.0,BKN,92,48,0.271,2016-17,0.5217391304347826,1610612751,3.0,8.0,0.375,0.0,10.0,0.0,10.0,30.0,0.333,3.0,18.0,0.167
1626148,Anthony Brown,24.0,ORL,50,27,0.259,2016-17,0.54,1610612753,1.0,4.0,0.25,1.0,1.0,1.0,5.0,22.0,0.227,2.0,5.0,0.4
203076,Anthony Davis,24.0,NOP,1526,134,0.299,2016-17,0.0878112712975098,1610612740,2.0,5.0,0.4,1.0,6.0,0.167,37.0,121.0,0.306,3.0,11.0,0.273
201627,Anthony Morrow,31.0,CHI,252,133,0.308,2016-17,0.5277777777777778,1610612741,5.0,16.0,0.313,7.0,31.0,0.226,29.0,87.0,0.333,12.0,47.0,0.255
201229,Anthony Tolliver,32.0,SAC,351,230,0.391,2016-17,0.6552706552706553,1610612758,13.0,32.0,0.406,14.0,35.0,0.4,62.0,161.0,0.385,27.0,67.0,0.403
203462,Archie Goodwin,22.0,BKN,66,15,0.333,2016-17,0.2272727272727272,1610612751,1.0,1.0,1.0,1.0,1.0,1.0,3.0,13.0,0.231,2.0,2.0,1.0
202620,Arinze Onuaku,29.0,ORL,4,0,0.0,2016-17,0.0,1610612753,0.0,0.0,0.0,,,,0.0,0.0,0.0,0.0,0.0,0.0
203382,Aron Baynes,30.0,DET,279,0,0.0,2016-17,0.0,1610612765,0.0,0.0,0.0,0.0,0.0,0.0,0.0,0.0,0.0,0.0,0.0,0.0
201167,Arron Afflalo,31.0,SAC,420,151,0.411,2016-17,0.3595238095238095,1610612758,13.0,28.0,0.464,17.0,30.0,0.567,32.0,92.0,0.348,30.0,58.0,0.517
203085,Austin Rivers,24.0,LAC,731,299,0.371,2016-17,0.4090287277701778,1610612746,13.0,35.0,0.371,11.0,26.0,0.423,87.0,236.0,0.369,24.0,61.0,0.393
202340,Avery Bradley,26.0,BOS,775,277,0.39,2016-17,0.3574193548387097,1610612738,20.0,57.0,0.351,13.0,27.0,0.481,75.0,192.0,0.391,33.0,84.0,0.393
1626253,Axel Toupane,24.0,NOP,9,4,0.25,2016-17,0.4444444444444444,1610612740,0.0,1.0,0.0,0.0,2.0,0.0,1.0,1.0,1.0,0.0,3.0,0.0
1627791,Ben Bentil,22.0,DAL,3,1,0.0,2016-17,0.3333333333333333,1610612742,0.0,1.0,0.0,0.0,0.0,0.0,0.0,0.0,0.0,0.0,1.0,0.0
203463,Ben McLemore,24.0,SAC,419,170,0.382,2016-17,0.4057279236276849,1610612758,13.0,26.0,0.5,10.0,28.0,0.357,41.0,114.0,0.36,23.0,54.0,0.426
2757,Beno Udrih,34.0,DET,197,32,0.344,2016-17,0.1624365482233502,1610612765,0.0,1.0,0.0,3.0,4.0,0.75,8.0,23.0,0.348,3.0,5.0,0.6
202687,Bismack Biyombo,24.0,ORL,339,0,0.0,2016-17,0.0,1610612753,0.0,0.0,0.0,0.0,0.0,0.0,0.0,0.0,0.0,0.0,0.0,0.0
201933,Blake Griffin,28.0,LAC,971,113,0.336,2016-17,0.1163748712667353,1610612746,12.0,26.0,0.462,1.0,4.0,0.25,25.0,81.0,0.309,13.0,30.0,0.433
1626246,Boban Marjanovic,28.0,DET,132,0,0.0,2016-17,0.0,1610612765,0.0,0.0,0.0,0.0,0.0,0.0,0.0,0.0,0.0,0.0,0.0,0.0
201628,Bobby Brown,32.0,HOU,60,35,0.4,2016-17,0.5833333333333334,1610612745,2.0,2.0,1.0,0.0,1.0,0.0,12.0,32.0,0.375,2.0,3.0,0.667
1626171,Bobby Portis,22.0,CHI,375,96,0.333,2016-17,0.256,1610612741,7.0,25.0,0.28,9.0,19.0,0.474,16.0,51.0,0.314,16.0,44.0,0.364
202711,Bojan Bogdanovic,28.0,WAS,845,392,0.367,2016-17,0.463905325443787,1610612764,16.0,43.0,0.372,25.0,52.0,0.481,102.0,296.0,0.345,41.0,95.0,0.432
2564,Boris Diaw,35.0,UTA,327,81,0.247,2016-17,0.2477064220183486,1610612762,6.0,13.0,0.462,3.0,8.0,0.375,11.0,60.0,0.183,9.0,21.0,0.429
203078,Bradley Beal,24.0,WAS,1322,552,0.404,2016-17,0.4175491679273828,1610612764,24.0,48.0,0.5,15.0,40.0,0.375,183.0,459.0,0.399,39.0,88.0,0.443
201148,Brandan Wright,29.0,MEM,135,1,0.0,2016-17,0.0074074074074074,1610612763,0.0,0.0,0.0,0.0,0.0,0.0,0.0,1.0,0.0,0.0,0.0,0.0
101138,Brandon Bass,32.0,LAC,186,3,0.333,2016-17,0.0161290322580645,1610612746,0.0,1.0,0.0,0.0,0.0,0.0,1.0,2.0,0.5,0.0,1.0,0.0
1627742,Brandon Ingram,19.0,LAL,686,187,0.294,2016-17,0.2725947521865889,1610612747,14.0,33.0,0.424,15.0,46.0,0.326,25.0,102.0,0.245,29.0,79.0,0.367
201943,Brandon Jennings,27.0,WAS,535,252,0.313,2016-17,0.4710280373831775,1610612764,8.0,20.0,0.4,9.0,26.0,0.346,62.0,204.0,0.304,17.0,46.0,0.37
202688,Brandon Knight,25.0,PHX,525,139,0.324,2016-17,0.2647619047619047,1610612756,8.0,21.0,0.381,3.0,14.0,0.214,34.0,103.0,0.33,11.0,35.0,0.314
201575,Brandon Rush,31.0,MIN,187,114,0.386,2016-17,0.6096256684491979,1610612750,21.0,44.0,0.477,11.0,32.0,0.344,12.0,38.0,0.316,32.0,76.0,0.421
203148,Brian Roberts,31.0,CHA,122,44,0.386,2016-17,0.360655737704918,1610612766,0.0,1.0,0.0,4.0,7.0,0.571,13.0,36.0,0.361,4.0,8.0,0.5
1627362,Briante Weber,24.0,CHA,60,10,0.1,2016-17,0.1666666666666666,1610612766,0.0,0.0,0.0,0.0,1.0,0.0,1.0,9.0,0.111,0.0,1.0,0.0
1627744,Brice Johnson,23.0,LAC,7,0,0.0,2016-17,0.0,1610612746,,,,,,,0.0,0.0,0.0,,,
201572,Brook Lopez,29.0,BKN,1172,387,0.346,2016-17,0.3302047781569966,1610612751,14.0,35.0,0.4,10.0,20.0,0.5,110.0,332.0,0.331,24.0,55.0,0.436
203998,Bruno Caboclo,21.0,TOR,16,6,0.333,2016-17,0.375,1610612761,0.0,3.0,0.0,0.0,0.0,0.0,2.0,3.0,0.667,0.0,3.0,0.0
1627854,Bryn Forbes,23.0,SAS,99,53,0.321,2016-17,0.5353535353535354,1610612759,2.0,4.0,0.5,1.0,7.0,0.143,14.0,42.0,0.333,3.0,11.0,0.273
1627741,Buddy Hield,24.0,SAC,767,379,0.391,2016-17,0.4941329856584094,1610612758,14.0,35.0,0.4,16.0,30.0,0.533,117.0,312.0,0.375,30.0,65.0,0.462
201228,C.J. Watson,33.0,ORL,248,105,0.305,2016-17,0.4233870967741935,1610612753,4.0,16.0,0.25,2.0,13.0,0.154,26.0,75.0,0.347,6.0,29.0,0.207
203912,C.J. Wilcox,26.0,ORL,31,15,0.2,2016-17,0.4838709677419355,1610612753,0.0,2.0,0.0,1.0,2.0,0.5,2.0,11.0,0.182,1.0,4.0,0.25
203468,CJ McCollum,25.0,POR,1441,439,0.421,2016-17,0.3046495489243581,1610612757,14.0,33.0,0.424,15.0,36.0,0.417,156.0,364.0,0.429,29.0,69.0,0.42
101139,CJ Miles,30.0,IND,647,409,0.413,2016-17,0.6321483771251932,1610612754,33.0,68.0,0.485,33.0,62.0,0.532,99.0,274.0,0.361,66.0,130.0,0.508
1626166,Cameron Payne,22.0,CHI,193,86,0.314,2016-17,0.4455958549222797,1610612741,1.0,4.0,0.25,3.0,5.0,0.6,23.0,76.0,0.303,4.0,9.0,0.444
1627747,Caris LeVert,22.0,BKN,380,184,0.321,2016-17,0.4842105263157895,1610612751,3.0,15.0,0.2,13.0,26.0,0.5,43.0,142.0,0.303,16.0,41.0,0.39
2546,Carmelo Anthony,33.0,NYK,1389,421,0.359,2016-17,0.3030957523398128,1610612752,9.0,25.0,0.36,11.0,22.0,0.5,131.0,367.0,0.357,20.0,47.0,0.426
202718,Chandler Parsons,28.0,MEM,222,93,0.269,2016-17,0.4189189189189189,1610612763,4.0,6.0,0.667,3.0,10.0,0.3,18.0,77.0,0.234,7.0,16.0,0.438
101112,Channing Frye,34.0,CLE,520,335,0.409,2016-17,0.6442307692307693,1610612739,20.0,41.0,0.488,13.0,37.0,0.351,104.0,257.0,0.405,33.0,78.0,0.423
1626184,Chasson Randle,24.0,NYK,98,47,0.34,2016-17,0.4795918367346938,1610612752,2.0,4.0,0.5,0.0,2.0,0.0,14.0,41.0,0.341,2.0,6.0,0.333
1627767,Cheick Diallo,20.0,NOP,76,0,0.0,2016-17,0.0,1610612740,0.0,0.0,0.0,0.0,0.0,0.0,0.0,0.0,0.0,0.0,0.0,0.0
1627778,Chinanu Onuaku,20.0,HOU,7,0,0.0,2016-17,0.0,1610612745,0.0,0.0,0.0,0.0,0.0,0.0,0.0,0.0,0.0,0.0,0.0,0.0
2365,Chris Andersen,38.0,CLE,22,3,0.0,2016-17,0.1363636363636363,1610612739,0.0,0.0,0.0,0.0,0.0,0.0,0.0,3.0,0.0,0.0,0.0,0.0
1626191,Chris McCullough,22.0,WAS,32,7,0.143,2016-17,0.21875,1610612764,0.0,2.0,0.0,0.0,1.0,0.0,1.0,4.0,0.25,0.0,3.0,0.0
101108,Chris Paul,32.0,LAC,785,302,0.411,2016-17,0.3847133757961783,1610612746,10.0,18.0,0.556,7.0,17.0,0.412,107.0,266.0,0.402,17.0,35.0,0.486
1626174,Christian Wood,21.0,CHA,23,5,0.0,2016-17,0.217391304347826,1610612766,0.0,1.0,0.0,0.0,0.0,0.0,0.0,4.0,0.0,0.0,1.0,0.0
203991,Clint Capela,23.0,HOU,563,0,0.0,2016-17,0.0,1610612745,0.0,0.0,0.0,0.0,0.0,0.0,0.0,0.0,0.0,0.0,0.0,0.0
203469,Cody Zeller,24.0,CHA,443,1,0.0,2016-17,0.0022573363431151,1610612766,0.0,0.0,0.0,0.0,0.0,0.0,0.0,1.0,0.0,0.0,0.0,0.0
202332,Cole Aldrich,28.0,MIN,86,0,0.0,2016-17,0.0,1610612750,0.0,0.0,0.0,0.0,0.0,0.0,0.0,0.0,0.0,0.0,0.0,0.0
201147,Corey Brewer,31.0,LAL,348,118,0.229,2016-17,0.3390804597701149,1610612747,8.0,38.0,0.211,11.0,36.0,0.306,8.0,39.0,0.205,19.0,74.0,0.257
202709,Cory Joseph,25.0,TOR,661,135,0.356,2016-17,0.2042360060514372,1610612761,7.0,27.0,0.259,8.0,15.0,0.533,33.0,93.0,0.355,15.0,42.0,0.357
201584,Courtney Lee,31.0,NYK,704,269,0.401,2016-17,0.3821022727272727,1610612752,30.0,63.0,0.476,20.0,49.0,0.408,58.0,157.0,0.369,50.0,112.0,0.446
1626245,Cristiano Felicio,24.0,CHI,221,0,0.0,2016-17,0.0,1610612741,0.0,0.0,0.0,0.0,0.0,0.0,0.0,0.0,0.0,0.0,0.0,0.0
1626156,D'Angelo Russell,21.0,LAL,867,384,0.352,2016-17,0.4429065743944637,1610612747,14.0,29.0,0.483,9.0,22.0,0.409,112.0,328.0,0.341,23.0,51.0,0.451
201571,D.J. Augustin,29.0,ORL,517,274,0.347,2016-17,0.5299806576402321,1610612753,13.0,34.0,0.382,6.0,19.0,0.316,76.0,217.0,0.35,19.0,53.0,0.358
2563,Dahntay Jones,36.0,CLE,8,2,0.0,2016-17,0.25,1610612739,0.0,0.0,0.0,0.0,2.0,0.0,0.0,0.0,0.0,0.0,2.0,0.0
1627745,Damian Jones,22.0,GSW,16,0,0.0,2016-17,0.0,1610612744,0.0,0.0,0.0,0.0,0.0,0.0,0.0,0.0,0.0,0.0,0.0,0.0
203081,Damian Lillard,26.0,POR,1488,579,0.37,2016-17,0.3891129032258064,1610612757,5.0,10.0,0.5,11.0,18.0,0.611,198.0,549.0,0.361,16.0,28.0,0.571
204014,Damjan Rudez,31.0,ORL,88,64,0.313,2016-17,0.7272727272727273,1610612753,1.0,9.0,0.111,0.0,2.0,0.0,19.0,53.0,0.358,1.0,11.0,0.091
1627849,Daniel Ochefu,23.0,WAS,27,0,0.0,2016-17,0.0,1610612764,0.0,0.0,0.0,0.0,0.0,0.0,0.0,0.0,0.0,0.0,0.0,0.0
201568,Danilo Gallinari,28.0,DEN,750,324,0.389,2016-17,0.432,1610612743,17.0,38.0,0.447,9.0,23.0,0.391,100.0,263.0,0.38,26.0,61.0,0.426
201980,Danny Green,30.0,SAS,449,311,0.379,2016-17,0.6926503340757239,1610612759,23.0,48.0,0.479,20.0,52.0,0.385,75.0,209.0,0.359,43.0,100.0,0.43
201967,Dante Cunningham,30.0,NOP,359,181,0.392,2016-17,0.5041782729805014,1610612740,22.0,64.0,0.344,29.0,64.0,0.453,19.0,52.0,0.365,51.0,128.0,0.398
203957,Dante Exum,21.0,UTA,363,149,0.295,2016-17,0.4104683195592286,1610612762,9.0,38.0,0.237,10.0,39.0,0.256,25.0,70.0,0.357,19.0,77.0,0.247
203967,Dario Saric,23.0,PHI,927,341,0.311,2016-17,0.3678532901833872,1610612755,4.0,17.0,0.235,6.0,13.0,0.462,95.0,310.0,0.306,10.0,30.0,0.333
201589,Darrell Arthur,29.0,DEN,215,117,0.453,2016-17,0.5441860465116279,1610612743,5.0,13.0,0.385,8.0,15.0,0.533,40.0,89.0,0.449,13.0,28.0,0.464
201954,Darren Collison,29.0,SAC,714,175,0.417,2016-17,0.2450980392156862,1610612758,9.0,19.0,0.474,19.0,31.0,0.613,45.0,125.0,0.36,28.0,50.0,0.56
1626199,Darrun Hilliard,24.0,DET,126,46,0.261,2016-17,0.365079365079365,1610612765,5.0,12.0,0.417,1.0,5.0,0.2,6.0,29.0,0.207,6.0,17.0,0.353
101135,David Lee,34.0,SAS,420,0,0.0,2016-17,0.0,1610612759,0.0,0.0,0.0,0.0,0.0,0.0,0.0,0.0,0.0,0.0,0.0,0.0
1628021,David Nwaba,24.0,LAL,81,5,0.2,2016-17,0.0617283950617283,1610612747,1.0,1.0,1.0,0.0,3.0,0.0,0.0,0.0,0.0,1.0,4.0,0.25
2561,David West,36.0,GSW,252,8,0.375,2016-17,0.0317460317460317,1610612744,1.0,2.0,0.5,0.0,0.0,0.0,2.0,5.0,0.4,1.0,2.0,0.5
202722,Davis Bertans,24.0,SAS,234,173,0.399,2016-17,0.7393162393162394,1610612759,9.0,16.0,0.563,8.0,20.0,0.4,52.0,136.0,0.382,17.0,36.0,0.472
201599,DeAndre Jordan,28.0,LAC,577,2,0.0,2016-17,0.0034662045060658,1610612746,0.0,0.0,0.0,0.0,0.0,0.0,0.0,2.0,0.0,0.0,0.0,0.0
202732,DeAndre Liggins,29.0,DAL,142,46,0.37,2016-17,0.323943661971831,1610612742,6.0,14.0,0.429,7.0,14.0,0.5,4.0,17.0,0.235,13.0,28.0,0.464
1627761,DeAndre' Bembry,22.0,ATL,98,18,0.056,2016-17,0.1836734693877551,1610612737,1.0,5.0,0.2,0.0,2.0,0.0,0.0,10.0,0.0,1.0,7.0,0.143
201942,DeMar DeRozan,27.0,TOR,1545,124,0.266,2016-17,0.0802588996763754,1610612761,10.0,32.0,0.313,10.0,18.0,0.556,13.0,71.0,0.183,20.0,50.0,0.4
202326,DeMarcus Cousins,26.0,NOP,1432,363,0.361,2016-17,0.2534916201117318,1610612740,1.0,7.0,0.143,2.0,4.0,0.5,128.0,347.0,0.369,3.0,11.0,0.273
201960,DeMarre Carroll,30.0,TOR,550,320,0.341,2016-17,0.5818181818181818,1610612761,18.0,47.0,0.383,23.0,59.0,0.39,68.0,211.0,0.322,41.0,106.0,0.387
1627749,Dejounte Murray,20.0,SAS,116,23,0.391,2016-17,0.1982758620689655,1610612759,1.0,1.0,1.0,2.0,5.0,0.4,6.0,17.0,0.353,3.0,6.0,0.5
1626153,Delon Wright,25.0,TOR,116,30,0.333,2016-17,0.2586206896551724,1610612761,1.0,5.0,0.2,1.0,2.0,0.5,8.0,23.0,0.348,2.0,7.0,0.286
1627743,Demetrius Jackson,22.0,BOS,4,1,1.0,2016-17,0.25,1610612738,,,,0.0,0.0,0.0,1.0,1.0,1.0,0.0,0.0,0.0
203471,Dennis Schröder,23.0,ATL,1214,294,0.34,2016-17,0.2421746293245469,1610612737,9.0,18.0,0.5,4.0,8.0,0.5,87.0,266.0,0.327,13.0,26.0,0.5
1627756,Denzel Valentine,23.0,CHI,288,208,0.351,2016-17,0.7222222222222222,1610612741,18.0,32.0,0.563,10.0,34.0,0.294,45.0,141.0,0.319,28.0,66.0,0.424
101114,Deron Williams,33.0,CLE,600,234,0.363,2016-17,0.39,1610612739,5.0,14.0,0.357,10.0,23.0,0.435,70.0,196.0,0.357,15.0,37.0,0.405
202324,Derrick Favors,25.0,UTA,417,10,0.3,2016-17,0.0239808153477218,1610612762,0.0,1.0,0.0,1.0,2.0,0.5,2.0,7.0,0.286,1.0,3.0,0.333
1627884,Derrick Jones Jr.,20.0,PHX,121,11,0.273,2016-17,0.0909090909090909,1610612756,1.0,3.0,0.333,2.0,2.0,1.0,0.0,6.0,0.0,3.0,5.0,0.6
201565,Derrick Rose,28.0,NYK,977,60,0.217,2016-17,0.0614124872057318,1610612752,3.0,6.0,0.5,2.0,5.0,0.4,8.0,44.0,0.182,5.0,11.0,0.455
202682,Derrick Williams,26.0,CLE,244,97,0.309,2016-17,0.3975409836065574,1610612739,5.0,18.0,0.278,8.0,24.0,0.333,17.0,54.0,0.315,13.0,42.0,0.31
1626164,Devin Booker,20.0,PHX,1431,405,0.363,2016-17,0.2830188679245283,1610612756,7.0,30.0,0.233,17.0,29.0,0.586,123.0,344.0,0.358,24.0,59.0,0.407
2734,Devin Harris,34.0,DAL,341,177,0.328,2016-17,0.5190615835777126,1610612742,6.0,15.0,0.4,8.0,24.0,0.333,44.0,133.0,0.331,14.0,39.0,0.359
203473,Dewayne Dedmon,27.0,SAS,259,0,0.0,2016-17,0.0,1610612759,0.0,0.0,0.0,0.0,0.0,0.0,0.0,0.0,0.0,0.0,0.0,0.0
1627738,Deyonta Davis,20.0,MEM,47,0,0.0,2016-17,0.0,1610612763,0.0,0.0,0.0,0.0,0.0,0.0,0.0,0.0,0.0,0.0,0.0,0.0
1627754,Diamond Stone,20.0,LAC,13,0,0.0,2016-17,0.0,1610612746,0.0,0.0,0.0,0.0,0.0,0.0,0.0,0.0,0.0,0.0,0.0,0.0
203079,Dion Waiters,25.0,MIA,663,215,0.395,2016-17,0.3242835595776772,1610612748,21.0,35.0,0.6,9.0,21.0,0.429,55.0,157.0,0.35,30.0,56.0,0.536
1717,Dirk Nowitzki,39.0,DAL,678,209,0.378,2016-17,0.308259587020649,1610612742,4.0,8.0,0.5,1.0,5.0,0.2,74.0,196.0,0.378,5.0,13.0,0.385
1627734,Domantas Sabonis,21.0,OKC,481,159,0.321,2016-17,0.3305613305613306,1610612760,9.0,26.0,0.346,4.0,20.0,0.2,38.0,113.0,0.336,13.0,46.0,0.283
202700,Donatas Motiejunas,26.0,NOP,138,47,0.234,2016-17,0.3405797101449275,1610612740,2.0,5.0,0.4,1.0,3.0,0.333,8.0,39.0,0.205,3.0,8.0,0.375
1627827,Dorian Finney-Smith,24.0,DAL,333,191,0.293,2016-17,0.5735735735735735,1610612742,8.0,36.0,0.222,13.0,45.0,0.289,35.0,107.0,0.327,21.0,81.0,0.259
203926,Doug McDermott,25.0,OKC,497,208,0.37,2016-17,0.4185110663983903,1610612760,22.0,53.0,0.415,5.0,16.0,0.313,50.0,139.0,0.36,27.0,69.0,0.391
1627733,Dragan Bender,19.0,PHX,161,101,0.277,2016-17,0.6273291925465838,1610612756,5.0,18.0,0.278,5.0,13.0,0.385,18.0,69.0,0.261,10.0,31.0,0.323
203110,Draymond Green,27.0,GSW,650,263,0.308,2016-17,0.4046153846153846,1610612744,3.0,8.0,0.375,4.0,11.0,0.364,74.0,243.0,0.305,7.0,19.0,0.368
2730,Dwight Howard,31.0,ATL,613,2,0.0,2016-17,0.0032626427406199,1610612737,0.0,1.0,0.0,0.0,1.0,0.0,0.0,0.0,0.0,0.0,2.0,0.0
203939,Dwight Powell,25.0,DAL,377,74,0.284,2016-17,0.1962864721485411,1610612742,2.0,9.0,0.222,0.0,7.0,0.0,19.0,57.0,0.333,2.0,16.0,0.125
2548,Dwyane Wade,35.0,CHI,955,145,0.31,2016-17,0.1518324607329843,1610612741,7.0,15.0,0.467,4.0,9.0,0.444,34.0,120.0,0.283,11.0,24.0,0.458
202734,E'Twaun Moore,28.0,NOP,619,208,0.37,2016-17,0.3360258481421648,1610612740,21.0,47.0,0.447,9.0,28.0,0.321,47.0,132.0,0.356,30.0,75.0,0.4
202334,Ed Davis,28.0,POR,142,0,0.0,2016-17,0.0,1610612757,0.0,0.0,0.0,0.0,0.0,0.0,0.0,0.0,0.0,0.0,0.0,0.0
204002,Edy Tavares,25.0,CLE,5,0,0.0,2016-17,0.0,1610612739,0.0,0.0,0.0,0.0,0.0,0.0,0.0,0.0,0.0,0.0,0.0,0.0
203901,Elfrid Payton,23.0,ORL,912,146,0.274,2016-17,0.1600877192982456,1610612753,5.0,19.0,0.263,8.0,20.0,0.4,27.0,105.0,0.257,13.0,39.0,0.333
202407,Elijah Millsap,29.0,PHX,7,2,0.0,2016-17,0.2857142857142857,1610612756,0.0,0.0,0.0,0.0,0.0,0.0,0.0,2.0,0.0,0.0,0.0,0.0
1626144,Emmanuel Mudiay,21.0,DEN,551,178,0.315,2016-17,0.323049001814882,1610612743,5.0,22.0,0.227,6.0,17.0,0.353,45.0,138.0,0.326,11.0,39.0,0.282
202683,Enes Freedom,25.0,OKC,737,38,0.132,2016-17,0.0515603799185888,1610612760,1.0,6.0,0.167,0.0,12.0,0.0,4.0,19.0,0.211,1.0,18.0,0.056
202339,Eric Bledsoe,27.0,PHX,1034,310,0.335,2016-17,0.299806576402321,1610612756,3.0,7.0,0.429,4.0,17.0,0.235,97.0,282.0,0.344,7.0,24.0,0.292
201569,Eric Gordon,28.0,HOU,1016,661,0.372,2016-17,0.6505905511811023,1610612745,18.0,44.0,0.409,14.0,46.0,0.304,213.0,568.0,0.375,32.0,90.0,0.356
101141,Ersan Ilyasova,30.0,ATL,890,402,0.353,2016-17,0.451685393258427,1610612737,26.0,49.0,0.531,12.0,37.0,0.324,104.0,316.0,0.329,38.0,86.0,0.442
203095,Evan Fournier,24.0,ORL,930,360,0.356,2016-17,0.3870967741935484,1610612753,8.0,26.0,0.308,17.0,42.0,0.405,102.0,287.0,0.355,25.0,68.0,0.368
202323,Evan Turner,28.0,POR,552,118,0.263,2016-17,0.213768115942029,1610612757,6.0,27.0,0.222,11.0,27.0,0.407,14.0,64.0,0.219,17.0,54.0,0.315
1626163,Frank Kaminsky,24.0,CHA,802,354,0.328,2016-17,0.4413965087281795,1610612766,11.0,30.0,0.367,3.0,11.0,0.273,102.0,308.0,0.331,14.0,41.0,0.341
1627832,Fred VanVleet,23.0,TOR,111,29,0.379,2016-17,0.2612612612612612,1610612761,4.0,4.0,1.0,2.0,5.0,0.4,5.0,19.0,0.263,6.0,9.0,0.667
202066,Garrett Temple,31.0,SAC,432,220,0.373,2016-17,0.5092592592592593,1610612758,14.0,49.0,0.286,11.0,35.0,0.314,57.0,136.0,0.419,25.0,84.0,0.298
203914,Gary Harris,22.0,DEN,637,255,0.42,2016-17,0.4003139717425432,1610612743,27.0,46.0,0.587,7.0,16.0,0.438,73.0,189.0,0.386,34.0,62.0,0.548
202390,Gary Neal,32.0,ATL,7,2,0.0,2016-17,0.2857142857142857,1610612737,0.0,0.0,0.0,0.0,0.0,0.0,0.0,2.0,0.0,0.0,0.0,0.0
1627780,Gary Payton II,24.0,MIL,22,9,0.111,2016-17,0.4090909090909091,1610612749,0.0,0.0,0.0,0.0,1.0,0.0,1.0,8.0,0.125,0.0,1.0,0.0
201588,George Hill,31.0,UTA,606,233,0.403,2016-17,0.3844884488448845,1610612762,13.0,27.0,0.481,13.0,34.0,0.382,68.0,170.0,0.4,26.0,61.0,0.426
1627777,Georges Niang,24.0,IND,36,12,0.083,2016-17,0.3333333333333333,1610612754,1.0,2.0,0.5,0.0,1.0,0.0,0.0,9.0,0.0,1.0,3.0,0.333
1627834,Georgios Papagiannis,19.0,SAC,102,2,0.0,2016-17,0.0196078431372549,1610612758,0.0,0.0,0.0,0.0,0.0,0.0,0.0,2.0,0.0,0.0,0.0,0.0
101123,Gerald Green,31.0,BOS,232,111,0.351,2016-17,0.4784482758620689,1610612738,5.0,18.0,0.278,6.0,13.0,0.462,28.0,77.0,0.364,11.0,31.0,0.355
201945,Gerald Henderson,29.0,PHI,553,173,0.353,2016-17,0.3128390596745027,1610612755,9.0,21.0,0.429,10.0,31.0,0.323,41.0,117.0,0.35,19.0,52.0,0.365
203507,Giannis Antetokounmpo,22.0,MIL,1259,180,0.272,2016-17,0.1429706115965051,1610612749,0.0,8.0,0.0,5.0,14.0,0.357,44.0,153.0,0.288,5.0,22.0,0.227
203922,Glenn Robinson III,23.0,IND,338,125,0.392,2016-17,0.3698224852071006,1610612754,18.0,38.0,0.474,15.0,37.0,0.405,16.0,49.0,0.327,33.0,75.0,0.44
201609,Goran Dragic,31.0,MIA,1124,289,0.405,2016-17,0.2571174377224199,1610612748,16.0,35.0,0.457,11.0,29.0,0.379,90.0,224.0,0.402,27.0,64.0,0.422
202330,Gordon Hayward,27.0,UTA,1156,374,0.398,2016-17,0.3235294117647059,1610612762,11.0,21.0,0.524,10.0,31.0,0.323,128.0,321.0,0.399,21.0,52.0,0.404
203476,Gorgui Dieng,27.0,MIN,661,43,0.372,2016-17,0.0650529500756429,1610612750,4.0,9.0,0.444,10.0,23.0,0.435,2.0,8.0,0.25,14.0,32.0,0.438
202328,Greg Monroe,27.0,MIL,726,4,0.0,2016-17,0.0055096418732782,1610612749,0.0,0.0,0.0,0.0,1.0,0.0,0.0,1.0,0.0,0.0,1.0,0.0
202349,Greivis Vasquez,30.0,BKN,8,3,0.333,2016-17,0.375,1610612751,0.0,0.0,0.0,0.0,0.0,0.0,1.0,3.0,0.333,0.0,0.0,0.0
203084,Harrison Barnes,25.0,DAL,1280,222,0.351,2016-17,0.1734375,1610612742,9.0,32.0,0.281,12.0,32.0,0.375,56.0,157.0,0.357,21.0,64.0,0.328
202355,Hassan Whiteside,28.0,MIA,973,0,0.0,2016-17,0.0,1610612748,0.0,0.0,0.0,0.0,0.0,0.0,0.0,0.0,0.0,0.0,0.0,0.0
1627740,Henry Ellenson,20.0,DET,64,35,0.286,2016-17,0.546875,1610612765,1.0,4.0,0.25,0.0,2.0,0.0,9.0,29.0,0.31,1.0,6.0,0.167
203138,Hollis Thompson,26.0,NOP,200,95,0.337,2016-17,0.475,1610612740,8.0,13.0,0.615,6.0,26.0,0.231,18.0,56.0,0.321,14.0,39.0,0.359
203546,Ian Clark,26.0,GSW,433,163,0.374,2016-17,0.3764434180138568,1610612744,8.0,24.0,0.333,8.0,24.0,0.333,45.0,112.0,0.402,16.0,48.0,0.333
101133,Ian Mahinmi,30.0,WAS,111,0,0.0,2016-17,0.0,1610612764,0.0,0.0,0.0,0.0,0.0,0.0,0.0,0.0,0.0,0.0,0.0,0.0
202697,Iman Shumpert,27.0,CLE,489,261,0.36,2016-17,0.5337423312883436,1610612739,27.0,56.0,0.482,17.0,57.0,0.298,49.0,147.0,0.333,44.0,113.0,0.389
203477,Isaiah Canaan,26.0,CHI,173,94,0.266,2016-17,0.5433526011560693,1610612741,5.0,12.0,0.417,3.0,17.0,0.176,17.0,65.0,0.262,8.0,29.0,0.276
1627819,Isaiah Taylor,22.0,HOU,7,2,0.0,2016-17,0.2857142857142857,1610612745,0.0,0.0,0.0,0.0,1.0,0.0,0.0,1.0,0.0,0.0,1.0,0.0
202738,Isaiah Thomas,28.0,BOS,1473,646,0.379,2016-17,0.438560760353021,1610612738,7.0,28.0,0.25,30.0,59.0,0.508,208.0,559.0,0.372,37.0,87.0,0.425
1627785,Isaiah Whitehead,22.0,BKN,508,149,0.295,2016-17,0.2933070866141732,1610612751,4.0,9.0,0.444,8.0,15.0,0.533,32.0,122.0,0.262,12.0,24.0,0.5
202397,Ish Smith,28.0,DET,749,105,0.267,2016-17,0.1401869158878504,1610612765,4.0,11.0,0.364,6.0,13.0,0.462,18.0,79.0,0.228,10.0,24.0,0.417
1627826,Ivica Zubac,20.0,LAL,238,3,0.0,2016-17,0.0126050420168067,1610612747,0.0,0.0,0.0,0.0,0.0,0.0,0.0,2.0,0.0,0.0,0.0,0.0
200826,J.J. Barea,33.0,DAL,343,148,0.358,2016-17,0.4314868804664723,1610612742,1.0,4.0,0.25,2.0,6.0,0.333,50.0,138.0,0.362,3.0,10.0,0.3
200755,JJ Redick,33.0,LAC,890,468,0.429,2016-17,0.5258426966292135,1610612746,19.0,33.0,0.576,14.0,39.0,0.359,161.0,388.0,0.415,33.0,72.0,0.458
2747,JR Smith,31.0,CLE,356,271,0.351,2016-17,0.7612359550561798,1610612739,22.0,51.0,0.431,14.0,29.0,0.483,59.0,189.0,0.312,36.0,80.0,0.45
203210,JaMychal Green,27.0,MEM,500,145,0.379,2016-17,0.29,1610612763,18.0,46.0,0.391,16.0,38.0,0.421,21.0,60.0,0.35,34.0,84.0,0.405
201580,JaVale McGee,29.0,GSW,319,3,0.0,2016-17,0.0094043887147335,1610612744,0.0,0.0,0.0,0.0,0.0,0.0,0.0,2.0,0.0,0.0,0.0,0.0
203953,Jabari Parker,22.0,MIL,814,178,0.365,2016-17,0.2186732186732186,1610612749,11.0,27.0,0.407,13.0,29.0,0.448,41.0,118.0,0.347,24.0,56.0,0.429
203109,Jae Crowder,26.0,BOS,720,394,0.398,2016-17,0.5472222222222223,1610612738,18.0,38.0,0.474,25.0,55.0,0.455,114.0,300.0,0.38,43.0,93.0,0.462
1626143,Jahlil Okafor,21.0,PHI,471,0,0.0,2016-17,0.0,1610612755,0.0,0.0,0.0,0.0,0.0,0.0,0.0,0.0,0.0,0.0,0.0,0.0
1627774,Jake Layman,23.0,POR,89,51,0.255,2016-17,0.5730337078651685,1610612757,2.0,7.0,0.286,1.0,3.0,0.333,10.0,40.0,0.25,3.0,10.0,0.3
1627751,Jakob Poeltl,21.0,TOR,115,0,0.0,2016-17,0.0,1610612761,0.0,0.0,0.0,0.0,0.0,0.0,0.0,0.0,0.0,0.0,0.0,0.0
2037,Jamal Crawford,37.0,LAC,870,322,0.36,2016-17,0.3701149425287356,1610612746,9.0,24.0,0.375,14.0,39.0,0.359,90.0,251.0,0.359,23.0,63.0,0.365
1627750,Jamal Murray,20.0,DEN,730,344,0.334,2016-17,0.4712328767123288,1610612743,13.0,42.0,0.31,18.0,34.0,0.529,84.0,258.0,0.326,31.0,76.0,0.408
2749,Jameer Nelson,35.0,DEN,604,273,0.388,2016-17,0.4519867549668874,1610612743,6.0,22.0,0.273,2.0,6.0,0.333,98.0,243.0,0.403,8.0,28.0,0.286
203516,James Ennis III,26.0,MEM,321,137,0.372,2016-17,0.4267912772585669,1610612763,14.0,32.0,0.438,10.0,26.0,0.385,26.0,77.0,0.338,24.0,58.0,0.414
201935,James Harden,27.0,HOU,1533,756,0.347,2016-17,0.4931506849315068,1610612745,6.0,19.0,0.316,9.0,24.0,0.375,247.0,708.0,0.349,15.0,43.0,0.349
201949,James Johnson,30.0,MIA,769,256,0.34,2016-17,0.3328998699609883,1610612748,9.0,35.0,0.257,26.0,54.0,0.481,52.0,161.0,0.323,35.0,89.0,0.393
2592,James Jones,36.0,CLE,92,66,0.47,2016-17,0.717391304347826,1610612739,4.0,9.0,0.444,8.0,15.0,0.533,19.0,42.0,0.452,12.0,24.0,0.5
203949,James Michael McAdoo,24.0,GSW,117,8,0.25,2016-17,0.0683760683760683,1610612744,0.0,1.0,0.0,1.0,1.0,1.0,1.0,6.0,0.167,1.0,2.0,0.5
203923,James Young,21.0,BOS,58,35,0.343,2016-17,0.603448275862069,1610612738,2.0,5.0,0.4,3.0,8.0,0.375,6.0,21.0,0.286,5.0,13.0,0.385
201162,Jared Dudley,31.0,PHX,346,203,0.379,2016-17,0.5867052023121387,1610612756,2.0,6.0,0.333,7.0,35.0,0.2,68.0,161.0,0.422,9.0,41.0,0.22
203096,Jared Sullinger,25.0,TOR,47,18,0.167,2016-17,0.3829787234042553,1610612761,0.0,0.0,0.0,1.0,1.0,1.0,2.0,17.0,0.118,1.0,1.0,1.0
204067,Jarell Eddie,25.0,PHX,19,16,0.25,2016-17,0.8421052631578947,1610612756,1.0,2.0,0.5,0.0,2.0,0.0,3.0,12.0,0.25,1.0,4.0,0.25
1626185,Jarell Martin,23.0,MEM,151,25,0.36,2016-17,0.1655629139072847,1610612763,2.0,7.0,0.286,5.0,8.0,0.625,2.0,9.0,0.222,7.0,15.0,0.467
203950,Jarnell Stokes,23.0,DEN,1,0,0.0,2016-17,0.0,1610612743,,,,,,,0.0,0.0,0.0,,,
101127,Jarrett Jack,33.0,NOP,3,1,0.0,2016-17,0.3333333333333333,1610612740,0.0,0.0,0.0,0.0,1.0,0.0,0.0,0.0,0.0,0.0,1.0,0.0
1627784,Jarrod Uthoff,24.0,DAL,38,9,0.333,2016-17,0.2368421052631578,1610612742,2.0,2.0,1.0,1.0,3.0,0.333,0.0,4.0,0.0,3.0,5.0,0.6
201160,Jason Smith,31.0,WAS,329,78,0.474,2016-17,0.2370820668693009,1610612764,7.0,17.0,0.412,10.0,19.0,0.526,19.0,41.0,0.463,17.0,36.0,0.472
1891,Jason Terry,39.0,MIL,243,171,0.427,2016-17,0.7037037037037037,1610612749,13.0,43.0,0.302,22.0,49.0,0.449,37.0,77.0,0.481,35.0,92.0,0.38
1627759,Jaylen Brown,20.0,BOS,422,134,0.343,2016-17,0.3175355450236967,1610612738,13.0,28.0,0.464,9.0,23.0,0.391,24.0,81.0,0.296,22.0,51.0,0.431
201145,Jeff Green,30.0,ORL,558,193,0.275,2016-17,0.3458781362007168,1610612753,6.0,21.0,0.286,7.0,18.0,0.389,40.0,147.0,0.272,13.0,39.0,0.333
201952,Jeff Teague,29.0,IND,909,252,0.357,2016-17,0.2772277227722772,1610612754,6.0,13.0,0.462,2.0,11.0,0.182,81.0,224.0,0.362,8.0,24.0,0.333
203481,Jeff Withey,27.0,UTA,103,1,0.0,2016-17,0.0097087378640776,1610612762,0.0,0.0,0.0,0.0,0.0,0.0,0.0,0.0,0.0,0.0,0.0,0.0
203924,Jerami Grant,23.0,OKC,328,116,0.371,2016-17,0.3536585365853658,1610612760,9.0,22.0,0.409,20.0,45.0,0.444,14.0,50.0,0.28,29.0,67.0,0.433
203087,Jeremy Lamb,25.0,CHA,491,146,0.281,2016-17,0.2973523421588595,1610612766,3.0,19.0,0.158,1.0,10.0,0.1,37.0,115.0,0.322,4.0,29.0,0.138
202391,Jeremy Lin,28.0,BKN,400,156,0.372,2016-17,0.39,1610612751,2.0,6.0,0.333,2.0,8.0,0.25,54.0,140.0,0.386,4.0,14.0,0.286
1626170,Jerian Grant,24.0,CHI,301,134,0.366,2016-17,0.4451827242524916,1610612741,6.0,12.0,0.5,9.0,21.0,0.429,34.0,100.0,0.34,15.0,33.0,0.455
201573,Jerryd Bayless,28.0,PHI,32,5,0.4,2016-17,0.15625,1610612755,0.0,0.0,0.0,0.0,0.0,0.0,2.0,5.0,0.4,0.0,0.0,0.0
202710,Jimmy Butler III,27.0,CHI,1252,248,0.367,2016-17,0.1980830670926517,1610612741,9.0,17.0,0.529,12.0,21.0,0.571,70.0,207.0,0.338,21.0,38.0,0.553
201149,Joakim Noah,32.0,NYK,202,1,0.0,2016-17,0.0049504950495049,1610612752,0.0,0.0,0.0,0.0,0.0,0.0,0.0,1.0,0.0,0.0,0.0,0.0
201975,Jodie Meeks,29.0,ORL,256,137,0.409,2016-17,0.53515625,1610612753,7.0,12.0,0.583,2.0,7.0,0.286,47.0,117.0,0.402,9.0,19.0,0.474
203925,Joe Harris,25.0,BKN,362,221,0.385,2016-17,0.6104972375690608,1610612751,9.0,24.0,0.375,17.0,33.0,0.515,59.0,164.0,0.36,26.0,57.0,0.456
204060,Joe Ingles,29.0,UTA,451,279,0.441,2016-17,0.6186252771618626,1610612762,20.0,53.0,0.377,23.0,48.0,0.479,80.0,177.0,0.452,43.0,101.0,0.426
2207,Joe Johnson,36.0,UTA,626,258,0.411,2016-17,0.4121405750798722,1610612762,23.0,53.0,0.434,16.0,36.0,0.444,66.0,168.0,0.393,39.0,89.0,0.438
1626202,Joe Young,25.0,IND,72,23,0.217,2016-17,0.3194444444444444,1610612754,1.0,3.0,0.333,0.0,1.0,0.0,4.0,18.0,0.222,1.0,4.0,0.25
201202,Joel Anthony,34.0,SAS,16,0,0.0,2016-17,0.0,1610612759,0.0,0.0,0.0,0.0,0.0,0.0,0.0,0.0,0.0,0.0,0.0,0.0
1627762,Joel Bolomboy,23.0,UTA,16,4,0.25,2016-17,0.25,1610612762,0.0,1.0,0.0,0.0,0.0,0.0,1.0,3.0,0.333,0.0,1.0,0.0
203954,Joel Embiid,23.0,PHI,429,98,0.367,2016-17,0.2284382284382284,1610612755,0.0,2.0,0.0,0.0,0.0,0.0,36.0,96.0,0.375,0.0,2.0,0.0
203530,Joffrey Lauvergne,25.0,CHI,336,98,0.337,2016-17,0.2916666666666667,1610612741,6.0,16.0,0.375,6.0,12.0,0.5,21.0,69.0,0.304,12.0,28.0,0.429
203089,John Henson,26.0,MIL,309,1,0.0,2016-17,0.0032362459546925,1610612749,0.0,0.0,0.0,0.0,0.0,0.0,0.0,0.0,0.0,0.0,0.0,0.0
203098,John Jenkins,26.0,PHX,5,2,0.5,2016-17,0.4,1610612756,,,,0.0,1.0,0.0,1.0,1.0,1.0,0.0,1.0,0.0
101249,John Lucas III,34.0,MIN,4,1,0.0,2016-17,0.25,1610612750,0.0,0.0,0.0,,,,0.0,1.0,0.0,0.0,0.0,0.0
202322,John Wall,26.0,WAS,1435,272,0.327,2016-17,0.1895470383275261,1610612764,5.0,15.0,0.333,2.0,12.0,0.167,82.0,242.0,0.339,7.0,27.0,0.259
203948,Johnny O'Bryant III,24.0,CHA,30,6,0.5,2016-17,0.2,1610612766,0.0,0.0,0.0,0.0,0.0,0.0,3.0,6.0,0.5,0.0,0.0,0.0
202720,Jon Leuer,28.0,DET,646,167,0.293,2016-17,0.2585139318885449,1610612765,8.0,21.0,0.381,3.0,17.0,0.176,38.0,129.0,0.295,11.0,38.0,0.289
201973,Jonas Jerebko,30.0,BOS,262,130,0.346,2016-17,0.4961832061068702,1610612738,9.0,21.0,0.429,10.0,34.0,0.294,26.0,73.0,0.356,19.0,55.0,0.345
202685,Jonas Valančiūnas,25.0,TOR,702,2,0.5,2016-17,0.0028490028490028,1610612761,0.0,0.0,0.0,0.0,0.0,0.0,1.0,1.0,1.0,0.0,0.0,0.0
1626780,Jonathan Gibson,29.0,DAL,95,45,0.333,2016-17,0.4736842105263157,1610612742,0.0,1.0,0.0,1.0,1.0,1.0,14.0,42.0,0.333,1.0,2.0,0.5
203613,Jonathon Simmons,27.0,SAS,421,102,0.294,2016-17,0.2422802850356294,1610612759,8.0,25.0,0.32,4.0,14.0,0.286,18.0,59.0,0.305,12.0,39.0,0.308
203903,Jordan Clarkson,25.0,LAL,1071,356,0.329,2016-17,0.3323996265172735,1610612747,8.0,36.0,0.222,8.0,25.0,0.32,99.0,291.0,0.34,16.0,61.0,0.262
202348,Jordan Crawford,28.0,NOP,218,95,0.389,2016-17,0.4357798165137614,1610612740,2.0,9.0,0.222,1.0,3.0,0.333,34.0,83.0,0.41,3.0,12.0,0.25
200770,Jordan Farmar,30.0,SAC,12,9,0.444,2016-17,0.75,1610612758,0.0,0.0,0.0,0.0,2.0,0.0,4.0,7.0,0.571,0.0,2.0,0.0
201941,Jordan Hill,29.0,MIN,13,0,0.0,2016-17,0.0,1610612750,0.0,0.0,0.0,0.0,0.0,0.0,0.0,0.0,0.0,0.0,0.0,0.0
203895,Jordan McRae,26.0,CLE,150,51,0.353,2016-17,0.34,1610612739,7.0,14.0,0.5,2.0,7.0,0.286,9.0,28.0,0.321,9.0,21.0,0.429
1626175,Jordan Mickey,22.0,BOS,34,1,0.0,2016-17,0.0294117647058823,1610612738,0.0,1.0,0.0,0.0,0.0,0.0,0.0,0.0,0.0,0.0,1.0,0.0
101181,Jose Calderon,35.0,ATL,134,64,0.313,2016-17,0.4776119402985074,1610612737,0.0,7.0,0.0,2.0,7.0,0.286,18.0,50.0,0.36,2.0,14.0,0.143
203962,Josh Huestis,25.0,OKC,11,4,0.5,2016-17,0.3636363636363636,1610612760,0.0,0.0,0.0,1.0,1.0,1.0,1.0,3.0,0.333,1.0,1.0,1.0
201177,Josh McRoberts,30.0,MIA,118,31,0.419,2016-17,0.2627118644067797,1610612748,0.0,1.0,0.0,1.0,3.0,0.333,12.0,27.0,0.444,1.0,4.0,0.25
1626196,Josh Richardson,23.0,MIA,513,227,0.33,2016-17,0.442495126705653,1610612748,15.0,33.0,0.455,13.0,27.0,0.481,47.0,166.0,0.283,28.0,60.0,0.467
201950,Jrue Holiday,27.0,NOP,893,281,0.356,2016-17,0.3146696528555431,1610612740,9.0,20.0,0.45,7.0,19.0,0.368,83.0,240.0,0.346,16.0,39.0,0.41
1627823,Juancho Hernangomez,21.0,DEN,224,113,0.407,2016-17,0.5044642857142857,1610612743,7.0,15.0,0.467,8.0,15.0,0.533,31.0,83.0,0.373,15.0,30.0,0.5
203944,Julius Randle,22.0,LAL,773,63,0.27,2016-17,0.0815006468305304,1610612747,1.0,2.0,0.5,1.0,2.0,0.5,15.0,59.0,0.254,2.0,4.0,0.5
1626147,Justin Anderson,23.0,PHI,439,194,0.299,2016-17,0.4419134396355353,1610612755,7.0,25.0,0.28,8.0,20.0,0.4,43.0,147.0,0.293,15.0,45.0,0.333
203120,Justin Hamilton,27.0,BKN,379,180,0.306,2016-17,0.4749340369393139,1610612751,14.0,37.0,0.378,7.0,34.0,0.206,34.0,109.0,0.312,21.0,71.0,0.296
202712,Justin Harper,27.0,PHI,12,7,0.286,2016-17,0.5833333333333334,1610612755,0.0,0.0,0.0,0.0,0.0,0.0,2.0,7.0,0.286,0.0,0.0,0.0
203200,Justin Holiday,28.0,NYK,538,273,0.355,2016-17,0.5074349442379182,1610612752,16.0,42.0,0.381,29.0,53.0,0.547,52.0,175.0,0.297,45.0,95.0,0.474
1626159,Justise Winslow,21.0,MIA,225,35,0.2,2016-17,0.1555555555555555,1610612748,3.0,10.0,0.3,3.0,12.0,0.25,1.0,12.0,0.083,6.0,22.0,0.273
203994,Jusuf Nurkić,22.0,POR,534,1,0.0,2016-17,0.0018726591760299,1610612757,0.0,0.0,0.0,0.0,0.0,0.0,0.0,1.0,0.0,0.0,0.0,0.0
203909,KJ McDaniels,24.0,BKN,169,66,0.303,2016-17,0.3905325443786982,1610612751,2.0,8.0,0.25,4.0,6.0,0.667,14.0,52.0,0.269,6.0,14.0,0.429
1626157,Karl-Anthony Towns,21.0,MIN,1480,275,0.367,2016-17,0.1858108108108108,1610612750,15.0,28.0,0.536,9.0,29.0,0.31,77.0,214.0,0.36,24.0,57.0,0.421
202695,Kawhi Leonard,26.0,SAS,1312,387,0.38,2016-17,0.2949695121951219,1610612759,17.0,32.0,0.531,12.0,31.0,0.387,118.0,323.0,0.365,29.0,63.0,0.46
1627770,Kay Felder,22.0,CLE,158,22,0.318,2016-17,0.1392405063291139,1610612739,2.0,4.0,0.5,1.0,3.0,0.333,4.0,15.0,0.267,3.0,7.0,0.429
203482,Kelly Olynyk,26.0,BOS,508,192,0.354,2016-17,0.3779527559055118,1610612738,8.0,15.0,0.533,10.0,17.0,0.588,50.0,160.0,0.313,18.0,32.0,0.563
1626162,Kelly Oubre Jr.,21.0,WAS,442,188,0.287,2016-17,0.4253393665158371,1610612764,5.0,38.0,0.132,10.0,45.0,0.222,39.0,103.0,0.379,15.0,83.0,0.181
202689,Kemba Walker,27.0,CHA,1449,602,0.399,2016-17,0.4154589371980676,1610612766,13.0,24.0,0.542,10.0,22.0,0.455,217.0,553.0,0.392,23.0,46.0,0.5
202702,Kenneth Faried,27.0,DEN,416,6,0.0,2016-17,0.0144230769230769,1610612743,0.0,0.0,0.0,0.0,0.0,0.0,0.0,4.0,0.0,0.0,0.0,0.0
203145,Kent Bazemore,27.0,ATL,721,266,0.346,2016-17,0.3689320388349514,1610612737,16.0,37.0,0.432,20.0,53.0,0.377,55.0,172.0,0.32,36.0,90.0,0.4
203484,Kentavious Caldwell-Pope,24.0,DET,928,437,0.35,2016-17,0.4709051724137931,1610612765,28.0,59.0,0.475,7.0,17.0,0.412,118.0,353.0,0.334,35.0,76.0,0.461
201142,Kevin Durant,28.0,GSW,1026,312,0.375,2016-17,0.3040935672514619,1610612744,9.0,15.0,0.6,8.0,25.0,0.32,100.0,270.0,0.37,17.0,40.0,0.425
201567,Kevin Love,28.0,CLE,867,389,0.373,2016-17,0.4486735870818916,1610612739,29.0,80.0,0.363,31.0,66.0,0.47,85.0,244.0,0.348,60.0,146.0,0.411
202338,Kevin Seraphin,27.0,IND,198,2,0.0,2016-17,0.0101010101010101,1610612754,0.0,0.0,0.0,0.0,0.0,0.0,0.0,2.0,0.0,0.0,0.0,0.0
1626172,Kevon Looney,21.0,GSW,107,9,0.222,2016-17,0.0841121495327102,1610612744,0.0,0.0,0.0,0.0,0.0,0.0,2.0,9.0,0.222,0.0,0.0,0.0
203114,Khris Middleton,25.0,MIL,333,104,0.433,2016-17,0.3123123123123123,1610612749,7.0,15.0,0.467,7.0,17.0,0.412,31.0,72.0,0.431,14.0,32.0,0.438
202691,Klay Thompson,27.0,GSW,1376,647,0.414,2016-17,0.470203488372093,1610612744,33.0,68.0,0.485,45.0,112.0,0.402,190.0,467.0,0.407,78.0,180.0,0.433
201585,Kosta Koufos,28.0,SAC,392,1,0.0,2016-17,0.0025510204081632,1610612758,0.0,0.0,0.0,0.0,0.0,0.0,0.0,0.0,0.0,0.0,0.0,0.0
1627739,Kris Dunn,23.0,MIN,313,73,0.288,2016-17,0.2332268370607028,1610612750,2.0,9.0,0.222,3.0,9.0,0.333,16.0,55.0,0.291,5.0,18.0,0.278
2743,Kris Humphries,32.0,ATL,214,54,0.352,2016-17,0.2523364485981308,1610612737,1.0,2.0,0.5,3.0,9.0,0.333,15.0,43.0,0.349,4.0,11.0,0.364
204001,Kristaps Porziņģis,21.0,NYK,985,314,0.357,2016-17,0.3187817258883249,1610612752,5.0,17.0,0.294,11.0,19.0,0.579,96.0,278.0,0.345,16.0,36.0,0.444
203937,Kyle Anderson,23.0,SAS,209,40,0.375,2016-17,0.1913875598086124,1610612759,4.0,12.0,0.333,9.0,18.0,0.5,2.0,8.0,0.25,13.0,30.0,0.433
2594,Kyle Korver,36.0,CLE,515,359,0.451,2016-17,0.6970873786407767,1610612739,32.0,54.0,0.593,21.0,47.0,0.447,109.0,258.0,0.422,53.0,101.0,0.525
200768,Kyle Lowry,31.0,TOR,918,468,0.412,2016-17,0.5098039215686274,1610612761,6.0,15.0,0.4,7.0,28.0,0.25,180.0,424.0,0.425,13.0,43.0,0.302
203124,Kyle O'Quinn,27.0,NYK,413,17,0.118,2016-17,0.0411622276029055,1610612752,1.0,2.0,0.5,0.0,0.0,0.0,1.0,12.0,0.083,1.0,2.0,0.5
202713,Kyle Singler,29.0,OKC,83,37,0.189,2016-17,0.4457831325301205,1610612760,1.0,5.0,0.2,2.0,10.0,0.2,4.0,22.0,0.182,3.0,15.0,0.2
1627787,Kyle Wiltjer,24.0,HOU,14,13,0.308,2016-17,0.9285714285714286,1610612745,0.0,0.0,0.0,0.0,0.0,0.0,4.0,13.0,0.308,0.0,0.0,0.0
202681,Kyrie Irving,25.0,CLE,1420,441,0.401,2016-17,0.3105633802816901,1610612739,16.0,43.0,0.372,20.0,50.0,0.4,141.0,345.0,0.409,36.0,93.0,0.387
200746,LaMarcus Aldridge,31.0,SAS,1049,56,0.411,2016-17,0.0533841754051477,1610612759,6.0,14.0,0.429,4.0,9.0,0.444,13.0,33.0,0.394,10.0,23.0,0.435
203934,Lamar Patterson,25.0,ATL,15,6,0.167,2016-17,0.4,1610612737,1.0,1.0,1.0,0.0,0.0,0.0,0.0,5.0,0.0,1.0,1.0,1.0
202362,Lance Stephenson,26.0,IND,120,20,0.3,2016-17,0.1666666666666666,1610612754,0.0,0.0,0.0,2.0,2.0,1.0,4.0,17.0,0.235,2.0,2.0,1.0
202498,Lance Thomas,29.0,NYK,244,85,0.447,2016-17,0.3483606557377049,1610612752,14.0,25.0,0.56,5.0,16.0,0.313,19.0,44.0,0.432,19.0,41.0,0.463
204038,Langston Galloway,25.0,SAC,545,308,0.39,2016-17,0.5651376146788991,1610612758,10.0,23.0,0.435,8.0,25.0,0.32,101.0,257.0,0.393,18.0,48.0,0.375
1626204,Larry Nance Jr.,24.0,LAL,361,36,0.278,2016-17,0.0997229916897507,1610612747,2.0,10.0,0.2,1.0,4.0,0.25,7.0,19.0,0.368,3.0,14.0,0.214
202336,Larry Sanders,28.0,CLE,4,0,0.0,2016-17,0.0,1610612739,,,,0.0,0.0,0.0,0.0,0.0,0.0,0.0,0.0,0.0
202730,Lavoy Allen,28.0,IND,168,1,0.0,2016-17,0.0059523809523809,1610612754,0.0,0.0,0.0,0.0,1.0,0.0,0.0,0.0,0.0,0.0,1.0,0.0
2544,LeBron James,32.0,CLE,1344,342,0.363,2016-17,0.2544642857142857,1610612739,10.0,23.0,0.435,5.0,17.0,0.294,109.0,301.0,0.362,15.0,40.0,0.375
2571,Leandro Barbosa,34.0,PHX,392,98,0.357,2016-17,0.25,1610612756,8.0,23.0,0.348,6.0,16.0,0.375,21.0,59.0,0.356,14.0,39.0,0.359
101150,Lou Williams,30.0,HOU,998,446,0.365,2016-17,0.4468937875751503,1610612745,30.0,62.0,0.484,16.0,33.0,0.485,116.0,348.0,0.333,46.0,95.0,0.484
201601,Luc Mbah a Moute,30.0,LAC,378,110,0.391,2016-17,0.291005291005291,1610612746,13.0,31.0,0.419,23.0,55.0,0.418,6.0,14.0,0.429,36.0,86.0,0.419
203512,Lucas Nogueira,24.0,TOR,156,12,0.25,2016-17,0.0769230769230769,1610612761,0.0,1.0,0.0,1.0,1.0,1.0,2.0,8.0,0.25,1.0,2.0,0.5
2449,Luis Scola,37.0,BKN,151,50,0.34,2016-17,0.3311258278145695,1610612751,5.0,10.0,0.5,2.0,8.0,0.25,10.0,32.0,0.313,7.0,18.0,0.389
202337,Luke Babbitt,28.0,MIA,281,210,0.414,2016-17,0.7473309608540926,1610612748,14.0,31.0,0.452,13.0,33.0,0.394,60.0,146.0,0.411,27.0,64.0,0.422
2736,Luol Deng,32.0,LAL,424,165,0.309,2016-17,0.3891509433962264,1610612747,12.0,31.0,0.387,11.0,28.0,0.393,28.0,102.0,0.275,23.0,59.0,0.39
1627781,Malachi Richardson,21.0,SAC,68,28,0.286,2016-17,0.4117647058823529,1610612758,2.0,4.0,0.5,2.0,5.0,0.4,4.0,18.0,0.222,4.0,9.0,0.444
1627763,Malcolm Brogdon,24.0,MIL,635,193,0.404,2016-17,0.3039370078740157,1610612749,13.0,28.0,0.464,11.0,21.0,0.524,52.0,140.0,0.371,24.0,49.0,0.49
1627098,Malcolm Delaney,28.0,ATL,388,110,0.236,2016-17,0.2835051546391752,1610612737,1.0,16.0,0.063,5.0,19.0,0.263,20.0,73.0,0.274,6.0,35.0,0.171
1627736,Malik Beasley,20.0,DEN,73,28,0.321,2016-17,0.3835616438356164,1610612743,3.0,8.0,0.375,2.0,4.0,0.5,4.0,16.0,0.25,5.0,12.0,0.417
202412,Manny Harris,27.0,DAL,15,2,0.0,2016-17,0.1333333333333333,1610612742,0.0,0.0,0.0,0.0,0.0,0.0,0.0,2.0,0.0,0.0,0.0,0.0
1938,Manu Ginobili,39.0,SAS,439,227,0.392,2016-17,0.5170842824601367,1610612759,8.0,24.0,0.333,4.0,15.0,0.267,77.0,184.0,0.418,12.0,39.0,0.308
201188,Marc Gasol,32.0,MEM,1160,268,0.388,2016-17,0.2310344827586206,1610612763,1.0,5.0,0.2,1.0,1.0,1.0,102.0,260.0,0.392,2.0,6.0,0.333
1626273,Marcelo Huertas,34.0,LAL,68,19,0.211,2016-17,0.2794117647058823,1610612747,0.0,0.0,0.0,1.0,3.0,0.333,3.0,16.0,0.188,1.0,3.0,0.333
101162,Marcin Gortat,33.0,WAS,674,2,0.0,2016-17,0.0029673590504451,1610612764,0.0,0.0,0.0,0.0,0.0,0.0,0.0,1.0,0.0,0.0,0.0,0.0
201158,Marco Belinelli,31.0,CHA,615,283,0.36,2016-17,0.4601626016260162,1610612766,8.0,20.0,0.4,13.0,25.0,0.52,81.0,236.0,0.343,21.0,45.0,0.467
1627875,Marcus Georges-Hunt,23.0,ORL,7,2,0.5,2016-17,0.2857142857142857,1610612753,0.0,0.0,0.0,0.0,0.0,0.0,1.0,2.0,0.5,0.0,0.0,0.0
202694,Marcus Morris Sr.,27.0,DET,1007,357,0.331,2016-17,0.3545183714001986,1610612765,8.0,18.0,0.444,16.0,37.0,0.432,94.0,296.0,0.318,24.0,55.0,0.436
203935,Marcus Smart,23.0,BOS,749,332,0.283,2016-17,0.4432576769025367,1610612738,21.0,48.0,0.438,10.0,28.0,0.357,63.0,247.0,0.255,31.0,76.0,0.408
201977,Marcus Thornton,30.0,WAS,210,80,0.35,2016-17,0.3809523809523809,1610612764,3.0,10.0,0.3,0.0,5.0,0.0,25.0,65.0,0.385,3.0,15.0,0.2
1626209,Mario Hezonja,22.0,ORL,330,144,0.299,2016-17,0.4363636363636363,1610612753,3.0,16.0,0.188,5.0,17.0,0.294,35.0,107.0,0.327,8.0,33.0,0.242
202693,Markieff Morris,27.0,WAS,889,196,0.362,2016-17,0.2204724409448819,1610612764,13.0,38.0,0.342,8.0,27.0,0.296,50.0,131.0,0.382,21.0,65.0,0.323
1627737,Marquese Chriss,19.0,PHX,632,224,0.321,2016-17,0.3544303797468354,1610612756,22.0,57.0,0.386,12.0,42.0,0.286,38.0,124.0,0.306,34.0,99.0,0.343
201578,Marreese Speights,29.0,LAC,548,277,0.372,2016-17,0.5054744525547445,1610612746,7.0,14.0,0.5,9.0,20.0,0.45,87.0,239.0,0.364,16.0,34.0,0.471
1627850,Marshall Plumlee,24.0,NYK,30,0,0.0,2016-17,0.0,1610612752,0.0,0.0,0.0,0.0,0.0,0.0,0.0,0.0,0.0,0.0,0.0,0.0
101107,Marvin Williams,31.0,CHA,704,354,0.35,2016-17,0.5028409090909091,1610612766,20.0,48.0,0.417,12.0,39.0,0.308,91.0,266.0,0.342,32.0,87.0,0.368
203486,Mason Plumlee,27.0,DEN,623,6,0.0,2016-17,0.0096308186195826,1610612743,0.0,0.0,0.0,0.0,0.0,0.0,0.0,1.0,0.0,0.0,0.0,0.0
2440,Matt Barnes,37.0,GSW,473,263,0.331,2016-17,0.5560253699788583,1610612744,17.0,41.0,0.415,11.0,29.0,0.379,58.0,190.0,0.305,28.0,70.0,0.4
203521,Matthew Dellavedova,26.0,MIL,534,215,0.367,2016-17,0.4026217228464419,1610612749,6.0,15.0,0.4,6.0,18.0,0.333,66.0,181.0,0.365,12.0,33.0,0.364
203090,Maurice Harkless,24.0,POR,624,194,0.351,2016-17,0.3108974358974359,1610612757,14.0,45.0,0.311,13.0,45.0,0.289,40.0,102.0,0.392,27.0,90.0,0.3
1626254,Maurice Ndour,25.0,NYK,86,7,0.143,2016-17,0.0813953488372093,1610612752,0.0,0.0,0.0,1.0,2.0,0.5,0.0,5.0,0.0,1.0,2.0,0.5
1897,Metta World Peace,37.0,LAL,68,38,0.237,2016-17,0.5588235294117647,1610612747,2.0,6.0,0.333,0.0,5.0,0.0,7.0,26.0,0.269,2.0,11.0,0.182
203086,Meyers Leonard,25.0,POR,378,213,0.347,2016-17,0.5634920634920635,1610612757,4.0,13.0,0.308,8.0,14.0,0.571,62.0,185.0,0.335,12.0,27.0,0.444
201563,Michael Beasley,28.0,MIL,406,43,0.419,2016-17,0.105911330049261,1610612749,5.0,11.0,0.455,4.0,12.0,0.333,9.0,20.0,0.45,9.0,23.0,0.391
203487,Michael Carter-Williams,25.0,CHI,306,64,0.234,2016-17,0.2091503267973856,1610612741,5.0,15.0,0.333,3.0,12.0,0.25,7.0,37.0,0.189,8.0,27.0,0.296
1627771,Michael Gbinije,25.0,DET,10,4,0.0,2016-17,0.4,1610612765,0.0,0.0,0.0,0.0,0.0,0.0,0.0,4.0,0.0,0.0,0.0,0.0
203077,Michael Kidd-Gilchrist,23.0,CHA,618,9,0.111,2016-17,0.0145631067961165,1610612766,0.0,3.0,0.0,0.0,1.0,0.0,1.0,3.0,0.333,0.0,4.0,0.0
201144,Mike Conley,29.0,MEM,1009,419,0.408,2016-17,0.4152626362735381,1610612763,12.0,26.0,0.462,10.0,24.0,0.417,149.0,360.0,0.414,22.0,50.0,0.44
2399,Mike Dunleavy,36.0,ATL,220,134,0.396,2016-17,0.6090909090909091,1610612737,10.0,21.0,0.476,10.0,21.0,0.476,33.0,91.0,0.363,20.0,42.0,0.476
2034,Mike Miller,37.0,DEN,23,20,0.4,2016-17,0.8695652173913043,1610612743,0.0,1.0,0.0,0.0,0.0,0.0,8.0,19.0,0.421,0.0,1.0,0.0
203488,Mike Muscala,25.0,ATL,337,110,0.418,2016-17,0.3264094955489614,1610612737,5.0,14.0,0.357,10.0,20.0,0.5,31.0,74.0,0.419,15.0,34.0,0.441
203118,Mike Scott,28.0,ATL,59,27,0.148,2016-17,0.4576271186440678,1610612737,0.0,3.0,0.0,0.0,3.0,0.0,4.0,21.0,0.19,0.0,6.0,0.0
1627861,Mike Tobey,22.0,CHA,4,0,0.0,2016-17,0.0,1610612766,0.0,0.0,0.0,0.0,0.0,0.0,0.0,0.0,0.0,0.0,0.0,0.0
203101,Miles Plumlee,28.0,CHA,92,0,0.0,2016-17,0.0,1610612766,0.0,0.0,0.0,0.0,0.0,0.0,0.0,0.0,0.0,0.0,0.0,0.0
1627851,Mindaugas Kuzminskas,27.0,NYK,369,168,0.321,2016-17,0.4552845528455284,1610612752,9.0,21.0,0.429,7.0,20.0,0.35,38.0,127.0,0.299,16.0,41.0,0.39
203141,Mirza Teletovic,31.0,MIL,418,305,0.341,2016-17,0.7296650717703349,1610612749,12.0,37.0,0.324,10.0,27.0,0.37,82.0,238.0,0.345,22.0,64.0,0.344
101145,Monta Ellis,31.0,IND,557,135,0.319,2016-17,0.2423698384201077,1610612754,11.0,39.0,0.282,6.0,16.0,0.375,24.0,76.0,0.316,17.0,55.0,0.309
1626149,Montrezl Harrell,23.0,HOU,345,7,0.143,2016-17,0.0202898550724637,1610612745,1.0,3.0,0.333,0.0,1.0,0.0,0.0,2.0,0.0,1.0,4.0,0.25
1626167,Myles Turner,21.0,IND,869,115,0.348,2016-17,0.1323360184119678,1610612754,1.0,8.0,0.125,1.0,6.0,0.167,38.0,100.0,0.38,2.0,14.0,0.143
202357,Nemanja Bjelica,29.0,MIN,356,177,0.316,2016-17,0.497191011235955,1610612750,9.0,23.0,0.391,5.0,14.0,0.357,42.0,140.0,0.3,14.0,37.0,0.378
2403,Nene,34.0,HOU,397,9,0.333,2016-17,0.0226700251889168,1610612745,0.0,0.0,0.0,0.0,0.0,0.0,3.0,9.0,0.333,0.0,0.0,0.0
203457,Nerlens Noel,23.0,DAL,309,1,0.0,2016-17,0.0032362459546925,1610612742,0.0,0.0,0.0,0.0,0.0,0.0,0.0,1.0,0.0,0.0,0.0,0.0
2555,Nick Collison,36.0,OKC,23,1,0.0,2016-17,0.0434782608695652,1610612760,0.0,0.0,0.0,0.0,0.0,0.0,0.0,1.0,0.0,0.0,0.0,0.0
201156,Nick Young,32.0,LAL,633,421,0.404,2016-17,0.665086887835703,1610612747,21.0,54.0,0.389,25.0,57.0,0.439,119.0,301.0,0.395,46.0,111.0,0.414
201587,Nicolas Batum,28.0,CHA,975,405,0.333,2016-17,0.4153846153846154,1610612766,6.0,22.0,0.273,6.0,15.0,0.4,123.0,366.0,0.336,12.0,37.0,0.324
1627852,Nicolas Brussino,24.0,DAL,141,95,0.305,2016-17,0.6737588652482269,1610612742,7.0,9.0,0.778,2.0,9.0,0.222,20.0,76.0,0.263,9.0,18.0,0.5
1627879,Nicolas Laprovittola,27.0,SAS,47,27,0.37,2016-17,0.574468085106383,1610612759,0.0,0.0,0.0,3.0,5.0,0.6,7.0,22.0,0.318,3.0,5.0,0.6
203917,Nik Stauskas,23.0,PHI,634,359,0.368,2016-17,0.5662460567823344,1610612755,20.0,44.0,0.455,15.0,32.0,0.469,96.0,278.0,0.345,35.0,76.0,0.461
203999,Nikola Jokić,22.0,DEN,854,139,0.324,2016-17,0.1627634660421545,1610612743,1.0,5.0,0.2,0.0,5.0,0.0,44.0,128.0,0.344,1.0,10.0,0.1
202703,Nikola Mirotic,26.0,CHI,625,377,0.342,2016-17,0.6032,1610612741,28.0,57.0,0.491,12.0,34.0,0.353,89.0,283.0,0.314,40.0,91.0,0.44
202696,Nikola Vučević,26.0,ORL,1031,75,0.307,2016-17,0.07274490785645,1610612753,1.0,3.0,0.333,0.0,3.0,0.0,22.0,70.0,0.314,1.0,6.0,0.167
203943,Noah Vonleh,21.0,POR,270,20,0.35,2016-17,0.074074074074074,1610612757,0.0,3.0,0.0,0.0,2.0,0.0,6.0,14.0,0.429,0.0,5.0,0.0
1626181,Norman Powell,24.0,TOR,506,173,0.324,2016-17,0.341897233201581,1610612761,18.0,50.0,0.36,10.0,31.0,0.323,28.0,91.0,0.308,28.0,81.0,0.346
202708,Norris Cole,28.0,OKC,52,13,0.231,2016-17,0.25,1610612760,0.0,0.0,0.0,1.0,1.0,1.0,2.0,12.0,0.167,1.0,1.0,1.0
1627855,Okaro White,24.0,MIA,87,34,0.353,2016-17,0.3908045977011494,1610612748,3.0,8.0,0.375,3.0,8.0,0.375,6.0,18.0,0.333,6.0,16.0,0.375
201600,Omer Asik,30.0,NOP,65,0,0.0,2016-17,0.0,1610612740,0.0,0.0,0.0,0.0,0.0,0.0,0.0,0.0,0.0,0.0,0.0,0.0
201956,Omri Casspi,29.0,MIN,164,43,0.349,2016-17,0.2621951219512195,1610612750,2.0,6.0,0.333,1.0,3.0,0.333,12.0,34.0,0.353,3.0,9.0,0.333
203490,Otto Porter Jr.,24.0,WAS,803,341,0.434,2016-17,0.4246575342465753,1610612764,20.0,63.0,0.317,39.0,76.0,0.513,89.0,200.0,0.445,59.0,139.0,0.424
200782,P.J. Tucker,32.0,TOR,482,196,0.357,2016-17,0.4066390041493776,1610612761,34.0,84.0,0.405,26.0,69.0,0.377,10.0,42.0,0.238,60.0,153.0,0.392
1627783,Pascal Siakam,23.0,TOR,205,7,0.143,2016-17,0.0341463414634146,1610612761,0.0,2.0,0.0,0.0,2.0,0.0,1.0,2.0,0.5,0.0,4.0,0.0
1626192,Pat Connaughton,24.0,POR,72,33,0.515,2016-17,0.4583333333333333,1610612757,1.0,3.0,0.333,2.0,3.0,0.667,14.0,27.0,0.519,3.0,6.0,0.5
1627868,Patricio Garino,24.0,ORL,7,5,0.0,2016-17,0.7142857142857143,1610612753,0.0,4.0,0.0,0.0,0.0,0.0,0.0,1.0,0.0,0.0,4.0,0.0
201976,Patrick Beverley,28.0,HOU,543,288,0.382,2016-17,0.5303867403314917,1610612745,16.0,40.0,0.4,21.0,55.0,0.382,72.0,190.0,0.379,37.0,95.0,0.389
1627775,Patrick McCaw,21.0,GSW,245,123,0.333,2016-17,0.5020408163265306,1610612744,7.0,24.0,0.292,9.0,21.0,0.429,25.0,78.0,0.321,16.0,45.0,0.356
202335,Patrick Patterson,28.0,TOR,384,253,0.372,2016-17,0.6588541666666666,1610612761,21.0,63.0,0.333,20.0,37.0,0.541,52.0,152.0,0.342,41.0,100.0,0.41
201988,Patty Mills,28.0,SAS,621,355,0.414,2016-17,0.571658615136876,1610612759,18.0,49.0,0.367,30.0,55.0,0.545,99.0,251.0,0.394,48.0,104.0,0.462
2200,Pau Gasol,36.0,SAS,604,104,0.538,2016-17,0.1721854304635761,1610612759,14.0,17.0,0.824,8.0,15.0,0.533,34.0,72.0,0.472,22.0,32.0,0.688
202331,Paul George,27.0,IND,1348,496,0.393,2016-17,0.3679525222551928,1610612754,17.0,55.0,0.309,26.0,51.0,0.51,150.0,386.0,0.389,43.0,106.0,0.406
200794,Paul Millsap,32.0,ATL,972,241,0.311,2016-17,0.2479423868312757,1610612737,10.0,23.0,0.435,8.0,18.0,0.444,57.0,199.0,0.286,18.0,41.0,0.439
1718,Paul Pierce,39.0,LAC,70,43,0.349,2016-17,0.6142857142857143,1610612746,3.0,4.0,0.75,1.0,3.0,0.333,11.0,36.0,0.306,4.0,7.0,0.571
1627835,Paul Zipser,23.0,CHI,221,99,0.333,2016-17,0.4479638009049774,1610612741,10.0,23.0,0.435,6.0,18.0,0.333,17.0,56.0,0.304,16.0,41.0,0.39
203510,Pierre Jackson,25.0,DAL,39,11,0.273,2016-17,0.282051282051282,1610612742,0.0,0.0,0.0,1.0,1.0,1.0,2.0,10.0,0.2,1.0,1.0,1.0
203112,Quincy Acy,26.0,BKN,170,90,0.411,2016-17,0.5294117647058824,1610612751,8.0,17.0,0.471,1.0,8.0,0.125,28.0,64.0,0.438,9.0,25.0,0.36
1626188,Quinn Cook,24.0,NOP,66,26,0.423,2016-17,0.3939393939393939,1610612740,0.0,2.0,0.0,1.0,2.0,0.5,10.0,22.0,0.455,1.0,4.0,0.25
1626154,RJ Hunter,23.0,CHI,1,1,0.0,2016-17,1.0,1610612741,,,,,,,0.0,1.0,0.0,,,
200765,Rajon Rondo,31.0,CHI,561,133,0.376,2016-17,0.2370766488413547,1610612741,11.0,20.0,0.55,17.0,46.0,0.37,22.0,67.0,0.328,28.0,66.0,0.424
1626176,Rakeem Christmas,25.0,IND,43,0,0.0,2016-17,0.0,1610612754,0.0,0.0,0.0,0.0,0.0,0.0,0.0,0.0,0.0,0.0,0.0,0.0
201196,Ramon Sessions,31.0,CHA,263,62,0.339,2016-17,0.2357414448669201,1610612766,5.0,10.0,0.5,1.0,3.0,0.333,15.0,49.0,0.306,6.0,13.0,0.462
200751,Randy Foye,33.0,BKN,325,203,0.33,2016-17,0.6246153846153846,1610612751,5.0,20.0,0.25,9.0,13.0,0.692,52.0,164.0,0.317,14.0,33.0,0.424
1626173,Rashad Vaughn,20.0,MIL,156,81,0.321,2016-17,0.5192307692307693,1610612749,3.0,9.0,0.333,4.0,11.0,0.364,19.0,61.0,0.311,7.0,20.0,0.35
203526,Raul Neto,25.0,UTA,91,31,0.323,2016-17,0.3406593406593406,1610612762,1.0,7.0,0.143,0.0,3.0,0.0,9.0,19.0,0.474,1.0,10.0,0.1
101109,Raymond Felton,33.0,LAC,514,144,0.319,2016-17,0.2801556420233463,1610612746,11.0,19.0,0.579,5.0,9.0,0.556,30.0,108.0,0.278,16.0,28.0,0.571
203493,Reggie Bullock Jr.,26.0,DET,128,73,0.384,2016-17,0.5703125,1610612765,6.0,15.0,0.4,4.0,10.0,0.4,18.0,48.0,0.375,10.0,25.0,0.4
202704,Reggie Jackson,27.0,DET,677,184,0.359,2016-17,0.2717872968980798,1610612765,5.0,12.0,0.417,2.0,13.0,0.154,59.0,155.0,0.381,7.0,25.0,0.28
202130,Reggie Williams,30.0,NOP,23,11,0.455,2016-17,0.4782608695652174,1610612740,1.0,3.0,0.333,0.0,1.0,0.0,4.0,7.0,0.571,1.0,4.0,0.25
2210,Richard Jefferson,37.0,CLE,343,186,0.333,2016-17,0.5422740524781341,1610612739,13.0,36.0,0.361,20.0,52.0,0.385,28.0,96.0,0.292,33.0,88.0,0.375
1626158,Richaun Holmes,23.0,PHI,412,77,0.351,2016-17,0.1868932038834951,1610612755,6.0,10.0,0.6,1.0,6.0,0.167,20.0,60.0,0.333,7.0,16.0,0.438
201937,Ricky Rubio,26.0,MIN,650,196,0.306,2016-17,0.3015384615384615,1610612750,8.0,39.0,0.205,9.0,19.0,0.474,43.0,135.0,0.319,17.0,58.0,0.293
203496,Robert Covington,26.0,PHI,732,412,0.333,2016-17,0.5628415300546448,1610612755,7.0,19.0,0.368,5.0,20.0,0.25,124.0,370.0,0.335,12.0,39.0,0.308
201577,Robin Lopez,29.0,CHI,775,2,0.0,2016-17,0.0025806451612903,1610612741,0.0,1.0,0.0,0.0,0.0,0.0,0.0,1.0,0.0,0.0,1.0,0.0
203918,Rodney Hood,24.0,UTA,666,307,0.371,2016-17,0.4609609609609609,1610612762,16.0,36.0,0.444,18.0,41.0,0.439,80.0,228.0,0.351,34.0,77.0,0.442
203585,Rodney McGruder,25.0,MIA,460,220,0.332,2016-17,0.4782608695652174,1610612748,23.0,62.0,0.371,19.0,59.0,0.322,30.0,96.0,0.313,42.0,121.0,0.347
201155,Rodney Stuckey,31.0,IND,244,60,0.317,2016-17,0.2459016393442623,1610612754,4.0,14.0,0.286,3.0,6.0,0.5,11.0,37.0,0.297,7.0,20.0,0.35
1627758,Ron Baker,24.0,NYK,217,86,0.267,2016-17,0.3963133640552995,1610612752,6.0,22.0,0.273,1.0,8.0,0.125,15.0,52.0,0.288,7.0,30.0,0.233
1626178,Rondae Hollis-Jefferson,22.0,BKN,542,67,0.224,2016-17,0.1236162361623616,1610612751,1.0,12.0,0.083,4.0,12.0,0.333,10.0,42.0,0.238,5.0,24.0,0.208
101179,Ronnie Price,34.0,PHX,24,17,0.176,2016-17,0.7083333333333334,1610612756,1.0,4.0,0.25,0.0,1.0,0.0,2.0,12.0,0.167,1.0,5.0,0.2
201579,Roy Hibbert,30.0,DEN,147,0,0.0,2016-17,0.0,1610612743,0.0,0.0,0.0,0.0,0.0,0.0,0.0,0.0,0.0,0.0,0.0,0.0
200752,Rudy Gay,30.0,SAC,442,113,0.372,2016-17,0.255656108597285,1610612758,5.0,8.0,0.625,3.0,14.0,0.214,34.0,88.0,0.386,8.0,22.0,0.364
203497,Rudy Gobert,25.0,UTA,625,1,0.0,2016-17,0.0016,1610612762,0.0,0.0,0.0,0.0,0.0,0.0,0.0,0.0,0.0,0.0,0.0,0.0
201566,Russell Westbrook,28.0,OKC,1941,583,0.343,2016-17,0.3003606388459557,1610612760,16.0,30.0,0.533,2.0,14.0,0.143,182.0,538.0,0.338,18.0,44.0,0.409
201583,Ryan Anderson,29.0,HOU,773,506,0.403,2016-17,0.6545924967658473,1610612745,19.0,36.0,0.528,20.0,36.0,0.556,165.0,434.0,0.38,39.0,72.0,0.542
203527,Ryan Kelly,26.0,ATL,28,10,0.4,2016-17,0.3571428571428571,1610612737,2.0,2.0,1.0,1.0,2.0,0.5,1.0,6.0,0.167,3.0,4.0,0.75
1626257,Salah Mejri,31.0,DAL,137,3,0.333,2016-17,0.0218978102189781,1610612742,0.0,0.0,0.0,0.0,0.0,0.0,1.0,3.0,0.333,0.0,0.0,0.0
1626155,Sam Dekker,23.0,HOU,429,187,0.321,2016-17,0.4358974358974359,1610612745,14.0,43.0,0.326,13.0,26.0,0.5,33.0,115.0,0.287,27.0,69.0,0.391
2756,Sasha Vujacic,33.0,NYK,136,74,0.311,2016-17,0.5441176470588235,1610612752,2.0,7.0,0.286,1.0,6.0,0.167,20.0,60.0,0.333,3.0,13.0,0.231
203930,Sean Kilpatrick,27.0,BKN,735,308,0.341,2016-17,0.419047619047619,1610612751,15.0,49.0,0.306,8.0,19.0,0.421,82.0,233.0,0.352,23.0,68.0,0.338
203902,Semaj Christon,24.0,OKC,223,63,0.19,2016-17,0.2825112107623318,1610612760,1.0,8.0,0.125,2.0,8.0,0.25,8.0,39.0,0.205,3.0,16.0,0.188
201586,Serge Ibaka,27.0,TOR,982,317,0.391,2016-17,0.3228105906313646,1610612761,2.0,7.0,0.286,1.0,11.0,0.091,121.0,299.0,0.405,3.0,18.0,0.167
200771,Sergio Rodriguez,31.0,PHI,536,252,0.365,2016-17,0.4701492537313433,1610612755,6.0,12.0,0.5,7.0,11.0,0.636,78.0,228.0,0.342,13.0,23.0,0.565
203552,Seth Curry,26.0,DAL,703,322,0.425,2016-17,0.4580369843527738,1610612742,15.0,32.0,0.469,20.0,41.0,0.488,102.0,248.0,0.411,35.0,73.0,0.479
203498,Shabazz Muhammad,24.0,MIN,598,145,0.338,2016-17,0.2424749163879598,1610612750,15.0,38.0,0.395,9.0,21.0,0.429,25.0,86.0,0.291,24.0,59.0,0.407
203894,Shabazz Napier,25.0,POR,183,92,0.37,2016-17,0.5027322404371585,1610612757,2.0,9.0,0.222,2.0,3.0,0.667,30.0,80.0,0.375,4.0,12.0,0.333
2733,Shaun Livingston,31.0,GSW,316,3,0.333,2016-17,0.0094936708860759,1610612744,0.0,0.0,0.0,0.0,0.0,0.0,1.0,1.0,1.0,0.0,0.0,0.0
1627848,Shawn Long,24.0,PHI,109,19,0.368,2016-17,0.1743119266055046,1610612755,0.0,1.0,0.0,0.0,0.0,0.0,7.0,18.0,0.389,0.0,1.0,0.0
1627815,Sheldon Mac,24.0,WAS,75,30,0.233,2016-17,0.4,1610612764,1.0,4.0,0.25,0.0,8.0,0.0,6.0,17.0,0.353,1.0,12.0,0.083
202714,Shelvin Mack,27.0,UTA,381,120,0.308,2016-17,0.3149606299212598,1610612762,4.0,11.0,0.364,4.0,19.0,0.211,29.0,90.0,0.322,8.0,30.0,0.267
1627746,Skal Labissiere,21.0,SAC,218,8,0.375,2016-17,0.036697247706422,1610612758,0.0,0.0,0.0,0.0,0.0,0.0,3.0,8.0,0.375,0.0,0.0,0.0
203524,Solomon Hill,26.0,NOP,478,270,0.348,2016-17,0.5648535564853556,1610612740,25.0,60.0,0.417,12.0,36.0,0.333,57.0,170.0,0.335,37.0,96.0,0.385
203915,Spencer Dinwiddie,24.0,BKN,302,101,0.376,2016-17,0.3344370860927152,1610612751,2.0,5.0,0.4,7.0,14.0,0.5,29.0,81.0,0.358,9.0,19.0,0.474
201150,Spencer Hawes,29.0,MIL,277,81,0.309,2016-17,0.2924187725631769,1610612749,0.0,4.0,0.0,6.0,8.0,0.75,19.0,68.0,0.279,6.0,12.0,0.5
1626169,Stanley Johnson,21.0,DET,365,154,0.292,2016-17,0.421917808219178,1610612765,5.0,13.0,0.385,9.0,26.0,0.346,30.0,112.0,0.268,14.0,39.0,0.359
201939,Stephen Curry,29.0,GSW,1443,789,0.411,2016-17,0.5467775467775468,1610612744,29.0,67.0,0.433,22.0,46.0,0.478,271.0,657.0,0.412,51.0,113.0,0.451
1627757,Stephen Zimmerman,20.0,ORL,31,0,0.0,2016-17,0.0,1610612753,0.0,0.0,0.0,0.0,0.0,0.0,0.0,0.0,0.0,0.0,0.0,0.0
200779,Steve Novak,34.0,MIL,7,6,0.167,2016-17,0.8571428571428571,1610612749,1.0,1.0,1.0,0.0,0.0,0.0,0.0,5.0,0.0,1.0,1.0,1.0
203500,Steven Adams,23.0,OKC,655,1,0.0,2016-17,0.0015267175572519,1610612760,0.0,0.0,0.0,0.0,0.0,0.0,0.0,0.0,0.0,0.0,0.0,0.0
204456,T.J. McConnell,25.0,PHI,512,55,0.2,2016-17,0.107421875,1610612755,1.0,5.0,0.2,1.0,4.0,0.25,8.0,42.0,0.19,2.0,9.0,0.222
203933,T.J. Warren,23.0,PHX,814,98,0.265,2016-17,0.1203931203931203,1610612756,8.0,32.0,0.25,5.0,20.0,0.25,13.0,43.0,0.302,13.0,52.0,0.25
201959,Taj Gibson,32.0,OKC,709,13,0.231,2016-17,0.0183356840620592,1610612760,2.0,7.0,0.286,0.0,4.0,0.0,0.0,1.0,0.0,2.0,11.0,0.182
204028,Tarik Black,25.0,LAL,294,2,0.5,2016-17,0.0068027210884353,1610612747,0.0,0.0,0.0,0.0,0.0,0.0,1.0,1.0,1.0,0.0,0.0,0.0
1627752,Taurean Prince,23.0,ATL,285,102,0.324,2016-17,0.3578947368421052,1610612737,5.0,20.0,0.25,10.0,24.0,0.417,18.0,57.0,0.316,15.0,44.0,0.341
203093,Terrence Jones,25.0,MIL,492,75,0.253,2016-17,0.1524390243902439,1610612749,0.0,5.0,0.0,0.0,2.0,0.0,19.0,68.0,0.279,0.0,7.0,0.0
203082,Terrence Ross,26.0,ORL,746,391,0.363,2016-17,0.5241286863270778,1610612753,20.0,57.0,0.351,10.0,29.0,0.345,112.0,304.0,0.368,30.0,86.0,0.349
1626179,Terry Rozier,23.0,BOS,411,179,0.318,2016-17,0.4355231143552311,1610612738,8.0,24.0,0.333,3.0,14.0,0.214,45.0,137.0,0.328,11.0,38.0,0.289
200757,Thabo Sefolosha,33.0,ATL,395,120,0.342,2016-17,0.3037974683544304,1610612737,10.0,30.0,0.333,10.0,30.0,0.333,21.0,60.0,0.35,20.0,60.0,0.333
201152,Thaddeus Young,29.0,IND,687,118,0.381,2016-17,0.1717612809315866,1610612754,18.0,46.0,0.391,2.0,12.0,0.167,25.0,59.0,0.424,20.0,58.0,0.345
203080,Thomas Robinson,26.0,LAL,196,1,0.0,2016-17,0.0051020408163265,1610612747,0.0,0.0,0.0,0.0,1.0,0.0,0.0,0.0,0.0,0.0,1.0,0.0
1627748,Thon Maker,20.0,MIL,181,74,0.378,2016-17,0.4088397790055249,1610612749,3.0,6.0,0.5,5.0,17.0,0.294,18.0,49.0,0.367,8.0,23.0,0.348
201168,Tiago Splitter,32.0,PHI,31,6,0.333,2016-17,0.1935483870967742,1610612755,0.0,1.0,0.0,0.0,0.0,0.0,2.0,5.0,0.4,0.0,1.0,0.0
204025,Tim Frazier,26.0,NOP,404,128,0.313,2016-17,0.3168316831683168,1610612740,1.0,5.0,0.2,1.0,6.0,0.167,38.0,117.0,0.325,2.0,11.0,0.182
203501,Tim Hardaway Jr.,25.0,ATL,912,417,0.357,2016-17,0.4572368421052631,1610612737,9.0,30.0,0.3,20.0,40.0,0.5,120.0,343.0,0.35,29.0,70.0,0.414
1627817,Tim Quarterman,22.0,POR,29,13,0.385,2016-17,0.4482758620689655,1610612757,0.0,1.0,0.0,0.0,1.0,0.0,5.0,11.0,0.455,0.0,2.0,0.0
202389,Timofey Mozgov,30.0,LAL,328,1,0.0,2016-17,0.0030487804878048,1610612747,0.0,0.0,0.0,0.0,0.0,0.0,0.0,1.0,0.0,0.0,0.0,0.0
1627789,Timothe Luwawu-Cabarrot,22.0,PHI,361,161,0.311,2016-17,0.445983379501385,1610612755,15.0,37.0,0.405,8.0,18.0,0.444,27.0,104.0,0.26,23.0,55.0,0.418
202699,Tobias Harris,24.0,DET,1063,314,0.347,2016-17,0.2953904045155221,1610612765,11.0,40.0,0.275,17.0,42.0,0.405,81.0,229.0,0.354,28.0,82.0,0.341
203107,Tomas Satoransky,25.0,WAS,147,37,0.243,2016-17,0.2517006802721088,1610612764,0.0,3.0,0.0,4.0,8.0,0.5,5.0,25.0,0.2,4.0,11.0,0.364
201962,Toney Douglas,31.0,MEM,117,42,0.167,2016-17,0.358974358974359,1610612763,1.0,1.0,1.0,0.0,1.0,0.0,6.0,38.0,0.158,1.0,2.0,0.5
2754,Tony Allen,35.0,MEM,595,54,0.278,2016-17,0.0907563025210084,1610612763,5.0,12.0,0.417,7.0,26.0,0.269,3.0,16.0,0.188,12.0,38.0,0.316
2225,Tony Parker,35.0,SAS,569,69,0.333,2016-17,0.1212653778558875,1610612759,6.0,17.0,0.353,11.0,35.0,0.314,6.0,17.0,0.353,17.0,52.0,0.327
203503,Tony Snell,25.0,MIL,541,355,0.406,2016-17,0.6561922365988909,1610612749,24.0,70.0,0.343,32.0,75.0,0.427,87.0,208.0,0.418,56.0,145.0,0.386
1626203,Treveon Graham,23.0,CHA,40,15,0.6,2016-17,0.375,1610612766,1.0,3.0,0.333,2.0,3.0,0.667,6.0,9.0,0.667,3.0,6.0,0.5
2772,Trevor Ariza,32.0,HOU,798,555,0.344,2016-17,0.6954887218045113,1610612745,20.0,61.0,0.328,56.0,135.0,0.415,114.0,357.0,0.319,76.0,196.0,0.388
202344,Trevor Booker,29.0,BKN,591,78,0.321,2016-17,0.1319796954314721,1610612751,4.0,13.0,0.308,2.0,11.0,0.182,19.0,54.0,0.352,6.0,24.0,0.25
203504,Trey Burke,24.0,WAS,255,70,0.443,2016-17,0.2745098039215686,1610612764,5.0,5.0,1.0,3.0,7.0,0.429,23.0,58.0,0.397,8.0,12.0,0.667
1626168,Trey Lyles,21.0,UTA,439,204,0.319,2016-17,0.4646924829157175,1610612762,13.0,37.0,0.351,9.0,24.0,0.375,43.0,141.0,0.305,22.0,61.0,0.361
202684,Tristan Thompson,26.0,CLE,437,3,0.0,2016-17,0.0068649885583524,1610612739,0.0,0.0,0.0,0.0,0.0,0.0,0.0,2.0,0.0,0.0,0.0,0.0
203584,Troy Daniels,25.0,MEM,495,355,0.389,2016-17,0.7171717171717171,1610612763,11.0,22.0,0.5,16.0,28.0,0.571,110.0,302.0,0.364,27.0,50.0,0.54
1627786,Troy Williams,22.0,HOU,167,62,0.29,2016-17,0.3712574850299401,1610612745,1.0,4.0,0.25,4.0,10.0,0.4,13.0,47.0,0.277,5.0,14.0,0.357
201951,Ty Lawson,29.0,SAC,522,118,0.288,2016-17,0.2260536398467433,1610612758,5.0,15.0,0.333,5.0,10.0,0.5,24.0,90.0,0.267,10.0,25.0,0.4
203898,Tyler Ennis,22.0,LAL,208,70,0.386,2016-17,0.3365384615384615,1610612747,0.0,5.0,0.0,0.0,5.0,0.0,27.0,59.0,0.458,0.0,10.0,0.0
204020,Tyler Johnson,25.0,MIA,824,250,0.372,2016-17,0.3033980582524271,1610612748,8.0,24.0,0.333,13.0,30.0,0.433,71.0,193.0,0.368,21.0,54.0,0.389
1627755,Tyler Ulis,21.0,PHX,437,79,0.266,2016-17,0.1807780320366132,1610612756,0.0,2.0,0.0,0.0,4.0,0.0,21.0,68.0,0.309,0.0,6.0,0.0
203092,Tyler Zeller,27.0,BOS,158,1,0.0,2016-17,0.0063291139240506,1610612738,0.0,0.0,0.0,0.0,0.0,0.0,0.0,1.0,0.0,0.0,0.0,0.0
201936,Tyreke Evans,27.0,SAC,370,118,0.356,2016-17,0.3189189189189189,1610612758,0.0,2.0,0.0,2.0,4.0,0.5,40.0,110.0,0.364,2.0,6.0,0.333
2199,Tyson Chandler,34.0,PHX,228,0,0.0,2016-17,0.0,1610612756,0.0,0.0,0.0,0.0,0.0,0.0,0.0,0.0,0.0,0.0,0.0,0.0
1626145,Tyus Jones,21.0,MIN,181,73,0.356,2016-17,0.4033149171270718,1610612750,3.0,10.0,0.3,5.0,13.0,0.385,18.0,49.0,0.367,8.0,23.0,0.348
2617,Udonis Haslem,37.0,MIA,23,3,0.0,2016-17,0.1304347826086956,1610612748,0.0,0.0,0.0,0.0,1.0,0.0,0.0,2.0,0.0,0.0,1.0,0.0
203506,Victor Oladipo,25.0,OKC,932,352,0.361,2016-17,0.3776824034334764,1610612760,16.0,41.0,0.39,32.0,69.0,0.464,79.0,240.0,0.329,48.0,110.0,0.436
1713,Vince Carter,40.0,MEM,490,296,0.378,2016-17,0.6040816326530613,1610612763,14.0,34.0,0.412,7.0,26.0,0.269,91.0,233.0,0.391,21.0,60.0,0.35
1627735,Wade Baldwin IV,21.0,MEM,115,22,0.136,2016-17,0.1913043478260869,1610612763,0.0,3.0,0.0,0.0,1.0,0.0,3.0,17.0,0.176,0.0,4.0,0.0
201961,Wayne Ellington,29.0,MIA,555,394,0.378,2016-17,0.7099099099099099,1610612748,27.0,54.0,0.5,21.0,60.0,0.35,101.0,278.0,0.363,48.0,114.0,0.421
1627782,Wayne Selden,22.0,MEM,58,28,0.25,2016-17,0.4827586206896552,1610612763,2.0,3.0,0.667,2.0,4.0,0.5,3.0,21.0,0.143,4.0,7.0,0.571
202325,Wesley Johnson,29.0,LAC,200,118,0.246,2016-17,0.59,1610612746,9.0,31.0,0.29,4.0,16.0,0.25,16.0,66.0,0.242,13.0,47.0,0.277
202083,Wesley Matthews,30.0,DAL,847,479,0.363,2016-17,0.5655253837072018,1610612742,20.0,44.0,0.455,18.0,47.0,0.383,136.0,386.0,0.352,38.0,91.0,0.418
203115,Will Barton,26.0,DEN,666,235,0.37,2016-17,0.3528528528528528,1610612743,5.0,27.0,0.185,4.0,7.0,0.571,78.0,200.0,0.39,9.0,34.0,0.265
1626161,Willie Cauley-Stein,23.0,SAC,481,2,0.0,2016-17,0.0041580041580041,1610612758,0.0,0.0,0.0,0.0,0.0,0.0,0.0,2.0,0.0,0.0,0.0,0.0
203186,Willie Reed,27.0,MIA,285,4,0.25,2016-17,0.0140350877192982,1610612748,0.0,0.0,0.0,0.0,0.0,0.0,1.0,4.0,0.25,0.0,0.0,0.0
1626195,Willy Hernangomez,23.0,NYK,465,15,0.267,2016-17,0.032258064516129,1610612752,1.0,4.0,0.25,0.0,2.0,0.0,3.0,9.0,0.333,1.0,6.0,0.167
201163,Wilson Chandler,30.0,DEN,939,326,0.337,2016-17,0.3471778487752928,1610612743,6.0,29.0,0.207,17.0,52.0,0.327,87.0,244.0,0.357,23.0,81.0,0.284
1627812,Yogi Ferrell,24.0,DAL,394,176,0.386,2016-17,0.4467005076142132,1610612742,6.0,14.0,0.429,2.0,9.0,0.222,60.0,152.0,0.395,8.0,23.0,0.348
203897,Zach LaVine,22.0,MIN,710,310,0.387,2016-17,0.4366197183098591,1610612750,21.0,47.0,0.447,11.0,26.0,0.423,88.0,237.0,0.371,32.0,73.0,0.438
2216,Zach Randolph,35.0,MEM,964,94,0.223,2016-17,0.0975103734439834,1610612763,2.0,5.0,0.4,2.0,9.0,0.222,17.0,75.0,0.227,4.0,14.0,0.286
2585,Zaza Pachulia,33.0,GSW,307,2,0.0,2016-17,0.006514657980456,1610612744,0.0,0.0,0.0,0.0,0.0,0.0,0.0,1.0,0.0,0.0,0.0,0.0
201166,Aaron Brooks,33.0,MIN,69,31,0.355,2017-18,0.4492753623188406,1610612750,1.0,3.0,0.333,2.0,2.0,1.0,8.0,24.0,0.333,3.0,5.0,0.6
203932,Aaron Gordon,22.0,ORL,865,342,0.336,2017-18,0.3953757225433526,1610612753,16.0,45.0,0.356,10.0,26.0,0.385,89.0,270.0,0.33,26.0,71.0,0.366
1626151,Aaron Harrison,23.0,DAL,69,43,0.209,2017-18,0.6231884057971014,1610612742,1.0,9.0,0.111,1.0,5.0,0.2,7.0,29.0,0.241,2.0,14.0,0.143
1628935,Aaron Jackson,32.0,HOU,9,4,0.25,2017-18,0.4444444444444444,1610612745,0.0,1.0,0.0,0.0,0.0,0.0,1.0,3.0,0.333,0.0,1.0,0.0
1627846,Abdel Nader,24.0,BOS,149,65,0.354,2017-18,0.436241610738255,1610612738,4.0,10.0,0.4,5.0,14.0,0.357,14.0,41.0,0.341,9.0,24.0,0.375
203940,Adreian Payne,27.0,ORL,10,3,0.667,2017-18,0.3,1610612753,1.0,1.0,1.0,0.0,0.0,0.0,1.0,2.0,0.5,1.0,1.0,1.0
201143,Al Horford,32.0,BOS,753,226,0.429,2017-18,0.300132802124834,1610612738,9.0,18.0,0.5,10.0,18.0,0.556,78.0,191.0,0.408,19.0,36.0,0.528
2744,Al Jefferson,33.0,IND,208,3,0.0,2017-18,0.0144230769230769,1610612754,0.0,0.0,0.0,0.0,0.0,0.0,0.0,2.0,0.0,0.0,0.0,0.0
202329,Al-Farouq Aminu,27.0,POR,582,339,0.369,2017-18,0.5824742268041238,1610612757,20.0,47.0,0.426,26.0,50.0,0.52,79.0,242.0,0.326,46.0,97.0,0.474
1626210,Alan Williams,25.0,PHX,18,0,0.0,2017-18,0.0,1610612756,0.0,0.0,0.0,0.0,0.0,0.0,0.0,0.0,0.0,0.0,0.0,0.0
202692,Alec Burks,26.0,UTA,414,142,0.331,2017-18,0.3429951690821256,1610612762,5.0,13.0,0.385,3.0,12.0,0.25,39.0,116.0,0.336,8.0,25.0,0.32
1628409,Alec Peters,23.0,PHX,74,58,0.31,2017-18,0.7837837837837838,1610612756,4.0,11.0,0.364,1.0,7.0,0.143,13.0,40.0,0.325,5.0,18.0,0.278
203518,Alex Abrines,24.0,OKC,291,221,0.38,2017-18,0.7594501718213058,1610612760,9.0,24.0,0.375,13.0,35.0,0.371,61.0,159.0,0.384,22.0,59.0,0.373
1627936,Alex Caruso,24.0,LAL,116,43,0.302,2017-18,0.3706896551724138,1610612747,0.0,3.0,0.0,0.0,2.0,0.0,13.0,37.0,0.351,0.0,5.0,0.0
203458,Alex Len,25.0,PHX,378,3,0.333,2017-18,0.0079365079365079,1610612756,0.0,0.0,0.0,0.0,0.0,0.0,1.0,3.0,0.333,0.0,0.0,0.0
1627816,Alex Poythress,24.0,IND,26,11,0.364,2017-18,0.4230769230769231,1610612754,1.0,2.0,0.5,1.0,2.0,0.5,2.0,7.0,0.286,2.0,4.0,0.5
1628035,Alfonzo McKinnie,25.0,TOR,15,9,0.333,2017-18,0.6,1610612761,2.0,4.0,0.5,0.0,1.0,0.0,1.0,4.0,0.25,2.0,5.0,0.4
203459,Allen Crabbe,26.0,BKN,827,532,0.378,2017-18,0.6432889963724304,1610612751,16.0,34.0,0.471,15.0,45.0,0.333,170.0,449.0,0.379,31.0,79.0,0.392
101161,Amir Johnson,31.0,PHI,260,32,0.313,2017-18,0.123076923076923,1610612755,0.0,3.0,0.0,3.0,6.0,0.5,7.0,22.0,0.318,3.0,9.0,0.333
203083,Andre Drummond,24.0,DET,881,11,0.0,2017-18,0.0124858115777525,1610612765,0.0,0.0,0.0,0.0,0.0,0.0,0.0,7.0,0.0,0.0,0.0,0.0
2738,Andre Iguodala,34.0,GSW,320,117,0.282,2017-18,0.365625,1610612744,0.0,11.0,0.0,4.0,12.0,0.333,29.0,91.0,0.319,4.0,23.0,0.174
201281,Andre Ingram,32.0,LAL,17,9,0.556,2017-18,0.5294117647058824,1610612747,1.0,1.0,1.0,0.0,0.0,0.0,4.0,8.0,0.5,1.0,1.0,1.0
203460,Andre Roberson,26.0,OKC,162,36,0.222,2017-18,0.2222222222222222,1610612760,4.0,14.0,0.286,0.0,7.0,0.0,4.0,15.0,0.267,4.0,21.0,0.19
101106,Andrew Bogut,33.0,LAL,25,0,0.0,2017-18,0.0,1610612747,0.0,0.0,0.0,0.0,0.0,0.0,0.0,0.0,0.0,0.0,0.0,0.0
1626150,Andrew Harrison,23.0,MEM,429,142,0.331,2017-18,0.331002331002331,1610612763,8.0,28.0,0.286,5.0,15.0,0.333,34.0,99.0,0.343,13.0,43.0,0.302
1628510,Andrew White III,25.0,ATL,73,49,0.367,2017-18,0.6712328767123288,1610612737,2.0,4.0,0.5,2.0,6.0,0.333,14.0,39.0,0.359,4.0,10.0,0.4
203952,Andrew Wiggins,23.0,MIN,1300,338,0.331,2017-18,0.26,1610612750,17.0,41.0,0.415,9.0,22.0,0.409,86.0,273.0,0.315,26.0,63.0,0.413
1627790,Ante Zizic,21.0,CLE,67,0,0.0,2017-18,0.0,1610612739,0.0,0.0,0.0,0.0,0.0,0.0,0.0,0.0,0.0,0.0,0.0,0.0
1626148,Anthony Brown,25.0,MIN,1,1,1.0,2017-18,1.0,1610612750,1.0,1.0,1.0,0.0,0.0,0.0,0.0,0.0,0.0,1.0,1.0,1.0
203076,Anthony Davis,25.0,NOP,1462,162,0.34,2017-18,0.1108071135430916,1610612740,4.0,12.0,0.333,2.0,3.0,0.667,49.0,144.0,0.34,6.0,15.0,0.4
201229,Anthony Tolliver,33.0,DET,472,365,0.436,2017-18,0.7733050847457628,1610612765,10.0,33.0,0.303,29.0,61.0,0.475,120.0,271.0,0.443,39.0,94.0,0.415
1628469,Antonio Blakeney,21.0,CHI,143,52,0.288,2017-18,0.3636363636363636,1610612741,5.0,10.0,0.5,2.0,7.0,0.286,8.0,35.0,0.229,7.0,17.0,0.412
1628499,Antonius Cleveland,24.0,ATL,21,4,0.75,2017-18,0.1904761904761904,1610612737,1.0,1.0,1.0,0.0,0.0,0.0,2.0,3.0,0.667,1.0,1.0,1.0
203382,Aron Baynes,31.0,BOS,446,21,0.143,2017-18,0.0470852017937219,1610612738,0.0,3.0,0.0,1.0,10.0,0.1,2.0,8.0,0.25,1.0,13.0,0.077
201167,Arron Afflalo,32.0,ORL,162,70,0.386,2017-18,0.4320987654320987,1610612753,8.0,22.0,0.364,1.0,8.0,0.125,18.0,39.0,0.462,9.0,30.0,0.3
203085,Austin Rivers,25.0,LAC,805,360,0.378,2017-18,0.4472049689440994,1610612746,12.0,31.0,0.387,8.0,27.0,0.296,116.0,302.0,0.384,20.0,58.0,0.345
202340,Avery Bradley,27.0,LAC,625,203,0.369,2017-18,0.3248,1610612746,23.0,53.0,0.434,7.0,18.0,0.389,45.0,132.0,0.341,30.0,71.0,0.423
1628389,Bam Adebayo,20.0,MIA,340,7,0.0,2017-18,0.0205882352941176,1610612748,0.0,1.0,0.0,0.0,0.0,0.0,0.0,2.0,0.0,0.0,1.0,0.0
203463,Ben McLemore,25.0,MEM,373,159,0.346,2017-18,0.4262734584450402,1610612763,13.0,33.0,0.394,5.0,13.0,0.385,37.0,111.0,0.333,18.0,46.0,0.391
1627732,Ben Simmons,21.0,PHI,998,11,0.0,2017-18,0.0110220440881763,1610612755,0.0,0.0,0.0,0.0,0.0,0.0,0.0,3.0,0.0,0.0,0.0,0.0
202687,Bismack Biyombo,25.0,ORL,352,1,0.0,2017-18,0.002840909090909,1610612753,0.0,0.0,0.0,0.0,0.0,0.0,0.0,0.0,0.0,0.0,0.0,0.0
201933,Blake Griffin,29.0,DET,996,322,0.345,2017-18,0.3232931726907631,1610612765,10.0,25.0,0.4,6.0,12.0,0.5,95.0,283.0,0.336,16.0,37.0,0.432
1626246,Boban Marjanovic,29.0,LAC,148,0,0.0,2017-18,0.0,1610612746,0.0,0.0,0.0,0.0,0.0,0.0,0.0,0.0,0.0,0.0,0.0,0.0
201628,Bobby Brown,33.0,HOU,58,40,0.275,2017-18,0.6896551724137931,1610612745,2.0,2.0,1.0,0.0,1.0,0.0,9.0,37.0,0.243,2.0,3.0,0.667
1626171,Bobby Portis,23.0,CHI,811,223,0.359,2017-18,0.2749691738594328,1610612741,6.0,14.0,0.429,3.0,11.0,0.273,71.0,197.0,0.36,9.0,25.0,0.36
203992,Bogdan Bogdanović,25.0,SAC,772,329,0.392,2017-18,0.4261658031088083,1610612758,9.0,15.0,0.6,11.0,27.0,0.407,107.0,276.0,0.388,20.0,42.0,0.476
202711,Bojan Bogdanovic,29.0,IND,852,386,0.402,2017-18,0.4530516431924882,1610612754,24.0,57.0,0.421,29.0,58.0,0.5,101.0,270.0,0.374,53.0,115.0,0.461
203078,Bradley Beal,25.0,WAS,1484,530,0.375,2017-18,0.3571428571428571,1610612764,14.0,35.0,0.4,7.0,19.0,0.368,178.0,474.0,0.376,21.0,54.0,0.389
201148,Brandan Wright,30.0,HOU,102,0,0.0,2017-18,0.0,1610612745,0.0,0.0,0.0,0.0,0.0,0.0,0.0,0.0,0.0,0.0,0.0,0.0
1627742,Brandon Ingram,20.0,LAL,761,105,0.39,2017-18,0.1379763469119579,1610612747,5.0,11.0,0.455,9.0,19.0,0.474,27.0,74.0,0.365,14.0,30.0,0.467
201943,Brandon Jennings,28.0,MIL,72,33,0.273,2017-18,0.4583333333333333,1610612749,0.0,2.0,0.0,1.0,2.0,0.5,8.0,29.0,0.276,1.0,4.0,0.25
203464,Brandon Paul,27.0,SAS,127,54,0.278,2017-18,0.4251968503937008,1610612759,2.0,7.0,0.286,2.0,8.0,0.25,11.0,38.0,0.289,4.0,15.0,0.267
1627362,Briante Weber,25.0,MEM,43,11,0.364,2017-18,0.2558139534883721,1610612763,0.0,0.0,0.0,0.0,1.0,0.0,4.0,10.0,0.4,0.0,1.0,0.0
1627744,Brice Johnson,24.0,MEM,42,1,0.0,2017-18,0.0238095238095238,1610612763,0.0,0.0,0.0,0.0,0.0,0.0,0.0,1.0,0.0,0.0,0.0,0.0
201572,Brook Lopez,30.0,LAL,793,325,0.345,2017-18,0.4098360655737705,1610612747,10.0,23.0,0.435,10.0,20.0,0.5,92.0,282.0,0.326,20.0,43.0,0.465
203998,Bruno Caboclo,22.0,SAC,31,17,0.176,2017-18,0.5483870967741935,1610612758,1.0,5.0,0.2,1.0,2.0,0.5,1.0,10.0,0.1,2.0,7.0,0.286
1627854,Bryn Forbes,24.0,SAS,497,228,0.39,2017-18,0.4587525150905432,1610612759,14.0,31.0,0.452,9.0,14.0,0.643,66.0,181.0,0.365,23.0,45.0,0.511
1627741,Buddy Hield,25.0,SAC,933,408,0.431,2017-18,0.4372990353697749,1610612758,21.0,45.0,0.467,17.0,28.0,0.607,137.0,331.0,0.414,38.0,73.0,0.521
203710,C.J. Williams,28.0,LAC,197,78,0.282,2017-18,0.3959390862944162,1610612746,3.0,14.0,0.214,4.0,12.0,0.333,15.0,52.0,0.288,7.0,26.0,0.269
203468,CJ McCollum,26.0,POR,1505,476,0.397,2017-18,0.3162790697674418,1610612757,15.0,42.0,0.357,9.0,23.0,0.391,165.0,410.0,0.402,24.0,65.0,0.369
101139,CJ Miles,31.0,TOR,599,454,0.361,2017-18,0.7579298831385642,1610612761,24.0,45.0,0.533,22.0,49.0,0.449,118.0,356.0,0.331,46.0,94.0,0.489
1628403,Caleb Swanigan,21.0,POR,60,8,0.125,2017-18,0.1333333333333333,1610612757,0.0,1.0,0.0,0.0,0.0,0.0,1.0,7.0,0.143,0.0,1.0,0.0
1626166,Cameron Payne,23.0,CHI,215,91,0.385,2017-18,0.4232558139534884,1610612741,1.0,2.0,0.5,2.0,6.0,0.333,32.0,83.0,0.386,3.0,8.0,0.375
1627747,Caris LeVert,23.0,BKN,735,245,0.347,2017-18,0.3333333333333333,1610612751,7.0,20.0,0.35,2.0,14.0,0.143,76.0,211.0,0.36,9.0,34.0,0.265
2546,Carmelo Anthony,34.0,OKC,1168,474,0.357,2017-18,0.4058219178082192,1610612760,5.0,21.0,0.238,14.0,35.0,0.4,150.0,419.0,0.358,19.0,56.0,0.339
1626224,Cedi Osman,23.0,CLE,186,87,0.368,2017-18,0.4677419354838709,1610612739,6.0,17.0,0.353,9.0,23.0,0.391,17.0,46.0,0.37,15.0,40.0,0.375
202718,Chandler Parsons,29.0,MEM,234,121,0.421,2017-18,0.5170940170940171,1610612763,4.0,9.0,0.444,7.0,13.0,0.538,40.0,99.0,0.404,11.0,22.0,0.5
101112,Channing Frye,35.0,LAL,212,115,0.339,2017-18,0.5424528301886793,1610612747,2.0,7.0,0.286,3.0,10.0,0.3,34.0,97.0,0.351,5.0,17.0,0.294
1628429,Charles Cooke,23.0,NOP,14,8,0.125,2017-18,0.5714285714285714,1610612740,0.0,3.0,0.0,1.0,1.0,1.0,0.0,4.0,0.0,1.0,4.0,0.25
1627767,Cheick Diallo,21.0,NOP,176,0,0.0,2017-18,0.0,1610612740,0.0,0.0,0.0,0.0,0.0,0.0,0.0,0.0,0.0,0.0,0.0,0.0
1627778,Chinanu Onuaku,21.0,HOU,5,0,0.0,2017-18,0.0,1610612745,0.0,0.0,0.0,0.0,0.0,0.0,0.0,0.0,0.0,0.0,0.0,0.0
1628449,Chris Boucher,25.0,GSW,1,1,0.0,2017-18,1.0,1610612744,0.0,1.0,0.0,,,,,,,0.0,1.0,0.0
1626191,Chris McCullough,23.0,WAS,42,8,0.125,2017-18,0.1904761904761904,1610612764,0.0,0.0,0.0,0.0,0.0,0.0,1.0,8.0,0.125,0.0,0.0,0.0
101108,Chris Paul,33.0,HOU,798,379,0.38,2017-18,0.474937343358396,1610612745,9.0,28.0,0.321,18.0,28.0,0.643,116.0,318.0,0.365,27.0,56.0,0.482
203991,Clint Capela,24.0,HOU,676,1,0.0,2017-18,0.0014792899408284,1610612745,0.0,0.0,0.0,0.0,0.0,0.0,0.0,1.0,0.0,0.0,0.0,0.0
203469,Cody Zeller,25.0,CHA,156,3,0.667,2017-18,0.0192307692307692,1610612766,0.0,0.0,0.0,0.0,0.0,0.0,2.0,3.0,0.667,0.0,0.0,0.0
202332,Cole Aldrich,29.0,MIN,15,0,0.0,2017-18,0.0,1610612750,0.0,0.0,0.0,0.0,0.0,0.0,0.0,0.0,0.0,0.0,0.0,0.0
201147,Corey Brewer,32.0,OKC,316,110,0.282,2017-18,0.3481012658227848,1610612760,13.0,45.0,0.289,12.0,34.0,0.353,6.0,28.0,0.214,25.0,79.0,0.316
202709,Cory Joseph,26.0,IND,604,190,0.353,2017-18,0.314569536423841,1610612754,8.0,22.0,0.364,9.0,25.0,0.36,50.0,141.0,0.355,17.0,47.0,0.362
201584,Courtney Lee,32.0,NYK,755,278,0.406,2017-18,0.3682119205298013,1610612752,27.0,55.0,0.491,14.0,33.0,0.424,72.0,190.0,0.379,41.0,88.0,0.466
1626245,Cristiano Felicio,25.0,CHI,215,2,0.0,2017-18,0.0093023255813953,1610612741,0.0,0.0,0.0,0.0,0.0,0.0,0.0,2.0,0.0,0.0,0.0,0.0
1626156,D'Angelo Russell,22.0,BKN,672,278,0.324,2017-18,0.4136904761904761,1610612751,4.0,11.0,0.364,6.0,16.0,0.375,80.0,251.0,0.319,10.0,27.0,0.37
201571,D.J. Augustin,30.0,ORL,540,272,0.419,2017-18,0.5037037037037037,1610612753,13.0,27.0,0.481,3.0,16.0,0.188,98.0,227.0,0.432,16.0,43.0,0.372
1628391,D.J. Wilson,22.0,MIL,16,5,0.4,2017-18,0.3125,1610612749,1.0,1.0,1.0,0.0,0.0,0.0,1.0,4.0,0.25,1.0,1.0,1.0
1626177,Dakari Johnson,22.0,OKC,39,0,0.0,2017-18,0.0,1610612760,0.0,0.0,0.0,0.0,0.0,0.0,0.0,0.0,0.0,0.0,0.0,0.0
1627745,Damian Jones,23.0,GSW,22,0,0.0,2017-18,0.0,1610612744,0.0,0.0,0.0,0.0,0.0,0.0,0.0,0.0,0.0,0.0,0.0,0.0
203081,Damian Lillard,27.0,POR,1415,629,0.361,2017-18,0.4445229681978798,1610612757,6.0,12.0,0.5,4.0,14.0,0.286,217.0,603.0,0.36,10.0,26.0,0.385
2863,Damien Wilkins,38.0,IND,39,18,0.222,2017-18,0.4615384615384615,1610612754,1.0,7.0,0.143,3.0,3.0,1.0,0.0,8.0,0.0,4.0,10.0,0.4
1627814,Damion Lee,25.0,ATL,152,60,0.25,2017-18,0.3947368421052631,1610612737,5.0,13.0,0.385,2.0,6.0,0.333,8.0,40.0,0.2,7.0,19.0,0.368
1628422,Damyean Dotson,24.0,NYK,161,68,0.324,2017-18,0.422360248447205,1610612752,2.0,12.0,0.167,3.0,4.0,0.75,17.0,51.0,0.333,5.0,16.0,0.313
1627772,Daniel Hamilton,22.0,OKC,11,5,0.4,2017-18,0.4545454545454545,1610612760,1.0,3.0,0.333,0.0,0.0,0.0,1.0,2.0,0.5,1.0,3.0,0.333
1628464,Daniel Theis,26.0,BOS,233,58,0.31,2017-18,0.2489270386266094,1610612738,6.0,8.0,0.75,2.0,7.0,0.286,10.0,43.0,0.233,8.0,15.0,0.533
201568,Danilo Gallinari,29.0,LAC,256,111,0.324,2017-18,0.43359375,1610612746,1.0,8.0,0.125,5.0,9.0,0.556,30.0,93.0,0.323,6.0,17.0,0.353
201980,Danny Green,31.0,SAS,561,320,0.363,2017-18,0.5704099821746881,1610612759,16.0,41.0,0.39,27.0,55.0,0.491,72.0,223.0,0.323,43.0,96.0,0.448
201967,Dante Cunningham,31.0,BKN,364,168,0.345,2017-18,0.4615384615384615,1610612751,19.0,63.0,0.302,24.0,54.0,0.444,15.0,51.0,0.294,43.0,117.0,0.368
203957,Dante Exum,22.0,UTA,87,18,0.278,2017-18,0.2068965517241379,1610612762,0.0,1.0,0.0,3.0,7.0,0.429,2.0,9.0,0.222,3.0,8.0,0.375
1627863,Danuel House Jr.,25.0,PHX,129,58,0.259,2017-18,0.4496124031007752,1610612756,3.0,8.0,0.375,4.0,9.0,0.444,8.0,40.0,0.2,7.0,17.0,0.412
203967,Dario Saric,24.0,PHI,890,399,0.393,2017-18,0.448314606741573,1610612755,5.0,15.0,0.333,13.0,28.0,0.464,139.0,356.0,0.39,18.0,43.0,0.419
203121,Darius Miller,28.0,NOP,487,358,0.411,2017-18,0.7351129363449692,1610612740,17.0,29.0,0.586,24.0,47.0,0.511,106.0,280.0,0.379,41.0,76.0,0.539
201589,Darrell Arthur,30.0,DEN,47,23,0.348,2017-18,0.4893617021276595,1610612743,1.0,4.0,0.25,1.0,1.0,1.0,6.0,18.0,0.333,2.0,5.0,0.4
201954,Darren Collison,30.0,IND,638,205,0.468,2017-18,0.3213166144200627,1610612754,12.0,34.0,0.353,19.0,32.0,0.594,65.0,137.0,0.474,31.0,66.0,0.47
1626199,Darrun Hilliard,25.0,SAS,19,6,0.0,2017-18,0.3157894736842105,1610612759,0.0,1.0,0.0,0.0,0.0,0.0,0.0,5.0,0.0,0.0,1.0,0.0
1628021,David Nwaba,25.0,CHI,423,52,0.346,2017-18,0.1229314420803782,1610612741,3.0,13.0,0.231,4.0,14.0,0.286,11.0,24.0,0.458,7.0,27.0,0.259
204065,David Stockton,27.0,UTA,3,3,0.667,2017-18,1.0,1610612762,0.0,0.0,0.0,0.0,0.0,0.0,2.0,3.0,0.667,0.0,0.0,0.0
2561,David West,37.0,GSW,378,8,0.375,2017-18,0.0211640211640211,1610612744,0.0,0.0,0.0,0.0,1.0,0.0,3.0,7.0,0.429,0.0,1.0,0.0
202722,Davis Bertans,25.0,SAS,366,252,0.373,2017-18,0.6885245901639344,1610612759,5.0,12.0,0.417,13.0,24.0,0.542,76.0,215.0,0.353,18.0,36.0,0.5
1628432,Davon Reed,23.0,PHX,76,38,0.289,2017-18,0.5,1610612756,0.0,2.0,0.0,0.0,3.0,0.0,11.0,33.0,0.333,0.0,5.0,0.0
1628368,De'Aaron Fox,20.0,SAC,797,153,0.307,2017-18,0.191969887076537,1610612758,7.0,23.0,0.304,4.0,13.0,0.308,36.0,115.0,0.313,11.0,36.0,0.306
201599,DeAndre Jordan,29.0,LAC,578,0,0.0,2017-18,0.0,1610612746,0.0,0.0,0.0,0.0,0.0,0.0,0.0,0.0,0.0,0.0,0.0,0.0
202732,DeAndre Liggins,30.0,NOP,106,53,0.358,2017-18,0.5,1610612740,2.0,8.0,0.25,6.0,22.0,0.273,11.0,22.0,0.5,8.0,30.0,0.267
1627761,DeAndre' Bembry,23.0,ATL,128,30,0.367,2017-18,0.234375,1610612737,3.0,4.0,0.75,2.0,7.0,0.286,6.0,19.0,0.316,5.0,11.0,0.455
201942,DeMar DeRozan,28.0,TOR,1413,287,0.31,2017-18,0.2031139419674451,1610612761,15.0,51.0,0.294,11.0,39.0,0.282,63.0,193.0,0.326,26.0,90.0,0.289
202326,DeMarcus Cousins,27.0,NOP,864,294,0.354,2017-18,0.3402777777777778,1610612740,1.0,6.0,0.167,2.0,3.0,0.667,101.0,281.0,0.359,3.0,9.0,0.333
201960,DeMarre Carroll,31.0,BKN,785,391,0.371,2017-18,0.4980891719745223,1610612751,17.0,49.0,0.347,26.0,55.0,0.473,101.0,284.0,0.356,43.0,104.0,0.413
1627749,Dejounte Murray,21.0,SAS,609,34,0.265,2017-18,0.0558292282430213,1610612759,4.0,15.0,0.267,3.0,7.0,0.429,2.0,12.0,0.167,7.0,22.0,0.318
1626153,Delon Wright,26.0,TOR,432,153,0.366,2017-18,0.3541666666666667,1610612761,8.0,17.0,0.471,6.0,17.0,0.353,41.0,115.0,0.357,14.0,34.0,0.412
1627743,Demetrius Jackson,23.0,PHI,18,7,0.143,2017-18,0.3888888888888889,1610612755,0.0,1.0,0.0,0.0,1.0,0.0,1.0,5.0,0.2,0.0,2.0,0.0
203471,Dennis Schröder,24.0,ATL,1146,262,0.29,2017-18,0.2286212914485166,1610612737,3.0,11.0,0.273,1.0,7.0,0.143,72.0,237.0,0.304,4.0,18.0,0.222
1628372,Dennis Smith Jr.,20.0,DAL,1024,339,0.313,2017-18,0.3310546875,1610612742,4.0,17.0,0.235,3.0,6.0,0.5,99.0,314.0,0.315,7.0,23.0,0.304
1627756,Denzel Valentine,24.0,CHI,721,370,0.386,2017-18,0.5131761442441054,1610612741,19.0,49.0,0.388,14.0,37.0,0.378,110.0,281.0,0.391,33.0,86.0,0.384
202324,Derrick Favors,26.0,UTA,702,63,0.222,2017-18,0.0897435897435897,1610612762,5.0,26.0,0.192,8.0,29.0,0.276,1.0,7.0,0.143,13.0,55.0,0.236
1627884,Derrick Jones Jr.,21.0,MIA,53,18,0.167,2017-18,0.3396226415094339,1610612748,0.0,0.0,0.0,2.0,8.0,0.25,1.0,10.0,0.1,2.0,8.0,0.25
201565,Derrick Rose,29.0,MIN,186,30,0.233,2017-18,0.1612903225806451,1610612750,1.0,4.0,0.25,2.0,7.0,0.286,4.0,18.0,0.222,3.0,11.0,0.273
1628476,Derrick Walton Jr.,23.0,MIA,25,17,0.412,2017-18,0.68,1610612748,0.0,0.0,0.0,2.0,3.0,0.667,5.0,13.0,0.385,2.0,3.0,0.667
1628401,Derrick White,23.0,SAS,33,13,0.615,2017-18,0.3939393939393939,1610612759,0.0,0.0,0.0,1.0,1.0,1.0,7.0,12.0,0.583,1.0,1.0,1.0
202682,Derrick Williams,27.0,LAL,4,2,0.0,2017-18,0.5,1610612747,0.0,0.0,0.0,0.0,2.0,0.0,0.0,0.0,0.0,0.0,2.0,0.0
1626164,Devin Booker,21.0,PHX,1054,384,0.383,2017-18,0.3643263757115749,1610612756,13.0,30.0,0.433,5.0,15.0,0.333,129.0,335.0,0.385,18.0,45.0,0.4
2734,Devin Harris,35.0,DEN,454,227,0.348,2017-18,0.5,1610612743,7.0,21.0,0.333,12.0,21.0,0.571,60.0,176.0,0.341,19.0,42.0,0.452
1628421,Devin Robinson,23.0,WAS,3,0,0.0,2017-18,0.0,1610612764,0.0,0.0,0.0,,,,0.0,0.0,0.0,0.0,0.0,0.0
203473,Dewayne Dedmon,28.0,ATL,477,141,0.355,2017-18,0.2955974842767295,1610612737,11.0,31.0,0.355,16.0,38.0,0.421,22.0,71.0,0.31,27.0,69.0,0.391
1627738,Deyonta Davis,21.0,MEM,265,0,0.0,2017-18,0.0,1610612763,0.0,0.0,0.0,0.0,0.0,0.0,0.0,0.0,0.0,0.0,0.0,0.0
1628415,Dillon Brooks,22.0,MEM,772,264,0.356,2017-18,0.3419689119170984,1610612763,4.0,21.0,0.19,15.0,30.0,0.5,75.0,206.0,0.364,19.0,51.0,0.373
203079,Dion Waiters,26.0,MIA,410,170,0.306,2017-18,0.4146341463414634,1610612748,8.0,19.0,0.421,11.0,29.0,0.379,33.0,121.0,0.273,19.0,48.0,0.396
1717,Dirk Nowitzki,40.0,DAL,758,337,0.409,2017-18,0.4445910290237467,1610612742,6.0,12.0,0.5,3.0,5.0,0.6,129.0,319.0,0.404,9.0,17.0,0.529
1627734,Domantas Sabonis,22.0,IND,661,37,0.351,2017-18,0.0559757942511346,1610612754,3.0,4.0,0.75,0.0,1.0,0.0,10.0,32.0,0.313,3.0,5.0,0.6
1628378,Donovan Mitchell,21.0,UTA,1362,550,0.34,2017-18,0.4038179148311306,1610612762,18.0,30.0,0.6,14.0,37.0,0.378,155.0,482.0,0.322,32.0,67.0,0.478
1627827,Dorian Finney-Smith,25.0,DAL,121,67,0.299,2017-18,0.5537190082644629,1610612742,2.0,8.0,0.25,7.0,17.0,0.412,11.0,42.0,0.262,9.0,25.0,0.36
203926,Doug McDermott,26.0,DAL,508,216,0.426,2017-18,0.4251968503937008,1610612742,22.0,43.0,0.512,14.0,26.0,0.538,55.0,146.0,0.377,36.0,69.0,0.522
1627733,Dragan Bender,20.0,PHX,484,322,0.366,2017-18,0.6652892561983471,1610612756,18.0,44.0,0.409,13.0,39.0,0.333,87.0,239.0,0.364,31.0,83.0,0.373
203110,Draymond Green,28.0,GSW,619,256,0.301,2017-18,0.4135702746365105,1610612744,0.0,7.0,0.0,2.0,10.0,0.2,75.0,236.0,0.318,2.0,17.0,0.118
1628407,Dwayne Bacon,22.0,CHA,192,43,0.256,2017-18,0.2239583333333333,1610612766,2.0,9.0,0.222,4.0,10.0,0.4,5.0,24.0,0.208,6.0,19.0,0.316
202779,Dwight Buycks,29.0,DET,198,45,0.333,2017-18,0.2272727272727272,1610612765,0.0,1.0,0.0,1.0,1.0,1.0,14.0,40.0,0.35,1.0,2.0,0.5
2730,Dwight Howard,32.0,CHA,911,7,0.143,2017-18,0.0076838638858397,1610612766,0.0,0.0,0.0,0.0,0.0,0.0,1.0,5.0,0.2,0.0,0.0,0.0
203939,Dwight Powell,26.0,DAL,430,84,0.333,2017-18,0.1953488372093023,1610612742,4.0,9.0,0.444,5.0,5.0,1.0,19.0,68.0,0.279,9.0,14.0,0.643
2548,Dwyane Wade,36.0,MIA,682,111,0.288,2017-18,0.1627565982404692,1610612748,5.0,19.0,0.263,2.0,6.0,0.333,25.0,86.0,0.291,7.0,25.0,0.28
202734,E'Twaun Moore,29.0,NOP,832,301,0.425,2017-18,0.3617788461538461,1610612740,42.0,79.0,0.532,21.0,47.0,0.447,64.0,174.0,0.368,63.0,126.0,0.5
202334,Ed Davis,29.0,POR,292,1,0.0,2017-18,0.0034246575342465,1610612757,0.0,0.0,0.0,0.0,0.0,0.0,0.0,0.0,0.0,0.0,0.0,0.0
1628410,Edmond Sumner,22.0,IND,1,0,0.0,2017-18,0.0,1610612754,0.0,0.0,0.0,0.0,0.0,0.0,0.0,0.0,0.0,0.0,0.0,0.0
202327,Ekpe Udoh,31.0,UTA,120,1,0.0,2017-18,0.0083333333333333,1610612762,0.0,0.0,0.0,0.0,0.0,0.0,0.0,0.0,0.0,0.0,0.0,0.0
203901,Elfrid Payton,24.0,PHX,667,92,0.326,2017-18,0.1379310344827586,1610612756,5.0,15.0,0.333,4.0,11.0,0.364,21.0,66.0,0.318,9.0,26.0,0.346
2731,Emeka Okafor,35.0,NOP,95,0,0.0,2017-18,0.0,1610612740,0.0,0.0,0.0,0.0,0.0,0.0,0.0,0.0,0.0,0.0,0.0,0.0
1626144,Emmanuel Mudiay,22.0,NYK,526,148,0.318,2017-18,0.2813688212927757,1610612752,7.0,12.0,0.583,7.0,15.0,0.467,33.0,118.0,0.28,14.0,27.0,0.519
202683,Enes Freedom,26.0,NYK,713,2,0.0,2017-18,0.002805049088359,1610612752,0.0,0.0,0.0,0.0,0.0,0.0,0.0,2.0,0.0,0.0,0.0,0.0
202339,Eric Bledsoe,28.0,MIL,989,360,0.347,2017-18,0.3640040444893832,1610612749,13.0,29.0,0.448,12.0,33.0,0.364,100.0,297.0,0.337,25.0,62.0,0.403
201569,Eric Gordon,29.0,HOU,970,608,0.359,2017-18,0.6268041237113402,1610612745,21.0,45.0,0.467,14.0,37.0,0.378,182.0,521.0,0.349,35.0,82.0,0.427
203961,Eric Moreland,26.0,DET,122,0,0.0,2017-18,0.0,1610612765,0.0,0.0,0.0,0.0,0.0,0.0,0.0,0.0,0.0,0.0,0.0,0.0
1628571,Erik McCree,24.0,UTA,2,1,0.0,2017-18,0.5,1610612762,,,,0.0,0.0,0.0,0.0,1.0,0.0,0.0,0.0,0.0
101141,Ersan Ilyasova,31.0,PHI,613,253,0.36,2017-18,0.4127243066884176,1610612755,16.0,36.0,0.444,19.0,38.0,0.5,56.0,179.0,0.313,35.0,74.0,0.473
203095,Evan Fournier,25.0,ORL,802,335,0.379,2017-18,0.4177057356608479,1610612753,19.0,39.0,0.487,10.0,24.0,0.417,97.0,270.0,0.359,29.0,63.0,0.46
202323,Evan Turner,29.0,POR,577,132,0.318,2017-18,0.2287694974003466,1610612757,8.0,27.0,0.296,12.0,34.0,0.353,22.0,71.0,0.31,20.0,61.0,0.328
1626163,Frank Kaminsky,25.0,CHA,716,274,0.38,2017-18,0.38268156424581,1610612766,4.0,11.0,0.364,2.0,10.0,0.2,98.0,253.0,0.387,6.0,21.0,0.286
1628412,Frank Mason III,24.0,SAC,380,86,0.36,2017-18,0.2263157894736842,1610612758,2.0,6.0,0.333,1.0,3.0,0.333,28.0,73.0,0.384,3.0,9.0,0.333
1628373,Frank Ntilikina,19.0,NYK,500,157,0.318,2017-18,0.314,1610612752,6.0,12.0,0.5,3.0,12.0,0.25,41.0,129.0,0.318,9.0,24.0,0.375
1627832,Fred VanVleet,24.0,TOR,545,261,0.414,2017-18,0.4788990825688073,1610612761,19.0,46.0,0.413,16.0,35.0,0.457,73.0,174.0,0.42,35.0,81.0,0.432
1627788,Furkan Korkmaz,20.0,PHI,28,17,0.294,2017-18,0.6071428571428571,1610612755,0.0,0.0,0.0,0.0,2.0,0.0,5.0,15.0,0.333,0.0,2.0,0.0
202066,Garrett Temple,32.0,SAC,476,227,0.392,2017-18,0.476890756302521,1610612758,19.0,58.0,0.328,10.0,23.0,0.435,60.0,146.0,0.411,29.0,81.0,0.358
203914,Gary Harris,23.0,DEN,908,394,0.396,2017-18,0.4339207048458149,1610612743,16.0,50.0,0.32,19.0,36.0,0.528,121.0,307.0,0.394,35.0,86.0,0.407
1627780,Gary Payton II,25.0,LAL,74,25,0.24,2017-18,0.3378378378378378,1610612747,2.0,5.0,0.4,1.0,6.0,0.167,3.0,14.0,0.214,3.0,11.0,0.273
201588,George Hill,32.0,CLE,513,205,0.415,2017-18,0.3996101364522417,1610612739,14.0,32.0,0.438,18.0,35.0,0.514,52.0,134.0,0.388,32.0,67.0,0.478
1627777,Georges Niang,25.0,UTA,11,4,0.0,2017-18,0.3636363636363636,1610612762,0.0,0.0,0.0,0.0,3.0,0.0,0.0,1.0,0.0,0.0,3.0,0.0
1627834,Georgios Papagiannis,20.0,POR,42,0,0.0,2017-18,0.0,1610612757,0.0,0.0,0.0,0.0,0.0,0.0,0.0,0.0,0.0,0.0,0.0,0.0
101123,Gerald Green,32.0,HOU,413,298,0.369,2017-18,0.7215496368038741,1610612745,18.0,38.0,0.474,12.0,41.0,0.293,80.0,217.0,0.369,30.0,79.0,0.38
1628492,Gian Clavell,24.0,DAL,18,15,0.4,2017-18,0.8333333333333334,1610612742,0.0,1.0,0.0,3.0,5.0,0.6,3.0,9.0,0.333,3.0,6.0,0.5
203507,Giannis Antetokounmpo,23.0,MIL,1402,140,0.307,2017-18,0.0998573466476462,1610612749,4.0,9.0,0.444,1.0,6.0,0.167,37.0,123.0,0.301,5.0,15.0,0.333
203922,Glenn Robinson III,24.0,IND,85,34,0.412,2017-18,0.4,1610612754,4.0,6.0,0.667,7.0,11.0,0.636,3.0,17.0,0.176,11.0,17.0,0.647
201609,Goran Dragic,32.0,MIA,1075,300,0.37,2017-18,0.2790697674418604,1610612748,11.0,30.0,0.367,9.0,24.0,0.375,91.0,243.0,0.374,20.0,54.0,0.37
202330,Gordon Hayward,28.0,BOS,2,1,0.0,2017-18,0.5,1610612738,,,,,,,0.0,1.0,0.0,,,
203476,Gorgui Dieng,28.0,MIN,388,61,0.311,2017-18,0.1572164948453608,1610612750,9.0,31.0,0.29,5.0,17.0,0.294,4.0,12.0,0.333,14.0,48.0,0.292
202328,Greg Monroe,28.0,BOS,386,0,0.0,2017-18,0.0,1610612738,0.0,0.0,0.0,0.0,0.0,0.0,0.0,0.0,0.0,0.0,0.0,0.0
1627824,Guerschon Yabusele,22.0,BOS,61,37,0.324,2017-18,0.6065573770491803,1610612738,1.0,2.0,0.5,0.0,3.0,0.0,11.0,32.0,0.344,1.0,5.0,0.2
203084,Harrison Barnes,26.0,DAL,1208,333,0.357,2017-18,0.2756622516556291,1610612742,23.0,43.0,0.535,13.0,45.0,0.289,83.0,242.0,0.343,36.0,88.0,0.409
202355,Hassan Whiteside,29.0,MIA,578,2,1.0,2017-18,0.0034602076124567,1610612748,0.0,0.0,0.0,0.0,0.0,0.0,2.0,2.0,1.0,0.0,0.0,0.0
1627740,Henry Ellenson,21.0,DET,146,60,0.333,2017-18,0.410958904109589,1610612765,4.0,10.0,0.4,0.0,3.0,0.0,16.0,47.0,0.34,4.0,13.0,0.308
203546,Ian Clark,27.0,NOP,495,195,0.318,2017-18,0.3939393939393939,1610612740,9.0,27.0,0.333,12.0,28.0,0.429,41.0,138.0,0.297,21.0,55.0,0.382
101133,Ian Mahinmi,31.0,WAS,248,2,0.0,2017-18,0.0080645161290322,1610612764,0.0,0.0,0.0,0.0,0.0,0.0,0.0,1.0,0.0,0.0,0.0,0.0
1628387,Ike Anigbogu,19.0,IND,9,0,0.0,2017-18,0.0,1610612754,0.0,0.0,0.0,0.0,0.0,0.0,0.0,0.0,0.0,0.0,0.0,0.0
202697,Iman Shumpert,28.0,SAC,58,26,0.269,2017-18,0.4482758620689655,1610612758,1.0,5.0,0.2,1.0,3.0,0.333,5.0,18.0,0.278,2.0,8.0,0.25
203477,Isaiah Canaan,27.0,PHX,137,66,0.333,2017-18,0.4817518248175182,1610612756,4.0,7.0,0.571,1.0,4.0,0.25,17.0,54.0,0.315,5.0,11.0,0.455
1628439,Isaiah Hicks,23.0,NYK,72,9,0.222,2017-18,0.125,1610612752,1.0,2.0,0.5,0.0,1.0,0.0,1.0,6.0,0.167,1.0,3.0,0.333
1627819,Isaiah Taylor,23.0,ATL,390,80,0.25,2017-18,0.2051282051282051,1610612737,1.0,5.0,0.2,4.0,6.0,0.667,15.0,66.0,0.227,5.0,11.0,0.455
202738,Isaiah Thomas,29.0,LAL,421,188,0.293,2017-18,0.4465558194774346,1610612747,4.0,13.0,0.308,4.0,12.0,0.333,47.0,162.0,0.29,8.0,25.0,0.32
1627785,Isaiah Whitehead,23.0,BKN,86,18,0.389,2017-18,0.2093023255813953,1610612751,0.0,0.0,0.0,0.0,1.0,0.0,7.0,17.0,0.412,0.0,1.0,0.0
202397,Ish Smith,29.0,DET,801,101,0.347,2017-18,0.1260923845193508,1610612765,4.0,15.0,0.267,4.0,14.0,0.286,26.0,69.0,0.377,8.0,29.0,0.276
1628397,Ivan Rabb,21.0,MEM,152,0,0.0,2017-18,0.0,1610612763,0.0,0.0,0.0,0.0,0.0,0.0,0.0,0.0,0.0,0.0,0.0,0.0
1627826,Ivica Zubac,21.0,LAL,122,1,0.0,2017-18,0.0081967213114754,1610612747,0.0,0.0,0.0,0.0,0.0,0.0,0.0,1.0,0.0,0.0,0.0,0.0
200826,J.J. Barea,34.0,DAL,690,313,0.367,2017-18,0.4536231884057971,1610612742,3.0,14.0,0.214,2.0,7.0,0.286,110.0,289.0,0.381,5.0,21.0,0.238
200755,JJ Redick,34.0,PHI,879,460,0.42,2017-18,0.5233219567690558,1610612755,17.0,34.0,0.5,15.0,33.0,0.455,161.0,392.0,0.411,32.0,67.0,0.478
2747,JR Smith,32.0,CLE,595,381,0.375,2017-18,0.6403361344537815,1610612739,26.0,60.0,0.433,36.0,66.0,0.545,81.0,254.0,0.319,62.0,126.0,0.492
203960,JaKarr Sampson,25.0,SAC,81,10,0.5,2017-18,0.1234567901234567,1610612758,1.0,2.0,0.5,2.0,4.0,0.5,2.0,4.0,0.5,3.0,6.0,0.5
203210,JaMychal Green,28.0,MEM,488,127,0.339,2017-18,0.2602459016393442,1610612763,9.0,27.0,0.333,10.0,26.0,0.385,24.0,75.0,0.32,19.0,53.0,0.358
201580,JaVale McGee,30.0,GSW,219,6,0.0,2017-18,0.0273972602739726,1610612744,0.0,0.0,0.0,0.0,1.0,0.0,0.0,5.0,0.0,0.0,1.0,0.0
1628444,Jabari Bird,23.0,BOS,26,7,0.429,2017-18,0.2692307692307692,1610612738,0.0,0.0,0.0,2.0,2.0,1.0,1.0,5.0,0.2,2.0,2.0,1.0
203953,Jabari Parker,23.0,MIL,332,81,0.383,2017-18,0.2439759036144578,1610612749,1.0,4.0,0.25,6.0,10.0,0.6,24.0,65.0,0.369,7.0,14.0,0.5
204022,Jack Cooley,27.0,SAC,27,0,0.0,2017-18,0.0,1610612758,0.0,0.0,0.0,0.0,0.0,0.0,0.0,0.0,0.0,0.0,0.0,0.0
1626643,Jacob Pullen,28.0,PHI,2,1,0.0,2017-18,0.5,1610612755,0.0,0.0,0.0,0.0,0.0,0.0,0.0,1.0,0.0,0.0,0.0,0.0
1628451,Jacob Wiley,23.0,BKN,4,2,0.5,2017-18,0.5,1610612751,1.0,1.0,1.0,0.0,1.0,0.0,0.0,0.0,0.0,1.0,2.0,0.5
203109,Jae Crowder,27.0,UTA,671,341,0.323,2017-18,0.5081967213114754,1610612762,14.0,52.0,0.269,23.0,46.0,0.5,73.0,243.0,0.3,37.0,98.0,0.378
1626143,Jahlil Okafor,22.0,BKN,138,4,0.25,2017-18,0.0289855072463768,1610612751,0.0,1.0,0.0,1.0,1.0,1.0,0.0,2.0,0.0,1.0,2.0,0.5
1627774,Jake Layman,24.0,POR,47,20,0.2,2017-18,0.425531914893617,1610612757,1.0,4.0,0.25,1.0,1.0,1.0,2.0,15.0,0.133,2.0,5.0,0.4
1627751,Jakob Poeltl,22.0,TOR,384,2,0.5,2017-18,0.0052083333333333,1610612761,0.0,0.0,0.0,1.0,2.0,0.5,0.0,0.0,0.0,1.0,2.0,0.5
1627883,Jalen Jones,25.0,DAL,68,26,0.385,2017-18,0.3823529411764705,1610612742,2.0,5.0,0.4,0.0,0.0,0.0,8.0,21.0,0.381,2.0,5.0,0.4
2037,Jamal Crawford,38.0,MIN,742,314,0.331,2017-18,0.4231805929919137,1610612750,15.0,45.0,0.333,14.0,27.0,0.519,75.0,238.0,0.315,29.0,72.0,0.403
1627750,Jamal Murray,21.0,DEN,1062,436,0.378,2017-18,0.4105461393596987,1610612743,15.0,36.0,0.417,13.0,24.0,0.542,137.0,371.0,0.369,28.0,60.0,0.467
1627866,Jameel Warney,24.0,DAL,12,0,0.0,2017-18,0.0,1610612742,0.0,0.0,0.0,0.0,0.0,0.0,0.0,0.0,0.0,0.0,0.0,0.0
2749,Jameer Nelson,36.0,DET,244,124,0.331,2017-18,0.5081967213114754,1610612765,3.0,13.0,0.231,2.0,5.0,0.4,36.0,105.0,0.343,5.0,18.0,0.278
1628503,Jamel Artis,25.0,ORL,79,29,0.276,2017-18,0.3670886075949367,1610612753,1.0,6.0,0.167,1.0,4.0,0.25,6.0,19.0,0.316,2.0,10.0,0.2
203516,James Ennis III,27.0,DET,384,153,0.333,2017-18,0.3984375,1610612765,11.0,29.0,0.379,7.0,24.0,0.292,32.0,99.0,0.323,18.0,53.0,0.34
201935,James Harden,28.0,HOU,1449,722,0.367,2017-18,0.4982746721877156,1610612745,8.0,22.0,0.364,10.0,33.0,0.303,247.0,665.0,0.371,18.0,55.0,0.327
201949,James Johnson,31.0,MIA,614,185,0.308,2017-18,0.3013029315960912,1610612748,8.0,25.0,0.32,16.0,48.0,0.333,33.0,111.0,0.297,24.0,73.0,0.329
203949,James Michael McAdoo,25.0,PHI,7,7,0.286,2017-18,1.0,1610612755,1.0,1.0,1.0,0.0,0.0,0.0,1.0,6.0,0.167,1.0,1.0,1.0
1627821,James Webb III,24.0,BKN,24,19,0.211,2017-18,0.7916666666666666,1610612751,3.0,8.0,0.375,0.0,3.0,0.0,1.0,7.0,0.143,3.0,11.0,0.273
203923,James Young,22.0,PHI,14,10,0.3,2017-18,0.7142857142857143,1610612755,0.0,2.0,0.0,1.0,2.0,0.5,2.0,6.0,0.333,1.0,4.0,0.25
203966,Jamil Wilson,27.0,LAC,81,63,0.429,2017-18,0.7777777777777778,1610612746,1.0,2.0,0.5,1.0,5.0,0.2,25.0,56.0,0.446,2.0,7.0,0.286
201162,Jared Dudley,32.0,PHX,122,80,0.363,2017-18,0.6557377049180327,1610612756,1.0,2.0,0.5,8.0,16.0,0.5,20.0,62.0,0.323,9.0,18.0,0.5
204067,Jarell Eddie,26.0,CHI,2,2,0.0,2017-18,1.0,1610612741,0.0,0.0,0.0,0.0,0.0,0.0,0.0,2.0,0.0,0.0,0.0,0.0
1626185,Jarell Martin,24.0,MEM,496,98,0.347,2017-18,0.1975806451612903,1610612763,11.0,25.0,0.44,3.0,18.0,0.167,20.0,53.0,0.377,14.0,43.0,0.326
1628386,Jarrett Allen,20.0,BKN,397,15,0.333,2017-18,0.0377833753148614,1610612751,2.0,8.0,0.25,3.0,5.0,0.6,0.0,1.0,0.0,5.0,13.0,0.385
101127,Jarrett Jack,34.0,NYK,443,86,0.291,2017-18,0.1941309255079006,1610612752,2.0,8.0,0.25,1.0,4.0,0.25,22.0,72.0,0.306,3.0,12.0,0.25
201160,Jason Smith,32.0,WAS,115,32,0.125,2017-18,0.2782608695652174,1610612764,0.0,4.0,0.0,0.0,7.0,0.0,4.0,21.0,0.19,0.0,11.0,0.0
1891,Jason Terry,40.0,MIL,154,115,0.348,2017-18,0.7467532467532467,1610612749,6.0,22.0,0.273,16.0,34.0,0.471,18.0,58.0,0.31,22.0,56.0,0.393
1628393,Jawun Evans,21.0,LAC,253,54,0.278,2017-18,0.2134387351778656,1610612746,3.0,11.0,0.273,1.0,5.0,0.2,11.0,35.0,0.314,4.0,16.0,0.25
1627759,Jaylen Brown,21.0,BOS,803,306,0.395,2017-18,0.3810709838107098,1610612738,30.0,62.0,0.484,22.0,58.0,0.379,69.0,184.0,0.375,52.0,120.0,0.433
1628537,Jaylen Morris,22.0,ATL,32,10,0.2,2017-18,0.3125,1610612737,0.0,4.0,0.0,0.0,0.0,0.0,2.0,5.0,0.4,0.0,4.0,0.0
1628369,Jayson Tatum,20.0,BOS,835,242,0.434,2017-18,0.2898203592814371,1610612738,14.0,29.0,0.483,19.0,32.0,0.594,71.0,180.0,0.394,33.0,61.0,0.541
201145,Jeff Green,31.0,CLE,618,170,0.312,2017-18,0.2750809061488673,1610612739,8.0,28.0,0.286,16.0,43.0,0.372,29.0,91.0,0.319,24.0,71.0,0.338
201952,Jeff Teague,30.0,MIN,794,228,0.368,2017-18,0.2871536523929471,1610612750,6.0,15.0,0.4,4.0,9.0,0.444,74.0,204.0,0.363,10.0,24.0,0.417
203481,Jeff Withey,28.0,DAL,16,10,0.2,2017-18,0.625,1610612742,0.0,0.0,0.0,1.0,2.0,0.5,1.0,8.0,0.125,1.0,2.0,0.5
203924,Jerami Grant,24.0,OKC,456,110,0.291,2017-18,0.2412280701754386,1610612760,7.0,23.0,0.304,8.0,35.0,0.229,17.0,50.0,0.34,15.0,58.0,0.259
202379,Jeremy Evans,30.0,ATL,1,0,0.0,2017-18,0.0,1610612737,0.0,0.0,0.0,,,,0.0,0.0,0.0,0.0,0.0,0.0
203087,Jeremy Lamb,26.0,CHA,832,254,0.37,2017-18,0.3052884615384615,1610612766,16.0,32.0,0.5,6.0,16.0,0.375,72.0,202.0,0.356,22.0,48.0,0.458
202391,Jeremy Lin,29.0,BKN,12,2,0.5,2017-18,0.1666666666666666,1610612751,0.0,0.0,0.0,0.0,0.0,0.0,1.0,2.0,0.5,0.0,0.0,0.0
1626170,Jerian Grant,25.0,CHI,503,187,0.326,2017-18,0.3717693836978131,1610612741,3.0,8.0,0.375,4.0,7.0,0.571,54.0,168.0,0.321,7.0,15.0,0.467
201573,Jerryd Bayless,29.0,PHI,262,146,0.37,2017-18,0.5572519083969466,1610612755,8.0,18.0,0.444,13.0,33.0,0.394,33.0,95.0,0.347,21.0,51.0,0.412
202710,Jimmy Butler III,28.0,MIN,921,200,0.35,2017-18,0.2171552660152008,1610612750,10.0,25.0,0.4,10.0,21.0,0.476,50.0,152.0,0.329,20.0,46.0,0.435
201149,Joakim Noah,33.0,NYK,10,0,0.0,2017-18,0.0,1610612752,0.0,0.0,0.0,0.0,0.0,0.0,0.0,0.0,0.0,0.0,0.0,0.0
201975,Jodie Meeks,30.0,WAS,393,210,0.343,2017-18,0.5343511450381679,1610612764,7.0,23.0,0.304,8.0,19.0,0.421,57.0,168.0,0.339,15.0,42.0,0.357
203925,Joe Harris,26.0,BKN,621,358,0.419,2017-18,0.5764895330112721,1610612751,10.0,37.0,0.27,17.0,46.0,0.37,123.0,275.0,0.447,27.0,83.0,0.325
204060,Joe Ingles,30.0,UTA,718,464,0.44,2017-18,0.6462395543175488,1610612762,36.0,70.0,0.514,38.0,80.0,0.475,130.0,313.0,0.415,74.0,150.0,0.493
2207,Joe Johnson,37.0,HOU,360,145,0.276,2017-18,0.4027777777777778,1610612745,8.0,31.0,0.258,10.0,28.0,0.357,22.0,84.0,0.262,18.0,59.0,0.305
1626202,Joe Young,26.0,IND,186,66,0.379,2017-18,0.3548387096774194,1610612754,1.0,7.0,0.143,4.0,6.0,0.667,20.0,50.0,0.4,5.0,13.0,0.385
1627762,Joel Bolomboy,24.0,MIL,6,1,0.0,2017-18,0.1666666666666666,1610612749,0.0,0.0,0.0,0.0,0.0,0.0,0.0,1.0,0.0,0.0,0.0,0.0
203954,Joel Embiid,24.0,PHI,1056,214,0.308,2017-18,0.2026515151515151,1610612755,3.0,8.0,0.375,1.0,5.0,0.2,62.0,201.0,0.308,4.0,13.0,0.308
203530,Joffrey Lauvergne,26.0,SAS,190,5,0.0,2017-18,0.0263157894736842,1610612759,0.0,1.0,0.0,0.0,2.0,0.0,0.0,1.0,0.0,0.0,3.0,0.0
1628381,John Collins,20.0,ATL,545,47,0.34,2017-18,0.0862385321100917,1610612737,7.0,18.0,0.389,5.0,17.0,0.294,3.0,9.0,0.333,12.0,35.0,0.343
203089,John Henson,27.0,MIL,502,7,0.143,2017-18,0.0139442231075697,1610612749,0.0,1.0,0.0,0.0,0.0,0.0,1.0,4.0,0.25,0.0,1.0,0.0
204066,John Holland,29.0,CLE,59,36,0.306,2017-18,0.6101694915254238,1610612739,2.0,5.0,0.4,0.0,5.0,0.0,9.0,26.0,0.346,2.0,10.0,0.2
202322,John Wall,27.0,WAS,667,167,0.371,2017-18,0.2503748125937031,1610612764,1.0,2.0,0.5,5.0,6.0,0.833,56.0,156.0,0.359,6.0,8.0,0.75
1628405,Johnathan Motley,23.0,DAL,75,6,0.167,2017-18,0.08,1610612742,0.0,1.0,0.0,0.0,0.0,0.0,1.0,4.0,0.25,0.0,1.0,0.0
203948,Johnny O'Bryant III,25.0,CHA,171,43,0.326,2017-18,0.2514619883040935,1610612766,0.0,2.0,0.0,1.0,2.0,0.5,13.0,37.0,0.351,1.0,4.0,0.25
202720,Jon Leuer,29.0,DET,36,3,0.0,2017-18,0.0833333333333333,1610612765,0.0,0.0,0.0,0.0,2.0,0.0,0.0,1.0,0.0,0.0,2.0,0.0
201973,Jonas Jerebko,31.0,UTA,341,157,0.414,2017-18,0.4604105571847507,1610612762,20.0,39.0,0.513,17.0,31.0,0.548,28.0,87.0,0.322,37.0,70.0,0.529
202685,Jonas Valančiūnas,26.0,TOR,687,74,0.405,2017-18,0.1077147016011644,1610612761,4.0,5.0,0.8,0.0,1.0,0.0,26.0,68.0,0.382,4.0,6.0,0.667
1626780,Jonathan Gibson,30.0,BOS,23,12,0.5,2017-18,0.5217391304347826,1610612738,1.0,1.0,1.0,0.0,0.0,0.0,5.0,11.0,0.455,1.0,1.0,1.0
1628371,Jonathan Isaac,20.0,ORL,145,46,0.348,2017-18,0.3172413793103448,1610612753,2.0,6.0,0.333,3.0,13.0,0.231,11.0,27.0,0.407,5.0,19.0,0.263
203613,Jonathon Simmons,28.0,ORL,761,204,0.338,2017-18,0.2680683311432326,1610612753,13.0,38.0,0.342,6.0,19.0,0.316,50.0,145.0,0.345,19.0,57.0,0.333
1628395,Jordan Bell,23.0,GSW,185,4,0.0,2017-18,0.0216216216216216,1610612744,0.0,0.0,0.0,0.0,0.0,0.0,0.0,4.0,0.0,0.0,0.0,0.0
203903,Jordan Clarkson,26.0,CLE,954,318,0.352,2017-18,0.3333333333333333,1610612739,19.0,37.0,0.514,6.0,19.0,0.316,86.0,260.0,0.331,25.0,56.0,0.446
202348,Jordan Crawford,29.0,NOP,27,14,0.571,2017-18,0.5185185185185185,1610612740,1.0,1.0,1.0,0.0,0.0,0.0,7.0,13.0,0.538,1.0,1.0,1.0
1626175,Jordan Mickey,23.0,MIA,82,16,0.125,2017-18,0.1951219512195122,1610612748,1.0,4.0,0.25,1.0,3.0,0.333,0.0,9.0,0.0,2.0,7.0,0.286
101181,Jose Calderon,36.0,CLE,185,97,0.464,2017-18,0.5243243243243243,1610612739,2.0,4.0,0.5,7.0,11.0,0.636,35.0,81.0,0.432,9.0,15.0,0.6
1627982,Josh Gray,24.0,PHX,41,13,0.231,2017-18,0.3170731707317073,1610612756,0.0,0.0,0.0,0.0,0.0,0.0,3.0,13.0,0.231,0.0,0.0,0.0
1628404,Josh Hart,23.0,LAL,375,197,0.396,2017-18,0.5253333333333333,1610612747,14.0,25.0,0.56,6.0,15.0,0.4,58.0,157.0,0.369,20.0,40.0,0.5
203962,Josh Huestis,26.0,OKC,182,115,0.287,2017-18,0.6318681318681318,1610612760,6.0,24.0,0.25,5.0,18.0,0.278,21.0,72.0,0.292,11.0,42.0,0.262
1628367,Josh Jackson,21.0,PHX,932,217,0.263,2017-18,0.232832618025751,1610612756,9.0,27.0,0.333,6.0,27.0,0.222,42.0,160.0,0.263,15.0,54.0,0.278
203705,Josh Magette,28.0,ATL,46,22,0.364,2017-18,0.4782608695652174,1610612737,0.0,1.0,0.0,1.0,1.0,1.0,7.0,18.0,0.389,1.0,2.0,0.5
201177,Josh McRoberts,31.0,DAL,1,1,0.0,2017-18,1.0,1610612742,,,,,,,0.0,1.0,0.0,,,
1626196,Josh Richardson,24.0,MIA,885,336,0.378,2017-18,0.3796610169491525,1610612748,13.0,45.0,0.289,16.0,41.0,0.39,98.0,249.0,0.394,29.0,86.0,0.337
2746,Josh Smith,32.0,NOP,4,0,0.0,2017-18,0.0,1610612740,0.0,0.0,0.0,0.0,0.0,0.0,0.0,0.0,0.0,0.0,0.0,0.0
201950,Jrue Holiday,28.0,NOP,1244,356,0.337,2017-18,0.2861736334405145,1610612740,16.0,37.0,0.432,5.0,32.0,0.156,99.0,285.0,0.347,21.0,69.0,0.304
1627823,Juancho Hernangomez,22.0,DEN,75,50,0.28,2017-18,0.6666666666666666,1610612743,3.0,5.0,0.6,4.0,12.0,0.333,7.0,33.0,0.212,7.0,17.0,0.412
203944,Julius Randle,23.0,LAL,904,45,0.222,2017-18,0.0497787610619469,1610612747,2.0,3.0,0.667,0.0,2.0,0.0,8.0,38.0,0.211,2.0,5.0,0.4
202933,Julyan Stone,29.0,CHA,13,13,0.462,2017-18,1.0,1610612766,2.0,4.0,0.5,2.0,4.0,0.5,2.0,5.0,0.4,4.0,8.0,0.5
1626147,Justin Anderson,24.0,PHI,202,103,0.33,2017-18,0.5099009900990099,1610612755,3.0,12.0,0.25,6.0,18.0,0.333,25.0,71.0,0.352,9.0,30.0,0.3
203200,Justin Holiday,29.0,CHI,782,449,0.359,2017-18,0.5741687979539642,1610612741,22.0,49.0,0.449,29.0,91.0,0.319,110.0,306.0,0.359,51.0,140.0,0.364
1628382,Justin Jackson,23.0,SAC,419,185,0.308,2017-18,0.441527446300716,1610612758,18.0,43.0,0.419,10.0,32.0,0.313,29.0,108.0,0.269,28.0,75.0,0.373
1628383,Justin Patton,21.0,MIN,2,0,0.0,2017-18,0.0,1610612750,0.0,0.0,0.0,0.0,0.0,0.0,0.0,0.0,0.0,0.0,0.0,0.0
1626159,Justise Winslow,22.0,MIA,488,129,0.38,2017-18,0.2643442622950819,1610612748,11.0,32.0,0.344,17.0,40.0,0.425,21.0,53.0,0.396,28.0,72.0,0.389
203994,Jusuf Nurkić,23.0,POR,951,7,0.0,2017-18,0.0073606729758149,1610612757,0.0,0.0,0.0,0.0,0.0,0.0,0.0,7.0,0.0,0.0,0.0,0.0
1628443,Kadeem Allen,25.0,BOS,22,11,0.0,2017-18,0.5,1610612738,0.0,2.0,0.0,0.0,2.0,0.0,0.0,7.0,0.0,0.0,4.0,0.0
1626157,Karl-Anthony Towns,22.0,MIN,1172,285,0.421,2017-18,0.2431740614334471,1610612750,15.0,27.0,0.556,11.0,20.0,0.55,94.0,237.0,0.397,26.0,47.0,0.553
202695,Kawhi Leonard,27.0,SAS,111,35,0.314,2017-18,0.3153153153153153,1610612759,0.0,1.0,0.0,1.0,4.0,0.25,10.0,30.0,0.333,1.0,5.0,0.2
1627770,Kay Felder,23.0,DET,70,19,0.211,2017-18,0.2714285714285714,1610612765,1.0,1.0,1.0,1.0,1.0,1.0,2.0,17.0,0.118,2.0,2.0,1.0
203482,Kelly Olynyk,27.0,MIA,636,280,0.379,2017-18,0.440251572327044,1610612748,7.0,20.0,0.35,10.0,22.0,0.455,89.0,237.0,0.376,17.0,42.0,0.405
1626162,Kelly Oubre Jr.,22.0,WAS,790,369,0.341,2017-18,0.4670886075949367,1610612764,9.0,45.0,0.2,22.0,58.0,0.379,95.0,263.0,0.361,31.0,103.0,0.301
202689,Kemba Walker,28.0,CHA,1363,601,0.384,2017-18,0.4409391049156272,1610612766,6.0,15.0,0.4,5.0,16.0,0.313,220.0,563.0,0.391,11.0,31.0,0.355
2570,Kendrick Perkins,33.0,CLE,2,0,0.0,2017-18,0.0,1610612739,,,,,,,0.0,0.0,0.0,,,
202702,Kenneth Faried,28.0,DEN,148,1,0.0,2017-18,0.0067567567567567,1610612743,0.0,0.0,0.0,0.0,0.0,0.0,0.0,0.0,0.0,0.0,0.0,0.0
203145,Kent Bazemore,28.0,ATL,676,274,0.394,2017-18,0.4053254437869822,1610612737,19.0,43.0,0.442,18.0,40.0,0.45,70.0,189.0,0.37,37.0,83.0,0.446
203484,Kentavious Caldwell-Pope,25.0,LAL,798,415,0.383,2017-18,0.5200501253132832,1610612747,17.0,41.0,0.415,15.0,30.0,0.5,127.0,343.0,0.37,32.0,71.0,0.451
201142,Kevin Durant,29.0,GSW,1222,413,0.419,2017-18,0.3379705400981996,1610612744,11.0,20.0,0.55,11.0,20.0,0.55,151.0,370.0,0.408,22.0,40.0,0.55
201567,Kevin Love,29.0,CLE,729,330,0.415,2017-18,0.4526748971193415,1610612739,27.0,65.0,0.415,12.0,39.0,0.308,98.0,226.0,0.434,39.0,104.0,0.375
1626172,Kevon Looney,22.0,GSW,193,5,0.2,2017-18,0.0259067357512953,1610612744,0.0,0.0,0.0,0.0,0.0,0.0,1.0,3.0,0.333,0.0,0.0,0.0
203920,Khem Birch,25.0,ORL,126,0,0.0,2017-18,0.0,1610612753,0.0,0.0,0.0,0.0,0.0,0.0,0.0,0.0,0.0,0.0,0.0,0.0
203114,Khris Middleton,26.0,MIL,1272,407,0.359,2017-18,0.3199685534591195,1610612749,13.0,40.0,0.325,24.0,43.0,0.558,109.0,323.0,0.337,37.0,83.0,0.446
202691,Klay Thompson,28.0,GSW,1177,520,0.44,2017-18,0.4418011894647408,1610612744,27.0,50.0,0.54,19.0,45.0,0.422,183.0,422.0,0.434,46.0,95.0,0.484
1628424,Kobi Simmons,20.0,MEM,189,39,0.282,2017-18,0.2063492063492063,1610612763,4.0,7.0,0.571,0.0,6.0,0.0,7.0,23.0,0.304,4.0,13.0,0.308
201585,Kosta Koufos,29.0,SAC,389,0,0.0,2017-18,0.0,1610612758,0.0,0.0,0.0,0.0,0.0,0.0,0.0,0.0,0.0,0.0,0.0,0.0
1627739,Kris Dunn,24.0,CHI,666,134,0.321,2017-18,0.2012012012012012,1610612741,2.0,10.0,0.2,5.0,9.0,0.556,36.0,114.0,0.316,7.0,19.0,0.368
204001,Kristaps Porziņģis,22.0,NYK,889,228,0.395,2017-18,0.2564679415073115,1610612752,4.0,7.0,0.571,3.0,5.0,0.6,83.0,212.0,0.392,7.0,12.0,0.583
203937,Kyle Anderson,24.0,SAS,438,57,0.333,2017-18,0.1301369863013698,1610612759,5.0,19.0,0.263,10.0,18.0,0.556,4.0,19.0,0.211,15.0,37.0,0.405
1627858,Kyle Collinsworth,26.0,DAL,99,17,0.235,2017-18,0.1717171717171717,1610612742,1.0,3.0,0.333,0.0,3.0,0.0,3.0,11.0,0.273,1.0,6.0,0.167
2594,Kyle Korver,37.0,CLE,484,376,0.436,2017-18,0.7768595041322314,1610612739,29.0,54.0,0.537,15.0,34.0,0.441,120.0,287.0,0.418,44.0,88.0,0.5
1628398,Kyle Kuzma,22.0,LAL,1039,434,0.366,2017-18,0.4177093358999038,1610612747,17.0,49.0,0.347,16.0,38.0,0.421,126.0,346.0,0.364,33.0,87.0,0.379
200768,Kyle Lowry,32.0,TOR,944,596,0.399,2017-18,0.6313559322033898,1610612761,19.0,45.0,0.422,14.0,24.0,0.583,205.0,526.0,0.39,33.0,69.0,0.478
203124,Kyle O'Quinn,28.0,NYK,384,17,0.235,2017-18,0.0442708333333333,1610612752,0.0,1.0,0.0,2.0,3.0,0.667,2.0,12.0,0.167,2.0,4.0,0.5
202713,Kyle Singler,30.0,OKC,21,5,0.4,2017-18,0.238095238095238,1610612760,0.0,0.0,0.0,0.0,0.0,0.0,2.0,5.0,0.4,0.0,0.0,0.0
202681,Kyrie Irving,26.0,BOS,1087,407,0.408,2017-18,0.37442502299908,1610612738,11.0,28.0,0.393,13.0,25.0,0.52,142.0,352.0,0.403,24.0,53.0,0.453
200746,LaMarcus Aldridge,32.0,SAS,1347,92,0.293,2017-18,0.0682999257609502,1610612759,6.0,10.0,0.6,2.0,7.0,0.286,19.0,74.0,0.257,8.0,17.0,0.471
202362,Lance Stephenson,27.0,IND,709,232,0.289,2017-18,0.3272214386459802,1610612754,7.0,21.0,0.333,9.0,25.0,0.36,51.0,177.0,0.288,16.0,46.0,0.348
202498,Lance Thomas,30.0,NYK,267,124,0.403,2017-18,0.4644194756554307,1610612752,22.0,45.0,0.489,4.0,12.0,0.333,24.0,67.0,0.358,26.0,57.0,0.456
204038,Langston Galloway,26.0,DET,340,218,0.344,2017-18,0.6411764705882353,1610612765,8.0,25.0,0.32,10.0,22.0,0.455,57.0,171.0,0.333,18.0,47.0,0.383
203580,Larry Drew II,28.0,NOP,24,9,0.333,2017-18,0.375,1610612740,0.0,1.0,0.0,1.0,1.0,1.0,2.0,7.0,0.286,1.0,2.0,0.5
1626204,Larry Nance Jr.,25.0,CLE,413,12,0.167,2017-18,0.0290556900726392,1610612739,0.0,0.0,0.0,0.0,4.0,0.0,2.0,5.0,0.4,0.0,4.0,0.0
1628374,Lauri Markkanen,21.0,CHI,862,401,0.362,2017-18,0.4651972157772622,1610612741,9.0,27.0,0.333,7.0,21.0,0.333,129.0,352.0,0.366,16.0,48.0,0.333
2544,LeBron James,33.0,CLE,1580,406,0.367,2017-18,0.2569620253164557,1610612739,7.0,18.0,0.389,7.0,20.0,0.35,135.0,367.0,0.368,14.0,38.0,0.368
1628506,London Perrantes,23.0,CLE,13,3,0.0,2017-18,0.2307692307692307,1610612739,0.0,0.0,0.0,0.0,0.0,0.0,0.0,3.0,0.0,0.0,0.0,0.0
1628366,Lonzo Ball,20.0,LAL,564,295,0.305,2017-18,0.5230496453900709,1610612747,4.0,21.0,0.19,5.0,16.0,0.313,80.0,254.0,0.315,9.0,37.0,0.243
203485,Lorenzo Brown,27.0,TOR,34,12,0.167,2017-18,0.3529411764705882,1610612761,0.0,2.0,0.0,0.0,4.0,0.0,2.0,6.0,0.333,0.0,6.0,0.0
101150,Lou Williams,31.0,LAC,1337,518,0.359,2017-18,0.387434554973822,1610612746,20.0,68.0,0.294,11.0,40.0,0.275,154.0,406.0,0.379,31.0,108.0,0.287
201601,Luc Mbah a Moute,31.0,HOU,345,173,0.364,2017-18,0.5014492753623189,1610612745,6.0,22.0,0.273,15.0,50.0,0.3,42.0,101.0,0.416,21.0,72.0,0.292
203512,Lucas Nogueira,25.0,TOR,80,19,0.263,2017-18,0.2375,1610612761,0.0,3.0,0.0,0.0,1.0,0.0,5.0,15.0,0.333,0.0,4.0,0.0
1626242,Luis Montero,25.0,DET,1,0,0.0,2017-18,0.0,1610612765,,,,0.0,0.0,0.0,0.0,0.0,0.0,0.0,0.0,0.0
202337,Luke Babbitt,29.0,MIA,215,156,0.385,2017-18,0.7255813953488373,1610612748,12.0,26.0,0.462,6.0,19.0,0.316,42.0,110.0,0.382,18.0,45.0,0.4
1628379,Luke Kennard,22.0,DET,465,195,0.415,2017-18,0.4193548387096774,1610612765,1.0,6.0,0.167,11.0,26.0,0.423,69.0,163.0,0.423,12.0,32.0,0.375
1628436,Luke Kornet,22.0,NYK,125,79,0.354,2017-18,0.632,1610612752,0.0,5.0,0.0,3.0,4.0,0.75,25.0,70.0,0.357,3.0,9.0,0.333
2736,Luol Deng,33.0,LAL,2,0,0.0,2017-18,0.0,1610612747,0.0,0.0,0.0,,,,0.0,0.0,0.0,0.0,0.0,0.0
1627781,Malachi Richardson,22.0,TOR,90,40,0.3,2017-18,0.4444444444444444,1610612761,2.0,4.0,0.5,1.0,5.0,0.2,9.0,31.0,0.29,3.0,9.0,0.333
1627763,Malcolm Brogdon,25.0,MIL,503,161,0.385,2017-18,0.320079522862823,1610612749,11.0,21.0,0.524,10.0,22.0,0.455,41.0,117.0,0.35,21.0,43.0,0.488
1627098,Malcolm Delaney,29.0,ATL,285,124,0.371,2017-18,0.4350877192982456,1610612737,8.0,23.0,0.348,5.0,8.0,0.625,33.0,92.0,0.359,13.0,31.0,0.419
1626259,Malcolm Miller,25.0,TOR,28,21,0.381,2017-18,0.75,1610612761,3.0,6.0,0.5,0.0,1.0,0.0,5.0,14.0,0.357,3.0,7.0,0.429
1627736,Malik Beasley,21.0,DEN,178,82,0.341,2017-18,0.4606741573033708,1610612743,2.0,10.0,0.2,7.0,20.0,0.35,19.0,52.0,0.365,9.0,30.0,0.3
1628370,Malik Monk,20.0,CHA,425,243,0.342,2017-18,0.571764705882353,1610612766,5.0,18.0,0.278,10.0,27.0,0.37,68.0,194.0,0.351,15.0,45.0,0.333
1628493,Mangok Mathiang,25.0,CHA,7,0,0.0,2017-18,0.0,1610612766,0.0,0.0,0.0,0.0,0.0,0.0,0.0,0.0,0.0,0.0,0.0,0.0
1938,Manu Ginobili,40.0,SAS,463,192,0.333,2017-18,0.4146868250539957,1610612759,8.0,16.0,0.5,5.0,23.0,0.217,51.0,151.0,0.338,13.0,39.0,0.333
202705,MarShon Brooks,29.0,MEM,102,32,0.594,2017-18,0.3137254901960784,1610612763,0.0,0.0,0.0,1.0,2.0,0.5,18.0,30.0,0.6,1.0,2.0,0.5
201188,Marc Gasol,33.0,MEM,1033,320,0.341,2017-18,0.3097773475314617,1610612763,2.0,7.0,0.286,1.0,3.0,0.333,106.0,307.0,0.345,3.0,10.0,0.3
101162,Marcin Gortat,34.0,WAS,560,0,0.0,2017-18,0.0,1610612764,0.0,0.0,0.0,0.0,0.0,0.0,0.0,0.0,0.0,0.0,0.0,0.0
201158,Marco Belinelli,32.0,PHI,764,395,0.377,2017-18,0.5170157068062827,1610612755,10.0,29.0,0.345,13.0,32.0,0.406,126.0,332.0,0.38,23.0,61.0,0.377
1627875,Marcus Georges-Hunt,24.0,MIN,48,15,0.267,2017-18,0.3125,1610612750,1.0,3.0,0.333,1.0,1.0,1.0,2.0,11.0,0.182,2.0,4.0,0.5
202694,Marcus Morris Sr.,28.0,BOS,611,234,0.368,2017-18,0.3829787234042553,1610612738,7.0,21.0,0.333,7.0,20.0,0.35,72.0,184.0,0.391,14.0,41.0,0.341
1627779,Marcus Paige,24.0,CHA,14,8,0.25,2017-18,0.5714285714285714,1610612766,1.0,2.0,0.5,1.0,2.0,0.5,0.0,4.0,0.0,2.0,4.0,0.5
203935,Marcus Smart,24.0,BOS,515,249,0.301,2017-18,0.4834951456310679,1610612738,3.0,17.0,0.176,8.0,20.0,0.4,64.0,208.0,0.308,11.0,37.0,0.297
201596,Mario Chalmers,32.0,MEM,443,191,0.277,2017-18,0.4311512415349887,1610612763,5.0,20.0,0.25,8.0,22.0,0.364,40.0,141.0,0.284,13.0,42.0,0.31
1626209,Mario Hezonja,23.0,ORL,617,267,0.337,2017-18,0.4327390599675851,1610612753,5.0,21.0,0.238,7.0,19.0,0.368,78.0,227.0,0.344,12.0,40.0,0.3
203900,Markel Brown,26.0,HOU,7,5,0.2,2017-18,0.7142857142857143,1610612745,0.0,0.0,0.0,0.0,0.0,0.0,1.0,5.0,0.2,0.0,0.0,0.0
1628365,Markelle Fultz,20.0,PHI,111,1,0.0,2017-18,0.009009009009009,1610612755,0.0,0.0,0.0,0.0,0.0,0.0,0.0,1.0,0.0,0.0,0.0,0.0
202693,Markieff Morris,28.0,WAS,687,207,0.367,2017-18,0.3013100436681222,1610612764,15.0,36.0,0.417,6.0,25.0,0.24,55.0,141.0,0.39,21.0,61.0,0.344
1627737,Marquese Chriss,20.0,PHX,477,190,0.295,2017-18,0.3983228511530398,1610612756,9.0,38.0,0.237,5.0,19.0,0.263,42.0,134.0,0.313,14.0,57.0,0.246
203104,Marquis Teague,25.0,MEM,16,4,0.25,2017-18,0.25,1610612763,0.0,1.0,0.0,0.0,0.0,0.0,1.0,2.0,0.5,0.0,1.0,0.0
201578,Marreese Speights,30.0,ORL,349,233,0.369,2017-18,0.667621776504298,1610612753,4.0,7.0,0.571,3.0,6.0,0.5,79.0,220.0,0.359,7.0,13.0,0.538
1627850,Marshall Plumlee,25.0,MIL,3,0,0.0,2017-18,0.0,1610612749,0.0,0.0,0.0,0.0,0.0,0.0,0.0,0.0,0.0,0.0,0.0,0.0
101107,Marvin Williams,32.0,CHA,563,305,0.413,2017-18,0.5417406749555951,1610612766,17.0,49.0,0.347,16.0,36.0,0.444,93.0,220.0,0.423,33.0,85.0,0.388
203486,Mason Plumlee,28.0,DEN,368,1,0.0,2017-18,0.0027173913043478,1610612743,0.0,0.0,0.0,0.0,0.0,0.0,0.0,1.0,0.0,0.0,0.0,0.0
1627856,Matt Costello,24.0,SAS,4,0,0.0,2017-18,0.0,1610612759,0.0,0.0,0.0,0.0,0.0,0.0,0.0,0.0,0.0,0.0,0.0,0.0
1628475,Matt Williams Jr.,24.0,MIA,6,5,0.2,2017-18,0.8333333333333334,1610612748,0.0,1.0,0.0,0.0,0.0,0.0,1.0,4.0,0.25,0.0,1.0,0.0
203521,Matthew Dellavedova,27.0,MIL,152,78,0.372,2017-18,0.5131578947368421,1610612749,1.0,4.0,0.25,4.0,7.0,0.571,24.0,66.0,0.364,5.0,11.0,0.455
203090,Maurice Harkless,25.0,POR,297,118,0.415,2017-18,0.3973063973063973,1610612757,13.0,26.0,0.5,9.0,29.0,0.31,27.0,63.0,0.429,22.0,55.0,0.4
1628467,Maxi Kleber,26.0,DAL,309,128,0.313,2017-18,0.4142394822006472,1610612742,7.0,28.0,0.25,12.0,24.0,0.5,21.0,75.0,0.28,19.0,52.0,0.365
203086,Meyers Leonard,26.0,POR,78,26,0.423,2017-18,0.3333333333333333,1610612757,2.0,3.0,0.667,0.0,1.0,0.0,9.0,22.0,0.409,2.0,4.0,0.5
201563,Michael Beasley,29.0,NYK,807,86,0.395,2017-18,0.1065675340768277,1610612752,4.0,12.0,0.333,3.0,13.0,0.231,27.0,60.0,0.45,7.0,25.0,0.28
203487,Michael Carter-Williams,26.0,CHA,229,59,0.237,2017-18,0.2576419213973799,1610612766,1.0,14.0,0.071,4.0,9.0,0.444,9.0,35.0,0.257,5.0,23.0,0.217
203077,Michael Kidd-Gilchrist,24.0,CHA,560,2,0.0,2017-18,0.0035714285714285,1610612766,0.0,0.0,0.0,0.0,1.0,0.0,0.0,0.0,0.0,0.0,1.0,0.0
201144,Mike Conley,30.0,MEM,168,77,0.312,2017-18,0.4583333333333333,1610612763,1.0,5.0,0.2,0.0,3.0,0.0,23.0,69.0,0.333,1.0,8.0,0.125
1628455,Mike James,27.0,NOP,321,98,0.265,2017-18,0.3052959501557632,1610612740,4.0,8.0,0.5,2.0,3.0,0.667,20.0,86.0,0.233,6.0,11.0,0.545
203488,Mike Muscala,26.0,ATL,312,167,0.371,2017-18,0.5352564102564102,1610612737,16.0,34.0,0.471,11.0,22.0,0.5,35.0,111.0,0.315,27.0,56.0,0.482
203118,Mike Scott,29.0,WAS,524,163,0.405,2017-18,0.3110687022900763,1610612764,11.0,23.0,0.478,8.0,20.0,0.4,47.0,119.0,0.395,19.0,43.0,0.442
203101,Miles Plumlee,29.0,ATL,180,0,0.0,2017-18,0.0,1610612737,0.0,0.0,0.0,0.0,0.0,0.0,0.0,0.0,0.0,0.0,0.0,0.0
1628462,Milos Teodosic,31.0,LAC,360,232,0.379,2017-18,0.6444444444444445,1610612746,2.0,11.0,0.182,6.0,9.0,0.667,80.0,212.0,0.377,8.0,20.0,0.4
1628495,Milton Doyle,24.0,BKN,47,23,0.174,2017-18,0.4893617021276595,1610612751,1.0,3.0,0.333,0.0,1.0,0.0,3.0,19.0,0.158,1.0,4.0,0.25
1627851,Mindaugas Kuzminskas,28.0,NYK,2,0,0.0,2017-18,0.0,1610612752,,,,,,,0.0,0.0,0.0,,,
203141,Mirza Teletovic,32.0,MIL,57,45,0.467,2017-18,0.7894736842105263,1610612749,3.0,6.0,0.5,0.0,0.0,0.0,18.0,39.0,0.462,3.0,6.0,0.5
1628420,Monte Morris,23.0,DEN,6,1,0.0,2017-18,0.1666666666666666,1610612743,0.0,0.0,0.0,0.0,0.0,0.0,0.0,1.0,0.0,0.0,0.0,0.0
1626149,Montrezl Harrell,24.0,LAC,548,7,0.143,2017-18,0.0127737226277372,1610612746,0.0,0.0,0.0,0.0,0.0,0.0,1.0,6.0,0.167,0.0,0.0,0.0
1627988,Myke Henry,25.0,MEM,109,58,0.328,2017-18,0.5321100917431193,1610612763,3.0,8.0,0.375,7.0,13.0,0.538,9.0,37.0,0.243,10.0,21.0,0.476
1626167,Myles Turner,22.0,IND,639,157,0.357,2017-18,0.245696400625978,1610612754,1.0,8.0,0.125,3.0,6.0,0.5,52.0,142.0,0.366,4.0,14.0,0.286
203489,Nate Wolters,27.0,UTA,6,0,0.0,2017-18,0.0,1610612762,0.0,0.0,0.0,,,,0.0,0.0,0.0,0.0,0.0,0.0
1628513,Naz Mitrou-Long,24.0,UTA,1,1,1.0,2017-18,1.0,1610612762,,,,,,,1.0,1.0,1.0,,,
202357,Nemanja Bjelica,30.0,MIN,371,183,0.415,2017-18,0.4932614555256064,1610612750,11.0,24.0,0.458,7.0,23.0,0.304,58.0,136.0,0.426,18.0,47.0,0.383
2403,Nene,35.0,HOU,239,2,0.0,2017-18,0.00836820083682,1610612745,0.0,0.0,0.0,0.0,2.0,0.0,0.0,0.0,0.0,0.0,2.0,0.0
203457,Nerlens Noel,24.0,DAL,105,1,0.0,2017-18,0.0095238095238095,1610612742,0.0,0.0,0.0,0.0,0.0,0.0,0.0,1.0,0.0,0.0,0.0,0.0
2555,Nick Collison,37.0,OKC,19,0,0.0,2017-18,0.0,1610612760,0.0,0.0,0.0,0.0,0.0,0.0,0.0,0.0,0.0,0.0,0.0,0.0
201156,Nick Young,33.0,GSW,488,326,0.377,2017-18,0.6680327868852459,1610612744,20.0,64.0,0.313,17.0,34.0,0.5,86.0,227.0,0.379,37.0,98.0,0.378
201587,Nicolas Batum,29.0,CHA,650,274,0.336,2017-18,0.4215384615384615,1610612766,6.0,19.0,0.316,3.0,12.0,0.25,83.0,242.0,0.343,9.0,31.0,0.29
1627852,Nicolas Brussino,25.0,ATL,2,2,0.0,2017-18,1.0,1610612737,0.0,1.0,0.0,0.0,0.0,0.0,0.0,1.0,0.0,0.0,1.0,0.0
1628502,Nigel Hayes-Davis,23.0,SAC,33,16,0.25,2017-18,0.4848484848484848,1610612758,2.0,7.0,0.286,2.0,2.0,1.0,0.0,7.0,0.0,4.0,9.0,0.444
203917,Nik Stauskas,24.0,BKN,154,100,0.4,2017-18,0.6493506493506493,1610612751,5.0,12.0,0.417,2.0,3.0,0.667,33.0,84.0,0.393,7.0,15.0,0.467
203999,Nikola Jokić,23.0,DEN,1010,280,0.396,2017-18,0.2772277227722772,1610612743,4.0,10.0,0.4,8.0,11.0,0.727,98.0,255.0,0.384,12.0,21.0,0.571
202703,Nikola Mirotic,27.0,NOP,684,358,0.377,2017-18,0.5233918128654971,1610612740,17.0,45.0,0.378,11.0,24.0,0.458,107.0,289.0,0.37,28.0,69.0,0.406
202696,Nikola Vučević,27.0,ORL,840,204,0.314,2017-18,0.2428571428571428,1610612753,0.0,1.0,0.0,1.0,1.0,1.0,62.0,200.0,0.31,1.0,2.0,0.5
203943,Noah Vonleh,22.0,CHI,234,66,0.303,2017-18,0.282051282051282,1610612741,0.0,5.0,0.0,1.0,1.0,1.0,19.0,60.0,0.317,1.0,6.0,0.167
1626181,Norman Powell,25.0,TOR,374,186,0.285,2017-18,0.4973262032085561,1610612761,7.0,44.0,0.159,12.0,22.0,0.545,34.0,120.0,0.283,19.0,66.0,0.288
1628384,OG Anunoby,20.0,TOR,346,197,0.371,2017-18,0.569364161849711,1610612761,21.0,55.0,0.382,26.0,52.0,0.5,25.0,88.0,0.284,47.0,107.0,0.439
1627855,Okaro White,25.0,CLE,16,11,0.364,2017-18,0.6875,1610612739,1.0,4.0,0.25,0.0,0.0,0.0,3.0,7.0,0.429,1.0,4.0,0.25
204179,Omari Johnson,29.0,MEM,21,12,0.333,2017-18,0.5714285714285714,1610612763,1.0,1.0,1.0,0.0,2.0,0.0,3.0,9.0,0.333,1.0,3.0,0.333
201600,Omer Asik,31.0,CHI,22,0,0.0,2017-18,0.0,1610612741,0.0,0.0,0.0,0.0,0.0,0.0,0.0,0.0,0.0,0.0,0.0,0.0
201956,Omri Casspi,30.0,GSW,207,22,0.455,2017-18,0.1062801932367149,1610612744,2.0,2.0,1.0,2.0,3.0,0.667,6.0,16.0,0.375,4.0,5.0,0.8
203490,Otto Porter Jr.,25.0,WAS,885,313,0.441,2017-18,0.3536723163841808,1610612764,12.0,29.0,0.414,16.0,34.0,0.471,110.0,247.0,0.445,28.0,63.0,0.444
200782,P.J. Tucker,33.0,HOU,441,310,0.371,2017-18,0.7029478458049887,1610612745,50.0,117.0,0.427,33.0,89.0,0.371,32.0,104.0,0.308,83.0,206.0,0.403
1628408,PJ Dozier,21.0,OKC,2,0,0.0,2017-18,0.0,1610612760,0.0,0.0,0.0,0.0,0.0,0.0,0.0,0.0,0.0,0.0,0.0,0.0
1627783,Pascal Siakam,24.0,TOR,498,132,0.22,2017-18,0.2650602409638554,1610612761,9.0,39.0,0.231,10.0,32.0,0.313,10.0,59.0,0.169,19.0,71.0,0.268
1626192,Pat Connaughton,25.0,POR,390,210,0.352,2017-18,0.5384615384615384,1610612757,4.0,19.0,0.211,6.0,23.0,0.261,64.0,167.0,0.383,10.0,42.0,0.238
201976,Patrick Beverley,29.0,LAC,119,60,0.4,2017-18,0.5042016806722689,1610612746,2.0,9.0,0.222,1.0,2.0,0.5,21.0,49.0,0.429,3.0,11.0,0.273
1627775,Patrick McCaw,22.0,GSW,225,80,0.238,2017-18,0.3555555555555555,1610612744,5.0,10.0,0.5,5.0,12.0,0.417,9.0,57.0,0.158,10.0,22.0,0.455
202335,Patrick Patterson,29.0,OKC,266,171,0.386,2017-18,0.6428571428571429,1610612760,12.0,32.0,0.375,17.0,42.0,0.405,37.0,97.0,0.381,29.0,74.0,0.392
201988,Patty Mills,29.0,SAS,682,414,0.372,2017-18,0.6070381231671554,1610612759,16.0,36.0,0.444,12.0,26.0,0.462,125.0,349.0,0.358,28.0,62.0,0.452
2200,Pau Gasol,37.0,SAS,627,120,0.358,2017-18,0.1913875598086124,1610612759,6.0,20.0,0.3,7.0,19.0,0.368,30.0,81.0,0.37,13.0,39.0,0.333
202331,Paul George,28.0,OKC,1340,609,0.401,2017-18,0.4544776119402985,1610612760,20.0,45.0,0.444,35.0,80.0,0.438,189.0,480.0,0.394,55.0,125.0,0.44
200794,Paul Millsap,33.0,DEN,435,113,0.345,2017-18,0.2597701149425287,1610612743,8.0,11.0,0.727,3.0,10.0,0.3,28.0,91.0,0.308,11.0,21.0,0.524
1627835,Paul Zipser,24.0,CHI,234,110,0.336,2017-18,0.4700854700854701,1610612741,6.0,17.0,0.353,3.0,6.0,0.5,28.0,87.0,0.322,9.0,23.0,0.391
203112,Quincy Acy,27.0,BKN,365,292,0.349,2017-18,0.8,1610612751,27.0,60.0,0.45,10.0,32.0,0.313,65.0,199.0,0.327,37.0,92.0,0.402
202347,Quincy Pondexter,30.0,CHI,49,22,0.136,2017-18,0.4489795918367347,1610612741,1.0,4.0,0.25,0.0,2.0,0.0,2.0,15.0,0.133,1.0,6.0,0.167
1626188,Quinn Cook,25.0,GSW,252,104,0.442,2017-18,0.4126984126984127,1610612744,6.0,10.0,0.6,2.0,8.0,0.25,37.0,84.0,0.44,8.0,18.0,0.444
1626154,RJ Hunter,24.0,HOU,20,14,0.214,2017-18,0.7,1610612745,1.0,1.0,1.0,0.0,1.0,0.0,2.0,12.0,0.167,1.0,2.0,0.5
200765,Rajon Rondo,32.0,NOP,494,150,0.333,2017-18,0.3036437246963562,1610612740,6.0,30.0,0.2,12.0,35.0,0.343,32.0,85.0,0.376,18.0,65.0,0.277
201196,Ramon Sessions,32.0,WAS,117,26,0.308,2017-18,0.2222222222222222,1610612764,2.0,5.0,0.4,1.0,4.0,0.25,5.0,17.0,0.294,3.0,9.0,0.333
1626173,Rashad Vaughn,21.0,ORL,56,37,0.378,2017-18,0.6607142857142857,1610612753,3.0,6.0,0.5,3.0,4.0,0.75,8.0,27.0,0.296,6.0,10.0,0.6
203526,Raul Neto,26.0,UTA,151,47,0.404,2017-18,0.3112582781456953,1610612762,4.0,10.0,0.4,3.0,4.0,0.75,12.0,28.0,0.429,7.0,14.0,0.5
101109,Raymond Felton,34.0,OKC,552,230,0.352,2017-18,0.4166666666666667,1610612760,5.0,14.0,0.357,15.0,28.0,0.536,61.0,178.0,0.343,20.0,42.0,0.476
203493,Reggie Bullock Jr.,27.0,DET,546,281,0.445,2017-18,0.5146520146520146,1610612765,16.0,35.0,0.457,18.0,43.0,0.419,91.0,202.0,0.45,34.0,78.0,0.436
203687,Reggie Hearn,26.0,DET,2,2,0.5,2017-18,1.0,1610612765,0.0,0.0,0.0,1.0,1.0,1.0,0.0,1.0,0.0,1.0,1.0,1.0
202704,Reggie Jackson,28.0,DET,577,169,0.308,2017-18,0.292894280762565,1610612765,6.0,13.0,0.462,4.0,12.0,0.333,42.0,140.0,0.3,10.0,25.0,0.4
2210,Richard Jefferson,38.0,DEN,27,7,0.286,2017-18,0.2592592592592592,1610612743,0.0,0.0,0.0,0.0,0.0,0.0,2.0,7.0,0.286,0.0,0.0,0.0
1626158,Richaun Holmes,24.0,PHI,241,31,0.129,2017-18,0.1286307053941908,1610612755,0.0,2.0,0.0,0.0,1.0,0.0,4.0,27.0,0.148,0.0,3.0,0.0
201937,Ricky Rubio,27.0,UTA,827,273,0.352,2017-18,0.3301088270858525,1610612762,21.0,50.0,0.42,8.0,29.0,0.276,67.0,194.0,0.345,29.0,79.0,0.367
203496,Robert Covington,27.0,PHI,836,550,0.369,2017-18,0.6578947368421053,1610612755,11.0,39.0,0.282,13.0,24.0,0.542,179.0,483.0,0.371,24.0,63.0,0.381
201577,Robin Lopez,30.0,CHI,645,14,0.286,2017-18,0.0217054263565891,1610612741,0.0,0.0,0.0,0.0,0.0,0.0,4.0,14.0,0.286,0.0,0.0,0.0
203918,Rodney Hood,25.0,CLE,751,333,0.381,2017-18,0.4434087882822903,1610612739,11.0,33.0,0.333,12.0,24.0,0.5,104.0,274.0,0.38,23.0,57.0,0.404
203585,Rodney McGruder,26.0,MIA,73,35,0.429,2017-18,0.4794520547945205,1610612748,2.0,10.0,0.2,6.0,13.0,0.462,7.0,12.0,0.583,8.0,23.0,0.348
1628681,Rodney Purvis,24.0,ORL,107,52,0.25,2017-18,0.4859813084112149,1610612753,3.0,10.0,0.3,0.0,5.0,0.0,10.0,36.0,0.278,3.0,15.0,0.2
1627758,Ron Baker,25.0,NYK,59,33,0.333,2017-18,0.559322033898305,1610612752,2.0,6.0,0.333,2.0,5.0,0.4,7.0,22.0,0.318,4.0,11.0,0.364
1626178,Rondae Hollis-Jefferson,23.0,BKN,724,54,0.241,2017-18,0.074585635359116,1610612751,6.0,19.0,0.316,3.0,10.0,0.3,4.0,23.0,0.174,9.0,29.0,0.31
1626220,Royce O'Neale,25.0,UTA,284,118,0.356,2017-18,0.4154929577464789,1610612762,13.0,31.0,0.419,10.0,26.0,0.385,19.0,58.0,0.328,23.0,57.0,0.404
200752,Rudy Gay,31.0,SAS,537,118,0.314,2017-18,0.2197392923649906,1610612759,6.0,16.0,0.375,3.0,13.0,0.231,28.0,83.0,0.337,9.0,29.0,0.31
203497,Rudy Gobert,26.0,UTA,444,0,0.0,2017-18,0.0,1610612762,0.0,0.0,0.0,0.0,0.0,0.0,0.0,0.0,0.0,0.0,0.0,0.0
201566,Russell Westbrook,29.0,OKC,1687,326,0.298,2017-18,0.1932424422050978,1610612760,4.0,9.0,0.444,2.0,10.0,0.2,90.0,305.0,0.295,6.0,19.0,0.316
201583,Ryan Anderson,30.0,HOU,480,339,0.386,2017-18,0.70625,1610612745,5.0,16.0,0.313,10.0,21.0,0.476,116.0,302.0,0.384,15.0,37.0,0.405
1627853,Ryan Arcidiacono,24.0,CHI,41,31,0.29,2017-18,0.7560975609756098,1610612741,4.0,6.0,0.667,3.0,5.0,0.6,2.0,19.0,0.105,7.0,11.0,0.636
1626257,Salah Mejri,32.0,DAL,137,3,0.0,2017-18,0.0218978102189781,1610612742,0.0,0.0,0.0,0.0,0.0,0.0,0.0,3.0,0.0,0.0,0.0,0.0
1626155,Sam Dekker,24.0,LAC,259,60,0.167,2017-18,0.2316602316602316,1610612746,1.0,8.0,0.125,2.0,9.0,0.222,7.0,42.0,0.167,3.0,17.0,0.176
203816,Scotty Hopson,28.0,DAL,1,0,0.0,2017-18,0.0,1610612742,0.0,0.0,0.0,,,,0.0,0.0,0.0,0.0,0.0,0.0
203930,Sean Kilpatrick,28.0,CHI,294,144,0.319,2017-18,0.4897959183673469,1610612741,7.0,27.0,0.259,7.0,16.0,0.438,32.0,99.0,0.323,14.0,43.0,0.326
1628400,Semi Ojeleye,23.0,BOS,188,125,0.32,2017-18,0.6648936170212766,1610612738,8.0,26.0,0.308,15.0,36.0,0.417,17.0,63.0,0.27,23.0,62.0,0.371
201586,Serge Ibaka,28.0,TOR,784,297,0.36,2017-18,0.3788265306122449,1610612761,12.0,29.0,0.414,8.0,16.0,0.5,86.0,251.0,0.343,20.0,45.0,0.444
203498,Shabazz Muhammad,25.0,MIL,188,27,0.259,2017-18,0.1436170212765957,1610612749,4.0,8.0,0.5,0.0,2.0,0.0,3.0,17.0,0.176,4.0,10.0,0.4
203894,Shabazz Napier,26.0,POR,531,218,0.376,2017-18,0.4105461393596987,1610612757,8.0,26.0,0.308,6.0,9.0,0.667,68.0,183.0,0.372,14.0,35.0,0.4
203499,Shane Larkin,25.0,BOS,219,86,0.36,2017-18,0.3926940639269406,1610612738,5.0,9.0,0.556,1.0,4.0,0.25,25.0,73.0,0.342,6.0,13.0,0.462
1627885,Shaquille Harrison,24.0,PHX,124,26,0.231,2017-18,0.2096774193548387,1610612756,3.0,4.0,0.75,0.0,4.0,0.0,3.0,17.0,0.176,3.0,8.0,0.375
2733,Shaun Livingston,32.0,GSW,343,5,0.0,2017-18,0.0145772594752186,1610612744,0.0,2.0,0.0,0.0,0.0,0.0,0.0,2.0,0.0,0.0,2.0,0.0
202714,Shelvin Mack,28.0,ORL,414,139,0.345,2017-18,0.3357487922705314,1610612753,5.0,11.0,0.455,3.0,8.0,0.375,40.0,119.0,0.336,8.0,19.0,0.421
1628414,Sindarius Thornwell,23.0,LAC,233,61,0.377,2017-18,0.2618025751072961,1610612746,7.0,16.0,0.438,5.0,13.0,0.385,11.0,29.0,0.379,12.0,29.0,0.414
1627746,Skal Labissiere,22.0,SAC,458,51,0.353,2017-18,0.111353711790393,1610612758,0.0,0.0,0.0,3.0,3.0,1.0,15.0,47.0,0.319,3.0,3.0,1.0
203524,Solomon Hill,27.0,NOP,41,21,0.19,2017-18,0.5121951219512195,1610612740,1.0,3.0,0.333,0.0,1.0,0.0,3.0,16.0,0.188,1.0,4.0,0.25
203915,Spencer Dinwiddie,25.0,BKN,838,433,0.326,2017-18,0.5167064439140812,1610612751,0.0,10.0,0.0,14.0,33.0,0.424,127.0,389.0,0.326,14.0,43.0,0.326
1626169,Stanley Johnson,22.0,DET,560,234,0.286,2017-18,0.4178571428571428,1610612765,7.0,24.0,0.292,16.0,52.0,0.308,44.0,153.0,0.288,23.0,76.0,0.303
201939,Stephen Curry,30.0,GSW,864,501,0.423,2017-18,0.5798611111111112,1610612744,16.0,45.0,0.356,10.0,29.0,0.345,186.0,419.0,0.444,26.0,74.0,0.351
1628425,Sterling Brown,23.0,MIL,205,91,0.352,2017-18,0.4439024390243902,1610612749,9.0,24.0,0.375,6.0,17.0,0.353,17.0,49.0,0.347,15.0,41.0,0.366
203500,Steven Adams,24.0,OKC,712,2,0.0,2017-18,0.0028089887640449,1610612760,0.0,0.0,0.0,0.0,0.0,0.0,0.0,0.0,0.0,0.0,0.0,0.0
1628388,T.J. Leaf,21.0,IND,136,42,0.429,2017-18,0.3088235294117647,1610612754,1.0,7.0,0.143,4.0,7.0,0.571,13.0,28.0,0.464,5.0,14.0,0.357
204456,T.J. McConnell,26.0,PHI,421,62,0.435,2017-18,0.1472684085510688,1610612755,3.0,8.0,0.375,11.0,16.0,0.688,13.0,34.0,0.382,14.0,24.0,0.583
203933,T.J. Warren,24.0,PHX,1063,90,0.222,2017-18,0.0846660395108184,1610612756,5.0,22.0,0.227,3.0,15.0,0.2,12.0,53.0,0.226,8.0,37.0,0.216
201959,Taj Gibson,33.0,MIN,737,35,0.2,2017-18,0.0474898236092265,1610612750,5.0,19.0,0.263,2.0,9.0,0.222,0.0,6.0,0.0,7.0,28.0,0.25
204028,Tarik Black,26.0,HOU,127,11,0.091,2017-18,0.0866141732283464,1610612745,0.0,2.0,0.0,1.0,1.0,1.0,0.0,7.0,0.0,1.0,3.0,0.333
1627752,Taurean Prince,24.0,ATL,975,457,0.385,2017-18,0.4687179487179487,1610612737,24.0,56.0,0.429,28.0,51.0,0.549,124.0,349.0,0.355,52.0,107.0,0.486
1628390,Terrance Ferguson,20.0,OKC,169,120,0.333,2017-18,0.7100591715976331,1610612760,19.0,36.0,0.528,7.0,26.0,0.269,14.0,58.0,0.241,26.0,62.0,0.419
203082,Terrence Ross,27.0,ORL,191,93,0.323,2017-18,0.4869109947643979,1610612753,7.0,11.0,0.636,4.0,9.0,0.444,19.0,70.0,0.271,11.0,20.0,0.55
1626179,Terry Rozier,24.0,BOS,800,402,0.381,2017-18,0.5025,1610612738,20.0,43.0,0.465,4.0,24.0,0.167,128.0,331.0,0.387,24.0,67.0,0.358
200757,Thabo Sefolosha,34.0,UTA,240,84,0.381,2017-18,0.35,1610612762,12.0,28.0,0.429,9.0,18.0,0.5,10.0,37.0,0.27,21.0,46.0,0.457
201152,Thaddeus Young,30.0,IND,864,181,0.32,2017-18,0.2094907407407407,1610612754,14.0,40.0,0.35,5.0,20.0,0.25,39.0,119.0,0.328,19.0,60.0,0.317
1628418,Thomas Bryant,20.0,LAL,21,10,0.1,2017-18,0.4761904761904761,1610612747,0.0,2.0,0.0,0.0,1.0,0.0,1.0,7.0,0.143,0.0,3.0,0.0
1627748,Thon Maker,21.0,MIL,316,104,0.298,2017-18,0.3291139240506329,1610612749,5.0,10.0,0.5,11.0,37.0,0.297,15.0,55.0,0.273,16.0,47.0,0.34
204025,Tim Frazier,27.0,WAS,172,56,0.304,2017-18,0.3255813953488372,1610612764,1.0,2.0,0.5,0.0,1.0,0.0,16.0,53.0,0.302,1.0,3.0,0.333
203501,Tim Hardaway Jr.,26.0,NYK,856,410,0.317,2017-18,0.4789719626168224,1610612752,11.0,26.0,0.423,9.0,28.0,0.321,110.0,354.0,0.311,20.0,54.0,0.37
1627817,Tim Quarterman,23.0,HOU,3,2,0.0,2017-18,0.6666666666666666,1610612745,0.0,0.0,0.0,0.0,0.0,0.0,0.0,2.0,0.0,0.0,0.0,0.0
202389,Timofey Mozgov,31.0,BKN,93,18,0.222,2017-18,0.1935483870967742,1610612751,1.0,7.0,0.143,3.0,8.0,0.375,0.0,2.0,0.0,4.0,15.0,0.267
1627789,Timothe Luwawu-Cabarrot,23.0,PHI,267,158,0.335,2017-18,0.5917602996254682,1610612755,8.0,27.0,0.296,9.0,23.0,0.391,36.0,108.0,0.333,17.0,50.0,0.34
202699,Tobias Harris,25.0,LAC,1221,445,0.411,2017-18,0.3644553644553644,1610612746,21.0,48.0,0.438,28.0,58.0,0.483,134.0,337.0,0.398,49.0,106.0,0.462
203107,Tomas Satoransky,26.0,WAS,384,101,0.465,2017-18,0.2630208333333333,1610612764,3.0,11.0,0.273,18.0,31.0,0.581,26.0,57.0,0.456,21.0,42.0,0.5
2754,Tony Allen,36.0,NOP,91,12,0.333,2017-18,0.1318681318681318,1610612740,2.0,2.0,1.0,1.0,2.0,0.5,1.0,7.0,0.143,3.0,4.0,0.75
1628396,Tony Bradley,20.0,UTA,11,1,0.0,2017-18,0.0909090909090909,1610612762,0.0,0.0,0.0,0.0,0.0,0.0,0.0,1.0,0.0,0.0,0.0,0.0
2225,Tony Parker,36.0,SAS,388,37,0.27,2017-18,0.095360824742268,1610612759,8.0,16.0,0.5,0.0,12.0,0.0,2.0,8.0,0.25,8.0,28.0,0.286
203503,Tony Snell,26.0,MIL,425,268,0.403,2017-18,0.6305882352941177,1610612749,20.0,43.0,0.465,25.0,61.0,0.41,63.0,164.0,0.384,45.0,104.0,0.433
1628470,Torrey Craig,27.0,DEN,137,58,0.293,2017-18,0.4233576642335766,1610612743,5.0,11.0,0.455,3.0,11.0,0.273,9.0,33.0,0.273,8.0,22.0,0.364
204037,Travis Wear,27.0,LAL,72,47,0.362,2017-18,0.6527777777777778,1610612747,1.0,1.0,1.0,4.0,6.0,0.667,12.0,39.0,0.308,5.0,7.0,0.714
1626203,Treveon Graham,24.0,CHA,221,97,0.412,2017-18,0.4389140271493212,1610612766,6.0,14.0,0.429,10.0,25.0,0.4,24.0,58.0,0.414,16.0,39.0,0.41
2772,Trevor Ariza,33.0,HOU,651,462,0.368,2017-18,0.7096774193548387,1610612745,32.0,75.0,0.427,49.0,113.0,0.434,89.0,272.0,0.327,81.0,188.0,0.431
202344,Trevor Booker,30.0,IND,343,33,0.242,2017-18,0.0962099125364431,1610612754,1.0,4.0,0.25,1.0,5.0,0.2,6.0,24.0,0.25,2.0,9.0,0.222
203504,Trey Burke,25.0,NYK,384,105,0.362,2017-18,0.2734375,1610612752,5.0,10.0,0.5,2.0,5.0,0.4,31.0,87.0,0.356,7.0,15.0,0.467
1626168,Trey Lyles,22.0,DEN,550,218,0.381,2017-18,0.3963636363636363,1610612743,8.0,30.0,0.267,9.0,14.0,0.643,66.0,171.0,0.386,17.0,44.0,0.386
202684,Tristan Thompson,27.0,CLE,235,0,0.0,2017-18,0.0,1610612739,0.0,0.0,0.0,0.0,0.0,0.0,0.0,0.0,0.0,0.0,0.0,0.0
203584,Troy Daniels,26.0,PHX,575,458,0.4,2017-18,0.7965217391304348,1610612756,28.0,55.0,0.509,28.0,59.0,0.475,127.0,342.0,0.371,56.0,114.0,0.491
1627786,Troy Williams,23.0,NYK,109,38,0.289,2017-18,0.3486238532110092,1610612752,2.0,4.0,0.5,0.0,3.0,0.0,9.0,31.0,0.29,2.0,7.0,0.286
1628463,Tyler Cavanaugh,24.0,ATL,152,89,0.36,2017-18,0.5855263157894737,1610612737,4.0,15.0,0.267,9.0,18.0,0.5,19.0,56.0,0.339,13.0,33.0,0.394
1628416,Tyler Dorsey,22.0,ATL,382,199,0.362,2017-18,0.5209424083769634,1610612737,5.0,18.0,0.278,6.0,13.0,0.462,61.0,165.0,0.37,11.0,31.0,0.355
203898,Tyler Ennis,23.0,LAL,224,56,0.25,2017-18,0.25,1610612747,3.0,6.0,0.5,3.0,4.0,0.75,8.0,44.0,0.182,6.0,10.0,0.6
204020,Tyler Johnson,26.0,MIA,711,324,0.367,2017-18,0.4556962025316455,1610612748,12.0,34.0,0.353,24.0,62.0,0.387,83.0,227.0,0.366,36.0,96.0,0.375
1627755,Tyler Ulis,22.0,PHX,551,146,0.288,2017-18,0.26497277676951,1610612756,5.0,14.0,0.357,0.0,6.0,0.0,37.0,123.0,0.301,5.0,20.0,0.25
203092,Tyler Zeller,28.0,MIL,334,28,0.357,2017-18,0.0838323353293413,1610612749,8.0,15.0,0.533,2.0,7.0,0.286,0.0,6.0,0.0,10.0,22.0,0.455
201936,Tyreke Evans,28.0,MEM,809,286,0.399,2017-18,0.3535228677379481,1610612763,2.0,6.0,0.333,2.0,9.0,0.222,109.0,269.0,0.405,4.0,15.0,0.267
1627820,Tyrone Wallace,24.0,LAC,247,40,0.25,2017-18,0.1619433198380566,1610612746,5.0,11.0,0.455,3.0,11.0,0.273,2.0,17.0,0.118,8.0,22.0,0.364
2199,Tyson Chandler,35.0,PHX,187,0,0.0,2017-18,0.0,1610612756,0.0,0.0,0.0,0.0,0.0,0.0,0.0,0.0,0.0,0.0,0.0,0.0
1626145,Tyus Jones,22.0,MIN,328,129,0.349,2017-18,0.3932926829268293,1610612750,13.0,35.0,0.371,3.0,10.0,0.3,29.0,82.0,0.354,16.0,45.0,0.356
2617,Udonis Haslem,38.0,MIA,15,8,0.125,2017-18,0.5333333333333333,1610612748,0.0,0.0,0.0,1.0,3.0,0.333,0.0,5.0,0.0,1.0,3.0,0.333
203505,Vander Blue,25.0,LAL,5,2,0.0,2017-18,0.4,1610612747,0.0,0.0,0.0,0.0,0.0,0.0,0.0,2.0,0.0,0.0,0.0,0.0
203506,Victor Oladipo,26.0,IND,1342,434,0.371,2017-18,0.323397913561848,1610612754,14.0,26.0,0.538,11.0,19.0,0.579,136.0,387.0,0.351,25.0,45.0,0.556
1713,Vince Carter,41.0,SAC,283,165,0.345,2017-18,0.5830388692579506,1610612758,3.0,13.0,0.231,5.0,13.0,0.385,49.0,137.0,0.358,8.0,26.0,0.308
1626205,Vincent Hunter,23.0,MEM,5,0,0.0,2017-18,0.0,1610612763,,,,,,,0.0,0.0,0.0,,,
1627735,Wade Baldwin IV,22.0,POR,21,5,0.8,2017-18,0.238095238095238,1610612757,0.0,0.0,0.0,0.0,0.0,0.0,4.0,5.0,0.8,0.0,0.0,0.0
1627215,Walt Lemon Jr.,25.0,NOP,16,1,1.0,2017-18,0.0625,1610612740,0.0,0.0,0.0,0.0,0.0,0.0,1.0,1.0,1.0,0.0,0.0,0.0
201961,Wayne Ellington,30.0,MIA,700,579,0.392,2017-18,0.8271428571428572,1610612748,29.0,60.0,0.483,33.0,69.0,0.478,165.0,449.0,0.367,62.0,129.0,0.481
1627782,Wayne Selden,23.0,MEM,269,122,0.402,2017-18,0.4535315985130111,1610612763,6.0,16.0,0.375,2.0,9.0,0.222,41.0,97.0,0.423,8.0,25.0,0.32
1628411,Wes Iwundu,23.0,ORL,218,46,0.196,2017-18,0.2110091743119266,1610612753,4.0,19.0,0.211,2.0,6.0,0.333,3.0,21.0,0.143,6.0,25.0,0.24
202325,Wesley Johnson,30.0,LAC,368,177,0.339,2017-18,0.4809782608695652,1610612746,24.0,63.0,0.381,14.0,35.0,0.4,22.0,78.0,0.282,38.0,98.0,0.388
202083,Wesley Matthews,31.0,DAL,697,402,0.381,2017-18,0.5767575322812052,1610612742,21.0,51.0,0.412,18.0,35.0,0.514,114.0,315.0,0.362,39.0,86.0,0.453
203115,Will Barton,27.0,DEN,1028,422,0.37,2017-18,0.4105058365758754,1610612743,14.0,27.0,0.519,4.0,13.0,0.308,138.0,377.0,0.366,18.0,40.0,0.45
1626161,Willie Cauley-Stein,24.0,SAC,773,12,0.25,2017-18,0.0155239327296248,1610612758,1.0,3.0,0.333,0.0,0.0,0.0,2.0,5.0,0.4,1.0,3.0,0.333
203186,Willie Reed,28.0,DET,121,2,0.5,2017-18,0.0165289256198347,1610612765,0.0,0.0,0.0,0.0,0.0,0.0,1.0,2.0,0.5,0.0,0.0,0.0
1626195,Willy Hernangomez,24.0,CHA,164,12,0.417,2017-18,0.073170731707317,1610612766,2.0,2.0,1.0,0.0,1.0,0.0,3.0,9.0,0.333,2.0,3.0,0.667
201163,Wilson Chandler,31.0,DEN,631,246,0.358,2017-18,0.3898573692551506,1610612743,5.0,18.0,0.278,14.0,44.0,0.318,69.0,183.0,0.377,19.0,62.0,0.306
204098,Xavier Munford,26.0,MIL,6,2,0.0,2017-18,0.3333333333333333,1610612749,0.0,0.0,0.0,0.0,0.0,0.0,0.0,2.0,0.0,0.0,0.0,0.0
1628504,Xavier Rathan-Mayes,24.0,MEM,42,14,0.071,2017-18,0.3333333333333333,1610612763,0.0,0.0,0.0,0.0,0.0,0.0,1.0,14.0,0.071,0.0,0.0,0.0
202918,Xavier Silas,30.0,BOS,3,2,0.0,2017-18,0.6666666666666666,1610612738,0.0,0.0,0.0,,,,0.0,2.0,0.0,0.0,0.0,0.0
1627812,Yogi Ferrell,25.0,DAL,730,359,0.373,2017-18,0.4917808219178082,1610612742,17.0,35.0,0.486,14.0,25.0,0.56,103.0,298.0,0.346,31.0,60.0,0.517
1628380,Zach Collins,20.0,POR,289,113,0.31,2017-18,0.3910034602076124,1610612757,6.0,15.0,0.4,7.0,18.0,0.389,22.0,79.0,0.278,13.0,33.0,0.394
203897,Zach LaVine,23.0,CHI,355,123,0.341,2017-18,0.3464788732394366,1610612741,1.0,8.0,0.125,2.0,6.0,0.333,39.0,108.0,0.361,3.0,14.0,0.214
2216,Zach Randolph,36.0,SAC,763,147,0.347,2017-18,0.1926605504587156,1610612758,3.0,11.0,0.273,7.0,11.0,0.636,41.0,124.0,0.331,10.0,22.0,0.455
2585,Zaza Pachulia,34.0,GSW,264,1,0.0,2017-18,0.0037878787878787,1610612744,0.0,0.0,0.0,0.0,0.0,0.0,0.0,0.0,0.0,0.0,0.0,0.0
1627753,Zhou Qi,22.0,HOU,32,19,0.105,2017-18,0.59375,1610612745,0.0,1.0,0.0,1.0,2.0,0.5,1.0,16.0,0.063,1.0,3.0,0.333
203932,Aaron Gordon,23.0,ORL,1046,347,0.349,2018-19,0.3317399617590822,1610612753,17.0,52.0,0.327,19.0,40.0,0.475,85.0,251.0,0.339,36.0,92.0,0.391
1628988,Aaron Holiday,22.0,IND,262,127,0.339,2018-19,0.4847328244274809,1610612754,2.0,6.0,0.333,3.0,10.0,0.3,38.0,110.0,0.345,5.0,16.0,0.313
1627846,Abdel Nader,25.0,OKC,215,100,0.32,2018-19,0.4651162790697674,1610612760,6.0,20.0,0.3,9.0,20.0,0.45,17.0,58.0,0.293,15.0,40.0,0.375
201143,Al Horford,33.0,BOS,723,203,0.36,2018-19,0.280774550484094,1610612738,4.0,9.0,0.444,2.0,12.0,0.167,67.0,182.0,0.368,6.0,21.0,0.286
202329,Al-Farouq Aminu,28.0,POR,593,280,0.343,2018-19,0.4721753794266441,1610612757,15.0,46.0,0.326,17.0,48.0,0.354,64.0,185.0,0.346,32.0,94.0,0.34
1626210,Alan Williams,26.0,BKN,13,1,0.0,2018-19,0.0769230769230769,1610612751,0.0,0.0,0.0,0.0,0.0,0.0,0.0,1.0,0.0,0.0,0.0,0.0
202692,Alec Burks,27.0,SAC,474,168,0.363,2018-19,0.3544303797468354,1610612758,8.0,24.0,0.333,4.0,10.0,0.4,49.0,132.0,0.371,12.0,34.0,0.353
203518,Alex Abrines,25.0,OKC,157,127,0.323,2018-19,0.8089171974522293,1610612760,5.0,15.0,0.333,5.0,12.0,0.417,31.0,98.0,0.316,10.0,27.0,0.37
1627936,Alex Caruso,25.0,LAL,173,50,0.48,2018-19,0.2890173410404624,1610612747,3.0,7.0,0.429,1.0,5.0,0.2,20.0,38.0,0.526,4.0,12.0,0.333
203458,Alex Len,26.0,ATL,648,204,0.363,2018-19,0.3148148148148148,1610612737,14.0,40.0,0.35,24.0,64.0,0.375,36.0,99.0,0.364,38.0,104.0,0.365
1627816,Alex Poythress,25.0,ATL,81,23,0.391,2018-19,0.2839506172839506,1610612737,4.0,11.0,0.364,4.0,7.0,0.571,1.0,5.0,0.2,8.0,18.0,0.444
1628035,Alfonzo McKinnie,26.0,GSW,275,118,0.356,2018-19,0.4290909090909091,1610612744,16.0,37.0,0.432,6.0,26.0,0.231,20.0,55.0,0.364,22.0,63.0,0.349
1628993,Alize Johnson,23.0,IND,16,2,0.5,2018-19,0.125,1610612754,1.0,1.0,1.0,0.0,0.0,0.0,0.0,1.0,0.0,1.0,1.0,1.0
203459,Allen Crabbe,27.0,BKN,373,259,0.378,2018-19,0.6943699731903485,1610612751,15.0,29.0,0.517,15.0,32.0,0.469,67.0,195.0,0.344,30.0,61.0,0.492
1629019,Allonzo Trier,23.0,NYK,518,132,0.394,2018-19,0.2548262548262548,1610612752,3.0,11.0,0.273,5.0,11.0,0.455,44.0,110.0,0.4,8.0,22.0,0.364
1628518,Amile Jefferson,26.0,ORL,16,0,0.0,2018-19,0.0,1610612753,0.0,0.0,0.0,0.0,0.0,0.0,0.0,0.0,0.0,0.0,0.0,0.0
101161,Amir Johnson,32.0,PHI,157,40,0.3,2018-19,0.2547770700636942,1610612755,0.0,3.0,0.0,1.0,4.0,0.25,11.0,32.0,0.344,1.0,7.0,0.143
203083,Andre Drummond,25.0,DET,1052,38,0.132,2018-19,0.0361216730038022,1610612765,1.0,4.0,0.25,0.0,3.0,0.0,4.0,24.0,0.167,1.0,7.0,0.143
2738,Andre Iguodala,35.0,GSW,302,144,0.333,2018-19,0.4768211920529801,1610612744,11.0,31.0,0.355,14.0,30.0,0.467,23.0,82.0,0.28,25.0,61.0,0.41
201281,Andre Ingram,33.0,LAL,6,3,0.0,2018-19,0.5,1610612747,0.0,1.0,0.0,0.0,0.0,0.0,0.0,2.0,0.0,0.0,1.0,0.0
101106,Andrew Bogut,34.0,GSW,36,0,0.0,2018-19,0.0,1610612744,0.0,0.0,0.0,0.0,0.0,0.0,0.0,0.0,0.0,0.0,0.0,0.0
1626150,Andrew Harrison,24.0,NOP,53,25,0.2,2018-19,0.4716981132075472,1610612740,0.0,1.0,0.0,1.0,3.0,0.333,4.0,20.0,0.2,1.0,4.0,0.25
203952,Andrew Wiggins,24.0,MIN,1209,348,0.339,2018-19,0.2878411910669975,1610612750,23.0,39.0,0.59,6.0,22.0,0.273,88.0,282.0,0.312,29.0,61.0,0.475
1629014,Anfernee Simons,20.0,POR,63,29,0.345,2018-19,0.4603174603174603,1610612757,2.0,5.0,0.4,0.0,0.0,0.0,8.0,24.0,0.333,2.0,5.0,0.4
1629116,Angel Delgado,24.0,LAC,5,0,0.0,2018-19,0.0,1610612746,0.0,0.0,0.0,,,,0.0,0.0,0.0,0.0,0.0,0.0
1627790,Ante Zizic,22.0,CLE,331,0,0.0,2018-19,0.0,1610612739,0.0,0.0,0.0,0.0,0.0,0.0,0.0,0.0,0.0,0.0,0.0,0.0
203076,Anthony Davis,26.0,NOP,1026,145,0.331,2018-19,0.1413255360623781,1610612740,5.0,6.0,0.833,1.0,5.0,0.2,42.0,133.0,0.316,6.0,11.0,0.545
201229,Anthony Tolliver,34.0,MIN,259,215,0.377,2018-19,0.8301158301158301,1610612750,10.0,29.0,0.345,11.0,32.0,0.344,60.0,155.0,0.387,21.0,61.0,0.344
1628469,Antonio Blakeney,22.0,CHI,396,91,0.396,2018-19,0.2297979797979798,1610612741,16.0,31.0,0.516,4.0,8.0,0.5,15.0,50.0,0.3,20.0,39.0,0.513
203382,Aron Baynes,32.0,BOS,223,61,0.344,2018-19,0.273542600896861,1610612738,2.0,5.0,0.4,2.0,6.0,0.333,17.0,50.0,0.34,4.0,11.0,0.364
203085,Austin Rivers,26.0,HOU,572,327,0.318,2018-19,0.5716783216783217,1610612745,10.0,42.0,0.238,13.0,32.0,0.406,81.0,252.0,0.321,23.0,74.0,0.311
202340,Avery Bradley,28.0,MEM,608,245,0.351,2018-19,0.4029605263157895,1610612763,24.0,64.0,0.375,11.0,28.0,0.393,51.0,148.0,0.345,35.0,92.0,0.38
1629168,BJ Johnson,23.0,SAC,18,7,0.429,2018-19,0.3888888888888889,1610612758,2.0,3.0,0.667,0.0,0.0,0.0,1.0,3.0,0.333,2.0,3.0,0.667
1628389,Bam Adebayo,21.0,MIA,486,15,0.2,2018-19,0.0308641975308641,1610612748,0.0,3.0,0.0,0.0,1.0,0.0,3.0,9.0,0.333,0.0,4.0,0.0
203463,Ben McLemore,26.0,SAC,64,41,0.415,2018-19,0.640625,1610612758,3.0,9.0,0.333,1.0,4.0,0.25,13.0,27.0,0.481,4.0,13.0,0.308
1627732,Ben Simmons,22.0,PHI,960,6,0.0,2018-19,0.00625,1610612755,0.0,0.0,0.0,0.0,0.0,0.0,0.0,6.0,0.0,0.0,0.0,0.0
1628656,Billy Garrett,24.0,NYK,27,8,0.0,2018-19,0.2962962962962963,1610612752,0.0,0.0,0.0,0.0,0.0,0.0,0.0,8.0,0.0,0.0,0.0,0.0
202687,Bismack Biyombo,26.0,CHA,156,0,0.0,2018-19,0.0,1610612766,0.0,0.0,0.0,0.0,0.0,0.0,0.0,0.0,0.0,0.0,0.0,0.0
201933,Blake Griffin,30.0,DET,1341,522,0.362,2018-19,0.3892617449664429,1610612765,33.0,72.0,0.458,9.0,28.0,0.321,146.0,418.0,0.349,42.0,100.0,0.42
1626246,Boban Marjanovic,30.0,PHI,260,10,0.4,2018-19,0.0384615384615384,1610612755,0.0,0.0,0.0,3.0,4.0,0.75,1.0,6.0,0.167,3.0,4.0,0.75
1626171,Bobby Portis,24.0,WAS,628,191,0.393,2018-19,0.304140127388535,1610612764,6.0,13.0,0.462,1.0,9.0,0.111,68.0,169.0,0.402,7.0,22.0,0.318
203992,Bogdan Bogdanović,26.0,SAC,863,372,0.36,2018-19,0.4310544611819235,1610612758,8.0,20.0,0.4,8.0,23.0,0.348,118.0,326.0,0.362,16.0,43.0,0.372
202711,Bojan Bogdanovic,30.0,IND,1051,386,0.425,2018-19,0.3672692673644148,1610612754,38.0,69.0,0.551,22.0,49.0,0.449,104.0,268.0,0.388,60.0,118.0,0.508
1629045,Bonzie Colson,23.0,MIL,39,21,0.238,2018-19,0.5384615384615384,1610612749,0.0,5.0,0.0,2.0,3.0,0.667,3.0,12.0,0.25,2.0,8.0,0.25
202954,Brad Wanamaker,29.0,BOS,105,39,0.41,2018-19,0.3714285714285714,1610612738,0.0,1.0,0.0,0.0,0.0,0.0,16.0,38.0,0.421,0.0,1.0,0.0
203078,Bradley Beal,26.0,WAS,1609,596,0.351,2018-19,0.3704164077066501,1610612764,22.0,51.0,0.431,16.0,39.0,0.41,171.0,506.0,0.338,38.0,90.0,0.422
1629164,Brandon Goodwin,23.0,DEN,23,6,0.333,2018-19,0.2608695652173913,1610612743,0.0,0.0,0.0,0.0,0.0,0.0,2.0,6.0,0.333,0.0,0.0,0.0
1627742,Brandon Ingram,21.0,LAL,729,94,0.33,2018-19,0.1289437585733882,1610612747,5.0,14.0,0.357,9.0,26.0,0.346,17.0,53.0,0.321,14.0,40.0,0.35
202688,Brandon Knight,27.0,CLE,260,129,0.318,2018-19,0.4961538461538461,1610612739,3.0,9.0,0.333,2.0,11.0,0.182,36.0,109.0,0.33,5.0,20.0,0.25
1629102,Brandon Sampson,22.0,CHI,60,29,0.379,2018-19,0.4833333333333333,1610612741,2.0,7.0,0.286,2.0,2.0,1.0,7.0,20.0,0.35,4.0,9.0,0.444
201572,Brook Lopez,31.0,MIL,786,512,0.365,2018-19,0.6513994910941476,1610612749,13.0,26.0,0.5,18.0,49.0,0.367,156.0,437.0,0.357,31.0,75.0,0.413
1628971,Bruce Brown,22.0,DET,314,93,0.258,2018-19,0.2961783439490446,1610612765,7.0,23.0,0.304,9.0,21.0,0.429,8.0,46.0,0.174,16.0,44.0,0.364
203998,Bruno Caboclo,23.0,MEM,225,130,0.369,2018-19,0.5777777777777777,1610612763,12.0,33.0,0.364,7.0,21.0,0.333,29.0,75.0,0.387,19.0,54.0,0.352
1627854,Bryn Forbes,25.0,SAS,791,413,0.426,2018-19,0.5221238938053098,1610612759,17.0,29.0,0.586,11.0,20.0,0.55,148.0,361.0,0.41,28.0,49.0,0.571
1627741,Buddy Hield,26.0,SAC,1360,651,0.427,2018-19,0.4786764705882353,1610612758,40.0,76.0,0.526,29.0,58.0,0.5,208.0,514.0,0.405,69.0,134.0,0.515
203710,C.J. Williams,29.0,MIN,35,16,0.313,2018-19,0.4571428571428571,1610612750,0.0,1.0,0.0,0.0,3.0,0.0,5.0,12.0,0.417,0.0,4.0,0.0
203468,CJ McCollum,27.0,POR,1243,445,0.375,2018-19,0.3580048270313757,1610612757,12.0,22.0,0.545,9.0,20.0,0.45,146.0,402.0,0.363,21.0,42.0,0.5
101139,CJ Miles,32.0,MEM,311,203,0.33,2018-19,0.6527331189710611,1610612763,9.0,21.0,0.429,11.0,28.0,0.393,47.0,153.0,0.307,20.0,49.0,0.408
1628403,Caleb Swanigan,22.0,SAC,53,7,0.143,2018-19,0.1320754716981132,1610612758,1.0,3.0,0.333,0.0,1.0,0.0,0.0,3.0,0.0,1.0,4.0,0.25
1629244,Cam Reynolds,24.0,MIN,78,51,0.412,2018-19,0.6538461538461539,1610612750,5.0,9.0,0.556,1.0,7.0,0.143,15.0,35.0,0.429,6.0,16.0,0.375
1626166,Cameron Payne,24.0,CLE,223,84,0.298,2018-19,0.3766816143497757,1610612739,4.0,5.0,0.8,2.0,10.0,0.2,19.0,67.0,0.284,6.0,15.0,0.4
1627747,Caris LeVert,24.0,BKN,483,154,0.312,2018-19,0.3188405797101449,1610612751,4.0,9.0,0.444,2.0,7.0,0.286,42.0,138.0,0.304,6.0,16.0,0.375
2546,Carmelo Anthony,35.0,HOU,121,64,0.328,2018-19,0.5289256198347108,1610612745,0.0,1.0,0.0,1.0,2.0,0.5,20.0,61.0,0.328,1.0,3.0,0.333
1626224,Cedi Osman,24.0,CLE,844,374,0.348,2018-19,0.4431279620853081,1610612739,14.0,43.0,0.326,16.0,47.0,0.34,100.0,283.0,0.353,30.0,90.0,0.333
1628990,Chandler Hutchison,23.0,CHI,209,50,0.28,2018-19,0.2392344497607655,1610612741,5.0,14.0,0.357,2.0,9.0,0.222,6.0,23.0,0.261,7.0,23.0,0.304
202718,Chandler Parsons,30.0,MEM,182,94,0.309,2018-19,0.5164835164835165,1610612763,3.0,9.0,0.333,2.0,12.0,0.167,24.0,73.0,0.329,5.0,21.0,0.238
101112,Channing Frye,36.0,CLE,117,79,0.405,2018-19,0.6752136752136753,1610612739,1.0,4.0,0.25,2.0,3.0,0.667,29.0,72.0,0.403,3.0,7.0,0.429
1626184,Chasson Randle,26.0,WAS,217,115,0.4,2018-19,0.5299539170506913,1610612764,2.0,9.0,0.222,6.0,17.0,0.353,38.0,89.0,0.427,8.0,26.0,0.308
1627767,Cheick Diallo,22.0,NOP,271,4,0.25,2018-19,0.014760147601476,1610612740,0.0,1.0,0.0,0.0,1.0,0.0,1.0,1.0,1.0,0.0,2.0,0.0
1629002,Chimezie Metu,22.0,SAS,58,2,0.0,2018-19,0.0344827586206896,1610612759,0.0,0.0,0.0,0.0,0.0,0.0,0.0,2.0,0.0,0.0,0.0,0.0
1628449,Chris Boucher,26.0,TOR,76,37,0.324,2018-19,0.4868421052631579,1610612761,1.0,3.0,0.333,2.0,5.0,0.4,9.0,29.0,0.31,3.0,8.0,0.375
1629185,Chris Chiozza,23.0,HOU,8,5,0.4,2018-19,0.625,1610612745,0.0,1.0,0.0,1.0,1.0,1.0,1.0,3.0,0.333,1.0,2.0,0.5
101108,Chris Paul,34.0,HOU,720,355,0.358,2018-19,0.4930555555555556,1610612745,9.0,22.0,0.409,11.0,37.0,0.297,104.0,291.0,0.357,20.0,59.0,0.339
1626174,Christian Wood,23.0,NOP,117,26,0.346,2018-19,0.2222222222222222,1610612740,0.0,1.0,0.0,1.0,4.0,0.25,8.0,21.0,0.381,1.0,5.0,0.2
203991,Clint Capela,25.0,HOU,732,0,0.0,2018-19,0.0,1610612745,0.0,0.0,0.0,0.0,0.0,0.0,0.0,0.0,0.0,0.0,0.0,0.0
203469,Cody Zeller,26.0,CHA,345,22,0.273,2018-19,0.0637681159420289,1610612766,0.0,0.0,0.0,0.0,0.0,0.0,6.0,22.0,0.273,0.0,0.0,0.0
1629012,Collin Sexton,20.0,CLE,1206,296,0.402,2018-19,0.2454394693200663,1610612739,9.0,22.0,0.409,2.0,13.0,0.154,108.0,258.0,0.419,11.0,35.0,0.314
201147,Corey Brewer,33.0,SAC,123,44,0.318,2018-19,0.3577235772357723,1610612758,3.0,11.0,0.273,3.0,7.0,0.429,8.0,26.0,0.308,6.0,18.0,0.333
202709,Cory Joseph,27.0,IND,548,171,0.322,2018-19,0.3120437956204379,1610612754,7.0,17.0,0.412,6.0,22.0,0.273,41.0,128.0,0.32,13.0,39.0,0.333
201584,Courtney Lee,33.0,DAL,129,55,0.291,2018-19,0.4263565891472868,1610612742,4.0,11.0,0.364,6.0,9.0,0.667,6.0,35.0,0.171,10.0,20.0,0.5
1626245,Cristiano Felicio,26.0,CHI,179,4,0.0,2018-19,0.0223463687150838,1610612741,0.0,0.0,0.0,0.0,0.0,0.0,0.0,4.0,0.0,0.0,0.0,0.0
1626156,D'Angelo Russell,23.0,BKN,1517,635,0.369,2018-19,0.4185893210283454,1610612751,13.0,33.0,0.394,12.0,19.0,0.632,209.0,582.0,0.359,25.0,52.0,0.481
201571,D.J. Augustin,31.0,ORL,677,311,0.421,2018-19,0.4593796159527326,1610612753,20.0,37.0,0.541,9.0,19.0,0.474,102.0,251.0,0.406,29.0,56.0,0.518
1628391,D.J. Wilson,23.0,MIL,251,127,0.362,2018-19,0.5059760956175299,1610612749,7.0,22.0,0.318,12.0,32.0,0.375,27.0,73.0,0.37,19.0,54.0,0.352
203474,DJ Stephens,28.0,MEM,2,0,0.0,2018-19,0.0,1610612763,,,,,,,0.0,0.0,0.0,,,
1629541,Dairis Bertans,29.0,NOP,47,34,0.294,2018-19,0.723404255319149,1610612740,0.0,3.0,0.0,2.0,4.0,0.5,8.0,27.0,0.296,2.0,7.0,0.286
1627745,Damian Jones,24.0,GSW,74,0,0.0,2018-19,0.0,1610612744,0.0,0.0,0.0,0.0,0.0,0.0,0.0,0.0,0.0,0.0,0.0,0.0
203081,Damian Lillard,28.0,POR,1533,643,0.369,2018-19,0.4194390084801043,1610612757,5.0,14.0,0.357,5.0,18.0,0.278,227.0,608.0,0.373,10.0,32.0,0.313
1627814,Damion Lee,26.0,GSW,127,68,0.397,2018-19,0.5354330708661418,1610612744,10.0,14.0,0.714,3.0,11.0,0.273,14.0,43.0,0.326,13.0,25.0,0.52
1628422,Damyean Dotson,25.0,NYK,698,342,0.368,2018-19,0.4899713467048711,1610612752,17.0,33.0,0.515,11.0,28.0,0.393,98.0,279.0,0.351,28.0,61.0,0.459
1627772,Daniel Hamilton,23.0,ATL,60,23,0.348,2018-19,0.3833333333333333,1610612737,2.0,9.0,0.222,2.0,2.0,1.0,4.0,12.0,0.333,4.0,11.0,0.364
1628464,Daniel Theis,27.0,BOS,266,67,0.388,2018-19,0.2518796992481203,1610612738,0.0,1.0,0.0,0.0,4.0,0.0,26.0,62.0,0.419,0.0,5.0,0.0
201568,Danilo Gallinari,30.0,LAC,884,372,0.433,2018-19,0.420814479638009,1610612746,2.0,9.0,0.222,6.0,12.0,0.5,152.0,348.0,0.437,8.0,21.0,0.381
201980,Danny Green,32.0,TOR,630,435,0.455,2018-19,0.6904761904761905,1610612761,32.0,68.0,0.471,61.0,116.0,0.526,105.0,249.0,0.422,93.0,184.0,0.505
201967,Dante Cunningham,32.0,SAS,158,65,0.462,2018-19,0.4113924050632911,1610612759,8.0,23.0,0.348,10.0,20.0,0.5,12.0,21.0,0.571,18.0,43.0,0.419
203957,Dante Exum,23.0,UTA,241,62,0.29,2018-19,0.2572614107883817,1610612762,4.0,11.0,0.364,7.0,23.0,0.304,7.0,28.0,0.25,11.0,34.0,0.324
1627863,Danuel House Jr.,26.0,HOU,252,178,0.416,2018-19,0.7063492063492064,1610612745,11.0,23.0,0.478,19.0,54.0,0.352,44.0,101.0,0.436,30.0,77.0,0.39
203967,Dario Saric,25.0,MIN,696,323,0.365,2018-19,0.4640804597701149,1610612750,9.0,26.0,0.346,13.0,33.0,0.394,96.0,263.0,0.365,22.0,59.0,0.373
203121,Darius Miller,29.0,NOP,484,364,0.365,2018-19,0.7520661157024794,1610612740,14.0,32.0,0.438,11.0,37.0,0.297,107.0,293.0,0.365,25.0,69.0,0.362
201954,Darren Collison,31.0,IND,659,194,0.407,2018-19,0.2943854324734446,1610612754,15.0,31.0,0.484,20.0,35.0,0.571,43.0,125.0,0.344,35.0,66.0,0.53
1629133,Daryl Macon,23.0,DAL,27,11,0.455,2018-19,0.4074074074074074,1610612742,0.0,0.0,0.0,0.0,1.0,0.0,5.0,10.0,0.5,0.0,1.0,0.0
1628021,David Nwaba,26.0,CLE,262,75,0.32,2018-19,0.2862595419847328,1610612739,6.0,16.0,0.375,8.0,24.0,0.333,10.0,34.0,0.294,14.0,40.0,0.35
202722,Davis Bertans,26.0,SAS,453,338,0.429,2018-19,0.7461368653421634,1610612759,11.0,23.0,0.478,17.0,25.0,0.68,117.0,287.0,0.408,28.0,48.0,0.583
1628432,Davon Reed,24.0,IND,12,4,0.5,2018-19,0.3333333333333333,1610612754,0.0,0.0,0.0,0.0,0.0,0.0,2.0,4.0,0.5,0.0,0.0,0.0
1628368,De'Aaron Fox,21.0,SAC,1102,232,0.371,2018-19,0.2105263157894736,1610612758,4.0,17.0,0.235,6.0,17.0,0.353,76.0,198.0,0.384,10.0,34.0,0.294
1629001,De'Anthony Melton,21.0,PHX,256,95,0.305,2018-19,0.37109375,1610612756,3.0,15.0,0.2,7.0,12.0,0.583,19.0,68.0,0.279,10.0,27.0,0.37
201599,DeAndre Jordan,30.0,NYK,446,0,0.0,2018-19,0.0,1610612752,0.0,0.0,0.0,0.0,0.0,0.0,0.0,0.0,0.0,0.0,0.0,0.0
1627761,DeAndre' Bembry,24.0,ATL,616,173,0.289,2018-19,0.2808441558441558,1610612737,6.0,29.0,0.207,9.0,24.0,0.375,35.0,119.0,0.294,15.0,53.0,0.283
201942,DeMar DeRozan,29.0,SAS,1313,45,0.156,2018-19,0.0342726580350342,1610612759,4.0,13.0,0.308,2.0,9.0,0.222,1.0,22.0,0.045,6.0,22.0,0.273
202326,DeMarcus Cousins,28.0,GSW,371,95,0.274,2018-19,0.2560646900269542,1610612744,1.0,4.0,0.25,0.0,1.0,0.0,25.0,90.0,0.278,1.0,5.0,0.2
201960,DeMarre Carroll,32.0,BKN,575,310,0.342,2018-19,0.5391304347826087,1610612751,18.0,41.0,0.439,16.0,55.0,0.291,71.0,213.0,0.333,34.0,96.0,0.354
1629152,DeVaughn Akoon-Purcell,26.0,DEN,10,4,0.0,2018-19,0.4,1610612743,0.0,0.0,0.0,0.0,1.0,0.0,0.0,3.0,0.0,0.0,1.0,0.0
1629028,Deandre Ayton,20.0,PHX,870,4,0.0,2018-19,0.0045977011494252,1610612756,0.0,1.0,0.0,0.0,0.0,0.0,0.0,3.0,0.0,0.0,1.0,0.0
1626153,Delon Wright,27.0,MEM,558,168,0.298,2018-19,0.3010752688172043,1610612763,6.0,17.0,0.353,9.0,20.0,0.45,35.0,126.0,0.278,15.0,37.0,0.405
1627743,Demetrius Jackson,24.0,PHI,15,6,0.333,2018-19,0.4,1610612755,0.0,0.0,0.0,1.0,1.0,1.0,1.0,5.0,0.2,1.0,1.0,1.0
1629061,Deng Adel,22.0,CLE,36,23,0.261,2018-19,0.6388888888888888,1610612739,1.0,4.0,0.25,1.0,2.0,0.5,4.0,17.0,0.235,2.0,6.0,0.333
203471,Dennis Schröder,25.0,OKC,1104,364,0.341,2018-19,0.3297101449275362,1610612760,12.0,27.0,0.444,8.0,26.0,0.308,104.0,307.0,0.339,20.0,53.0,0.377
1628372,Dennis Smith Jr.,21.0,NYK,650,208,0.322,2018-19,0.32,1610612752,3.0,8.0,0.375,5.0,13.0,0.385,59.0,186.0,0.317,8.0,21.0,0.381
1629126,Deonte Burton,25.0,OKC,82,27,0.296,2018-19,0.3292682926829268,1610612760,1.0,7.0,0.143,1.0,5.0,0.2,6.0,15.0,0.4,2.0,12.0,0.167
202324,Derrick Favors,27.0,UTA,619,78,0.218,2018-19,0.1260096930533118,1610612762,6.0,29.0,0.207,7.0,35.0,0.2,4.0,13.0,0.308,13.0,64.0,0.203
1627884,Derrick Jones Jr.,22.0,MIA,324,91,0.308,2018-19,0.2808641975308642,1610612748,13.0,37.0,0.351,8.0,22.0,0.364,7.0,29.0,0.241,21.0,59.0,0.356
201565,Derrick Rose,30.0,MIN,753,146,0.37,2018-19,0.1938911022576361,1610612750,8.0,19.0,0.421,3.0,5.0,0.6,42.0,118.0,0.356,11.0,24.0,0.458
1628401,Derrick White,24.0,SAS,543,142,0.338,2018-19,0.2615101289134438,1610612759,1.0,6.0,0.167,8.0,18.0,0.444,39.0,118.0,0.331,9.0,24.0,0.375
1626164,Devin Booker,22.0,PHX,1255,414,0.326,2018-19,0.3298804780876494,1610612756,6.0,16.0,0.375,5.0,14.0,0.357,123.0,378.0,0.325,11.0,30.0,0.367
2734,Devin Harris,36.0,DAL,347,200,0.31,2018-19,0.5763688760806917,1610612742,10.0,28.0,0.357,3.0,11.0,0.273,49.0,158.0,0.31,13.0,39.0,0.333
1628421,Devin Robinson,24.0,WAS,32,2,0.0,2018-19,0.0625,1610612764,0.0,0.0,0.0,0.0,0.0,0.0,0.0,2.0,0.0,0.0,0.0,0.0
1628984,Devonte' Graham,24.0,CHA,216,121,0.281,2018-19,0.5601851851851852,1610612766,2.0,7.0,0.286,7.0,13.0,0.538,25.0,96.0,0.26,9.0,20.0,0.45
203473,Dewayne Dedmon,29.0,ATL,526,217,0.382,2018-19,0.4125475285171102,1610612737,8.0,17.0,0.471,21.0,51.0,0.412,53.0,148.0,0.358,29.0,68.0,0.426
1627738,Deyonta Davis,22.0,ATL,22,1,0.0,2018-19,0.0454545454545454,1610612737,0.0,0.0,0.0,0.0,1.0,0.0,0.0,0.0,0.0,0.0,1.0,0.0
1628415,Dillon Brooks,23.0,MEM,122,40,0.375,2018-19,0.3278688524590163,1610612763,1.0,2.0,0.5,1.0,4.0,0.25,13.0,33.0,0.394,2.0,6.0,0.333
203079,Dion Waiters,27.0,MIA,478,289,0.377,2018-19,0.604602510460251,1610612748,27.0,55.0,0.491,10.0,31.0,0.323,72.0,202.0,0.356,37.0,86.0,0.43
1717,Dirk Nowitzki,41.0,DAL,376,205,0.312,2018-19,0.5452127659574468,1610612742,1.0,5.0,0.2,6.0,16.0,0.375,57.0,183.0,0.311,7.0,21.0,0.333
1627734,Domantas Sabonis,23.0,IND,700,17,0.529,2018-19,0.0242857142857142,1610612754,1.0,2.0,0.5,0.0,1.0,0.0,8.0,14.0,0.571,1.0,3.0,0.333
202700,Donatas Motiejunas,28.0,SAS,6,0,0.0,2018-19,0.0,1610612759,0.0,0.0,0.0,,,,0.0,0.0,0.0,0.0,0.0,0.0
1628378,Donovan Mitchell,22.0,UTA,1530,519,0.362,2018-19,0.3392156862745098,1610612762,14.0,36.0,0.389,13.0,34.0,0.382,160.0,444.0,0.36,27.0,70.0,0.386
1628978,Donte DiVincenzo,22.0,MIL,124,83,0.265,2018-19,0.6693548387096774,1610612749,3.0,9.0,0.333,2.0,8.0,0.25,17.0,66.0,0.258,5.0,17.0,0.294
1629055,Donte Grantham,24.0,OKC,2,2,0.0,2018-19,1.0,1610612760,,,,0.0,0.0,0.0,0.0,2.0,0.0,0.0,0.0,0.0
1627827,Dorian Finney-Smith,26.0,DAL,528,254,0.311,2018-19,0.4810606060606061,1610612742,11.0,40.0,0.275,19.0,54.0,0.352,49.0,155.0,0.316,30.0,94.0,0.319
203926,Doug McDermott,27.0,IND,422,206,0.408,2018-19,0.4881516587677725,1610612754,26.0,58.0,0.448,10.0,22.0,0.455,48.0,125.0,0.384,36.0,80.0,0.45
1627733,Dragan Bender,21.0,PHX,197,101,0.218,2018-19,0.5126903553299492,1610612756,4.0,15.0,0.267,2.0,12.0,0.167,16.0,74.0,0.216,6.0,27.0,0.222
203110,Draymond Green,29.0,GSW,422,165,0.285,2018-19,0.3909952606635071,1610612744,3.0,11.0,0.273,7.0,11.0,0.636,37.0,142.0,0.261,10.0,22.0,0.455
1629234,Drew Eubanks,22.0,SAS,26,0,0.0,2018-19,0.0,1610612759,0.0,0.0,0.0,0.0,0.0,0.0,0.0,0.0,0.0,0.0,0.0,0.0
1629130,Duncan Robinson,25.0,MIA,46,35,0.286,2018-19,0.7608695652173914,1610612748,0.0,3.0,0.0,3.0,5.0,0.6,7.0,27.0,0.259,3.0,8.0,0.375
1628605,Dusty Hannahs,25.0,MEM,12,5,0.0,2018-19,0.4166666666666667,1610612763,0.0,0.0,0.0,0.0,1.0,0.0,0.0,4.0,0.0,0.0,1.0,0.0
1628407,Dwayne Bacon,23.0,CHA,257,87,0.437,2018-19,0.3385214007782101,1610612766,10.0,23.0,0.435,4.0,7.0,0.571,24.0,57.0,0.421,14.0,30.0,0.467
2730,Dwight Howard,33.0,WAS,69,0,0.0,2018-19,0.0,1610612764,0.0,0.0,0.0,0.0,0.0,0.0,0.0,0.0,0.0,0.0,0.0,0.0
203939,Dwight Powell,27.0,DAL,486,127,0.307,2018-19,0.2613168724279835,1610612742,1.0,5.0,0.2,3.0,6.0,0.5,35.0,116.0,0.302,4.0,11.0,0.364
2548,Dwyane Wade,37.0,MIA,960,261,0.33,2018-19,0.271875,1610612748,27.0,58.0,0.466,4.0,13.0,0.308,54.0,186.0,0.29,31.0,71.0,0.437
1629058,Dzanan Musa,20.0,BKN,22,10,0.1,2018-19,0.4545454545454545,1610612751,0.0,1.0,0.0,0.0,1.0,0.0,1.0,8.0,0.125,0.0,2.0,0.0
202734,E'Twaun Moore,30.0,NOP,532,176,0.432,2018-19,0.3308270676691729,1610612740,14.0,35.0,0.4,5.0,23.0,0.217,57.0,118.0,0.483,19.0,58.0,0.328
202334,Ed Davis,30.0,BKN,302,2,0.0,2018-19,0.0066225165562913,1610612751,0.0,0.0,0.0,0.0,0.0,0.0,0.0,2.0,0.0,0.0,0.0,0.0
1628410,Edmond Sumner,23.0,IND,64,27,0.259,2018-19,0.421875,1610612754,2.0,6.0,0.333,1.0,2.0,0.5,4.0,19.0,0.211,3.0,8.0,0.375
202327,Ekpe Udoh,32.0,UTA,72,0,0.0,2018-19,0.0,1610612762,0.0,0.0,0.0,0.0,0.0,0.0,0.0,0.0,0.0,0.0,0.0,0.0
203901,Elfrid Payton,25.0,NOP,412,105,0.314,2018-19,0.2548543689320388,1610612740,0.0,1.0,0.0,1.0,6.0,0.167,31.0,96.0,0.323,1.0,7.0,0.143
1629059,Elie Okobo,21.0,PHX,290,132,0.295,2018-19,0.4551724137931034,1610612756,2.0,8.0,0.25,2.0,7.0,0.286,35.0,116.0,0.302,4.0,15.0,0.267
1629150,Emanuel Terry,22.0,MIA,7,0,0.0,2018-19,0.0,1610612748,0.0,0.0,0.0,0.0,0.0,0.0,0.0,0.0,0.0,0.0,0.0,0.0
1626144,Emmanuel Mudiay,23.0,NYK,740,210,0.329,2018-19,0.2837837837837837,1610612752,8.0,17.0,0.471,6.0,19.0,0.316,54.0,172.0,0.314,14.0,36.0,0.389
202683,Enes Freedom,27.0,POR,683,34,0.294,2018-19,0.0497803806734992,1610612757,0.0,0.0,0.0,1.0,1.0,1.0,9.0,33.0,0.273,1.0,1.0,1.0
202339,Eric Bledsoe,29.0,MIL,971,377,0.329,2018-19,0.388259526261586,1610612749,4.0,21.0,0.19,12.0,37.0,0.324,108.0,319.0,0.339,16.0,58.0,0.276
201569,Eric Gordon,30.0,HOU,938,600,0.36,2018-19,0.6396588486140725,1610612745,11.0,26.0,0.423,18.0,49.0,0.367,187.0,525.0,0.356,29.0,75.0,0.387
203961,Eric Moreland,27.0,TOR,7,1,1.0,2018-19,0.1428571428571428,1610612761,0.0,0.0,0.0,0.0,0.0,0.0,1.0,1.0,1.0,0.0,0.0,0.0
101141,Ersan Ilyasova,32.0,MIL,381,160,0.363,2018-19,0.4199475065616798,1610612749,4.0,18.0,0.222,10.0,24.0,0.417,44.0,117.0,0.376,14.0,42.0,0.333
203095,Evan Fournier,26.0,ORL,1069,450,0.34,2018-19,0.4209541627689429,1610612753,27.0,64.0,0.422,6.0,19.0,0.316,121.0,365.0,0.332,33.0,83.0,0.398
202323,Evan Turner,30.0,POR,443,52,0.212,2018-19,0.1173814898419864,1610612757,2.0,10.0,0.2,2.0,8.0,0.25,7.0,34.0,0.206,4.0,18.0,0.222
1628402,Frank Jackson,21.0,NOP,447,169,0.314,2018-19,0.378076062639821,1610612740,9.0,38.0,0.237,13.0,34.0,0.382,31.0,97.0,0.32,22.0,72.0,0.306
1626163,Frank Kaminsky,26.0,CHA,298,139,0.36,2018-19,0.4664429530201342,1610612766,0.0,6.0,0.0,1.0,6.0,0.167,49.0,127.0,0.386,1.0,12.0,0.083
1628412,Frank Mason III,25.0,SAC,169,64,0.219,2018-19,0.378698224852071,1610612758,0.0,2.0,0.0,1.0,4.0,0.25,13.0,58.0,0.224,1.0,6.0,0.167
1628373,Frank Ntilikina,20.0,NYK,282,115,0.287,2018-19,0.4078014184397163,1610612752,4.0,11.0,0.364,2.0,13.0,0.154,26.0,89.0,0.292,6.0,24.0,0.25
1627832,Fred VanVleet,25.0,TOR,600,296,0.378,2018-19,0.4933333333333333,1610612761,12.0,28.0,0.429,15.0,28.0,0.536,85.0,239.0,0.356,27.0,56.0,0.482
1627788,Furkan Korkmaz,21.0,PHI,245,144,0.326,2018-19,0.5877551020408164,1610612755,2.0,5.0,0.4,8.0,21.0,0.381,36.0,113.0,0.319,10.0,26.0,0.385
202066,Garrett Temple,33.0,LAC,493,264,0.341,2018-19,0.5354969574036511,1610612746,25.0,61.0,0.41,17.0,49.0,0.347,48.0,154.0,0.312,42.0,110.0,0.382
1629109,Gary Clark,24.0,HOU,151,138,0.297,2018-19,0.913907284768212,1610612745,3.0,18.0,0.167,4.0,23.0,0.174,34.0,97.0,0.351,7.0,41.0,0.171
203914,Gary Harris,24.0,DEN,637,242,0.339,2018-19,0.379905808477237,1610612743,16.0,42.0,0.381,12.0,28.0,0.429,54.0,172.0,0.314,28.0,70.0,0.4
1627780,Gary Payton II,26.0,WAS,8,2,0.5,2018-19,0.25,1610612764,0.0,0.0,0.0,1.0,2.0,0.5,0.0,0.0,0.0,1.0,2.0,0.5
1629018,Gary Trent Jr.,20.0,POR,50,21,0.238,2018-19,0.42,1610612757,2.0,2.0,1.0,0.0,2.0,0.0,3.0,17.0,0.176,2.0,4.0,0.5
201588,George Hill,33.0,MIL,376,153,0.314,2018-19,0.4069148936170212,1610612749,10.0,22.0,0.455,3.0,15.0,0.2,35.0,115.0,0.304,13.0,37.0,0.351
1627777,Georges Niang,26.0,UTA,181,105,0.41,2018-19,0.580110497237569,1610612762,15.0,25.0,0.6,3.0,22.0,0.136,25.0,58.0,0.431,18.0,47.0,0.383
101123,Gerald Green,33.0,HOU,578,441,0.354,2018-19,0.7629757785467128,1610612745,25.0,56.0,0.446,34.0,90.0,0.378,97.0,294.0,0.33,59.0,146.0,0.404
203507,Giannis Antetokounmpo,24.0,MIL,1247,203,0.256,2018-19,0.1627906976744186,1610612749,2.0,6.0,0.333,0.0,3.0,0.0,50.0,191.0,0.262,2.0,9.0,0.222
203922,Glenn Robinson III,25.0,DET,176,62,0.29,2018-19,0.3522727272727273,1610612765,4.0,13.0,0.308,4.0,19.0,0.211,10.0,30.0,0.333,8.0,32.0,0.25
201609,Goran Dragic,33.0,MIA,433,164,0.348,2018-19,0.3787528868360277,1610612748,5.0,14.0,0.357,4.0,18.0,0.222,48.0,132.0,0.364,9.0,32.0,0.281
202330,Gordon Hayward,29.0,BOS,635,231,0.333,2018-19,0.3637795275590551,1610612738,14.0,32.0,0.438,14.0,38.0,0.368,49.0,160.0,0.306,28.0,70.0,0.4
203476,Gorgui Dieng,29.0,MIN,377,56,0.339,2018-19,0.1485411140583554,1610612750,9.0,18.0,0.5,6.0,19.0,0.316,3.0,16.0,0.188,15.0,37.0,0.405
1628960,Grayson Allen,23.0,UTA,178,99,0.323,2018-19,0.5561797752808989,1610612762,6.0,18.0,0.333,7.0,13.0,0.538,19.0,67.0,0.284,13.0,31.0,0.419
202328,Greg Monroe,29.0,PHI,189,5,0.2,2018-19,0.0264550264550264,1610612755,0.0,0.0,0.0,0.0,0.0,0.0,1.0,5.0,0.2,0.0,0.0,0.0
1627824,Guerschon Yabusele,23.0,BOS,77,28,0.321,2018-19,0.3636363636363636,1610612738,1.0,3.0,0.333,0.0,3.0,0.0,8.0,22.0,0.364,1.0,6.0,0.167
1628977,Hamidou Diallo,20.0,OKC,165,24,0.167,2018-19,0.1454545454545454,1610612760,2.0,10.0,0.2,2.0,10.0,0.2,0.0,4.0,0.0,4.0,20.0,0.2
203084,Harrison Barnes,27.0,SAC,1027,441,0.395,2018-19,0.4294060370009737,1610612758,26.0,61.0,0.426,34.0,74.0,0.459,113.0,303.0,0.373,60.0,135.0,0.444
1628385,Harry Giles III,21.0,SAC,348,6,0.0,2018-19,0.0172413793103448,1610612758,0.0,2.0,0.0,0.0,0.0,0.0,0.0,3.0,0.0,0.0,2.0,0.0
202355,Hassan Whiteside,30.0,MIA,680,16,0.125,2018-19,0.0235294117647058,1610612748,0.0,5.0,0.0,1.0,3.0,0.333,1.0,8.0,0.125,1.0,8.0,0.125
1629312,Haywood Highsmith,22.0,PHI,10,5,0.2,2018-19,0.5,1610612755,0.0,1.0,0.0,0.0,1.0,0.0,1.0,3.0,0.333,0.0,2.0,0.0
1627740,Henry Ellenson,22.0,NYK,95,38,0.447,2018-19,0.4,1610612752,2.0,6.0,0.333,4.0,10.0,0.4,11.0,22.0,0.5,6.0,16.0,0.375
203546,Ian Clark,28.0,NOP,383,202,0.327,2018-19,0.5274151436031331,1610612740,8.0,23.0,0.348,10.0,26.0,0.385,47.0,152.0,0.309,18.0,49.0,0.367
101133,Ian Mahinmi,32.0,WAS,104,16,0.188,2018-19,0.1538461538461538,1610612764,1.0,6.0,0.167,1.0,4.0,0.25,1.0,6.0,0.167,2.0,10.0,0.2
1628387,Ike Anigbogu,20.0,IND,3,0,0.0,2018-19,0.0,1610612754,,,,0.0,0.0,0.0,0.0,0.0,0.0,0.0,0.0,0.0
202697,Iman Shumpert,29.0,HOU,446,273,0.348,2018-19,0.6121076233183856,1610612745,20.0,48.0,0.417,14.0,38.0,0.368,61.0,186.0,0.328,34.0,86.0,0.395
1629067,Isaac Bonga,19.0,LAL,33,8,0.0,2018-19,0.2424242424242424,1610612747,0.0,1.0,0.0,0.0,1.0,0.0,0.0,6.0,0.0,0.0,2.0,0.0
1629353,Isaac Humphries,21.0,ATL,21,11,0.273,2018-19,0.5238095238095238,1610612737,0.0,3.0,0.0,2.0,2.0,1.0,1.0,6.0,0.167,2.0,5.0,0.4
1628515,Isaiah Briscoe,23.0,ORL,138,34,0.324,2018-19,0.2463768115942029,1610612753,3.0,7.0,0.429,0.0,5.0,0.0,8.0,22.0,0.364,3.0,12.0,0.25
203477,Isaiah Canaan,28.0,MIL,164,96,0.354,2018-19,0.5853658536585366,1610612749,5.0,14.0,0.357,6.0,13.0,0.462,23.0,69.0,0.333,11.0,27.0,0.407
1628392,Isaiah Hartenstein,21.0,HOU,41,6,0.333,2018-19,0.1463414634146341,1610612745,1.0,2.0,0.5,0.0,0.0,0.0,1.0,4.0,0.25,1.0,2.0,0.5
1628439,Isaiah Hicks,24.0,NYK,8,0,0.0,2018-19,0.0,1610612752,0.0,0.0,0.0,0.0,0.0,0.0,0.0,0.0,0.0,0.0,0.0,0.0
202738,Isaiah Thomas,30.0,DEN,99,43,0.279,2018-19,0.4343434343434343,1610612743,1.0,2.0,0.5,0.0,4.0,0.0,11.0,37.0,0.297,1.0,6.0,0.167
202397,Ish Smith,30.0,DET,489,135,0.326,2018-19,0.2760736196319018,1610612765,5.0,11.0,0.455,7.0,16.0,0.438,32.0,104.0,0.308,12.0,27.0,0.444
1628397,Ivan Rabb,22.0,MEM,212,15,0.2,2018-19,0.070754716981132,1610612763,0.0,3.0,0.0,0.0,3.0,0.0,3.0,9.0,0.333,0.0,6.0,0.0
1627826,Ivica Zubac,22.0,LAC,379,0,0.0,2018-19,0.0,1610612746,0.0,0.0,0.0,0.0,0.0,0.0,0.0,0.0,0.0,0.0,0.0,0.0
200826,J.J. Barea,35.0,DAL,385,128,0.297,2018-19,0.3324675324675324,1610612742,1.0,4.0,0.25,1.0,3.0,0.333,36.0,121.0,0.298,2.0,7.0,0.286
1629122,J.P. Macura,24.0,CHA,9,4,0.0,2018-19,0.4444444444444444,1610612766,0.0,1.0,0.0,0.0,0.0,0.0,0.0,3.0,0.0,0.0,1.0,0.0
200755,JJ Redick,35.0,PHI,1027,605,0.397,2018-19,0.5890944498539435,1610612755,16.0,28.0,0.571,20.0,56.0,0.357,203.0,520.0,0.39,36.0,84.0,0.429
2747,JR Smith,33.0,CLE,79,39,0.308,2018-19,0.4936708860759494,1610612739,3.0,5.0,0.6,0.0,0.0,0.0,9.0,34.0,0.265,3.0,5.0,0.6
203960,JaKarr Sampson,26.0,CHI,54,14,0.357,2018-19,0.2592592592592592,1610612741,0.0,3.0,0.0,0.0,0.0,0.0,5.0,11.0,0.455,0.0,3.0,0.0
203210,JaMychal Green,29.0,LAC,476,176,0.403,2018-19,0.3697478991596639,1610612746,12.0,33.0,0.364,11.0,20.0,0.55,48.0,122.0,0.393,23.0,53.0,0.434
201580,JaVale McGee,31.0,LAL,641,12,0.083,2018-19,0.0187207488299532,1610612747,0.0,1.0,0.0,0.0,0.0,0.0,1.0,10.0,0.1,0.0,1.0,0.0
203953,Jabari Parker,24.0,WAS,749,195,0.313,2018-19,0.260347129506008,1610612764,14.0,29.0,0.483,8.0,24.0,0.333,38.0,140.0,0.271,22.0,53.0,0.415
1628980,Jacob Evans,22.0,GSW,53,15,0.267,2018-19,0.2830188679245283,1610612744,0.0,1.0,0.0,1.0,3.0,0.333,3.0,11.0,0.273,1.0,4.0,0.25
203109,Jae Crowder,28.0,UTA,797,522,0.331,2018-19,0.6549560853199499,1610612762,24.0,73.0,0.329,22.0,61.0,0.361,127.0,384.0,0.331,46.0,134.0,0.343
1626143,Jahlil Okafor,23.0,NOP,362,5,0.2,2018-19,0.0138121546961325,1610612740,0.0,0.0,0.0,0.0,0.0,0.0,1.0,5.0,0.2,0.0,0.0,0.0
1627774,Jake Layman,25.0,POR,424,181,0.326,2018-19,0.4268867924528302,1610612757,5.0,21.0,0.238,5.0,21.0,0.238,49.0,139.0,0.353,10.0,42.0,0.238
1627751,Jakob Poeltl,23.0,SAS,290,0,0.0,2018-19,0.0,1610612759,0.0,0.0,0.0,0.0,0.0,0.0,0.0,0.0,0.0,0.0,0.0,0.0
1628973,Jalen Brunson,22.0,DAL,565,181,0.348,2018-19,0.3203539823008849,1610612742,9.0,33.0,0.273,8.0,23.0,0.348,46.0,124.0,0.371,17.0,56.0,0.304
1627883,Jalen Jones,26.0,CLE,62,28,0.357,2018-19,0.4516129032258064,1610612739,1.0,4.0,0.25,2.0,4.0,0.5,7.0,20.0,0.35,3.0,8.0,0.375
2037,Jamal Crawford,39.0,PHX,438,202,0.332,2018-19,0.4611872146118721,1610612756,4.0,22.0,0.182,5.0,15.0,0.333,58.0,163.0,0.356,9.0,37.0,0.243
1627750,Jamal Murray,22.0,DEN,1173,414,0.367,2018-19,0.3529411764705882,1610612743,15.0,25.0,0.6,7.0,17.0,0.412,128.0,368.0,0.348,22.0,42.0,0.524
203516,James Ennis III,28.0,PHI,294,156,0.353,2018-19,0.5306122448979592,1610612755,15.0,34.0,0.441,17.0,46.0,0.37,23.0,76.0,0.303,32.0,80.0,0.4
201935,James Harden,29.0,HOU,1909,1028,0.368,2018-19,0.5385018334206391,1610612745,9.0,35.0,0.257,21.0,50.0,0.42,348.0,942.0,0.369,30.0,85.0,0.353
201949,James Johnson,32.0,MIA,379,149,0.336,2018-19,0.3931398416886543,1610612748,7.0,16.0,0.438,10.0,28.0,0.357,33.0,101.0,0.327,17.0,44.0,0.386
203263,James Nunnally,28.0,HOU,34,25,0.32,2018-19,0.7352941176470589,1610612745,3.0,8.0,0.375,1.0,4.0,0.25,4.0,13.0,0.308,4.0,12.0,0.333
201162,Jared Dudley,33.0,BKN,239,151,0.351,2018-19,0.6317991631799164,1610612751,3.0,9.0,0.333,11.0,24.0,0.458,39.0,118.0,0.331,14.0,33.0,0.424
1629123,Jared Terrell,24.0,MIN,39,17,0.235,2018-19,0.4358974358974359,1610612750,1.0,1.0,1.0,0.0,3.0,0.0,3.0,13.0,0.231,1.0,4.0,0.25
1626185,Jarell Martin,25.0,ORL,104,57,0.351,2018-19,0.5480769230769231,1610612753,3.0,14.0,0.214,6.0,15.0,0.4,11.0,28.0,0.393,9.0,29.0,0.31
1628991,Jaren Jackson Jr.,19.0,MEM,589,142,0.359,2018-19,0.2410865874363327,1610612763,4.0,17.0,0.235,3.0,18.0,0.167,44.0,107.0,0.411,7.0,35.0,0.2
1628417,Jaron Blossomgame,25.0,CLE,106,39,0.256,2018-19,0.3679245283018867,1610612739,3.0,11.0,0.273,1.0,6.0,0.167,6.0,22.0,0.273,4.0,17.0,0.235
1629020,Jarred Vanderbilt,20.0,DEN,19,1,0.0,2018-19,0.0526315789473684,1610612743,0.0,0.0,0.0,0.0,1.0,0.0,0.0,0.0,0.0,0.0,1.0,0.0
1628386,Jarrett Allen,21.0,BKN,568,45,0.133,2018-19,0.079225352112676,1610612751,4.0,24.0,0.167,2.0,17.0,0.118,0.0,3.0,0.0,6.0,41.0,0.146
201160,Jason Smith,33.0,NOP,59,26,0.346,2018-19,0.4406779661016949,1610612740,2.0,4.0,0.5,0.0,1.0,0.0,7.0,21.0,0.333,2.0,5.0,0.4
1628393,Jawun Evans,22.0,OKC,14,3,0.0,2018-19,0.2142857142857142,1610612760,0.0,0.0,0.0,0.0,0.0,0.0,0.0,3.0,0.0,0.0,0.0,0.0
1629121,Jaylen Adams,23.0,ATL,110,74,0.338,2018-19,0.6727272727272727,1610612737,0.0,2.0,0.0,2.0,12.0,0.167,23.0,59.0,0.39,2.0,14.0,0.143
1627759,Jaylen Brown,22.0,BOS,792,276,0.344,2018-19,0.3484848484848485,1610612738,12.0,26.0,0.462,14.0,51.0,0.275,69.0,199.0,0.347,26.0,77.0,0.338
1628537,Jaylen Morris,23.0,MIL,10,3,0.333,2018-19,0.3,1610612749,0.0,0.0,0.0,0.0,0.0,0.0,1.0,3.0,0.333,0.0,0.0,0.0
1628369,Jayson Tatum,21.0,BOS,1036,311,0.373,2018-19,0.3001930501930502,1610612738,18.0,41.0,0.439,14.0,48.0,0.292,84.0,222.0,0.378,32.0,89.0,0.36
201145,Jeff Green,32.0,WAS,687,320,0.347,2018-19,0.4657933042212518,1610612764,13.0,42.0,0.31,24.0,53.0,0.453,74.0,221.0,0.335,37.0,95.0,0.389
201952,Jeff Teague,31.0,MIN,416,105,0.333,2018-19,0.2524038461538461,1610612750,1.0,5.0,0.2,0.0,0.0,0.0,34.0,101.0,0.337,1.0,5.0,0.2
1629203,Jemerrio Jones,24.0,LAL,33,10,0.2,2018-19,0.303030303030303,1610612747,0.0,0.0,0.0,0.0,0.0,0.0,2.0,10.0,0.2,0.0,0.0,0.0
203924,Jerami Grant,25.0,OKC,823,293,0.392,2018-19,0.3560145808019441,1610612760,19.0,50.0,0.38,43.0,106.0,0.406,53.0,135.0,0.393,62.0,156.0,0.397
203087,Jeremy Lamb,27.0,CHA,979,330,0.348,2018-19,0.3370786516853932,1610612766,18.0,32.0,0.563,10.0,20.0,0.5,86.0,277.0,0.31,28.0,52.0,0.538
202391,Jeremy Lin,30.0,TOR,541,187,0.294,2018-19,0.3456561922365989,1610612761,6.0,17.0,0.353,5.0,13.0,0.385,44.0,157.0,0.28,11.0,30.0,0.367
1626170,Jerian Grant,26.0,ORL,220,110,0.364,2018-19,0.5,1610612753,4.0,12.0,0.333,2.0,3.0,0.667,34.0,95.0,0.358,6.0,15.0,0.4
1629010,Jerome Robinson,22.0,LAC,110,57,0.316,2018-19,0.5181818181818182,1610612746,4.0,9.0,0.444,0.0,1.0,0.0,14.0,45.0,0.311,4.0,10.0,0.4
201573,Jerryd Bayless,30.0,MIN,230,98,0.296,2018-19,0.4260869565217391,1610612750,2.0,4.0,0.5,2.0,10.0,0.2,25.0,82.0,0.305,4.0,14.0,0.286
1628975,Jevon Carter,23.0,MEM,185,102,0.333,2018-19,0.5513513513513514,1610612763,3.0,13.0,0.231,8.0,20.0,0.4,23.0,67.0,0.343,11.0,33.0,0.333
202690,Jimmer Fredette,30.0,PHX,29,13,0.0,2018-19,0.4482758620689655,1610612756,0.0,0.0,0.0,0.0,3.0,0.0,0.0,9.0,0.0,0.0,3.0,0.0
202710,Jimmy Butler III,29.0,PHI,904,193,0.347,2018-19,0.2134955752212389,1610612755,6.0,17.0,0.353,10.0,30.0,0.333,51.0,145.0,0.352,16.0,47.0,0.34
201149,Joakim Noah,34.0,MEM,213,1,0.0,2018-19,0.0046948356807511,1610612763,0.0,0.0,0.0,0.0,0.0,0.0,0.0,0.0,0.0,0.0,0.0,0.0
201975,Jodie Meeks,31.0,TOR,39,18,0.444,2018-19,0.4615384615384615,1610612761,3.0,4.0,0.75,0.0,3.0,0.0,5.0,11.0,0.455,3.0,7.0,0.429
1629147,Joe Chealey,23.0,CHA,3,0,0.0,2018-19,0.0,1610612766,,,,,,,0.0,0.0,0.0,,,
203925,Joe Harris,27.0,BKN,748,386,0.474,2018-19,0.516042780748663,1610612751,11.0,21.0,0.524,21.0,41.0,0.512,151.0,324.0,0.466,32.0,62.0,0.516
204060,Joe Ingles,31.0,UTA,802,483,0.391,2018-19,0.6022443890274314,1610612762,31.0,57.0,0.544,33.0,83.0,0.398,125.0,343.0,0.364,64.0,140.0,0.457
203954,Joel Embiid,25.0,PHI,1199,263,0.3,2018-19,0.2193494578815679,1610612755,4.0,7.0,0.571,0.0,3.0,0.0,75.0,251.0,0.299,4.0,10.0,0.4
1628381,John Collins,21.0,ATL,831,158,0.348,2018-19,0.1901323706377858,1610612737,15.0,27.0,0.556,11.0,26.0,0.423,29.0,103.0,0.282,26.0,53.0,0.491
203089,John Henson,28.0,CLE,67,31,0.355,2018-19,0.4626865671641791,1610612739,3.0,7.0,0.429,1.0,3.0,0.333,7.0,21.0,0.333,4.0,10.0,0.4
203098,John Jenkins,28.0,NYK,105,58,0.379,2018-19,0.5523809523809524,1610612752,1.0,7.0,0.143,4.0,9.0,0.444,17.0,42.0,0.405,5.0,16.0,0.313
202322,John Wall,28.0,WAS,552,169,0.302,2018-19,0.3061594202898551,1610612764,2.0,7.0,0.286,5.0,11.0,0.455,44.0,151.0,0.291,7.0,18.0,0.389
1628405,Johnathan Motley,24.0,LAC,73,3,0.0,2018-19,0.0410958904109589,1610612746,0.0,1.0,0.0,0.0,0.0,0.0,0.0,2.0,0.0,0.0,1.0,0.0
1629140,Johnathan Williams,24.0,LAL,110,2,0.0,2018-19,0.0181818181818181,1610612747,0.0,0.0,0.0,0.0,1.0,0.0,0.0,0.0,0.0,0.0,1.0,0.0
202720,Jon Leuer,30.0,DET,113,11,0.091,2018-19,0.0973451327433628,1610612765,0.0,4.0,0.0,0.0,1.0,0.0,1.0,6.0,0.167,0.0,5.0,0.0
1628413,Jonah Bolden,23.0,PHI,162,96,0.354,2018-19,0.5925925925925926,1610612755,2.0,10.0,0.2,6.0,13.0,0.462,26.0,72.0,0.361,8.0,23.0,0.348
201973,Jonas Jerebko,32.0,GSW,355,188,0.367,2018-19,0.5295774647887324,1610612744,8.0,28.0,0.286,12.0,24.0,0.5,48.0,134.0,0.358,20.0,52.0,0.385
202685,Jonas Valančiūnas,27.0,MEM,538,48,0.292,2018-19,0.0892193308550185,1610612763,1.0,1.0,1.0,1.0,2.0,0.5,12.0,45.0,0.267,2.0,3.0,0.667
1628371,Jonathan Isaac,21.0,ORL,611,266,0.323,2018-19,0.4353518821603928,1610612753,19.0,61.0,0.311,16.0,42.0,0.381,50.0,161.0,0.311,35.0,103.0,0.34
203613,Jonathon Simmons,29.0,PHI,350,104,0.269,2018-19,0.2971428571428571,1610612755,7.0,17.0,0.412,2.0,9.0,0.222,19.0,76.0,0.25,9.0,26.0,0.346
1628395,Jordan Bell,24.0,GSW,192,2,0.0,2018-19,0.0104166666666666,1610612744,0.0,0.0,0.0,0.0,0.0,0.0,0.0,1.0,0.0,0.0,0.0,0.0
203903,Jordan Clarkson,27.0,CLE,1180,445,0.324,2018-19,0.3771186440677966,1610612739,23.0,56.0,0.411,11.0,39.0,0.282,110.0,349.0,0.315,34.0,95.0,0.358
1628070,Jordan Loyd,25.0,TOR,18,8,0.5,2018-19,0.4444444444444444,1610612761,0.0,0.0,0.0,0.0,0.0,0.0,4.0,8.0,0.5,0.0,0.0,0.0
203895,Jordan McRae,28.0,WAS,130,35,0.286,2018-19,0.2692307692307692,1610612764,2.0,7.0,0.286,0.0,0.0,0.0,8.0,27.0,0.296,2.0,7.0,0.286
1626296,Jordan Sibert,26.0,ATL,1,1,1.0,2018-19,1.0,1610612737,0.0,0.0,0.0,0.0,0.0,0.0,1.0,1.0,1.0,0.0,0.0,0.0
101181,Jose Calderon,37.0,DET,120,57,0.246,2018-19,0.475,1610612765,2.0,4.0,0.5,1.0,5.0,0.2,11.0,47.0,0.234,3.0,9.0,0.333
1628404,Josh Hart,24.0,LAL,464,274,0.336,2018-19,0.5905172413793104,1610612747,13.0,36.0,0.361,13.0,34.0,0.382,66.0,204.0,0.324,26.0,70.0,0.371
1628367,Josh Jackson,22.0,PHX,841,225,0.324,2018-19,0.267538644470868,1610612756,8.0,39.0,0.205,10.0,31.0,0.323,55.0,153.0,0.359,18.0,70.0,0.257
1629006,Josh Okogie,20.0,MIN,508,215,0.279,2018-19,0.4232283464566929,1610612750,11.0,30.0,0.367,12.0,47.0,0.255,37.0,137.0,0.27,23.0,77.0,0.299
1626196,Josh Richardson,25.0,MIA,1026,460,0.357,2018-19,0.4483430799220272,1610612748,22.0,49.0,0.449,8.0,30.0,0.267,134.0,379.0,0.354,30.0,79.0,0.38
201950,Jrue Holiday,29.0,NOP,1159,363,0.325,2018-19,0.3132010353753235,1610612740,11.0,23.0,0.478,5.0,18.0,0.278,100.0,318.0,0.314,16.0,41.0,0.39
1627823,Juancho Hernangomez,23.0,DEN,314,181,0.365,2018-19,0.5764331210191083,1610612743,10.0,26.0,0.385,8.0,31.0,0.258,48.0,124.0,0.387,18.0,57.0,0.316
1627395,Julian Washburn,27.0,MEM,48,24,0.208,2018-19,0.5,1610612763,1.0,3.0,0.333,2.0,8.0,0.25,2.0,12.0,0.167,3.0,11.0,0.273
203944,Julius Randle,24.0,NOP,1089,195,0.344,2018-19,0.1790633608815427,1610612740,8.0,22.0,0.364,4.0,13.0,0.308,55.0,160.0,0.344,12.0,35.0,0.343
1626147,Justin Anderson,25.0,ATL,157,77,0.312,2018-19,0.4904458598726114,1610612737,3.0,13.0,0.231,3.0,7.0,0.429,18.0,56.0,0.321,6.0,20.0,0.3
203200,Justin Holiday,30.0,MEM,777,465,0.348,2018-19,0.5984555984555985,1610612763,34.0,84.0,0.405,34.0,80.0,0.425,94.0,298.0,0.315,68.0,164.0,0.415
1628382,Justin Jackson,24.0,DAL,485,245,0.355,2018-19,0.5051546391752577,1610612742,18.0,43.0,0.419,17.0,47.0,0.362,52.0,153.0,0.34,35.0,90.0,0.389
1628383,Justin Patton,22.0,PHI,7,2,0.0,2018-19,0.2857142857142857,1610612755,0.0,0.0,0.0,0.0,0.0,0.0,0.0,2.0,0.0,0.0,0.0,0.0
1626159,Justise Winslow,23.0,MIA,749,256,0.375,2018-19,0.3417890520694259,1610612748,25.0,55.0,0.455,10.0,37.0,0.27,61.0,163.0,0.374,35.0,92.0,0.38
203994,Jusuf Nurkić,24.0,POR,826,29,0.103,2018-19,0.0351089588377723,1610612757,0.0,1.0,0.0,0.0,1.0,0.0,3.0,27.0,0.111,0.0,2.0,0.0
1628443,Kadeem Allen,26.0,NYK,141,36,0.472,2018-19,0.2553191489361702,1610612752,1.0,1.0,1.0,1.0,5.0,0.2,15.0,30.0,0.5,2.0,6.0,0.333
203564,Kalin Lucas,30.0,DET,1,1,0.0,2018-19,1.0,1610612765,,,,,,,0.0,1.0,0.0,,,
1626157,Karl-Anthony Towns,23.0,MIN,1314,355,0.4,2018-19,0.2701674277016743,1610612750,11.0,27.0,0.407,7.0,15.0,0.467,123.0,311.0,0.395,18.0,42.0,0.429
202695,Kawhi Leonard,28.0,TOR,1129,302,0.371,2018-19,0.2674933569530558,1610612761,12.0,26.0,0.462,9.0,27.0,0.333,91.0,249.0,0.365,21.0,53.0,0.396
1628966,Keita Bates-Diop,23.0,MIN,142,52,0.25,2018-19,0.3661971830985915,1610612750,1.0,9.0,0.111,3.0,11.0,0.273,9.0,31.0,0.29,4.0,20.0,0.2
203482,Kelly Olynyk,28.0,MIA,564,319,0.354,2018-19,0.5656028368794326,1610612748,15.0,38.0,0.395,14.0,38.0,0.368,84.0,242.0,0.347,29.0,76.0,0.382
1626162,Kelly Oubre Jr.,23.0,PHX,842,338,0.32,2018-19,0.4014251781472684,1610612756,8.0,32.0,0.25,17.0,48.0,0.354,83.0,257.0,0.323,25.0,80.0,0.313
202689,Kemba Walker,29.0,CHA,1684,731,0.356,2018-19,0.4340855106888361,1610612766,4.0,19.0,0.211,12.0,22.0,0.545,243.0,680.0,0.357,16.0,41.0,0.39
202702,Kenneth Faried,29.0,HOU,265,25,0.32,2018-19,0.0943396226415094,1610612745,3.0,6.0,0.5,0.0,3.0,0.0,5.0,15.0,0.333,3.0,9.0,0.333
1629026,Kenrich Williams,24.0,NOP,279,156,0.333,2018-19,0.5591397849462365,1610612740,6.0,18.0,0.333,6.0,24.0,0.25,40.0,111.0,0.36,12.0,42.0,0.286
203145,Kent Bazemore,29.0,ATL,691,300,0.32,2018-19,0.4341534008683068,1610612737,20.0,62.0,0.323,17.0,50.0,0.34,59.0,184.0,0.321,37.0,112.0,0.33
203484,Kentavious Caldwell-Pope,26.0,LAL,756,435,0.347,2018-19,0.5753968253968254,1610612747,29.0,65.0,0.446,20.0,54.0,0.37,102.0,314.0,0.325,49.0,119.0,0.412
201142,Kevin Durant,30.0,GSW,1383,388,0.353,2018-19,0.2805495300072306,1610612744,3.0,13.0,0.231,4.0,18.0,0.222,130.0,357.0,0.364,7.0,31.0,0.226
1628989,Kevin Huerter,20.0,ATL,657,353,0.385,2018-19,0.5372907153729072,1610612737,15.0,33.0,0.455,19.0,45.0,0.422,101.0,272.0,0.371,34.0,78.0,0.436
1628995,Kevin Knox II,19.0,NYK,914,364,0.343,2018-19,0.3982494529540481,1610612752,10.0,32.0,0.313,20.0,48.0,0.417,94.0,282.0,0.333,30.0,80.0,0.375
201567,Kevin Love,30.0,CLE,283,147,0.361,2018-19,0.519434628975265,1610612739,8.0,19.0,0.421,6.0,13.0,0.462,39.0,115.0,0.339,14.0,32.0,0.438
1626172,Kevon Looney,23.0,GSW,347,10,0.1,2018-19,0.0288184438040345,1610612744,0.0,2.0,0.0,0.0,2.0,0.0,1.0,5.0,0.2,0.0,4.0,0.0
203920,Khem Birch,26.0,ORL,151,1,0.0,2018-19,0.0066225165562913,1610612753,0.0,0.0,0.0,0.0,0.0,0.0,0.0,1.0,0.0,0.0,0.0,0.0
203114,Khris Middleton,27.0,MIL,1148,474,0.378,2018-19,0.4128919860627177,1610612749,9.0,33.0,0.273,11.0,28.0,0.393,159.0,413.0,0.385,20.0,61.0,0.328
1629017,Khyri Thomas,23.0,DET,69,35,0.286,2018-19,0.5072463768115942,1610612765,3.0,9.0,0.333,3.0,8.0,0.375,4.0,18.0,0.222,6.0,17.0,0.353
202691,Klay Thompson,29.0,GSW,1402,599,0.402,2018-19,0.427246790299572,1610612744,27.0,70.0,0.386,34.0,65.0,0.523,180.0,464.0,0.388,61.0,135.0,0.452
201585,Kosta Koufos,30.0,SAC,153,0,0.0,2018-19,0.0,1610612758,0.0,0.0,0.0,0.0,0.0,0.0,0.0,0.0,0.0,0.0,0.0,0.0
1628961,Kostas Antetokounmpo,21.0,DAL,3,0,0.0,2018-19,0.0,1610612742,,,,0.0,0.0,0.0,0.0,0.0,0.0,0.0,0.0,0.0
1627739,Kris Dunn,25.0,CHI,506,96,0.354,2018-19,0.1897233201581027,1610612741,3.0,8.0,0.375,4.0,11.0,0.364,27.0,77.0,0.351,7.0,19.0,0.368
203937,Kyle Anderson,25.0,MEM,276,34,0.265,2018-19,0.1231884057971014,1610612763,5.0,14.0,0.357,3.0,7.0,0.429,1.0,13.0,0.077,8.0,21.0,0.381
2594,Kyle Korver,38.0,UTA,483,348,0.397,2018-19,0.7204968944099379,1610612762,26.0,50.0,0.52,18.0,43.0,0.419,94.0,258.0,0.364,44.0,93.0,0.473
1628398,Kyle Kuzma,23.0,LAL,1087,422,0.303,2018-19,0.3882244710211591,1610612747,17.0,49.0,0.347,13.0,42.0,0.31,98.0,328.0,0.299,30.0,91.0,0.33
200768,Kyle Lowry,33.0,TOR,739,453,0.347,2018-19,0.6129905277401895,1610612761,17.0,39.0,0.436,6.0,16.0,0.375,134.0,394.0,0.34,23.0,55.0,0.418
203124,Kyle O'Quinn,29.0,IND,136,12,0.083,2018-19,0.088235294117647,1610612754,0.0,1.0,0.0,0.0,1.0,0.0,1.0,10.0,0.1,0.0,2.0,0.0
202681,Kyrie Irving,27.0,BOS,1241,434,0.401,2018-19,0.3497179693795326,1610612738,13.0,31.0,0.419,10.0,26.0,0.385,151.0,375.0,0.403,23.0,57.0,0.404
200746,LaMarcus Aldridge,33.0,SAS,1319,42,0.238,2018-19,0.0318423047763457,1610612759,1.0,2.0,0.5,0.0,2.0,0.0,9.0,38.0,0.237,1.0,4.0,0.25
202362,Lance Stephenson,28.0,LAL,432,197,0.371,2018-19,0.4560185185185185,1610612747,7.0,20.0,0.35,20.0,37.0,0.541,46.0,136.0,0.338,27.0,57.0,0.474
202498,Lance Thomas,31.0,NYK,197,79,0.278,2018-19,0.4010152284263959,1610612752,8.0,27.0,0.296,5.0,19.0,0.263,9.0,33.0,0.273,13.0,46.0,0.283
1629013,Landry Shamet,22.0,LAC,557,396,0.422,2018-19,0.7109515260323159,1610612746,22.0,44.0,0.5,17.0,39.0,0.436,128.0,313.0,0.409,39.0,83.0,0.47
204038,Langston Galloway,27.0,DET,587,380,0.355,2018-19,0.6473594548551959,1610612765,27.0,74.0,0.365,33.0,76.0,0.434,75.0,230.0,0.326,60.0,150.0,0.4
1626204,Larry Nance Jr.,26.0,CLE,479,98,0.337,2018-19,0.2045929018789144,1610612739,3.0,11.0,0.273,2.0,7.0,0.286,28.0,79.0,0.354,5.0,18.0,0.278
1628374,Lauri Markkanen,22.0,CHI,795,332,0.361,2018-19,0.4176100628930818,1610612741,7.0,19.0,0.368,7.0,19.0,0.368,106.0,291.0,0.364,14.0,38.0,0.368
2544,LeBron James,34.0,LAL,1095,327,0.339,2018-19,0.2986301369863013,1610612747,4.0,15.0,0.267,5.0,12.0,0.417,102.0,301.0,0.339,9.0,27.0,0.333
1629022,Lonnie Walker IV,20.0,SAS,46,13,0.385,2018-19,0.2826086956521739,1610612759,0.0,0.0,0.0,1.0,1.0,1.0,4.0,12.0,0.333,1.0,1.0,1.0
1628366,Lonzo Ball,21.0,LAL,456,228,0.329,2018-19,0.5,1610612747,4.0,20.0,0.2,5.0,22.0,0.227,66.0,184.0,0.359,9.0,42.0,0.214
203485,Lorenzo Brown,28.0,TOR,71,28,0.214,2018-19,0.3943661971830985,1610612761,2.0,6.0,0.333,1.0,3.0,0.333,3.0,17.0,0.176,3.0,9.0,0.333
101150,Lou Williams,32.0,LAC,1138,291,0.361,2018-19,0.2557117750439367,1610612746,8.0,22.0,0.364,7.0,13.0,0.538,90.0,256.0,0.352,15.0,35.0,0.429
201601,Luc Mbah a Moute,32.0,LAC,18,6,0.333,2018-19,0.3333333333333333,1610612746,0.0,0.0,0.0,0.0,3.0,0.0,2.0,3.0,0.667,0.0,3.0,0.0
1629029,Luka Dončić,20.0,DAL,1186,514,0.327,2018-19,0.433389544688027,1610612742,10.0,20.0,0.5,7.0,13.0,0.538,150.0,466.0,0.322,17.0,33.0,0.515
1628379,Luke Kennard,23.0,DET,520,269,0.394,2018-19,0.5173076923076924,1610612765,12.0,25.0,0.48,12.0,28.0,0.429,82.0,214.0,0.383,24.0,53.0,0.453
1628436,Luke Kornet,23.0,NYK,283,193,0.363,2018-19,0.6819787985865724,1610612752,7.0,14.0,0.5,6.0,13.0,0.462,57.0,165.0,0.345,13.0,27.0,0.481
2736,Luol Deng,34.0,MIN,118,44,0.318,2018-19,0.3728813559322034,1610612750,2.0,9.0,0.222,7.0,11.0,0.636,5.0,23.0,0.217,9.0,20.0,0.45
1627781,Malachi Richardson,23.0,TOR,29,25,0.32,2018-19,0.8620689655172413,1610612761,4.0,10.0,0.4,0.0,2.0,0.0,4.0,13.0,0.308,4.0,12.0,0.333
1627763,Malcolm Brogdon,26.0,MIL,748,244,0.426,2018-19,0.3262032085561497,1610612749,10.0,24.0,0.417,14.0,24.0,0.583,80.0,196.0,0.408,24.0,48.0,0.5
1626259,Malcolm Miller,26.0,TOR,26,21,0.476,2018-19,0.8076923076923077,1610612761,3.0,5.0,0.6,2.0,3.0,0.667,5.0,13.0,0.385,5.0,8.0,0.625
1627736,Malik Beasley,22.0,DEN,737,405,0.402,2018-19,0.5495251017639078,1610612743,21.0,55.0,0.382,16.0,28.0,0.571,124.0,316.0,0.392,37.0,83.0,0.446
1628370,Malik Monk,21.0,CHA,586,330,0.33,2018-19,0.5631399317406144,1610612766,7.0,34.0,0.206,14.0,37.0,0.378,88.0,253.0,0.348,21.0,71.0,0.296
202705,MarShon Brooks,30.0,MEM,169,54,0.278,2018-19,0.3195266272189349,1610612763,1.0,4.0,0.25,1.0,2.0,0.5,13.0,48.0,0.271,2.0,6.0,0.333
201188,Marc Gasol,34.0,TOR,870,273,0.363,2018-19,0.3137931034482759,1610612761,2.0,4.0,0.5,0.0,3.0,0.0,97.0,267.0,0.363,2.0,7.0,0.286
101162,Marcin Gortat,35.0,LAC,186,0,0.0,2018-19,0.0,1610612746,0.0,0.0,0.0,0.0,0.0,0.0,0.0,0.0,0.0,0.0,0.0,0.0
201158,Marco Belinelli,33.0,SAS,690,395,0.372,2018-19,0.572463768115942,1610612759,14.0,34.0,0.412,14.0,37.0,0.378,119.0,320.0,0.372,28.0,71.0,0.394
1629094,Marcus Derrickson,23.0,GSW,33,20,0.5,2018-19,0.6060606060606061,1610612744,1.0,1.0,1.0,1.0,4.0,0.25,8.0,15.0,0.533,2.0,5.0,0.4
202694,Marcus Morris Sr.,29.0,BOS,844,389,0.375,2018-19,0.4609004739336493,1610612738,10.0,38.0,0.263,5.0,29.0,0.172,131.0,318.0,0.412,15.0,67.0,0.224
203935,Marcus Smart,25.0,BOS,567,346,0.364,2018-19,0.6102292768959435,1610612738,19.0,46.0,0.413,16.0,47.0,0.34,91.0,253.0,0.36,35.0,93.0,0.376
1626209,Mario Hezonja,24.0,NYK,464,152,0.276,2018-19,0.3275862068965517,1610612752,2.0,17.0,0.118,1.0,10.0,0.1,39.0,125.0,0.312,3.0,27.0,0.111
1628365,Markelle Fultz,21.0,ORL,155,14,0.286,2018-19,0.0903225806451612,1610612753,1.0,4.0,0.25,1.0,2.0,0.5,2.0,6.0,0.333,2.0,6.0,0.333
202693,Markieff Morris,29.0,OKC,484,203,0.335,2018-19,0.4194214876033058,1610612760,8.0,26.0,0.308,8.0,29.0,0.276,52.0,147.0,0.354,16.0,55.0,0.291
1627737,Marquese Chriss,21.0,CLE,180,72,0.222,2018-19,0.4,1610612739,6.0,14.0,0.429,1.0,12.0,0.083,9.0,46.0,0.196,7.0,26.0,0.269
1628963,Marvin Bagley III,20.0,SAC,706,96,0.313,2018-19,0.1359773371104816,1610612758,1.0,9.0,0.111,3.0,12.0,0.25,26.0,74.0,0.351,4.0,21.0,0.19
101107,Marvin Williams,33.0,CHA,652,382,0.366,2018-19,0.5858895705521472,1610612766,36.0,86.0,0.419,16.0,41.0,0.39,88.0,254.0,0.346,52.0,127.0,0.409
203486,Mason Plumlee,29.0,DEN,442,10,0.2,2018-19,0.0226244343891402,1610612743,0.0,0.0,0.0,0.0,1.0,0.0,2.0,6.0,0.333,0.0,1.0,0.0
203521,Matthew Dellavedova,28.0,CLE,242,130,0.338,2018-19,0.5371900826446281,1610612739,1.0,5.0,0.2,0.0,3.0,0.0,43.0,118.0,0.364,1.0,8.0,0.125
203090,Maurice Harkless,26.0,POR,388,120,0.275,2018-19,0.3092783505154639,1610612757,6.0,21.0,0.286,6.0,19.0,0.316,21.0,77.0,0.273,12.0,40.0,0.3
1628467,Maxi Kleber,27.0,DAL,386,218,0.353,2018-19,0.5647668393782384,1610612742,16.0,38.0,0.421,6.0,33.0,0.182,55.0,147.0,0.374,22.0,71.0,0.31
1628982,Melvin Frazier Jr.,22.0,ORL,21,6,0.0,2018-19,0.2857142857142857,1610612753,0.0,2.0,0.0,0.0,1.0,0.0,0.0,3.0,0.0,0.0,3.0,0.0
203086,Meyers Leonard,27.0,POR,242,111,0.45,2018-19,0.4586776859504132,1610612757,5.0,9.0,0.556,2.0,6.0,0.333,43.0,95.0,0.453,7.0,15.0,0.467
201563,Michael Beasley,30.0,LAL,153,17,0.176,2018-19,0.1111111111111111,1610612747,1.0,2.0,0.5,1.0,6.0,0.167,1.0,9.0,0.111,2.0,8.0,0.25
203487,Michael Carter-Williams,27.0,ORL,123,38,0.263,2018-19,0.3089430894308943,1610612753,3.0,5.0,0.6,2.0,8.0,0.25,5.0,25.0,0.2,5.0,13.0,0.385
203077,Michael Kidd-Gilchrist,25.0,CHA,332,47,0.34,2018-19,0.1415662650602409,1610612766,5.0,12.0,0.417,8.0,17.0,0.471,3.0,14.0,0.214,13.0,29.0,0.448
1628969,Mikal Bridges,22.0,PHX,563,313,0.335,2018-19,0.5559502664298401,1610612756,23.0,58.0,0.397,21.0,81.0,0.259,61.0,171.0,0.357,44.0,139.0,0.317
201144,Mike Conley,31.0,MEM,1120,426,0.364,2018-19,0.3803571428571428,1610612763,11.0,25.0,0.44,14.0,30.0,0.467,130.0,369.0,0.352,25.0,55.0,0.455
203488,Mike Muscala,27.0,LAL,361,256,0.348,2018-19,0.7091412742382271,1610612747,11.0,26.0,0.423,5.0,28.0,0.179,73.0,201.0,0.363,16.0,54.0,0.296
203118,Mike Scott,30.0,PHI,420,252,0.401,2018-19,0.6,1610612755,17.0,36.0,0.472,13.0,33.0,0.394,70.0,179.0,0.391,30.0,69.0,0.435
1628970,Miles Bridges,21.0,CHA,511,200,0.325,2018-19,0.3913894324853229,1610612766,13.0,35.0,0.371,17.0,43.0,0.395,35.0,113.0,0.31,30.0,78.0,0.385
203101,Miles Plumlee,30.0,ATL,48,0,0.0,2018-19,0.0,1610612737,0.0,0.0,0.0,0.0,0.0,0.0,0.0,0.0,0.0,0.0,0.0,0.0
1628462,Milos Teodosic,32.0,LAC,40,27,0.37,2018-19,0.675,1610612746,1.0,2.0,0.5,1.0,2.0,0.5,8.0,22.0,0.364,2.0,4.0,0.5
1628249,Mitchell Creek,27.0,MIN,16,2,0.0,2018-19,0.125,1610612750,0.0,1.0,0.0,0.0,0.0,0.0,0.0,1.0,0.0,0.0,1.0,0.0
1629011,Mitchell Robinson,21.0,NYK,291,0,0.0,2018-19,0.0,1610612752,0.0,0.0,0.0,0.0,0.0,0.0,0.0,0.0,0.0,0.0,0.0,0.0
1628964,Mo Bamba,21.0,ORL,243,70,0.3,2018-19,0.2880658436213992,1610612753,5.0,12.0,0.417,1.0,7.0,0.143,15.0,50.0,0.3,6.0,19.0,0.316
1628420,Monte Morris,24.0,DEN,702,227,0.414,2018-19,0.3233618233618233,1610612743,15.0,40.0,0.375,14.0,28.0,0.5,63.0,156.0,0.404,29.0,68.0,0.426
1626149,Montrezl Harrell,25.0,LAC,888,17,0.176,2018-19,0.0191441441441441,1610612746,0.0,1.0,0.0,0.0,0.0,0.0,3.0,13.0,0.231,0.0,1.0,0.0
1629021,Moritz Wagner,22.0,LAL,171,77,0.286,2018-19,0.4502923976608187,1610612747,0.0,3.0,0.0,0.0,1.0,0.0,22.0,73.0,0.301,0.0,4.0,0.0
1626167,Myles Turner,23.0,IND,780,196,0.388,2018-19,0.2512820512820513,1610612754,6.0,9.0,0.667,4.0,7.0,0.571,66.0,179.0,0.369,10.0,16.0,0.625
1628513,Naz Mitrou-Long,25.0,UTA,20,11,0.182,2018-19,0.55,1610612762,0.0,1.0,0.0,0.0,1.0,0.0,2.0,9.0,0.222,0.0,2.0,0.0
202357,Nemanja Bjelica,31.0,SAC,593,257,0.401,2018-19,0.433389544688027,1610612758,9.0,27.0,0.333,5.0,22.0,0.227,89.0,208.0,0.428,14.0,49.0,0.286
2403,Nene,36.0,HOU,116,3,0.0,2018-19,0.0258620689655172,1610612745,0.0,0.0,0.0,0.0,0.0,0.0,0.0,3.0,0.0,0.0,0.0,0.0
203457,Nerlens Noel,25.0,OKC,276,0,0.0,2018-19,0.0,1610612760,0.0,0.0,0.0,0.0,0.0,0.0,0.0,0.0,0.0,0.0,0.0,0.0
201156,Nick Young,34.0,DEN,9,8,0.375,2018-19,0.8888888888888888,1610612743,0.0,1.0,0.0,0.0,1.0,0.0,3.0,6.0,0.5,0.0,2.0,0.0
201587,Nicolas Batum,30.0,CHA,562,298,0.389,2018-19,0.5302491103202847,1610612766,19.0,53.0,0.358,24.0,44.0,0.545,73.0,199.0,0.367,43.0,97.0,0.443
203917,Nik Stauskas,25.0,CLE,338,188,0.372,2018-19,0.5562130177514792,1610612739,10.0,21.0,0.476,6.0,23.0,0.261,54.0,143.0,0.378,16.0,44.0,0.364
203999,Nikola Jokić,24.0,DEN,1206,270,0.307,2018-19,0.2238805970149253,1610612743,1.0,2.0,0.5,1.0,4.0,0.25,81.0,260.0,0.312,2.0,6.0,0.333
202703,Nikola Mirotic,28.0,MIL,542,318,0.365,2018-19,0.5867158671586716,1610612749,12.0,31.0,0.387,9.0,22.0,0.409,95.0,263.0,0.361,21.0,53.0,0.396
202696,Nikola Vučević,28.0,ORL,1354,231,0.364,2018-19,0.1706056129985229,1610612753,0.0,1.0,0.0,1.0,2.0,0.5,83.0,227.0,0.366,1.0,3.0,0.333
203943,Noah Vonleh,23.0,NYK,440,137,0.336,2018-19,0.3113636363636363,1610612752,2.0,6.0,0.333,5.0,12.0,0.417,39.0,119.0,0.328,7.0,18.0,0.389
1626181,Norman Powell,26.0,TOR,400,170,0.4,2018-19,0.425,1610612761,15.0,34.0,0.441,11.0,21.0,0.524,41.0,111.0,0.369,26.0,55.0,0.473
1628384,OG Anunoby,21.0,TOR,404,202,0.332,2018-19,0.5,1610612761,15.0,49.0,0.306,13.0,51.0,0.255,39.0,102.0,0.382,28.0,100.0,0.28
1627855,Okaro White,26.0,WAS,2,2,0.0,2018-19,1.0,1610612764,0.0,0.0,0.0,0.0,1.0,0.0,0.0,1.0,0.0,0.0,1.0,0.0
1629016,Omari Spellman,21.0,ATL,244,128,0.344,2018-19,0.5245901639344263,1610612737,7.0,21.0,0.333,13.0,26.0,0.5,24.0,81.0,0.296,20.0,47.0,0.426
201956,Omri Casspi,31.0,MEM,161,43,0.349,2018-19,0.2670807453416149,1610612763,2.0,3.0,0.667,0.0,4.0,0.0,13.0,36.0,0.361,2.0,7.0,0.286
203490,Otto Porter Jr.,26.0,CHI,643,256,0.406,2018-19,0.3981337480559875,1610612741,16.0,39.0,0.41,16.0,35.0,0.457,72.0,182.0,0.396,32.0,74.0,0.432
200782,P.J. Tucker,34.0,HOU,523,387,0.377,2018-19,0.739961759082218,1610612745,39.0,115.0,0.339,70.0,162.0,0.432,37.0,106.0,0.349,109.0,277.0,0.394
1628408,PJ Dozier,22.0,BOS,21,8,0.25,2018-19,0.3809523809523809,1610612738,0.0,0.0,0.0,1.0,2.0,0.5,1.0,6.0,0.167,1.0,2.0,0.5
1627783,Pascal Siakam,25.0,TOR,945,214,0.369,2018-19,0.2264550264550264,1610612761,35.0,80.0,0.438,27.0,69.0,0.391,17.0,63.0,0.27,62.0,149.0,0.416
1626192,Pat Connaughton,26.0,MIL,350,200,0.33,2018-19,0.5714285714285714,1610612749,7.0,21.0,0.333,5.0,16.0,0.313,54.0,163.0,0.331,12.0,37.0,0.324
201976,Patrick Beverley,30.0,LAC,477,282,0.397,2018-19,0.5911949685534591,1610612746,11.0,27.0,0.407,19.0,33.0,0.576,82.0,221.0,0.371,30.0,60.0,0.5
1627775,Patrick McCaw,23.0,TOR,63,28,0.321,2018-19,0.4444444444444444,1610612761,6.0,9.0,0.667,1.0,3.0,0.333,2.0,15.0,0.133,7.0,12.0,0.583
202335,Patrick Patterson,30.0,OKC,219,137,0.336,2018-19,0.6255707762557078,1610612760,7.0,17.0,0.412,8.0,30.0,0.267,30.0,89.0,0.337,15.0,47.0,0.319
201988,Patty Mills,30.0,SAS,663,404,0.394,2018-19,0.6093514328808446,1610612759,22.0,45.0,0.489,21.0,46.0,0.457,116.0,311.0,0.373,43.0,91.0,0.473
2200,Pau Gasol,38.0,MIL,94,13,0.462,2018-19,0.1382978723404255,1610612749,0.0,2.0,0.0,0.0,1.0,0.0,6.0,10.0,0.6,0.0,3.0,0.0
202331,Paul George,29.0,OKC,1614,757,0.386,2018-19,0.4690210656753407,1610612760,19.0,47.0,0.404,29.0,65.0,0.446,242.0,637.0,0.38,48.0,112.0,0.429
200794,Paul Millsap,34.0,DEN,665,159,0.365,2018-19,0.2390977443609022,1610612743,4.0,15.0,0.267,11.0,20.0,0.55,42.0,123.0,0.341,15.0,35.0,0.429
203112,Quincy Acy,28.0,PHX,18,15,0.133,2018-19,0.8333333333333334,1610612756,0.0,2.0,0.0,1.0,3.0,0.333,1.0,10.0,0.1,1.0,5.0,0.2
202347,Quincy Pondexter,31.0,SAS,58,18,0.333,2018-19,0.3103448275862069,1610612759,2.0,5.0,0.4,1.0,4.0,0.25,3.0,9.0,0.333,3.0,9.0,0.333
1626188,Quinn Cook,26.0,GSW,439,200,0.405,2018-19,0.4555808656036446,1610612744,14.0,25.0,0.56,5.0,18.0,0.278,62.0,156.0,0.397,19.0,43.0,0.442
1626154,RJ Hunter,25.0,BOS,13,10,0.4,2018-19,0.7692307692307693,1610612738,0.0,0.0,0.0,0.0,0.0,0.0,4.0,10.0,0.4,0.0,0.0,0.0
200765,Rajon Rondo,33.0,LAL,432,142,0.359,2018-19,0.3287037037037037,1610612747,1.0,10.0,0.1,5.0,14.0,0.357,45.0,117.0,0.385,6.0,24.0,0.25
203526,Raul Neto,27.0,UTA,161,60,0.333,2018-19,0.3726708074534161,1610612762,3.0,9.0,0.333,5.0,14.0,0.357,12.0,37.0,0.324,8.0,23.0,0.348
1628959,Rawle Alkins,21.0,CHI,39,12,0.25,2018-19,0.3076923076923077,1610612741,1.0,2.0,0.5,1.0,2.0,0.5,1.0,8.0,0.125,2.0,4.0,0.5
1629034,Ray Spalding,22.0,PHX,47,3,0.0,2018-19,0.0638297872340425,1610612756,0.0,0.0,0.0,0.0,1.0,0.0,0.0,2.0,0.0,0.0,1.0,0.0
101109,Raymond Felton,35.0,OKC,135,61,0.328,2018-19,0.4518518518518518,1610612760,1.0,5.0,0.2,3.0,6.0,0.5,16.0,49.0,0.327,4.0,11.0,0.364
203493,Reggie Bullock Jr.,28.0,LAL,594,393,0.377,2018-19,0.6616161616161617,1610612747,28.0,66.0,0.424,15.0,39.0,0.385,105.0,288.0,0.365,43.0,105.0,0.41
202704,Reggie Jackson,29.0,DET,1047,471,0.369,2018-19,0.4498567335243553,1610612765,21.0,46.0,0.457,13.0,38.0,0.342,140.0,382.0,0.366,34.0,84.0,0.405
1626158,Richaun Holmes,25.0,PHX,365,0,0.0,2018-19,0.0,1610612756,0.0,0.0,0.0,0.0,0.0,0.0,0.0,0.0,0.0,0.0,0.0,0.0
201937,Ricky Rubio,28.0,UTA,730,254,0.311,2018-19,0.347945205479452,1610612762,20.0,53.0,0.377,8.0,24.0,0.333,51.0,175.0,0.291,28.0,77.0,0.364
203496,Robert Covington,28.0,MIN,362,225,0.378,2018-19,0.6215469613259669,1610612750,4.0,13.0,0.308,9.0,17.0,0.529,71.0,194.0,0.366,13.0,30.0,0.433
1629057,Robert Williams III,21.0,BOS,51,0,0.0,2018-19,0.0,1610612738,0.0,0.0,0.0,0.0,0.0,0.0,0.0,0.0,0.0,0.0,0.0,0.0
201577,Robin Lopez,31.0,CHI,535,31,0.226,2018-19,0.0579439252336448,1610612741,0.0,1.0,0.0,0.0,0.0,0.0,7.0,30.0,0.233,0.0,1.0,0.0
1629066,Rodions Kurucs,21.0,BKN,449,184,0.315,2018-19,0.4097995545657015,1610612751,10.0,25.0,0.4,6.0,19.0,0.316,41.0,135.0,0.304,16.0,44.0,0.364
203918,Rodney Hood,26.0,POR,671,236,0.356,2018-19,0.3517138599105812,1610612757,13.0,39.0,0.333,14.0,28.0,0.5,56.0,167.0,0.335,27.0,67.0,0.403
203585,Rodney McGruder,27.0,LAC,461,225,0.351,2018-19,0.4880694143167028,1610612746,14.0,40.0,0.35,16.0,45.0,0.356,49.0,139.0,0.353,30.0,85.0,0.353
1627758,Ron Baker,26.0,WAS,20,13,0.077,2018-19,0.65,1610612764,0.0,3.0,0.0,0.0,2.0,0.0,1.0,8.0,0.125,0.0,5.0,0.0
1626178,Rondae Hollis-Jefferson,24.0,BKN,487,49,0.184,2018-19,0.1006160164271047,1610612751,6.0,23.0,0.261,2.0,12.0,0.167,1.0,14.0,0.071,8.0,35.0,0.229
1626220,Royce O'Neale,26.0,UTA,343,176,0.386,2018-19,0.5131195335276968,1610612762,16.0,39.0,0.41,16.0,41.0,0.39,36.0,91.0,0.396,32.0,80.0,0.4
200752,Rudy Gay,32.0,SAS,746,184,0.402,2018-19,0.2466487935656836,1610612759,12.0,23.0,0.522,17.0,38.0,0.447,45.0,121.0,0.372,29.0,61.0,0.475
203497,Rudy Gobert,27.0,UTA,712,0,0.0,2018-19,0.0,1610612762,0.0,0.0,0.0,0.0,0.0,0.0,0.0,0.0,0.0,0.0,0.0,0.0
201566,Russell Westbrook,30.0,OKC,1473,411,0.29,2018-19,0.2790224032586558,1610612760,12.0,35.0,0.343,7.0,16.0,0.438,100.0,359.0,0.279,19.0,51.0,0.373
201583,Ryan Anderson,31.0,MIA,69,40,0.225,2018-19,0.5797101449275363,1610612748,0.0,3.0,0.0,1.0,4.0,0.25,8.0,32.0,0.25,1.0,7.0,0.143
1627853,Ryan Arcidiacono,25.0,CHI,418,217,0.373,2018-19,0.5191387559808612,1610612741,9.0,27.0,0.333,14.0,26.0,0.538,58.0,164.0,0.354,23.0,53.0,0.434
1629151,Ryan Broekhoff,28.0,DAL,126,93,0.409,2018-19,0.7380952380952381,1610612742,8.0,15.0,0.533,8.0,15.0,0.533,22.0,62.0,0.355,16.0,30.0,0.533
1626257,Salah Mejri,33.0,DAL,112,34,0.324,2018-19,0.3035714285714285,1610612742,0.0,1.0,0.0,2.0,3.0,0.667,9.0,30.0,0.3,2.0,4.0,0.5
1626155,Sam Dekker,25.0,WAS,256,62,0.306,2018-19,0.2421875,1610612764,3.0,11.0,0.273,4.0,6.0,0.667,12.0,45.0,0.267,7.0,17.0,0.412
203159,Scott Machado,29.0,LAL,6,1,1.0,2018-19,0.1666666666666666,1610612747,0.0,0.0,0.0,,,,1.0,1.0,1.0,0.0,0.0,0.0
1628400,Semi Ojeleye,24.0,BOS,158,89,0.315,2018-19,0.5632911392405063,1610612738,8.0,17.0,0.471,4.0,17.0,0.235,16.0,54.0,0.296,12.0,34.0,0.353
201586,Serge Ibaka,29.0,TOR,877,169,0.29,2018-19,0.1927023945267958,1610612761,4.0,12.0,0.333,2.0,7.0,0.286,43.0,150.0,0.287,6.0,19.0,0.316
203552,Seth Curry,28.0,POR,465,251,0.45,2018-19,0.5397849462365591,1610612757,16.0,25.0,0.64,10.0,28.0,0.357,87.0,198.0,0.439,26.0,53.0,0.491
203894,Shabazz Napier,27.0,BKN,435,228,0.333,2018-19,0.5241379310344828,1610612751,9.0,19.0,0.474,1.0,10.0,0.1,65.0,196.0,0.332,10.0,29.0,0.345
1628983,Shai Gilgeous-Alexander,20.0,LAC,716,139,0.367,2018-19,0.1941340782122905,1610612746,12.0,32.0,0.375,14.0,34.0,0.412,25.0,71.0,0.352,26.0,66.0,0.394
1629003,Shake Milton,22.0,PHI,87,44,0.318,2018-19,0.5057471264367817,1610612755,4.0,9.0,0.444,1.0,6.0,0.167,9.0,29.0,0.31,5.0,15.0,0.333
1627885,Shaquille Harrison,25.0,CHI,426,89,0.27,2018-19,0.2089201877934272,1610612741,6.0,20.0,0.3,3.0,12.0,0.25,15.0,54.0,0.278,9.0,32.0,0.281
2733,Shaun Livingston,33.0,GSW,210,2,0.0,2018-19,0.0095238095238095,1610612744,0.0,0.0,0.0,0.0,0.0,0.0,0.0,0.0,0.0,0.0,0.0,0.0
202714,Shelvin Mack,29.0,CHA,403,130,0.354,2018-19,0.3225806451612903,1610612766,4.0,12.0,0.333,2.0,12.0,0.167,40.0,106.0,0.377,6.0,24.0,0.25
1628414,Sindarius Thornwell,24.0,LAC,49,15,0.2,2018-19,0.3061224489795918,1610612746,0.0,4.0,0.0,1.0,3.0,0.333,2.0,8.0,0.25,1.0,7.0,0.143
1627746,Skal Labissiere,23.0,POR,49,13,0.462,2018-19,0.2653061224489796,1610612757,0.0,1.0,0.0,0.0,0.0,0.0,6.0,12.0,0.5,0.0,1.0,0.0
203524,Solomon Hill,28.0,NOP,178,101,0.317,2018-19,0.5674157303370787,1610612740,8.0,21.0,0.381,6.0,16.0,0.375,18.0,63.0,0.286,14.0,37.0,0.378
203915,Spencer Dinwiddie,26.0,BKN,828,370,0.335,2018-19,0.4468599033816425,1610612751,7.0,24.0,0.292,20.0,43.0,0.465,95.0,298.0,0.319,27.0,67.0,0.403
1626169,Stanley Johnson,23.0,NOP,440,215,0.288,2018-19,0.4886363636363636,1610612740,10.0,33.0,0.303,13.0,43.0,0.302,39.0,136.0,0.287,23.0,76.0,0.303
201939,Stephen Curry,31.0,GSW,1340,810,0.437,2018-19,0.6044776119402985,1610612744,41.0,77.0,0.532,26.0,56.0,0.464,286.0,666.0,0.429,67.0,133.0,0.504
1628425,Sterling Brown,24.0,MIL,312,147,0.361,2018-19,0.4711538461538461,1610612749,14.0,26.0,0.538,15.0,31.0,0.484,24.0,87.0,0.276,29.0,57.0,0.509
203500,Steven Adams,25.0,OKC,809,2,0.0,2018-19,0.0024721878862793,1610612760,0.0,0.0,0.0,0.0,0.0,0.0,0.0,0.0,0.0,0.0,0.0,0.0
1629004,Svi Mykhailiuk,22.0,DET,140,89,0.326,2018-19,0.6357142857142857,1610612765,5.0,18.0,0.278,5.0,9.0,0.556,19.0,62.0,0.306,10.0,27.0,0.37
1628388,T.J. Leaf,22.0,IND,183,31,0.258,2018-19,0.1693989071038251,1610612754,1.0,5.0,0.2,1.0,4.0,0.25,6.0,22.0,0.273,2.0,9.0,0.222
204456,T.J. McConnell,27.0,PHI,419,42,0.333,2018-19,0.1002386634844868,1610612755,3.0,9.0,0.333,5.0,14.0,0.357,6.0,19.0,0.316,8.0,23.0,0.348
203933,T.J. Warren,25.0,PHX,611,180,0.428,2018-19,0.2945990180032733,1610612756,18.0,36.0,0.5,8.0,21.0,0.381,51.0,123.0,0.415,26.0,57.0,0.456
1628769,Tahjere McCall,24.0,BKN,3,1,0.0,2018-19,0.3333333333333333,1610612751,,,,0.0,1.0,0.0,0.0,0.0,0.0,0.0,1.0,0.0
201959,Taj Gibson,34.0,MIN,537,34,0.324,2018-19,0.0633147113594041,1610612750,5.0,17.0,0.294,5.0,9.0,0.556,1.0,6.0,0.167,10.0,26.0,0.385
1627752,Taurean Prince,25.0,ATL,594,315,0.39,2018-19,0.5303030303030303,1610612737,23.0,54.0,0.426,28.0,64.0,0.438,72.0,194.0,0.371,51.0,118.0,0.432
1628390,Terrance Ferguson,21.0,OKC,431,290,0.366,2018-19,0.6728538283062645,1610612760,29.0,88.0,0.33,33.0,67.0,0.493,44.0,132.0,0.333,62.0,155.0,0.4
203093,Terrence Jones,27.0,HOU,4,2,0.0,2018-19,0.5,1610612745,,,,0.0,0.0,0.0,0.0,2.0,0.0,0.0,0.0,0.0
203082,Terrence Ross,28.0,ORL,1027,566,0.383,2018-19,0.5511197663096398,1610612753,14.0,36.0,0.389,12.0,22.0,0.545,191.0,501.0,0.381,26.0,58.0,0.448
1626179,Terry Rozier,25.0,BOS,666,337,0.353,2018-19,0.506006006006006,1610612738,22.0,44.0,0.5,5.0,25.0,0.2,92.0,267.0,0.345,27.0,69.0,0.391
200757,Thabo Sefolosha,35.0,UTA,149,78,0.436,2018-19,0.5234899328859061,1610612762,9.0,25.0,0.36,12.0,22.0,0.545,13.0,31.0,0.419,21.0,47.0,0.447
201152,Thaddeus Young,31.0,IND,841,146,0.349,2018-19,0.173602853745541,1610612754,17.0,46.0,0.37,6.0,20.0,0.3,28.0,78.0,0.359,23.0,66.0,0.348
1629033,Theo Pinson,23.0,BKN,73,46,0.261,2018-19,0.6301369863013698,1610612751,0.0,2.0,0.0,1.0,1.0,1.0,11.0,42.0,0.262,1.0,3.0,0.333
1628418,Thomas Bryant,21.0,WAS,502,99,0.333,2018-19,0.197211155378486,1610612764,1.0,5.0,0.2,1.0,6.0,0.167,31.0,88.0,0.352,2.0,11.0,0.182
1629118,Thomas Welsh,23.0,DEN,13,7,0.429,2018-19,0.5384615384615384,1610612743,0.0,0.0,0.0,0.0,0.0,0.0,3.0,7.0,0.429,0.0,0.0,0.0
1627748,Thon Maker,22.0,DET,268,153,0.32,2018-19,0.5708955223880597,1610612765,13.0,33.0,0.394,12.0,35.0,0.343,24.0,85.0,0.282,25.0,68.0,0.368
204025,Tim Frazier,28.0,MIL,261,101,0.366,2018-19,0.3869731800766283,1610612749,4.0,13.0,0.308,7.0,11.0,0.636,26.0,77.0,0.338,11.0,24.0,0.458
203501,Tim Hardaway Jr.,27.0,DAL,993,477,0.34,2018-19,0.4803625377643504,1610612742,5.0,17.0,0.294,15.0,43.0,0.349,142.0,415.0,0.342,20.0,60.0,0.333
1627789,Timothe Luwawu-Cabarrot,24.0,CHI,218,116,0.31,2018-19,0.5321100917431193,1610612741,9.0,23.0,0.391,10.0,25.0,0.4,17.0,67.0,0.254,19.0,48.0,0.396
202699,Tobias Harris,26.0,PHI,1254,393,0.397,2018-19,0.3133971291866029,1610612755,16.0,34.0,0.471,16.0,35.0,0.457,124.0,320.0,0.388,32.0,69.0,0.464
203107,Tomas Satoransky,27.0,WAS,530,162,0.395,2018-19,0.3056603773584905,1610612764,4.0,23.0,0.174,14.0,24.0,0.583,46.0,113.0,0.407,18.0,47.0,0.383
1628396,Tony Bradley,21.0,UTA,16,0,0.0,2018-19,0.0,1610612762,0.0,0.0,0.0,0.0,0.0,0.0,0.0,0.0,0.0,0.0,0.0,0.0
2225,Tony Parker,37.0,CHA,463,51,0.255,2018-19,0.1101511879049676,1610612766,0.0,2.0,0.0,3.0,6.0,0.5,10.0,41.0,0.244,3.0,8.0,0.375
203503,Tony Snell,27.0,MIL,361,204,0.397,2018-19,0.5650969529085873,1610612749,18.0,40.0,0.45,10.0,26.0,0.385,53.0,137.0,0.387,28.0,66.0,0.424
1628470,Torrey Craig,28.0,DEN,362,188,0.324,2018-19,0.5193370165745856,1610612743,14.0,40.0,0.35,15.0,41.0,0.366,32.0,106.0,0.302,29.0,81.0,0.358
1629027,Trae Young,20.0,ATL,1256,482,0.324,2018-19,0.3837579617834395,1610612737,3.0,7.0,0.429,4.0,11.0,0.364,149.0,463.0,0.322,7.0,18.0,0.389
1626203,Treveon Graham,25.0,BKN,191,128,0.297,2018-19,0.6701570680628273,1610612751,8.0,21.0,0.381,0.0,20.0,0.0,29.0,86.0,0.337,8.0,41.0,0.195
1628979,Trevon Duval,20.0,HOU,3,1,1.0,2018-19,0.3333333333333333,1610612745,1.0,1.0,1.0,,,,0.0,0.0,0.0,1.0,1.0,1.0
2772,Trevor Ariza,33.0,WAS,736,434,0.334,2018-19,0.5896739130434783,1610612764,24.0,52.0,0.462,31.0,83.0,0.373,90.0,298.0,0.302,55.0,135.0,0.407
203504,Trey Burke,26.0,DAL,548,159,0.352,2018-19,0.2901459854014598,1610612742,4.0,14.0,0.286,4.0,10.0,0.4,48.0,132.0,0.364,8.0,24.0,0.333
1626168,Trey Lyles,23.0,DEN,495,200,0.255,2018-19,0.404040404040404,1610612743,9.0,26.0,0.346,5.0,10.0,0.5,37.0,162.0,0.228,14.0,36.0,0.389
202684,Tristan Thompson,28.0,CLE,380,0,0.0,2018-19,0.0,1610612739,0.0,0.0,0.0,0.0,0.0,0.0,0.0,0.0,0.0,0.0,0.0,0.0
1628972,Troy Brown Jr.,19.0,WAS,234,69,0.319,2018-19,0.2948717948717949,1610612764,3.0,9.0,0.333,4.0,8.0,0.5,15.0,51.0,0.294,7.0,17.0,0.412
1628505,Troy Caupain,23.0,ORL,8,3,0.667,2018-19,0.375,1610612753,,,,0.0,0.0,0.0,2.0,3.0,0.667,0.0,0.0,0.0
203584,Troy Daniels,27.0,PHX,275,194,0.381,2018-19,0.7054545454545454,1610612756,11.0,22.0,0.5,11.0,21.0,0.524,52.0,151.0,0.344,22.0,43.0,0.512
1627786,Troy Williams,24.0,SAC,98,44,0.318,2018-19,0.4489795918367347,1610612758,0.0,2.0,0.0,2.0,6.0,0.333,12.0,35.0,0.343,2.0,8.0,0.25
1628463,Tyler Cavanaugh,25.0,UTA,10,5,0.2,2018-19,0.5,1610612762,0.0,2.0,0.0,0.0,1.0,0.0,1.0,2.0,0.5,0.0,3.0,0.0
1629093,Tyler Davis,22.0,OKC,1,0,0.0,2018-19,0.0,1610612760,,,,,,,,,,,,
1628416,Tyler Dorsey,23.0,MEM,264,132,0.333,2018-19,0.5,1610612763,6.0,14.0,0.429,3.0,15.0,0.2,35.0,103.0,0.34,9.0,29.0,0.31
204020,Tyler Johnson,27.0,PHX,526,260,0.346,2018-19,0.494296577946768,1610612756,9.0,24.0,0.375,6.0,29.0,0.207,74.0,206.0,0.359,15.0,53.0,0.283
1628399,Tyler Lydon,23.0,DEN,18,10,0.4,2018-19,0.5555555555555556,1610612743,1.0,2.0,0.5,1.0,2.0,0.5,2.0,6.0,0.333,2.0,4.0,0.5
203092,Tyler Zeller,29.0,MEM,30,1,0.0,2018-19,0.0333333333333333,1610612763,0.0,1.0,0.0,0.0,0.0,0.0,0.0,0.0,0.0,0.0,1.0,0.0
201936,Tyreke Evans,29.0,IND,660,216,0.356,2018-19,0.3272727272727272,1610612754,0.0,10.0,0.0,8.0,17.0,0.471,69.0,189.0,0.365,8.0,27.0,0.296
1627820,Tyrone Wallace,25.0,LAC,217,19,0.211,2018-19,0.0875576036866359,1610612746,2.0,6.0,0.333,1.0,3.0,0.333,1.0,10.0,0.1,3.0,9.0,0.333
2199,Tyson Chandler,36.0,LAL,99,1,0.0,2018-19,0.0101010101010101,1610612747,0.0,0.0,0.0,0.0,0.0,0.0,0.0,1.0,0.0,0.0,0.0,0.0
1626145,Tyus Jones,23.0,MIN,446,126,0.317,2018-19,0.2825112107623318,1610612750,3.0,13.0,0.231,9.0,16.0,0.563,28.0,96.0,0.292,12.0,29.0,0.414
2617,Udonis Haslem,39.0,MIA,33,12,0.0,2018-19,0.3636363636363636,1610612748,0.0,0.0,0.0,0.0,2.0,0.0,0.0,10.0,0.0,0.0,2.0,0.0
203506,Victor Oladipo,27.0,IND,588,216,0.343,2018-19,0.3673469387755102,1610612754,2.0,5.0,0.4,4.0,15.0,0.267,68.0,195.0,0.349,6.0,20.0,0.3
1713,Vince Carter,42.0,ATL,468,316,0.389,2018-19,0.6752136752136753,1610612737,10.0,23.0,0.435,15.0,31.0,0.484,97.0,258.0,0.376,25.0,54.0,0.463
1629053,Vincent Edwards,23.0,HOU,4,4,0.25,2018-19,1.0,1610612745,1.0,2.0,0.5,0.0,1.0,0.0,0.0,1.0,0.0,1.0,3.0,0.333
1627735,Wade Baldwin IV,23.0,POR,33,9,0.222,2018-19,0.2727272727272727,1610612757,1.0,1.0,1.0,0.0,0.0,0.0,1.0,7.0,0.143,1.0,1.0,1.0
1627215,Walt Lemon Jr.,26.0,CHI,87,5,0.4,2018-19,0.057471264367816,1610612741,0.0,0.0,0.0,0.0,0.0,0.0,2.0,5.0,0.4,0.0,0.0,0.0
201961,Wayne Ellington,31.0,DET,457,372,0.371,2018-19,0.8140043763676149,1610612765,18.0,52.0,0.346,23.0,52.0,0.442,97.0,268.0,0.362,41.0,104.0,0.394
1627782,Wayne Selden,24.0,CHI,483,174,0.316,2018-19,0.3602484472049689,1610612741,8.0,25.0,0.32,9.0,17.0,0.529,37.0,131.0,0.282,17.0,42.0,0.405
1628976,Wendell Carter Jr.,20.0,CHI,371,32,0.188,2018-19,0.0862533692722372,1610612741,2.0,10.0,0.2,0.0,4.0,0.0,4.0,18.0,0.222,2.0,14.0,0.143
1628411,Wes Iwundu,24.0,ORL,274,79,0.367,2018-19,0.2883211678832116,1610612753,4.0,18.0,0.222,5.0,13.0,0.385,19.0,46.0,0.413,9.0,31.0,0.29
202325,Wesley Johnson,31.0,WAS,128,76,0.329,2018-19,0.59375,1610612764,6.0,25.0,0.24,3.0,18.0,0.167,15.0,32.0,0.469,9.0,43.0,0.209
202083,Wesley Matthews,32.0,IND,698,403,0.372,2018-19,0.5773638968481375,1610612754,22.0,50.0,0.44,14.0,35.0,0.4,114.0,317.0,0.36,36.0,85.0,0.424
203115,Will Barton,28.0,DEN,460,196,0.342,2018-19,0.4260869565217391,1610612743,4.0,12.0,0.333,5.0,14.0,0.357,58.0,167.0,0.347,9.0,26.0,0.346
1626161,Willie Cauley-Stein,25.0,SAC,741,2,0.5,2018-19,0.0026990553306342,1610612758,0.0,0.0,0.0,0.0,0.0,0.0,1.0,1.0,1.0,0.0,0.0,0.0
1626195,Willy Hernangomez,25.0,CHA,295,39,0.385,2018-19,0.1322033898305084,1610612766,0.0,1.0,0.0,2.0,4.0,0.5,13.0,34.0,0.382,2.0,5.0,0.4
201163,Wilson Chandler,32.0,LAC,273,158,0.373,2018-19,0.5787545787545788,1610612746,4.0,16.0,0.25,13.0,32.0,0.406,42.0,109.0,0.385,17.0,48.0,0.354
1628999,Yante Maten,22.0,MIA,4,1,0.0,2018-19,0.25,1610612748,0.0,0.0,0.0,0.0,0.0,0.0,0.0,1.0,0.0,0.0,0.0,0.0
1627812,Yogi Ferrell,26.0,SAC,352,149,0.362,2018-19,0.4232954545454545,1610612758,9.0,17.0,0.529,1.0,10.0,0.1,44.0,119.0,0.37,10.0,27.0,0.37
1629139,Yuta Watanabe,24.0,MEM,51,16,0.125,2018-19,0.3137254901960784,1610612763,0.0,5.0,0.0,1.0,1.0,1.0,1.0,10.0,0.1,1.0,6.0,0.167
1628380,Zach Collins,21.0,POR,400,121,0.331,2018-19,0.3025,1610612757,3.0,7.0,0.429,0.0,4.0,0.0,37.0,110.0,0.336,3.0,11.0,0.273
203897,Zach LaVine,24.0,CHI,1135,321,0.374,2018-19,0.2828193832599119,1610612741,14.0,27.0,0.519,6.0,14.0,0.429,100.0,278.0,0.36,20.0,41.0,0.488
1629155,Zach Lofton,26.0,DET,1,1,0.0,2018-19,1.0,1610612765,,,,,,,0.0,1.0,0.0,,,
2585,Zaza Pachulia,35.0,DET,193,4,0.0,2018-19,0.0207253886010362,1610612765,0.0,0.0,0.0,0.0,0.0,0.0,0.0,0.0,0.0,0.0,0.0,0.0
1629015,Zhaire Smith,20.0,PHI,34,16,0.375,2018-19,0.4705882352941176,1610612755,0.0,2.0,0.0,0.0,2.0,0.0,6.0,12.0,0.5,0.0,4.0,0.0
1627753,Zhou Qi,23.0,HOU,1,0,0.0,2018-19,0.0,1610612745,,,,,,,0.0,0.0,0.0,,,
203932,Aaron Gordon,24.0,ORL,767,237,0.308,2019-20,0.3089960886571056,1610612753,10.0,27.0,0.37,5.0,18.0,0.278,58.0,186.0,0.312,15.0,45.0,0.333
1628988,Aaron Holiday,23.0,IND,563,221,0.394,2019-20,0.3925399644760213,1610612754,7.0,16.0,0.438,10.0,22.0,0.455,70.0,182.0,0.385,17.0,38.0,0.447
1627846,Abdel Nader,26.0,OKC,263,128,0.375,2019-20,0.4866920152091255,1610612760,9.0,25.0,0.36,9.0,17.0,0.529,30.0,86.0,0.349,18.0,42.0,0.429
1629690,Adam Mokoka,21.0,CHI,28,15,0.4,2019-20,0.5357142857142857,1610612741,1.0,4.0,0.25,2.0,4.0,0.5,3.0,7.0,0.429,3.0,8.0,0.375
1629678,Admiral Schofield,23.0,WAS,92,61,0.311,2019-20,0.6630434782608695,1610612764,6.0,11.0,0.545,3.0,9.0,0.333,10.0,40.0,0.25,9.0,20.0,0.45
201143,Al Horford,34.0,PHI,709,283,0.35,2019-20,0.3991537376586742,1610612755,4.0,15.0,0.267,6.0,22.0,0.273,89.0,246.0,0.362,10.0,37.0,0.27
202329,Al-Farouq Aminu,29.0,ORL,86,36,0.25,2019-20,0.4186046511627907,1610612753,2.0,4.0,0.5,1.0,6.0,0.167,6.0,26.0,0.231,3.0,10.0,0.3
202692,Alec Burks,28.0,PHI,768,301,0.385,2019-20,0.3919270833333333,1610612755,17.0,34.0,0.5,11.0,25.0,0.44,88.0,241.0,0.365,28.0,59.0,0.475
1629346,Alen Smailagic,19.0,GSW,40,13,0.231,2019-20,0.325,1610612744,1.0,2.0,0.5,0.0,3.0,0.0,2.0,8.0,0.25,1.0,5.0,0.2
1627936,Alex Caruso,26.0,LAL,291,120,0.333,2019-20,0.4123711340206185,1610612747,5.0,17.0,0.294,7.0,22.0,0.318,28.0,80.0,0.35,12.0,39.0,0.308
203458,Alex Len,27.0,SAC,319,59,0.271,2019-20,0.1849529780564263,1610612758,5.0,9.0,0.556,5.0,18.0,0.278,6.0,31.0,0.194,10.0,27.0,0.37
1628035,Alfonzo McKinnie,27.0,CLE,171,65,0.215,2019-20,0.3801169590643274,1610612739,3.0,14.0,0.214,5.0,16.0,0.313,6.0,34.0,0.176,8.0,30.0,0.267
1628993,Alize Johnson,24.0,IND,29,8,0.375,2019-20,0.2758620689655172,1610612754,0.0,2.0,0.0,2.0,3.0,0.667,1.0,3.0,0.333,2.0,5.0,0.4
203459,Allen Crabbe,28.0,MIN,177,119,0.303,2019-20,0.672316384180791,1610612750,5.0,15.0,0.333,8.0,17.0,0.471,23.0,84.0,0.274,13.0,32.0,0.406
1629019,Allonzo Trier,24.0,NYK,106,53,0.358,2019-20,0.5,1610612752,0.0,3.0,0.0,3.0,4.0,0.75,16.0,46.0,0.348,3.0,7.0,0.429
1628518,Amile Jefferson,27.0,ORL,14,0,0.0,2019-20,0.0,1610612753,0.0,0.0,0.0,0.0,0.0,0.0,0.0,0.0,0.0,0.0,0.0,0.0
1629599,Amir Coffey,23.0,LAC,54,19,0.316,2019-20,0.3518518518518518,1610612746,2.0,3.0,0.667,2.0,4.0,0.5,2.0,12.0,0.167,4.0,7.0,0.571
203083,Andre Drummond,26.0,CLE,784,35,0.143,2019-20,0.0446428571428571,1610612739,1.0,4.0,0.25,2.0,5.0,0.4,2.0,24.0,0.083,3.0,9.0,0.333
2738,Andre Iguodala,36.0,MIA,88,47,0.298,2019-20,0.5340909090909091,1610612748,1.0,6.0,0.167,6.0,16.0,0.375,7.0,24.0,0.292,7.0,22.0,0.318
203460,Andre Roberson,28.0,OKC,29,14,0.214,2019-20,0.4827586206896552,1610612760,0.0,3.0,0.0,0.0,1.0,0.0,3.0,9.0,0.333,0.0,4.0,0.0
203952,Andrew Wiggins,25.0,GSW,978,334,0.332,2019-20,0.3415132924335378,1610612744,13.0,30.0,0.433,3.0,17.0,0.176,95.0,287.0,0.331,16.0,47.0,0.34
1629014,Anfernee Simons,21.0,POR,536,226,0.332,2019-20,0.4216417910447761,1610612757,10.0,24.0,0.417,4.0,17.0,0.235,61.0,182.0,0.335,14.0,41.0,0.341
1627790,Ante Zizic,23.0,CLE,72,0,0.0,2019-20,0.0,1610612739,0.0,0.0,0.0,0.0,0.0,0.0,0.0,0.0,0.0,0.0,0.0,0.0
203076,Anthony Davis,27.0,LAL,1096,218,0.33,2019-20,0.1989051094890511,1610612747,15.0,28.0,0.536,4.0,15.0,0.267,53.0,172.0,0.308,19.0,43.0,0.442
201229,Anthony Tolliver,35.0,MEM,182,145,0.338,2019-20,0.7967032967032966,1610612763,7.0,14.0,0.5,10.0,25.0,0.4,32.0,106.0,0.302,17.0,39.0,0.436
1628499,Antonius Cleveland,26.0,DAL,14,3,0.0,2019-20,0.2142857142857142,1610612742,0.0,0.0,0.0,0.0,1.0,0.0,0.0,2.0,0.0,0.0,1.0,0.0
1628394,Anžejs Pasečņiks,24.0,WAS,116,3,0.0,2019-20,0.0258620689655172,1610612764,0.0,0.0,0.0,0.0,0.0,0.0,0.0,3.0,0.0,0.0,0.0,0.0
203382,Aron Baynes,33.0,PHX,381,168,0.351,2019-20,0.4409448818897638,1610612756,2.0,13.0,0.154,4.0,11.0,0.364,53.0,144.0,0.368,6.0,24.0,0.25
203085,Austin Rivers,27.0,HOU,501,270,0.356,2019-20,0.5389221556886228,1610612745,20.0,32.0,0.625,8.0,31.0,0.258,68.0,207.0,0.329,28.0,63.0,0.444
202340,Avery Bradley,29.0,LAL,383,173,0.364,2019-20,0.4516971279373368,1610612747,21.0,47.0,0.447,9.0,36.0,0.25,33.0,89.0,0.371,30.0,83.0,0.361
1629168,BJ Johnson,24.0,ORL,32,9,0.333,2019-20,0.28125,1610612753,0.0,2.0,0.0,1.0,1.0,1.0,2.0,6.0,0.333,1.0,3.0,0.333
1628389,Bam Adebayo,22.0,MIA,790,14,0.143,2019-20,0.0177215189873417,1610612748,0.0,4.0,0.0,1.0,4.0,0.25,1.0,5.0,0.2,1.0,8.0,0.125
203463,Ben McLemore,27.0,HOU,545,452,0.4,2019-20,0.8293577981651377,1610612745,30.0,70.0,0.429,35.0,74.0,0.473,116.0,306.0,0.379,65.0,144.0,0.451
1627732,Ben Simmons,23.0,PHI,647,7,0.286,2019-20,0.0108191653786707,1610612755,1.0,2.0,0.5,1.0,1.0,1.0,0.0,2.0,0.0,2.0,3.0,0.667
202687,Bismack Biyombo,27.0,CHA,278,0,0.0,2019-20,0.0,1610612766,0.0,0.0,0.0,0.0,0.0,0.0,0.0,0.0,0.0,0.0,0.0,0.0
201933,Blake Griffin,31.0,DET,250,111,0.243,2019-20,0.444,1610612765,3.0,15.0,0.2,1.0,10.0,0.1,23.0,87.0,0.264,4.0,25.0,0.16
1626246,Boban Marjanovic,31.0,DAL,211,17,0.235,2019-20,0.0805687203791469,1610612742,0.0,0.0,0.0,1.0,1.0,1.0,3.0,16.0,0.188,1.0,1.0,1.0
1626171,Bobby Portis,25.0,NYK,589,187,0.358,2019-20,0.3174872665534805,1610612752,12.0,23.0,0.522,4.0,16.0,0.25,50.0,147.0,0.34,16.0,39.0,0.41
203992,Bogdan Bogdanović,27.0,SAC,766,441,0.372,2019-20,0.5757180156657964,1610612758,16.0,44.0,0.364,16.0,46.0,0.348,132.0,350.0,0.377,32.0,90.0,0.356
202711,Bojan Bogdanovic,31.0,UTA,935,457,0.414,2019-20,0.4887700534759358,1610612762,29.0,58.0,0.5,40.0,94.0,0.426,120.0,305.0,0.393,69.0,152.0,0.454
1629626,Bol Bol,20.0,DEN,28,9,0.444,2019-20,0.3214285714285714,1610612743,0.0,0.0,0.0,0.0,2.0,0.0,4.0,6.0,0.667,0.0,2.0,0.0
202954,Brad Wanamaker,30.0,BOS,362,102,0.363,2019-20,0.281767955801105,1610612738,2.0,3.0,0.667,2.0,3.0,0.667,33.0,96.0,0.344,4.0,6.0,0.667
203078,Bradley Beal,27.0,WAS,1303,481,0.353,2019-20,0.3691481197237145,1610612764,14.0,38.0,0.368,5.0,23.0,0.217,151.0,419.0,0.36,19.0,61.0,0.311
1629634,Brandon Clarke,23.0,MEM,479,64,0.359,2019-20,0.1336116910229645,1610612763,4.0,12.0,0.333,5.0,16.0,0.313,14.0,35.0,0.4,9.0,28.0,0.321
1629164,Brandon Goodwin,24.0,ATL,190,87,0.299,2019-20,0.4578947368421052,1610612737,2.0,7.0,0.286,0.0,10.0,0.0,24.0,68.0,0.353,2.0,17.0,0.118
1627742,Brandon Ingram,22.0,NOP,1096,384,0.391,2019-20,0.3503649635036496,1610612740,27.0,60.0,0.45,19.0,46.0,0.413,103.0,274.0,0.376,46.0,106.0,0.434
202688,Brandon Knight,28.0,DET,167,131,0.344,2019-20,0.7844311377245509,1610612765,3.0,9.0,0.333,2.0,6.0,0.333,40.0,116.0,0.345,5.0,15.0,0.333
1628968,Brian Bowen II,21.0,IND,10,2,0.0,2019-20,0.2,1610612754,0.0,0.0,0.0,0.0,2.0,0.0,0.0,0.0,0.0,0.0,2.0,0.0
201572,Brook Lopez,32.0,MIL,671,325,0.314,2019-20,0.4843517138599106,1610612749,12.0,36.0,0.333,11.0,36.0,0.306,78.0,252.0,0.31,23.0,72.0,0.319
1628971,Bruce Brown,23.0,DET,447,96,0.344,2019-20,0.2147651006711409,1610612765,11.0,28.0,0.393,14.0,32.0,0.438,8.0,36.0,0.222,25.0,60.0,0.417
203998,Bruno Caboclo,24.0,HOU,89,33,0.182,2019-20,0.3707865168539326,1610612745,1.0,5.0,0.2,3.0,9.0,0.333,1.0,18.0,0.056,4.0,14.0,0.286
1628981,Bruno Fernando,21.0,ATL,199,37,0.135,2019-20,0.185929648241206,1610612737,0.0,5.0,0.0,1.0,10.0,0.1,4.0,22.0,0.182,1.0,15.0,0.067
1627854,Bryn Forbes,26.0,SAS,581,381,0.388,2019-20,0.6557659208261618,1610612759,5.0,15.0,0.333,10.0,22.0,0.455,133.0,343.0,0.388,15.0,37.0,0.405
1627741,Buddy Hield,27.0,SAC,1162,688,0.394,2019-20,0.5920826161790017,1610612758,38.0,82.0,0.463,23.0,48.0,0.479,210.0,558.0,0.376,61.0,130.0,0.469
203468,CJ McCollum,28.0,POR,1356,512,0.379,2019-20,0.3775811209439528,1610612757,23.0,40.0,0.575,21.0,40.0,0.525,150.0,432.0,0.347,44.0,80.0,0.55
101139,CJ Miles,33.0,WAS,59,35,0.314,2019-20,0.5932203389830508,1610612764,0.0,2.0,0.0,2.0,5.0,0.4,9.0,28.0,0.321,2.0,7.0,0.286
1628997,Caleb Martin,24.0,CHA,84,37,0.541,2019-20,0.4404761904761904,1610612766,1.0,2.0,0.5,3.0,5.0,0.6,16.0,30.0,0.533,4.0,7.0,0.571
1628403,Caleb Swanigan,23.0,POR,47,2,0.0,2019-20,0.0425531914893617,1610612757,0.0,0.0,0.0,0.0,1.0,0.0,0.0,1.0,0.0,0.0,1.0,0.0
1629629,Cam Reddish,20.0,ATL,554,250,0.332,2019-20,0.4512635379061371,1610612737,13.0,40.0,0.325,13.0,41.0,0.317,57.0,169.0,0.337,26.0,81.0,0.321
1629661,Cameron Johnson,24.0,PHX,405,272,0.39,2019-20,0.671604938271605,1610612756,22.0,53.0,0.415,24.0,61.0,0.393,60.0,157.0,0.382,46.0,114.0,0.404
1626166,Cameron Payne,25.0,PHX,68,29,0.517,2019-20,0.4264705882352941,1610612756,0.0,1.0,0.0,2.0,4.0,0.5,13.0,23.0,0.565,2.0,5.0,0.4
1627747,Caris LeVert,25.0,BKN,732,220,0.364,2019-20,0.3005464480874317,1610612751,8.0,18.0,0.444,4.0,7.0,0.571,68.0,194.0,0.351,12.0,25.0,0.48
2546,Carmelo Anthony,36.0,POR,782,226,0.385,2019-20,0.289002557544757,1610612757,5.0,14.0,0.357,22.0,35.0,0.629,60.0,175.0,0.343,27.0,49.0,0.551
1629035,Carsen Edwards,22.0,BOS,128,76,0.316,2019-20,0.59375,1610612738,0.0,5.0,0.0,1.0,4.0,0.25,23.0,67.0,0.343,1.0,9.0,0.111
1626224,Cedi Osman,25.0,CLE,609,321,0.383,2019-20,0.5270935960591133,1610612739,13.0,29.0,0.448,18.0,46.0,0.391,92.0,243.0,0.379,31.0,75.0,0.413
1628990,Chandler Hutchison,24.0,CHI,175,38,0.316,2019-20,0.2171428571428571,1610612741,5.0,14.0,0.357,3.0,7.0,0.429,4.0,17.0,0.235,8.0,21.0,0.381
202718,Chandler Parsons,31.0,ATL,18,14,0.286,2019-20,0.7777777777777778,1610612737,0.0,0.0,0.0,1.0,2.0,0.5,3.0,12.0,0.25,1.0,2.0,0.5
1629718,Charlie Brown Jr.,23.0,ATL,19,9,0.333,2019-20,0.4736842105263157,1610612737,0.0,1.0,0.0,0.0,1.0,0.0,3.0,7.0,0.429,0.0,2.0,0.0
1626184,Chasson Randle,27.0,GSW,4,2,0.0,2019-20,0.5,1610612744,0.0,0.0,0.0,0.0,0.0,0.0,0.0,2.0,0.0,0.0,0.0,0.0
1627767,Cheick Diallo,23.0,PHX,142,3,0.333,2019-20,0.0211267605633802,1610612756,0.0,0.0,0.0,1.0,2.0,0.5,0.0,1.0,0.0,1.0,2.0,0.5
1629002,Chimezie Metu,23.0,SAS,42,2,0.0,2019-20,0.0476190476190476,1610612759,0.0,0.0,0.0,0.0,0.0,0.0,0.0,2.0,0.0,0.0,0.0,0.0
1628449,Chris Boucher,27.0,TOR,299,118,0.322,2019-20,0.3946488294314381,1610612761,1.0,7.0,0.143,3.0,11.0,0.273,34.0,100.0,0.34,4.0,18.0,0.222
1629185,Chris Chiozza,24.0,BKN,140,72,0.375,2019-20,0.5142857142857142,1610612751,2.0,5.0,0.4,3.0,3.0,1.0,22.0,63.0,0.349,5.0,8.0,0.625
1629598,Chris Clemons,22.0,HOU,142,107,0.346,2019-20,0.7535211267605634,1610612745,0.0,0.0,0.0,1.0,2.0,0.5,36.0,105.0,0.343,1.0,2.0,0.5
101108,Chris Paul,35.0,OKC,887,304,0.365,2019-20,0.342728297632469,1610612760,9.0,21.0,0.429,2.0,13.0,0.154,100.0,261.0,0.383,11.0,34.0,0.324
1629735,Chris Silva,23.0,MIA,78,3,0.0,2019-20,0.0384615384615384,1610612748,0.0,1.0,0.0,0.0,2.0,0.0,0.0,0.0,0.0,0.0,3.0,0.0
1626174,Christian Wood,24.0,DET,508,140,0.386,2019-20,0.2755905511811024,1610612765,4.0,13.0,0.308,11.0,27.0,0.407,39.0,100.0,0.39,15.0,40.0,0.375
203991,Clint Capela,26.0,ATL,388,0,0.0,2019-20,0.0,1610612737,0.0,0.0,0.0,0.0,0.0,0.0,0.0,0.0,0.0,0.0,0.0,0.0
1629632,Coby White,20.0,CHI,792,376,0.354,2019-20,0.4747474747474747,1610612741,13.0,41.0,0.317,7.0,15.0,0.467,113.0,319.0,0.354,20.0,56.0,0.357
1628998,Cody Martin,24.0,CHA,207,77,0.234,2019-20,0.3719806763285024,1610612766,4.0,17.0,0.235,2.0,14.0,0.143,12.0,46.0,0.261,6.0,31.0,0.194
203469,Cody Zeller,27.0,CHA,479,75,0.24,2019-20,0.1565762004175365,1610612766,1.0,1.0,1.0,1.0,3.0,0.333,16.0,71.0,0.225,2.0,4.0,0.5
1629012,Collin Sexton,21.0,CLE,1086,255,0.38,2019-20,0.2348066298342541,1610612739,9.0,16.0,0.563,8.0,16.0,0.5,80.0,223.0,0.359,17.0,32.0,0.531
201147,Corey Brewer,34.0,SAC,4,1,0.0,2019-20,0.25,1610612758,0.0,0.0,0.0,0.0,1.0,0.0,0.0,0.0,0.0,0.0,1.0,0.0
202709,Cory Joseph,28.0,SAC,412,159,0.352,2019-20,0.3859223300970874,1610612758,11.0,26.0,0.423,6.0,14.0,0.429,39.0,118.0,0.331,17.0,40.0,0.425
201584,Courtney Lee,34.0,DAL,82,47,0.447,2019-20,0.573170731707317,1610612742,6.0,12.0,0.5,3.0,8.0,0.375,12.0,27.0,0.444,9.0,20.0,0.45
1626245,Cristiano Felicio,27.0,CHI,54,2,0.0,2019-20,0.037037037037037,1610612741,0.0,0.0,0.0,0.0,0.0,0.0,0.0,2.0,0.0,0.0,0.0,0.0
1626156,D'Angelo Russell,24.0,MIN,846,431,0.367,2019-20,0.5094562647754137,1610612750,6.0,16.0,0.375,9.0,21.0,0.429,143.0,392.0,0.365,15.0,37.0,0.405
201571,D.J. Augustin,32.0,ORL,461,201,0.348,2019-20,0.4360086767895879,1610612753,7.0,18.0,0.389,3.0,13.0,0.231,60.0,165.0,0.364,10.0,31.0,0.323
1628391,D.J. Wilson,24.0,MIL,132,73,0.247,2019-20,0.553030303030303,1610612749,7.0,12.0,0.583,4.0,7.0,0.571,7.0,54.0,0.13,11.0,19.0,0.579
1629610,DaQuan Jeffries,22.0,SAC,40,18,0.278,2019-20,0.45,1610612758,0.0,2.0,0.0,2.0,6.0,0.333,3.0,10.0,0.3,2.0,8.0,0.25
1627745,Damian Jones,25.0,ATL,178,9,0.222,2019-20,0.0505617977528089,1610612737,0.0,2.0,0.0,2.0,5.0,0.4,0.0,2.0,0.0,2.0,7.0,0.286
203081,Damian Lillard,29.0,POR,1349,674,0.401,2019-20,0.4996293550778354,1610612757,4.0,10.0,0.4,8.0,17.0,0.471,258.0,644.0,0.401,12.0,27.0,0.444
1627814,Damion Lee,27.0,GSW,511,239,0.356,2019-20,0.4677103718199608,1610612744,11.0,30.0,0.367,9.0,24.0,0.375,65.0,184.0,0.353,20.0,54.0,0.37
1628422,Damyean Dotson,26.0,NYK,290,163,0.362,2019-20,0.5620689655172414,1610612752,2.0,10.0,0.2,7.0,17.0,0.412,50.0,136.0,0.368,9.0,27.0,0.333
1629655,Daniel Gafford,21.0,CHI,134,0,0.0,2019-20,0.0,1610612741,0.0,0.0,0.0,0.0,0.0,0.0,0.0,0.0,0.0,0.0,0.0,0.0
1628464,Daniel Theis,28.0,BOS,426,96,0.333,2019-20,0.2253521126760563,1610612738,2.0,4.0,0.5,3.0,12.0,0.25,27.0,78.0,0.346,5.0,16.0,0.313
201568,Danilo Gallinari,31.0,OKC,817,439,0.405,2019-20,0.5373317013463892,1610612760,7.0,22.0,0.318,11.0,26.0,0.423,160.0,390.0,0.41,18.0,48.0,0.375
201980,Danny Green,33.0,LAL,474,327,0.367,2019-20,0.689873417721519,1610612747,28.0,63.0,0.444,27.0,75.0,0.36,65.0,189.0,0.344,55.0,138.0,0.399
203957,Dante Exum,24.0,CLE,119,43,0.349,2019-20,0.361344537815126,1610612739,2.0,8.0,0.25,1.0,5.0,0.2,12.0,29.0,0.414,3.0,13.0,0.231
1627863,Danuel House Jr.,27.0,HOU,539,355,0.363,2019-20,0.6586270871985158,1610612745,21.0,56.0,0.375,34.0,95.0,0.358,73.0,200.0,0.365,55.0,151.0,0.364
203967,Dario Saric,26.0,PHX,538,235,0.357,2019-20,0.4368029739776952,1610612756,4.0,23.0,0.174,5.0,18.0,0.278,75.0,194.0,0.387,9.0,41.0,0.22
1629647,Darius Bazley,20.0,OKC,317,141,0.348,2019-20,0.444794952681388,1610612760,9.0,19.0,0.474,7.0,31.0,0.226,33.0,90.0,0.367,16.0,50.0,0.32
1629636,Darius Garland,20.0,CLE,699,296,0.355,2019-20,0.4234620886981402,1610612739,14.0,36.0,0.389,10.0,23.0,0.435,81.0,236.0,0.343,24.0,59.0,0.407
1629133,Daryl Macon,24.0,MIA,3,2,0.5,2019-20,0.6666666666666666,1610612748,1.0,1.0,1.0,0.0,0.0,0.0,0.0,1.0,0.0,1.0,1.0,1.0
1628021,David Nwaba,27.0,HOU,71,28,0.429,2019-20,0.3943661971830985,1610612745,3.0,5.0,0.6,3.0,8.0,0.375,6.0,15.0,0.4,6.0,13.0,0.462
202722,Davis Bertans,27.0,WAS,610,472,0.424,2019-20,0.7737704918032787,1610612764,9.0,19.0,0.474,12.0,19.0,0.632,179.0,433.0,0.413,21.0,38.0,0.553
1628368,De'Aaron Fox,22.0,SAC,815,185,0.292,2019-20,0.2269938650306748,1610612758,4.0,18.0,0.222,2.0,11.0,0.182,49.0,155.0,0.316,6.0,29.0,0.207
1629631,De'Andre Hunter,22.0,ATL,683,304,0.355,2019-20,0.445095168374817,1610612737,21.0,55.0,0.382,18.0,54.0,0.333,69.0,194.0,0.356,39.0,109.0,0.358
1629001,De'Anthony Melton,22.0,MEM,401,140,0.286,2019-20,0.3491271820448878,1610612763,6.0,15.0,0.4,6.0,15.0,0.4,28.0,108.0,0.259,12.0,30.0,0.4
201599,DeAndre Jordan,31.0,BKN,287,0,0.0,2019-20,0.0,1610612751,0.0,0.0,0.0,0.0,0.0,0.0,0.0,0.0,0.0,0.0,0.0,0.0
1627761,DeAndre' Bembry,25.0,ATL,228,65,0.231,2019-20,0.2850877192982456,1610612737,5.0,17.0,0.294,3.0,11.0,0.273,7.0,36.0,0.194,8.0,28.0,0.286
201942,DeMar DeRozan,30.0,SAS,1049,35,0.257,2019-20,0.0333651096282173,1610612759,4.0,9.0,0.444,0.0,2.0,0.0,5.0,23.0,0.217,4.0,11.0,0.364
201960,DeMarre Carroll,33.0,HOU,66,33,0.242,2019-20,0.5,1610612745,3.0,6.0,0.5,3.0,6.0,0.5,2.0,21.0,0.095,6.0,12.0,0.5
1629731,Dean Wade,23.0,CLE,13,4,0.5,2019-20,0.3076923076923077,1610612739,0.0,0.0,0.0,1.0,2.0,0.5,1.0,2.0,0.5,1.0,2.0,0.5
1629028,Deandre Ayton,21.0,PHX,568,13,0.231,2019-20,0.0228873239436619,1610612756,0.0,1.0,0.0,1.0,1.0,1.0,2.0,11.0,0.182,1.0,2.0,0.5
1627749,Dejounte Murray,23.0,SAS,637,111,0.369,2019-20,0.1742543171114599,1610612759,8.0,22.0,0.364,8.0,19.0,0.421,25.0,69.0,0.362,16.0,41.0,0.39
1626153,Delon Wright,28.0,DAL,411,127,0.37,2019-20,0.3090024330900243,1610612742,6.0,12.0,0.5,8.0,14.0,0.571,33.0,98.0,0.337,14.0,26.0,0.538
203471,Dennis Schröder,26.0,OKC,965,325,0.385,2019-20,0.3367875647668393,1610612760,13.0,25.0,0.52,5.0,10.0,0.5,107.0,286.0,0.374,18.0,35.0,0.514
1628372,Dennis Smith Jr.,22.0,NYK,211,54,0.296,2019-20,0.2559241706161137,1610612752,1.0,5.0,0.2,2.0,4.0,0.5,13.0,45.0,0.289,3.0,9.0,0.333
1627756,Denzel Valentine,26.0,CHI,237,137,0.336,2019-20,0.5780590717299579,1610612741,4.0,8.0,0.5,5.0,13.0,0.385,37.0,114.0,0.325,9.0,21.0,0.429
1629126,Deonte Burton,26.0,OKC,125,53,0.189,2019-20,0.424,1610612760,1.0,5.0,0.2,1.0,9.0,0.111,8.0,36.0,0.222,2.0,14.0,0.143
202324,Derrick Favors,28.0,NOP,339,7,0.143,2019-20,0.0206489675516224,1610612740,1.0,4.0,0.25,0.0,1.0,0.0,0.0,2.0,0.0,1.0,5.0,0.2
1627884,Derrick Jones Jr.,23.0,MIA,349,132,0.28,2019-20,0.3782234957020057,1610612748,13.0,40.0,0.325,6.0,37.0,0.162,18.0,50.0,0.36,19.0,77.0,0.247
201565,Derrick Rose,31.0,DET,753,147,0.306,2019-20,0.1952191235059761,1610612765,3.0,8.0,0.375,6.0,11.0,0.545,36.0,127.0,0.283,9.0,19.0,0.474
1628476,Derrick Walton Jr.,25.0,DET,39,24,0.417,2019-20,0.6153846153846154,1610612765,1.0,3.0,0.333,1.0,5.0,0.2,8.0,16.0,0.5,2.0,8.0,0.25
1628401,Derrick White,25.0,SAS,552,216,0.366,2019-20,0.391304347826087,1610612759,6.0,22.0,0.273,7.0,13.0,0.538,66.0,178.0,0.371,13.0,35.0,0.371
1626164,Devin Booker,23.0,PHX,1283,398,0.354,2019-20,0.3102104442712393,1610612756,11.0,23.0,0.478,4.0,16.0,0.25,126.0,358.0,0.352,15.0,39.0,0.385
1628985,Devon Hall,24.0,OKC,30,17,0.235,2019-20,0.5666666666666667,1610612760,0.0,2.0,0.0,0.0,1.0,0.0,4.0,14.0,0.286,0.0,3.0,0.0
1629719,Devontae Cacok,23.0,LAL,6,0,0.0,2019-20,0.0,1610612747,0.0,0.0,0.0,0.0,0.0,0.0,0.0,0.0,0.0,0.0,0.0,0.0
1628984,Devonte' Graham,25.0,CHA,963,585,0.373,2019-20,0.6074766355140186,1610612766,7.0,17.0,0.412,10.0,23.0,0.435,200.0,541.0,0.37,17.0,40.0,0.425
1629608,Dewan Hernandez,23.0,TOR,14,2,0.5,2019-20,0.1428571428571428,1610612761,0.0,0.0,0.0,0.0,0.0,0.0,1.0,2.0,0.5,0.0,0.0,0.0
203473,Dewayne Dedmon,30.0,ATL,255,107,0.206,2019-20,0.4196078431372549,1610612737,1.0,5.0,0.2,2.0,15.0,0.133,19.0,87.0,0.218,3.0,20.0,0.15
1628415,Dillon Brooks,24.0,MEM,1068,411,0.358,2019-20,0.3848314606741573,1610612763,7.0,24.0,0.292,10.0,25.0,0.4,130.0,361.0,0.36,17.0,49.0,0.347
203079,Dion Waiters,28.0,LAL,99,47,0.319,2019-20,0.4747474747474747,1610612747,2.0,6.0,0.333,1.0,3.0,0.333,12.0,38.0,0.316,3.0,9.0,0.333
1627734,Domantas Sabonis,24.0,IND,848,67,0.254,2019-20,0.0790094339622641,1610612754,1.0,2.0,0.5,0.0,4.0,0.0,16.0,61.0,0.262,1.0,6.0,0.167
1628378,Donovan Mitchell,23.0,UTA,1342,473,0.366,2019-20,0.3524590163934426,1610612762,8.0,28.0,0.286,19.0,38.0,0.5,146.0,403.0,0.362,27.0,66.0,0.409
1629743,Donta Hall,22.0,BKN,22,0,0.0,2019-20,0.0,1610612751,0.0,0.0,0.0,0.0,0.0,0.0,0.0,0.0,0.0,0.0,0.0,0.0
1628978,Donte DiVincenzo,23.0,MIL,510,247,0.336,2019-20,0.4843137254901961,1610612749,4.0,22.0,0.182,6.0,19.0,0.316,72.0,202.0,0.356,10.0,41.0,0.244
1627827,Dorian Finney-Smith,27.0,DAL,522,303,0.376,2019-20,0.5804597701149425,1610612742,33.0,77.0,0.429,33.0,78.0,0.423,48.0,147.0,0.327,66.0,155.0,0.426
203926,Doug McDermott,28.0,IND,547,294,0.435,2019-20,0.5374771480804388,1610612754,26.0,60.0,0.433,5.0,12.0,0.417,98.0,223.0,0.439,31.0,72.0,0.431
1627733,Dragan Bender,22.0,GSW,92,43,0.349,2019-20,0.4673913043478261,1610612744,2.0,8.0,0.25,3.0,5.0,0.6,10.0,30.0,0.333,5.0,13.0,0.385
203110,Draymond Green,30.0,GSW,316,129,0.279,2019-20,0.4082278481012658,1610612744,1.0,4.0,0.25,3.0,9.0,0.333,32.0,116.0,0.276,4.0,13.0,0.308
1629234,Drew Eubanks,23.0,SAS,67,1,1.0,2019-20,0.0149253731343283,1610612759,0.0,0.0,0.0,1.0,1.0,1.0,0.0,0.0,0.0,1.0,1.0,1.0
1629130,Duncan Robinson,26.0,MIA,687,606,0.446,2019-20,0.8820960698689956,1610612748,36.0,66.0,0.545,37.0,83.0,0.446,197.0,456.0,0.432,73.0,149.0,0.49
1628605,Dusty Hannahs,26.0,MEM,9,3,0.667,2019-20,0.3333333333333333,1610612763,0.0,0.0,0.0,0.0,0.0,0.0,2.0,3.0,0.667,0.0,0.0,0.0
1628407,Dwayne Bacon,24.0,CHA,244,67,0.284,2019-20,0.2745901639344262,1610612766,2.0,9.0,0.222,1.0,2.0,0.5,16.0,56.0,0.286,3.0,11.0,0.273
2730,Dwight Howard,34.0,LAL,277,5,0.6,2019-20,0.0180505415162454,1610612747,1.0,1.0,1.0,0.0,1.0,0.0,2.0,3.0,0.667,1.0,2.0,0.5
203939,Dwight Powell,28.0,DAL,229,39,0.256,2019-20,0.1703056768558952,1610612742,1.0,5.0,0.2,3.0,7.0,0.429,6.0,27.0,0.222,4.0,12.0,0.333
1629058,Dzanan Musa,21.0,BKN,172,78,0.244,2019-20,0.4534883720930232,1610612751,0.0,3.0,0.0,3.0,9.0,0.333,16.0,66.0,0.242,3.0,12.0,0.25
202734,E'Twaun Moore,31.0,NOP,437,167,0.377,2019-20,0.3821510297482837,1610612740,13.0,33.0,0.394,10.0,25.0,0.4,40.0,109.0,0.367,23.0,58.0,0.397
202334,Ed Davis,31.0,UTA,46,0,0.0,2019-20,0.0,1610612762,0.0,0.0,0.0,0.0,0.0,0.0,0.0,0.0,0.0,0.0,0.0,0.0
1628410,Edmond Sumner,24.0,IND,142,53,0.264,2019-20,0.3732394366197183,1610612754,3.0,8.0,0.375,7.0,8.0,0.875,4.0,36.0,0.111,10.0,16.0,0.625
203901,Elfrid Payton,26.0,NYK,440,69,0.203,2019-20,0.1568181818181818,1610612752,0.0,3.0,0.0,3.0,8.0,0.375,11.0,58.0,0.19,3.0,11.0,0.273
1629059,Elie Okobo,22.0,PHX,181,71,0.352,2019-20,0.3922651933701657,1610612756,5.0,10.0,0.5,1.0,5.0,0.2,19.0,55.0,0.345,6.0,15.0,0.4
1626144,Emmanuel Mudiay,24.0,UTA,327,87,0.345,2019-20,0.2660550458715596,1610612762,4.0,16.0,0.25,3.0,8.0,0.375,23.0,62.0,0.371,7.0,24.0,0.292
202683,Enes Freedom,28.0,BOS,348,7,0.143,2019-20,0.0201149425287356,1610612738,0.0,0.0,0.0,0.0,1.0,0.0,1.0,6.0,0.167,0.0,1.0,0.0
202339,Eric Bledsoe,30.0,MIL,703,215,0.344,2019-20,0.3058321479374111,1610612749,3.0,14.0,0.214,5.0,17.0,0.294,66.0,184.0,0.359,8.0,31.0,0.258
201569,Eric Gordon,31.0,HOU,463,303,0.317,2019-20,0.6544276457883369,1610612745,5.0,14.0,0.357,0.0,11.0,0.0,91.0,276.0,0.33,5.0,25.0,0.2
1628450,Eric Mika,25.0,SAC,3,0,0.0,2019-20,0.0,1610612758,0.0,0.0,0.0,0.0,0.0,0.0,0.0,0.0,0.0,0.0,0.0,0.0
1629672,Eric Paschall,23.0,GSW,640,129,0.287,2019-20,0.2015625,1610612744,5.0,17.0,0.294,5.0,17.0,0.294,27.0,93.0,0.29,10.0,34.0,0.294
101141,Ersan Ilyasova,33.0,MIL,313,137,0.365,2019-20,0.4376996805111821,1610612749,6.0,13.0,0.462,5.0,24.0,0.208,39.0,100.0,0.39,11.0,37.0,0.297
203095,Evan Fournier,27.0,ORL,929,434,0.399,2019-20,0.4671689989235737,1610612753,30.0,53.0,0.566,5.0,14.0,0.357,139.0,368.0,0.378,35.0,67.0,0.522
202323,Evan Turner,31.0,MIN,67,5,0.0,2019-20,0.0746268656716417,1610612750,0.0,0.0,0.0,0.0,1.0,0.0,0.0,4.0,0.0,0.0,1.0,0.0
1628402,Frank Jackson,22.0,NOP,331,144,0.326,2019-20,0.4350453172205438,1610612740,10.0,26.0,0.385,10.0,28.0,0.357,27.0,88.0,0.307,20.0,54.0,0.37
1626163,Frank Kaminsky,27.0,PHX,307,124,0.331,2019-20,0.4039087947882736,1610612756,1.0,3.0,0.333,2.0,4.0,0.5,38.0,116.0,0.328,3.0,7.0,0.429
1628412,Frank Mason III,26.0,MIL,51,21,0.286,2019-20,0.4117647058823529,1610612749,0.0,2.0,0.0,1.0,3.0,0.333,5.0,16.0,0.313,1.0,5.0,0.2
1628373,Frank Ntilikina,21.0,NYK,333,137,0.321,2019-20,0.4114114114114114,1610612752,7.0,12.0,0.583,7.0,17.0,0.412,30.0,107.0,0.28,14.0,29.0,0.483
1627832,Fred VanVleet,26.0,TOR,773,374,0.39,2019-20,0.4838292367399741,1610612761,14.0,33.0,0.424,13.0,30.0,0.433,119.0,310.0,0.384,27.0,63.0,0.429
1627788,Furkan Korkmaz,22.0,PHI,563,356,0.402,2019-20,0.6323268206039077,1610612755,20.0,42.0,0.476,23.0,44.0,0.523,100.0,268.0,0.373,43.0,86.0,0.5
1629216,Gabe Vincent,24.0,MIA,37,27,0.222,2019-20,0.7297297297297297,1610612748,1.0,1.0,1.0,0.0,2.0,0.0,5.0,24.0,0.208,1.0,3.0,0.333
202066,Garrett Temple,34.0,BKN,587,386,0.329,2019-20,0.6575809199318569,1610612751,27.0,67.0,0.403,17.0,52.0,0.327,83.0,267.0,0.311,44.0,119.0,0.37
1629726,Garrison Mathews,23.0,WAS,56,46,0.413,2019-20,0.8214285714285714,1610612764,3.0,4.0,0.75,2.0,7.0,0.286,14.0,35.0,0.4,5.0,11.0,0.455
1629109,Gary Clark,25.0,ORL,133,111,0.351,2019-20,0.8345864661654135,1610612753,7.0,17.0,0.412,6.0,15.0,0.4,26.0,79.0,0.329,13.0,32.0,0.406
203914,Gary Harris,25.0,DEN,519,210,0.333,2019-20,0.4046242774566474,1610612743,22.0,44.0,0.5,10.0,22.0,0.455,38.0,140.0,0.271,32.0,66.0,0.485
1627780,Gary Payton II,27.0,WAS,116,46,0.283,2019-20,0.396551724137931,1610612764,5.0,15.0,0.333,1.0,6.0,0.167,7.0,24.0,0.292,6.0,21.0,0.286
1629018,Gary Trent Jr.,21.0,POR,441,268,0.418,2019-20,0.6077097505668935,1610612757,18.0,36.0,0.5,13.0,39.0,0.333,81.0,192.0,0.422,31.0,75.0,0.413
201588,George Hill,34.0,MIL,376,176,0.46,2019-20,0.4680851063829787,1610612749,13.0,25.0,0.52,9.0,19.0,0.474,59.0,131.0,0.45,22.0,44.0,0.5
1627777,Georges Niang,27.0,UTA,322,225,0.4,2019-20,0.6987577639751553,1610612762,21.0,52.0,0.404,19.0,44.0,0.432,50.0,129.0,0.388,40.0,96.0,0.417
203507,Giannis Antetokounmpo,25.0,MIL,1238,293,0.304,2019-20,0.2366720516962843,1610612749,5.0,8.0,0.625,0.0,2.0,0.0,84.0,283.0,0.297,5.0,10.0,0.5
203922,Glenn Robinson III,26.0,PHI,592,197,0.391,2019-20,0.3327702702702703,1610612755,13.0,37.0,0.351,19.0,40.0,0.475,45.0,119.0,0.378,32.0,77.0,0.416
1629048,Goga Bitadze,20.0,IND,150,42,0.19,2019-20,0.28,1610612754,2.0,2.0,1.0,0.0,3.0,0.0,6.0,36.0,0.167,2.0,5.0,0.4
201609,Goran Dragic,34.0,MIA,724,338,0.367,2019-20,0.4668508287292817,1610612748,19.0,33.0,0.576,8.0,32.0,0.25,97.0,272.0,0.357,27.0,65.0,0.415
202330,Gordon Hayward,30.0,BOS,700,222,0.383,2019-20,0.3171428571428571,1610612738,11.0,25.0,0.44,9.0,24.0,0.375,65.0,172.0,0.378,20.0,49.0,0.408
203476,Gorgui Dieng,30.0,MEM,364,152,0.355,2019-20,0.4175824175824176,1610612763,9.0,21.0,0.429,9.0,20.0,0.45,36.0,111.0,0.324,18.0,41.0,0.439
1629684,Grant Williams,21.0,BOS,211,96,0.25,2019-20,0.4549763033175355,1610612738,9.0,28.0,0.321,4.0,16.0,0.25,11.0,50.0,0.22,13.0,44.0,0.295
1628960,Grayson Allen,24.0,MEM,251,141,0.404,2019-20,0.5617529880478087,1610612763,17.0,28.0,0.607,3.0,10.0,0.3,37.0,103.0,0.359,20.0,38.0,0.526
1628977,Hamidou Diallo,21.0,OKC,296,57,0.281,2019-20,0.1925675675675675,1610612760,7.0,20.0,0.35,5.0,17.0,0.294,4.0,20.0,0.2,12.0,37.0,0.324
203084,Harrison Barnes,28.0,SAC,793,268,0.381,2019-20,0.3379571248423707,1610612758,20.0,46.0,0.435,16.0,50.0,0.32,65.0,171.0,0.38,36.0,96.0,0.375
1628385,Harry Giles III,22.0,SAC,251,2,0.0,2019-20,0.0079681274900398,1610612758,0.0,1.0,0.0,0.0,0.0,0.0,0.0,1.0,0.0,0.0,1.0,0.0
202355,Hassan Whiteside,31.0,POR,702,7,0.571,2019-20,0.0099715099715099,1610612757,0.0,0.0,0.0,0.0,0.0,0.0,4.0,7.0,0.571,0.0,0.0,0.0
1627740,Henry Ellenson,23.0,BKN,7,4,0.0,2019-20,0.5714285714285714,1610612751,,,,0.0,2.0,0.0,0.0,2.0,0.0,0.0,2.0,0.0
101133,Ian Mahinmi,33.0,WAS,210,26,0.192,2019-20,0.1238095238095238,1610612764,1.0,3.0,0.333,0.0,1.0,0.0,4.0,21.0,0.19,1.0,4.0,0.25
1629649,Ignas Brazdeikis,21.0,NYK,22,9,0.111,2019-20,0.4090909090909091,1610612752,0.0,1.0,0.0,0.0,0.0,0.0,1.0,8.0,0.125,0.0,1.0,0.0
202697,Iman Shumpert,30.0,BKN,64,33,0.242,2019-20,0.515625,1610612751,0.0,5.0,0.0,3.0,4.0,0.75,5.0,24.0,0.208,3.0,9.0,0.333
1629067,Isaac Bonga,20.0,WAS,234,71,0.352,2019-20,0.3034188034188034,1610612764,7.0,14.0,0.5,5.0,13.0,0.385,13.0,42.0,0.31,12.0,27.0,0.444
1628392,Isaiah Hartenstein,22.0,HOU,67,5,0.0,2019-20,0.0746268656716417,1610612745,0.0,1.0,0.0,0.0,0.0,0.0,0.0,4.0,0.0,0.0,1.0,0.0
1629676,Isaiah Roby,22.0,OKC,1,0,0.0,2019-20,0.0,1610612760,,,,0.0,0.0,0.0,0.0,0.0,0.0,0.0,0.0,0.0
202738,Isaiah Thomas,31.0,WAS,426,189,0.413,2019-20,0.4436619718309859,1610612764,3.0,8.0,0.375,5.0,16.0,0.313,70.0,165.0,0.424,8.0,24.0,0.333
202397,Ish Smith,31.0,WAS,689,169,0.367,2019-20,0.2452830188679245,1610612764,6.0,20.0,0.3,12.0,31.0,0.387,44.0,118.0,0.373,18.0,51.0,0.353
1627826,Ivica Zubac,23.0,LAC,385,2,0.0,2019-20,0.0051948051948051,1610612746,0.0,0.0,0.0,0.0,0.0,0.0,0.0,2.0,0.0,0.0,0.0,0.0
200826,J.J. Barea,36.0,DAL,207,85,0.376,2019-20,0.4106280193236715,1610612742,3.0,7.0,0.429,1.0,1.0,1.0,28.0,76.0,0.368,4.0,8.0,0.5
200755,JJ Redick,36.0,NOP,631,397,0.453,2019-20,0.6291600633914421,1610612740,8.0,23.0,0.348,25.0,39.0,0.641,147.0,336.0,0.438,33.0,62.0,0.532
2747,JR Smith,34.0,LAL,22,11,0.091,2019-20,0.5,1610612747,0.0,1.0,0.0,0.0,2.0,0.0,1.0,8.0,0.125,0.0,3.0,0.0
1629630,Ja Morant,20.0,MEM,937,179,0.335,2019-20,0.1910352187833511,1610612763,4.0,10.0,0.4,5.0,9.0,0.556,51.0,156.0,0.327,9.0,19.0,0.474
203960,JaKarr Sampson,27.0,IND,115,13,0.154,2019-20,0.1130434782608695,1610612754,0.0,6.0,0.0,1.0,4.0,0.25,1.0,3.0,0.333,1.0,10.0,0.1
203210,JaMychal Green,30.0,LAC,352,238,0.387,2019-20,0.6761363636363636,1610612746,14.0,30.0,0.467,10.0,29.0,0.345,68.0,178.0,0.382,24.0,59.0,0.407
201580,JaVale McGee,32.0,LAL,306,6,0.5,2019-20,0.0196078431372549,1610612747,0.0,0.0,0.0,0.0,0.0,0.0,3.0,5.0,0.6,0.0,0.0,0.0
203953,Jabari Parker,25.0,SAC,429,119,0.269,2019-20,0.2773892773892774,1610612758,7.0,23.0,0.304,6.0,17.0,0.353,19.0,77.0,0.247,13.0,40.0,0.325
1628980,Jacob Evans,23.0,MIN,134,39,0.333,2019-20,0.291044776119403,1610612750,1.0,5.0,0.2,2.0,5.0,0.4,10.0,29.0,0.345,3.0,10.0,0.3
203109,Jae Crowder,29.0,MIA,563,394,0.343,2019-20,0.6998223801065719,1610612748,20.0,41.0,0.488,15.0,52.0,0.288,100.0,300.0,0.333,35.0,93.0,0.376
1626143,Jahlil Okafor,24.0,NOP,162,3,0.333,2019-20,0.0185185185185185,1610612740,0.0,0.0,0.0,0.0,1.0,0.0,1.0,2.0,0.5,0.0,1.0,0.0
1627774,Jake Layman,26.0,MIN,179,72,0.333,2019-20,0.4022346368715084,1610612750,2.0,7.0,0.286,3.0,8.0,0.375,19.0,57.0,0.333,5.0,15.0,0.333
1627751,Jakob Poeltl,24.0,SAS,266,0,0.0,2019-20,0.0,1610612759,0.0,0.0,0.0,0.0,0.0,0.0,0.0,0.0,0.0,0.0,0.0,0.0
1628973,Jalen Brunson,23.0,DAL,388,120,0.358,2019-20,0.3092783505154639,1610612742,4.0,13.0,0.308,6.0,16.0,0.375,33.0,91.0,0.363,10.0,29.0,0.345
1629665,Jalen Lecque,20.0,PHX,10,4,0.0,2019-20,0.4,1610612756,0.0,0.0,0.0,0.0,2.0,0.0,0.0,2.0,0.0,0.0,2.0,0.0
1629667,Jalen McDaniels,22.0,CHA,70,24,0.375,2019-20,0.3428571428571428,1610612766,2.0,6.0,0.333,4.0,8.0,0.5,3.0,9.0,0.333,6.0,14.0,0.429
2037,Jamal Crawford,40.0,BKN,4,2,0.5,2019-20,0.5,1610612751,0.0,0.0,0.0,0.0,0.0,0.0,1.0,2.0,0.5,0.0,0.0,0.0
1627750,Jamal Murray,23.0,DEN,894,324,0.346,2019-20,0.3624161073825503,1610612743,8.0,17.0,0.471,6.0,17.0,0.353,97.0,286.0,0.339,14.0,34.0,0.412
203516,James Ennis III,29.0,ORL,359,169,0.325,2019-20,0.4707520891364902,1610612753,11.0,30.0,0.367,12.0,30.0,0.4,32.0,107.0,0.299,23.0,60.0,0.383
201935,James Harden,30.0,HOU,1514,843,0.355,2019-20,0.5568031704095112,1610612745,8.0,20.0,0.4,6.0,19.0,0.316,285.0,803.0,0.355,14.0,39.0,0.359
201949,James Johnson,33.0,MIN,215,91,0.363,2019-20,0.4232558139534884,1610612750,4.0,8.0,0.5,1.0,9.0,0.111,28.0,72.0,0.389,5.0,17.0,0.294
201162,Jared Dudley,34.0,LAL,60,42,0.429,2019-20,0.7,1610612747,3.0,5.0,0.6,4.0,8.0,0.5,11.0,29.0,0.379,7.0,13.0,0.538
1629607,Jared Harper,22.0,NYK,4,2,0.0,2019-20,0.5,1610612752,0.0,0.0,0.0,0.0,0.0,0.0,0.0,2.0,0.0,0.0,0.0,0.0
1628991,Jaren Jackson Jr.,20.0,MEM,753,368,0.394,2019-20,0.4887118193891102,1610612763,11.0,33.0,0.333,22.0,50.0,0.44,112.0,283.0,0.396,33.0,83.0,0.398
1629020,Jarred Vanderbilt,21.0,MIN,8,1,0.0,2019-20,0.125,1610612750,0.0,0.0,0.0,0.0,1.0,0.0,0.0,0.0,0.0,0.0,1.0,0.0
1629714,Jarrell Brantley,24.0,UTA,28,13,0.231,2019-20,0.4642857142857143,1610612762,1.0,3.0,0.333,1.0,3.0,0.333,1.0,7.0,0.143,2.0,6.0,0.333
1628386,Jarrett Allen,22.0,BKN,465,6,0.0,2019-20,0.0129032258064516,1610612751,0.0,3.0,0.0,0.0,2.0,0.0,0.0,1.0,0.0,0.0,5.0,0.0
1629633,Jarrett Culver,21.0,MIN,569,221,0.299,2019-20,0.3884007029876977,1610612750,4.0,18.0,0.222,6.0,25.0,0.24,56.0,177.0,0.316,10.0,43.0,0.233
1627784,Jarrod Uthoff,27.0,WAS,18,9,0.333,2019-20,0.5,1610612764,0.0,1.0,0.0,1.0,1.0,1.0,2.0,7.0,0.286,1.0,2.0,0.5
1629750,Javonte Green,26.0,BOS,126,33,0.273,2019-20,0.2619047619047619,1610612738,2.0,6.0,0.333,2.0,6.0,0.333,5.0,20.0,0.25,4.0,12.0,0.333
1629637,Jaxson Hayes,20.0,NOP,259,4,0.25,2019-20,0.0154440154440154,1610612740,1.0,1.0,1.0,0.0,0.0,0.0,0.0,0.0,0.0,1.0,1.0,1.0
1627759,Jaylen Brown,23.0,BOS,887,338,0.382,2019-20,0.3810597519729425,1610612738,24.0,51.0,0.471,22.0,44.0,0.5,83.0,241.0,0.344,46.0,95.0,0.484
1629658,Jaylen Hoard,21.0,POR,32,3,0.0,2019-20,0.09375,1610612757,0.0,0.0,0.0,0.0,0.0,0.0,0.0,3.0,0.0,0.0,0.0,0.0
1629669,Jaylen Nowell,20.0,MIN,53,26,0.115,2019-20,0.490566037735849,1610612750,1.0,8.0,0.125,0.0,0.0,0.0,2.0,17.0,0.118,1.0,8.0,0.125
1628369,Jayson Tatum,22.0,BOS,1226,469,0.403,2019-20,0.3825448613376835,1610612738,24.0,48.0,0.5,9.0,37.0,0.243,156.0,381.0,0.409,33.0,85.0,0.388
201145,Jeff Green,33.0,HOU,344,183,0.339,2019-20,0.5319767441860465,1610612745,15.0,39.0,0.385,13.0,36.0,0.361,34.0,100.0,0.34,28.0,75.0,0.373
201952,Jeff Teague,32.0,ATL,489,117,0.368,2019-20,0.2392638036809816,1610612737,1.0,4.0,0.25,4.0,7.0,0.571,38.0,106.0,0.358,5.0,11.0,0.455
203924,Jerami Grant,26.0,DEN,634,252,0.389,2019-20,0.3974763406940063,1610612743,7.0,34.0,0.206,21.0,47.0,0.447,69.0,168.0,0.411,28.0,81.0,0.346
1629725,Jeremiah Martin,24.0,BKN,53,18,0.278,2019-20,0.3396226415094339,1610612751,0.0,2.0,0.0,0.0,0.0,0.0,5.0,16.0,0.313,0.0,2.0,0.0
203087,Jeremy Lamb,28.0,IND,479,158,0.335,2019-20,0.3298538622129436,1610612754,4.0,13.0,0.308,6.0,14.0,0.429,43.0,130.0,0.331,10.0,27.0,0.37
202951,Jeremy Pargo,34.0,GSW,22,7,0.429,2019-20,0.3181818181818182,1610612744,0.0,0.0,0.0,0.0,0.0,0.0,3.0,7.0,0.429,0.0,0.0,0.0
1626170,Jerian Grant,27.0,WAS,27,8,0.25,2019-20,0.2962962962962963,1610612764,0.0,0.0,0.0,0.0,1.0,0.0,2.0,7.0,0.286,0.0,1.0,0.0
1629010,Jerome Robinson,23.0,WAS,310,153,0.32,2019-20,0.4935483870967742,1610612764,8.0,28.0,0.286,4.0,17.0,0.235,37.0,108.0,0.343,12.0,45.0,0.267
1628975,Jevon Carter,24.0,PHX,243,146,0.425,2019-20,0.6008230452674898,1610612756,11.0,30.0,0.367,13.0,22.0,0.591,38.0,92.0,0.413,24.0,52.0,0.462
202710,Jimmy Butler III,30.0,MIA,758,119,0.244,2019-20,0.1569920844327176,1610612748,2.0,7.0,0.286,4.0,20.0,0.2,23.0,87.0,0.264,6.0,27.0,0.222
201149,Joakim Noah,35.0,LAC,8,0,0.0,2019-20,0.0,1610612746,0.0,0.0,0.0,0.0,0.0,0.0,0.0,0.0,0.0,0.0,0.0,0.0
1629147,Joe Chealey,24.0,CHA,7,4,0.0,2019-20,0.5714285714285714,1610612766,0.0,1.0,0.0,0.0,2.0,0.0,0.0,1.0,0.0,0.0,3.0,0.0
203925,Joe Harris,28.0,BKN,784,406,0.424,2019-20,0.5178571428571429,1610612751,25.0,37.0,0.676,13.0,36.0,0.361,134.0,333.0,0.402,38.0,73.0,0.521
204060,Joe Ingles,32.0,UTA,553,353,0.399,2019-20,0.6383363471971067,1610612762,11.0,37.0,0.297,18.0,44.0,0.409,111.0,269.0,0.413,29.0,81.0,0.358
203954,Joel Embiid,26.0,PHI,801,172,0.331,2019-20,0.2147315855181023,1610612755,2.0,3.0,0.667,0.0,4.0,0.0,55.0,163.0,0.337,2.0,7.0,0.286
1628381,John Collins,22.0,ATL,605,147,0.401,2019-20,0.2429752066115702,1610612737,4.0,8.0,0.5,3.0,11.0,0.273,52.0,127.0,0.409,7.0,19.0,0.368
203089,John Henson,29.0,DET,171,36,0.222,2019-20,0.2105263157894736,1610612765,3.0,8.0,0.375,1.0,3.0,0.333,4.0,24.0,0.167,4.0,11.0,0.364
1629723,John Konchar,24.0,MEM,37,10,0.5,2019-20,0.2702702702702703,1610612763,0.0,3.0,0.0,0.0,1.0,0.0,5.0,6.0,0.833,0.0,4.0,0.0
1628405,Johnathan Motley,25.0,LAC,15,1,1.0,2019-20,0.0666666666666666,1610612746,0.0,0.0,0.0,0.0,0.0,0.0,1.0,1.0,1.0,0.0,0.0,0.0
1629140,Johnathan Williams,25.0,WAS,34,2,0.0,2019-20,0.0588235294117647,1610612764,0.0,0.0,0.0,0.0,1.0,0.0,0.0,0.0,0.0,0.0,1.0,0.0
1628413,Jonah Bolden,24.0,PHX,11,4,0.0,2019-20,0.3636363636363636,1610612756,0.0,1.0,0.0,0.0,1.0,0.0,0.0,2.0,0.0,0.0,2.0,0.0
202685,Jonas Valančiūnas,28.0,MEM,739,91,0.352,2019-20,0.1231393775372124,1610612763,2.0,5.0,0.4,1.0,9.0,0.111,29.0,76.0,0.382,3.0,14.0,0.214
1628371,Jonathan Isaac,22.0,ORL,332,94,0.34,2019-20,0.2831325301204819,1610612753,8.0,18.0,0.444,3.0,7.0,0.429,21.0,69.0,0.304,11.0,25.0,0.44
1628395,Jordan Bell,25.0,CLE,67,12,0.333,2019-20,0.1791044776119403,1610612739,0.0,1.0,0.0,4.0,7.0,0.571,0.0,4.0,0.0,4.0,8.0,0.5
1629648,Jordan Bone,22.0,DET,20,10,0.2,2019-20,0.5,1610612765,0.0,1.0,0.0,0.0,0.0,0.0,2.0,9.0,0.222,0.0,1.0,0.0
203903,Jordan Clarkson,28.0,UTA,867,413,0.368,2019-20,0.4763552479815455,1610612762,26.0,57.0,0.456,16.0,47.0,0.34,110.0,308.0,0.357,42.0,104.0,0.404
1629162,Jordan McLaughlin,24.0,MIN,178,76,0.382,2019-20,0.4269662921348314,1610612750,2.0,6.0,0.333,2.0,4.0,0.5,25.0,62.0,0.403,4.0,10.0,0.4
203895,Jordan McRae,29.0,DET,366,126,0.357,2019-20,0.3442622950819672,1610612765,10.0,19.0,0.526,1.0,5.0,0.2,34.0,100.0,0.34,11.0,24.0,0.458
1629673,Jordan Poole,21.0,GSW,502,265,0.279,2019-20,0.5278884462151394,1610612744,6.0,22.0,0.273,6.0,15.0,0.4,62.0,226.0,0.274,12.0,37.0,0.324
1627982,Josh Gray,26.0,NOP,2,0,0.0,2019-20,0.0,1610612740,0.0,0.0,0.0,0.0,0.0,0.0,0.0,0.0,0.0,0.0,0.0,0.0
1628404,Josh Hart,25.0,NOP,532,354,0.342,2019-20,0.6654135338345865,1610612740,19.0,51.0,0.373,24.0,50.0,0.48,78.0,253.0,0.308,43.0,101.0,0.426
1628367,Josh Jackson,23.0,MEM,159,72,0.319,2019-20,0.4528301886792453,1610612763,3.0,19.0,0.158,5.0,6.0,0.833,15.0,46.0,0.326,8.0,25.0,0.32
203705,Josh Magette,30.0,ORL,15,4,0.25,2019-20,0.2666666666666666,1610612753,0.0,0.0,0.0,0.0,0.0,0.0,1.0,4.0,0.25,0.0,0.0,0.0
1629006,Josh Okogie,21.0,MIN,398,154,0.266,2019-20,0.3869346733668342,1610612750,8.0,20.0,0.4,8.0,28.0,0.286,25.0,106.0,0.236,16.0,48.0,0.333
1629729,Josh Reaves,23.0,DAL,9,2,0.0,2019-20,0.2222222222222222,1610612742,0.0,0.0,0.0,0.0,1.0,0.0,0.0,1.0,0.0,0.0,1.0,0.0
1626196,Josh Richardson,26.0,PHI,646,249,0.341,2019-20,0.3854489164086687,1610612755,8.0,22.0,0.364,4.0,12.0,0.333,73.0,215.0,0.34,12.0,34.0,0.353
201950,Jrue Holiday,30.0,NOP,1006,346,0.353,2019-20,0.3439363817097415,1610612740,13.0,33.0,0.394,11.0,24.0,0.458,98.0,287.0,0.341,24.0,57.0,0.421
1629308,Juan Toscano-Anderson,27.0,GSW,63,23,0.348,2019-20,0.365079365079365,1610612744,3.0,4.0,0.75,0.0,4.0,0.0,5.0,15.0,0.333,3.0,8.0,0.375
1627823,Juancho Hernangomez,24.0,MIN,247,129,0.341,2019-20,0.5222672064777328,1610612750,4.0,8.0,0.5,6.0,22.0,0.273,34.0,98.0,0.347,10.0,30.0,0.333
203944,Julius Randle,25.0,NYK,1006,231,0.277,2019-20,0.2296222664015904,1610612752,8.0,26.0,0.308,7.0,15.0,0.467,48.0,188.0,0.255,15.0,41.0,0.366
1626147,Justin Anderson,26.0,BKN,38,29,0.207,2019-20,0.7631578947368421,1610612751,1.0,2.0,0.5,1.0,6.0,0.167,4.0,21.0,0.19,2.0,8.0,0.25
203200,Justin Holiday,31.0,IND,486,331,0.405,2019-20,0.6810699588477366,1610612754,22.0,67.0,0.328,32.0,66.0,0.485,79.0,194.0,0.407,54.0,133.0,0.406
1628382,Justin Jackson,25.0,DAL,341,163,0.294,2019-20,0.4780058651026393,1610612742,5.0,18.0,0.278,6.0,22.0,0.273,37.0,123.0,0.301,11.0,40.0,0.275
1629713,Justin James,23.0,SAC,84,29,0.31,2019-20,0.3452380952380952,1610612758,2.0,7.0,0.286,2.0,3.0,0.667,5.0,18.0,0.278,4.0,10.0,0.4
1628383,Justin Patton,23.0,DET,10,4,0.25,2019-20,0.4,1610612765,0.0,1.0,0.0,0.0,1.0,0.0,1.0,2.0,0.5,0.0,2.0,0.0
1629620,Justin Robinson,22.0,WAS,12,5,0.6,2019-20,0.4166666666666667,1610612764,0.0,0.0,0.0,0.0,0.0,0.0,3.0,5.0,0.6,0.0,0.0,0.0
1629625,Justin Wright-Foreman,22.0,UTA,20,10,0.2,2019-20,0.5,1610612762,1.0,1.0,1.0,0.0,0.0,0.0,1.0,9.0,0.111,1.0,1.0,1.0
1626159,Justise Winslow,24.0,MEM,129,27,0.222,2019-20,0.2093023255813953,1610612763,0.0,6.0,0.0,1.0,2.0,0.5,5.0,19.0,0.263,1.0,8.0,0.125
203994,Jusuf Nurkić,25.0,POR,109,10,0.2,2019-20,0.091743119266055,1610612757,0.0,0.0,0.0,0.0,1.0,0.0,2.0,9.0,0.222,0.0,1.0,0.0
1629752,Juwan Morgan,23.0,UTA,26,8,0.375,2019-20,0.3076923076923077,1610612762,1.0,3.0,0.333,0.0,1.0,0.0,2.0,4.0,0.5,1.0,4.0,0.25
1629644,KZ Okpala,21.0,MIA,5,1,0.0,2019-20,0.2,1610612748,0.0,0.0,0.0,0.0,1.0,0.0,0.0,0.0,0.0,0.0,1.0,0.0
1628443,Kadeem Allen,27.0,NYK,44,16,0.313,2019-20,0.3636363636363636,1610612752,1.0,2.0,0.5,1.0,3.0,0.333,3.0,11.0,0.273,2.0,5.0,0.4
1626157,Karl-Anthony Towns,24.0,MIN,622,277,0.412,2019-20,0.4453376205787781,1610612750,8.0,22.0,0.364,5.0,7.0,0.714,101.0,248.0,0.407,13.0,29.0,0.448
202695,Kawhi Leonard,29.0,LAC,1133,325,0.378,2019-20,0.2868490732568402,1610612746,5.0,10.0,0.5,4.0,10.0,0.4,113.0,304.0,0.372,9.0,20.0,0.45
1628966,Keita Bates-Diop,24.0,DEN,234,103,0.33,2019-20,0.4401709401709401,1610612743,11.0,21.0,0.524,8.0,23.0,0.348,15.0,59.0,0.254,19.0,44.0,0.432
1629103,Kelan Martin,24.0,MIN,181,96,0.26,2019-20,0.5303867403314917,1610612750,6.0,18.0,0.333,6.0,20.0,0.3,12.0,57.0,0.211,12.0,38.0,0.316
1629640,Keldon Johnson,20.0,SAS,89,22,0.591,2019-20,0.247191011235955,1610612759,6.0,12.0,0.5,2.0,3.0,0.667,5.0,6.0,0.833,8.0,15.0,0.533
203482,Kelly Olynyk,29.0,MIA,398,234,0.406,2019-20,0.5879396984924623,1610612748,7.0,19.0,0.368,11.0,28.0,0.393,77.0,186.0,0.414,18.0,47.0,0.383
1626162,Kelly Oubre Jr.,24.0,PHX,826,307,0.352,2019-20,0.3716707021791767,1610612756,9.0,34.0,0.265,21.0,57.0,0.368,78.0,215.0,0.363,30.0,91.0,0.33
202689,Kemba Walker,30.0,BOS,889,473,0.381,2019-20,0.532058492688414,1610612738,7.0,18.0,0.389,3.0,9.0,0.333,170.0,441.0,0.385,10.0,27.0,0.37
1629134,Kendrick Nunn,24.0,MIA,914,391,0.35,2019-20,0.4277899343544857,1610612748,19.0,58.0,0.328,11.0,34.0,0.324,107.0,298.0,0.359,30.0,92.0,0.326
1629026,Kenrich Williams,25.0,NOP,147,97,0.258,2019-20,0.6598639455782312,1610612740,8.0,23.0,0.348,8.0,21.0,0.381,9.0,51.0,0.176,16.0,44.0,0.364
203145,Kent Bazemore,30.0,SAC,534,244,0.344,2019-20,0.4569288389513108,1610612758,16.0,54.0,0.296,20.0,59.0,0.339,47.0,125.0,0.376,36.0,113.0,0.319
203484,Kentavious Caldwell-Pope,27.0,LAL,507,239,0.385,2019-20,0.4714003944773176,1610612747,20.0,48.0,0.417,18.0,49.0,0.367,53.0,140.0,0.379,38.0,97.0,0.392
1628987,Kevin Hervey,23.0,OKC,27,20,0.15,2019-20,0.7407407407407407,1610612760,1.0,2.0,0.5,0.0,0.0,0.0,2.0,18.0,0.111,1.0,2.0,0.5
1628989,Kevin Huerter,21.0,ATL,610,334,0.38,2019-20,0.5475409836065573,1610612737,16.0,31.0,0.516,11.0,30.0,0.367,100.0,272.0,0.368,27.0,61.0,0.443
1628995,Kevin Knox II,20.0,NYK,401,199,0.327,2019-20,0.4962593516209476,1610612752,6.0,29.0,0.207,7.0,22.0,0.318,52.0,147.0,0.354,13.0,51.0,0.255
201567,Kevin Love,31.0,CLE,727,390,0.374,2019-20,0.5364511691884457,1610612739,20.0,43.0,0.465,8.0,17.0,0.471,118.0,330.0,0.358,28.0,60.0,0.467
1629645,Kevin Porter Jr.,20.0,CLE,421,158,0.335,2019-20,0.3752969121140142,1610612739,5.0,15.0,0.333,9.0,20.0,0.45,39.0,122.0,0.32,14.0,35.0,0.4
1626172,Kevon Looney,24.0,GSW,79,14,0.071,2019-20,0.1772151898734177,1610612744,0.0,1.0,0.0,1.0,5.0,0.2,0.0,7.0,0.0,1.0,6.0,0.167
203920,Khem Birch,27.0,ORL,143,1,0.0,2019-20,0.0069930069930069,1610612753,0.0,1.0,0.0,0.0,0.0,0.0,0.0,0.0,0.0,0.0,1.0,0.0
203114,Khris Middleton,28.0,MIL,947,354,0.415,2019-20,0.3738120380147835,1610612749,13.0,24.0,0.542,13.0,30.0,0.433,121.0,298.0,0.406,26.0,54.0,0.481
1629017,Khyri Thomas,24.0,DET,17,14,0.357,2019-20,0.8235294117647058,1610612765,0.0,0.0,0.0,1.0,3.0,0.333,3.0,9.0,0.333,1.0,3.0,0.333
1628961,Kostas Antetokounmpo,22.0,LAL,3,0,0.0,2019-20,0.0,1610612747,0.0,0.0,0.0,0.0,0.0,0.0,0.0,0.0,0.0,0.0,0.0,0.0
1627739,Kris Dunn,26.0,CHI,342,112,0.259,2019-20,0.327485380116959,1610612741,4.0,17.0,0.235,4.0,13.0,0.308,21.0,81.0,0.259,8.0,30.0,0.267
204001,Kristaps Porziņģis,24.0,DAL,932,403,0.352,2019-20,0.4324034334763948,1610612742,1.0,8.0,0.125,5.0,11.0,0.455,136.0,382.0,0.356,6.0,19.0,0.316
1629065,Ky Bowman,23.0,GSW,321,107,0.308,2019-20,0.3333333333333333,1610612744,10.0,17.0,0.588,2.0,10.0,0.2,21.0,79.0,0.266,12.0,27.0,0.444
1629734,Kyle Alexander,23.0,MIA,2,0,0.0,2019-20,0.0,1610612748,0.0,0.0,0.0,0.0,0.0,0.0,0.0,0.0,0.0,0.0,0.0,0.0
203937,Kyle Anderson,26.0,MEM,331,85,0.282,2019-20,0.256797583081571,1610612763,9.0,27.0,0.333,4.0,20.0,0.2,11.0,37.0,0.297,13.0,47.0,0.277
1629657,Kyle Guy,22.0,SAC,5,3,0.0,2019-20,0.6,1610612758,,,,0.0,1.0,0.0,0.0,2.0,0.0,0.0,1.0,0.0
2594,Kyle Korver,39.0,MIL,293,237,0.418,2019-20,0.8088737201365188,1610612749,13.0,29.0,0.448,13.0,30.0,0.433,73.0,178.0,0.41,26.0,59.0,0.441
1628398,Kyle Kuzma,24.0,LAL,668,272,0.316,2019-20,0.4071856287425149,1610612747,15.0,33.0,0.455,19.0,32.0,0.594,52.0,205.0,0.254,34.0,65.0,0.523
200768,Kyle Lowry,34.0,TOR,803,466,0.352,2019-20,0.5803237858032378,1610612761,11.0,27.0,0.407,2.0,16.0,0.125,151.0,418.0,0.361,13.0,43.0,0.302
203124,Kyle O'Quinn,30.0,PHI,85,27,0.259,2019-20,0.3176470588235294,1610612755,0.0,2.0,0.0,0.0,3.0,0.0,7.0,22.0,0.318,0.0,5.0,0.0
202681,Kyrie Irving,28.0,BKN,416,142,0.394,2019-20,0.3413461538461538,1610612751,3.0,5.0,0.6,5.0,10.0,0.5,48.0,127.0,0.378,8.0,15.0,0.533
200746,LaMarcus Aldridge,34.0,SAS,793,157,0.389,2019-20,0.1979823455233291,1610612759,10.0,21.0,0.476,1.0,8.0,0.125,50.0,127.0,0.394,11.0,29.0,0.379
202498,Lance Thomas,32.0,BKN,23,13,0.308,2019-20,0.5652173913043478,1610612751,2.0,5.0,0.4,1.0,5.0,0.2,1.0,3.0,0.333,3.0,10.0,0.3
1629013,Landry Shamet,23.0,LAC,391,296,0.375,2019-20,0.7570332480818415,1610612746,15.0,42.0,0.357,20.0,40.0,0.5,76.0,212.0,0.358,35.0,82.0,0.427
204038,Langston Galloway,28.0,DET,542,331,0.399,2019-20,0.6107011070110702,1610612765,38.0,60.0,0.633,31.0,71.0,0.437,63.0,198.0,0.318,69.0,131.0,0.527
1626204,Larry Nance Jr.,27.0,CLE,431,159,0.352,2019-20,0.3689095127610209,1610612739,7.0,21.0,0.333,11.0,24.0,0.458,38.0,111.0,0.342,18.0,45.0,0.4
1628374,Lauri Markkanen,23.0,CHI,591,317,0.344,2019-20,0.5363790186125211,1610612741,12.0,26.0,0.462,9.0,22.0,0.409,88.0,268.0,0.328,21.0,48.0,0.438
2544,LeBron James,35.0,LAL,1303,425,0.348,2019-20,0.3261703760552571,1610612747,6.0,11.0,0.545,7.0,17.0,0.412,136.0,396.0,0.343,13.0,28.0,0.464
1629022,Lonnie Walker IV,21.0,SAS,357,101,0.406,2019-20,0.2829131652661064,1610612759,5.0,18.0,0.278,5.0,11.0,0.455,31.0,70.0,0.443,10.0,29.0,0.345
1628366,Lonzo Ball,22.0,NOP,687,395,0.375,2019-20,0.5749636098981077,1610612740,15.0,46.0,0.326,18.0,46.0,0.391,114.0,300.0,0.38,33.0,92.0,0.359
101150,Lou Williams,33.0,LAC,936,315,0.352,2019-20,0.3365384615384615,1610612746,15.0,48.0,0.313,11.0,26.0,0.423,84.0,239.0,0.351,26.0,74.0,0.351
1629663,Louis King,21.0,DET,21,11,0.364,2019-20,0.5238095238095238,1610612765,2.0,3.0,0.667,1.0,1.0,1.0,1.0,7.0,0.143,3.0,4.0,0.75
201601,Luc Mbah a Moute,33.0,HOU,5,2,0.0,2019-20,0.4,1610612745,0.0,0.0,0.0,0.0,0.0,0.0,0.0,2.0,0.0,0.0,0.0,0.0
1629652,Luguentz Dort,21.0,OKC,218,101,0.297,2019-20,0.463302752293578,1610612760,5.0,14.0,0.357,8.0,28.0,0.286,17.0,58.0,0.293,13.0,42.0,0.31
1629029,Luka Dončić,21.0,DAL,1255,541,0.316,2019-20,0.4310756972111553,1610612742,3.0,11.0,0.273,0.0,3.0,0.0,168.0,519.0,0.324,3.0,14.0,0.214
1629677,Luka Samanic,20.0,SAS,16,8,0.375,2019-20,0.5,1610612759,0.0,0.0,0.0,0.0,0.0,0.0,3.0,8.0,0.375,0.0,0.0,0.0
1628379,Luke Kennard,24.0,DET,342,183,0.399,2019-20,0.5350877192982456,1610612765,6.0,13.0,0.462,7.0,22.0,0.318,59.0,146.0,0.404,13.0,35.0,0.371
1628436,Luke Kornet,24.0,CHI,187,108,0.287,2019-20,0.5775401069518716,1610612741,2.0,15.0,0.133,2.0,10.0,0.2,27.0,83.0,0.325,4.0,25.0,0.16
1627763,Malcolm Brogdon,27.0,IND,744,230,0.326,2019-20,0.3091397849462365,1610612754,0.0,6.0,0.0,6.0,15.0,0.4,69.0,209.0,0.33,6.0,21.0,0.286
1626259,Malcolm Miller,27.0,TOR,29,22,0.364,2019-20,0.7586206896551724,1610612761,3.0,3.0,1.0,1.0,4.0,0.25,4.0,15.0,0.267,4.0,7.0,0.571
1627736,Malik Beasley,23.0,MIN,534,276,0.388,2019-20,0.5168539325842697,1610612750,15.0,33.0,0.455,10.0,25.0,0.4,82.0,217.0,0.378,25.0,58.0,0.431
1628370,Malik Monk,22.0,CHA,488,204,0.284,2019-20,0.4180327868852459,1610612766,6.0,22.0,0.273,3.0,15.0,0.2,49.0,162.0,0.302,9.0,37.0,0.243
1629005,Malik Newman,23.0,CLE,2,1,0.0,2019-20,0.5,1610612739,0.0,0.0,0.0,0.0,0.0,0.0,0.0,1.0,0.0,0.0,0.0,0.0
201188,Marc Gasol,35.0,TOR,279,148,0.385,2019-20,0.5304659498207885,1610612761,3.0,7.0,0.429,3.0,7.0,0.429,51.0,134.0,0.381,6.0,14.0,0.429
201158,Marco Belinelli,34.0,SAS,314,178,0.376,2019-20,0.5668789808917197,1610612759,6.0,18.0,0.333,12.0,23.0,0.522,49.0,137.0,0.358,18.0,41.0,0.439
202694,Marcus Morris Sr.,30.0,LAC,810,348,0.408,2019-20,0.4296296296296296,1610612746,26.0,60.0,0.433,10.0,24.0,0.417,106.0,260.0,0.408,36.0,84.0,0.429
203935,Marcus Smart,26.0,BOS,682,395,0.347,2019-20,0.5791788856304986,1610612738,16.0,44.0,0.364,5.0,19.0,0.263,116.0,328.0,0.354,21.0,63.0,0.333
1629621,Marial Shayok,24.0,PHI,12,6,0.333,2019-20,0.5,1610612755,0.0,1.0,0.0,0.0,1.0,0.0,2.0,4.0,0.5,0.0,2.0,0.0
1626209,Mario Hezonja,25.0,POR,218,78,0.308,2019-20,0.3577981651376147,1610612757,1.0,5.0,0.2,2.0,9.0,0.222,21.0,63.0,0.333,3.0,14.0,0.214
1628365,Markelle Fultz,22.0,ORL,772,135,0.267,2019-20,0.1748704663212435,1610612753,4.0,15.0,0.267,2.0,5.0,0.4,29.0,107.0,0.271,6.0,20.0,0.3
202693,Markieff Morris,30.0,LAL,458,228,0.386,2019-20,0.4978165938864629,1610612747,17.0,40.0,0.425,10.0,30.0,0.333,61.0,154.0,0.396,27.0,70.0,0.386
1629741,Marko Guduric,25.0,MEM,157,83,0.301,2019-20,0.5286624203821656,1610612763,4.0,8.0,0.5,5.0,15.0,0.333,16.0,60.0,0.267,9.0,23.0,0.391
1627737,Marquese Chriss,22.0,GSW,385,39,0.205,2019-20,0.1012987012987013,1610612744,2.0,4.0,0.5,0.0,1.0,0.0,6.0,33.0,0.182,2.0,5.0,0.4
1628963,Marvin Bagley III,21.0,SAC,167,22,0.182,2019-20,0.1317365269461078,1610612758,0.0,0.0,0.0,0.0,1.0,0.0,4.0,21.0,0.19,0.0,1.0,0.0
101107,Marvin Williams,34.0,MIL,267,156,0.359,2019-20,0.5842696629213483,1610612749,15.0,37.0,0.405,12.0,23.0,0.522,29.0,95.0,0.305,27.0,60.0,0.45
203486,Mason Plumlee,30.0,DEN,288,5,0.0,2019-20,0.0173611111111111,1610612743,0.0,2.0,0.0,0.0,0.0,0.0,0.0,2.0,0.0,0.0,2.0,0.0
1629680,Matisse Thybulle,23.0,PHI,265,157,0.357,2019-20,0.5924528301886792,1610612755,14.0,32.0,0.438,9.0,23.0,0.391,33.0,101.0,0.327,23.0,55.0,0.418
1629760,Matt Mooney,25.0,CLE,4,2,0.0,2019-20,0.5,1610612739,0.0,0.0,0.0,0.0,1.0,0.0,0.0,1.0,0.0,0.0,1.0,0.0
1629744,Matt Thomas,25.0,TOR,150,99,0.475,2019-20,0.66,1610612761,8.0,14.0,0.571,5.0,11.0,0.455,33.0,73.0,0.452,13.0,25.0,0.52
203521,Matthew Dellavedova,29.0,CLE,175,91,0.231,2019-20,0.52,1610612739,4.0,12.0,0.333,1.0,4.0,0.25,16.0,75.0,0.213,5.0,16.0,0.313
203090,Maurice Harkless,27.0,NYK,283,98,0.347,2019-20,0.3462897526501767,1610612752,13.0,33.0,0.394,7.0,22.0,0.318,13.0,42.0,0.31,20.0,55.0,0.364
1629622,Max Strus,24.0,CHI,3,1,0.0,2019-20,0.3333333333333333,1610612741,0.0,0.0,0.0,0.0,0.0,0.0,0.0,1.0,0.0,0.0,0.0,0.0
1628467,Maxi Kleber,28.0,DAL,514,319,0.373,2019-20,0.6206225680933852,1610612742,19.0,46.0,0.413,27.0,77.0,0.351,73.0,194.0,0.376,46.0,123.0,0.374
1628982,Melvin Frazier Jr.,23.0,ORL,34,16,0.5,2019-20,0.4705882352941176,1610612753,4.0,6.0,0.667,0.0,0.0,0.0,4.0,10.0,0.4,4.0,6.0,0.667
203086,Meyers Leonard,28.0,MIA,234,128,0.414,2019-20,0.5470085470085471,1610612748,4.0,12.0,0.333,4.0,8.0,0.5,45.0,108.0,0.417,8.0,20.0,0.4
1629662,Mfiondu Kabengele,22.0,LAC,32,20,0.45,2019-20,0.625,1610612746,3.0,3.0,1.0,0.0,1.0,0.0,6.0,16.0,0.375,3.0,4.0,0.75
203487,Michael Carter-Williams,28.0,ORL,260,75,0.293,2019-20,0.2884615384615384,1610612753,5.0,16.0,0.313,1.0,7.0,0.143,16.0,52.0,0.308,6.0,23.0,0.261
1626187,Michael Frazier II,26.0,HOU,29,23,0.174,2019-20,0.7931034482758621,1610612745,2.0,4.0,0.5,1.0,3.0,0.333,1.0,16.0,0.063,3.0,7.0,0.429
203077,Michael Kidd-Gilchrist,26.0,DAL,66,20,0.25,2019-20,0.303030303030303,1610612742,1.0,2.0,0.5,2.0,5.0,0.4,2.0,13.0,0.154,3.0,7.0,0.429
1629008,Michael Porter Jr.,22.0,DEN,383,147,0.422,2019-20,0.3838120104438642,1610612743,15.0,27.0,0.556,2.0,12.0,0.167,45.0,107.0,0.421,17.0,39.0,0.436
1628969,Mikal Bridges,23.0,PHX,484,194,0.361,2019-20,0.4008264462809917,1610612756,16.0,37.0,0.432,24.0,59.0,0.407,30.0,96.0,0.313,40.0,96.0,0.417
201144,Mike Conley,32.0,UTA,567,256,0.375,2019-20,0.4514991181657848,1610612762,12.0,23.0,0.522,15.0,35.0,0.429,68.0,194.0,0.351,27.0,58.0,0.466
203488,Mike Muscala,28.0,OKC,189,143,0.378,2019-20,0.7566137566137566,1610612760,6.0,17.0,0.353,3.0,8.0,0.375,45.0,118.0,0.381,9.0,25.0,0.36
203118,Mike Scott,31.0,PHI,350,217,0.369,2019-20,0.62,1610612755,8.0,22.0,0.364,7.0,32.0,0.219,65.0,161.0,0.404,15.0,54.0,0.278
1628970,Miles Bridges,22.0,CHA,753,300,0.33,2019-20,0.398406374501992,1610612766,20.0,50.0,0.4,21.0,61.0,0.344,58.0,185.0,0.314,41.0,111.0,0.369
1629011,Mitchell Robinson,22.0,NYK,341,0,0.0,2019-20,0.0,1610612752,0.0,0.0,0.0,0.0,0.0,0.0,0.0,0.0,0.0,0.0,0.0,0.0
1629671,Miye Oni,22.0,UTA,32,19,0.368,2019-20,0.59375,1610612762,0.0,4.0,0.0,1.0,2.0,0.5,6.0,13.0,0.462,1.0,6.0,0.167
1628964,Mo Bamba,22.0,ORL,286,107,0.346,2019-20,0.3741258741258741,1610612753,1.0,7.0,0.143,2.0,7.0,0.286,34.0,92.0,0.37,3.0,14.0,0.214
1628420,Monte Morris,25.0,DEN,566,172,0.378,2019-20,0.303886925795053,1610612743,16.0,40.0,0.4,12.0,26.0,0.462,37.0,106.0,0.349,28.0,66.0,0.424
1626149,Montrezl Harrell,26.0,LAC,812,18,0.0,2019-20,0.022167487684729,1610612746,0.0,0.0,0.0,0.0,0.0,0.0,0.0,12.0,0.0,0.0,0.0,0.0
1629021,Moritz Wagner,23.0,WAS,266,80,0.313,2019-20,0.3007518796992481,1610612764,4.0,5.0,0.8,1.0,8.0,0.125,20.0,67.0,0.299,5.0,13.0,0.385
1629650,Moses Brown,20.0,POR,10,0,0.0,2019-20,0.0,1610612757,0.0,0.0,0.0,0.0,0.0,0.0,0.0,0.0,0.0,0.0,0.0,0.0
1628539,Mychal Mulder,26.0,GSW,67,52,0.308,2019-20,0.7761194029850746,1610612744,6.0,10.0,0.6,3.0,6.0,0.5,7.0,35.0,0.2,9.0,16.0,0.563
1626167,Myles Turner,24.0,IND,587,250,0.344,2019-20,0.4258943781942078,1610612754,5.0,18.0,0.278,8.0,20.0,0.4,73.0,211.0,0.346,13.0,38.0,0.342
1629642,Nassir Little,20.0,POR,151,59,0.237,2019-20,0.390728476821192,1610612757,3.0,12.0,0.25,1.0,13.0,0.077,10.0,34.0,0.294,4.0,25.0,0.16
1628513,Naz Mitrou-Long,26.0,IND,17,12,0.167,2019-20,0.7058823529411765,1610612754,0.0,0.0,0.0,1.0,2.0,0.5,1.0,9.0,0.111,1.0,2.0,0.5
1629675,Naz Reid,20.0,MIN,243,97,0.33,2019-20,0.3991769547325103,1610612750,5.0,9.0,0.556,2.0,6.0,0.333,25.0,82.0,0.305,7.0,15.0,0.467
202357,Nemanja Bjelica,32.0,SAC,653,320,0.419,2019-20,0.4900459418070444,1610612758,13.0,25.0,0.52,13.0,23.0,0.565,108.0,272.0,0.397,26.0,48.0,0.542
203457,Nerlens Noel,26.0,OKC,269,3,0.333,2019-20,0.0111524163568773,1610612760,1.0,1.0,1.0,0.0,1.0,0.0,0.0,0.0,0.0,1.0,2.0,0.5
1629651,Nic Claxton,21.0,BKN,48,7,0.143,2019-20,0.1458333333333333,1610612751,0.0,2.0,0.0,0.0,2.0,0.0,1.0,3.0,0.333,0.0,4.0,0.0
1629638,Nickeil Alexander-Walker,21.0,NOP,266,133,0.346,2019-20,0.5,1610612740,5.0,12.0,0.417,5.0,14.0,0.357,36.0,104.0,0.346,10.0,26.0,0.385
201587,Nicolas Batum,31.0,CHA,81,49,0.286,2019-20,0.6049382716049383,1610612766,3.0,8.0,0.375,3.0,11.0,0.273,8.0,30.0,0.267,6.0,19.0,0.316
1629740,Nicolo Melli,29.0,NOP,323,206,0.335,2019-20,0.6377708978328174,1610612740,6.0,26.0,0.231,9.0,25.0,0.36,54.0,153.0,0.353,15.0,51.0,0.294
1628430,Nigel Williams-Goss,25.0,UTA,16,7,0.286,2019-20,0.4375,1610612762,0.0,0.0,0.0,1.0,2.0,0.5,1.0,5.0,0.2,1.0,2.0,0.5
203999,Nikola Jokić,25.0,DEN,1071,255,0.314,2019-20,0.238095238095238,1610612743,4.0,6.0,0.667,2.0,5.0,0.4,74.0,241.0,0.307,6.0,11.0,0.545
202696,Nikola Vučević,29.0,ORL,1033,289,0.339,2019-20,0.2797676669893514,1610612753,3.0,5.0,0.6,4.0,6.0,0.667,91.0,278.0,0.327,7.0,11.0,0.636
203943,Noah Vonleh,24.0,DEN,92,15,0.2,2019-20,0.1630434782608695,1610612743,0.0,2.0,0.0,1.0,1.0,1.0,2.0,12.0,0.167,1.0,3.0,0.333
1626181,Norman Powell,27.0,TOR,598,273,0.399,2019-20,0.4565217391304347,1610612761,26.0,58.0,0.448,13.0,33.0,0.394,70.0,178.0,0.393,39.0,91.0,0.429
203658,Norvel Pelle,27.0,PHI,48,1,0.0,2019-20,0.0208333333333333,1610612755,0.0,1.0,0.0,0.0,0.0,0.0,0.0,0.0,0.0,0.0,1.0,0.0
1628384,OG Anunoby,22.0,TOR,566,228,0.39,2019-20,0.4028268551236749,1610612761,24.0,62.0,0.387,25.0,60.0,0.417,40.0,106.0,0.377,49.0,122.0,0.402
1629016,Omari Spellman,22.0,MIN,295,110,0.391,2019-20,0.3728813559322034,1610612750,8.0,14.0,0.571,3.0,6.0,0.5,32.0,90.0,0.356,11.0,20.0,0.55
1629052,Oshae Brissett,22.0,TOR,36,15,0.2,2019-20,0.4166666666666667,1610612761,1.0,4.0,0.25,1.0,5.0,0.2,1.0,6.0,0.167,2.0,9.0,0.222
203490,Otto Porter Jr.,27.0,CHI,140,62,0.387,2019-20,0.4428571428571428,1610612741,3.0,7.0,0.429,3.0,7.0,0.429,18.0,47.0,0.383,6.0,14.0,0.429
200782,P.J. Tucker,35.0,HOU,426,299,0.358,2019-20,0.7018779342723005,1610612745,45.0,109.0,0.413,45.0,127.0,0.354,16.0,62.0,0.258,90.0,236.0,0.381
1629023,P.J. Washington,21.0,CHA,589,230,0.374,2019-20,0.3904923599320883,1610612766,21.0,38.0,0.553,11.0,26.0,0.423,54.0,166.0,0.325,32.0,64.0,0.5
1628408,PJ Dozier,23.0,DEN,157,49,0.347,2019-20,0.3121019108280254,1610612743,0.0,2.0,0.0,1.0,5.0,0.2,16.0,39.0,0.41,1.0,7.0,0.143
1627783,Pascal Siakam,26.0,TOR,1104,365,0.359,2019-20,0.3306159420289855,1610612761,15.0,45.0,0.333,17.0,41.0,0.415,99.0,279.0,0.355,32.0,86.0,0.372
1626192,Pat Connaughton,27.0,MIL,301,166,0.331,2019-20,0.5514950166112956,1610612749,1.0,5.0,0.2,5.0,15.0,0.333,49.0,146.0,0.336,6.0,20.0,0.3
201976,Patrick Beverley,31.0,LAC,341,206,0.388,2019-20,0.6041055718475073,1610612746,14.0,31.0,0.452,14.0,37.0,0.378,51.0,137.0,0.372,28.0,68.0,0.412
1627775,Patrick McCaw,24.0,TOR,162,71,0.324,2019-20,0.4382716049382716,1610612761,4.0,15.0,0.267,8.0,21.0,0.381,11.0,34.0,0.324,12.0,36.0,0.333
202335,Patrick Patterson,31.0,LAC,233,172,0.39,2019-20,0.7381974248927039,1610612746,14.0,27.0,0.519,17.0,47.0,0.362,36.0,97.0,0.371,31.0,74.0,0.419
201988,Patty Mills,31.0,SAS,598,403,0.382,2019-20,0.6739130434782609,1610612759,27.0,55.0,0.491,13.0,32.0,0.406,114.0,314.0,0.363,40.0,87.0,0.46
202331,Paul George,30.0,LAC,782,381,0.412,2019-20,0.4872122762148337,1610612746,19.0,34.0,0.559,21.0,39.0,0.538,117.0,306.0,0.382,40.0,73.0,0.548
200794,Paul Millsap,35.0,DEN,438,124,0.435,2019-20,0.2831050228310502,1610612743,5.0,12.0,0.417,11.0,24.0,0.458,38.0,88.0,0.432,16.0,36.0,0.444
1628778,Paul Watson,25.0,TOR,26,12,0.333,2019-20,0.4615384615384615,1610612761,0.0,1.0,0.0,0.0,0.0,0.0,4.0,11.0,0.364,0.0,1.0,0.0
1626188,Quinn Cook,27.0,LAL,214,85,0.365,2019-20,0.397196261682243,1610612747,9.0,14.0,0.643,2.0,8.0,0.25,20.0,63.0,0.317,11.0,22.0,0.5
1629683,Quinndary Weatherspoon,23.0,SAS,17,5,0.2,2019-20,0.2941176470588235,1610612759,0.0,0.0,0.0,0.0,1.0,0.0,1.0,3.0,0.333,0.0,1.0,0.0
1629628,RJ Barrett,20.0,NYK,727,197,0.32,2019-20,0.2709766162310866,1610612752,15.0,41.0,0.366,9.0,25.0,0.36,39.0,130.0,0.3,24.0,66.0,0.364
200765,Rajon Rondo,34.0,LAL,328,125,0.328,2019-20,0.3810975609756097,1610612747,3.0,12.0,0.25,6.0,14.0,0.429,32.0,99.0,0.323,9.0,26.0,0.346
203526,Raul Neto,28.0,PHI,222,88,0.386,2019-20,0.3963963963963964,1610612755,4.0,9.0,0.444,2.0,4.0,0.5,28.0,73.0,0.384,6.0,13.0,0.462
1629730,Rayjon Tucker,22.0,UTA,43,17,0.176,2019-20,0.3953488372093023,1610612762,0.0,1.0,0.0,0.0,0.0,0.0,3.0,16.0,0.188,0.0,1.0,0.0
203493,Reggie Bullock Jr.,29.0,NYK,224,111,0.333,2019-20,0.4955357142857143,1610612752,4.0,16.0,0.25,5.0,17.0,0.294,28.0,78.0,0.359,9.0,33.0,0.273
202704,Reggie Jackson,30.0,LAC,326,145,0.393,2019-20,0.4447852760736196,1610612746,7.0,13.0,0.538,6.0,15.0,0.4,44.0,116.0,0.379,13.0,28.0,0.464
1626158,Richaun Holmes,26.0,SAC,344,0,0.0,2019-20,0.0,1610612758,0.0,0.0,0.0,0.0,0.0,0.0,0.0,0.0,0.0,0.0,0.0,0.0
201937,Ricky Rubio,29.0,PHX,692,216,0.361,2019-20,0.3121387283236994,1610612756,19.0,41.0,0.463,4.0,18.0,0.222,54.0,156.0,0.346,23.0,59.0,0.39
203496,Robert Covington,29.0,HOU,723,480,0.335,2019-20,0.6639004149377593,1610612745,9.0,31.0,0.29,16.0,38.0,0.421,136.0,407.0,0.334,25.0,69.0,0.362
1629057,Robert Williams III,22.0,BOS,88,0,0.0,2019-20,0.0,1610612738,0.0,0.0,0.0,0.0,0.0,0.0,0.0,0.0,0.0,0.0,0.0,0.0
201577,Robin Lopez,32.0,MIL,299,105,0.333,2019-20,0.3511705685618729,1610612749,8.0,24.0,0.333,12.0,32.0,0.375,15.0,49.0,0.306,20.0,56.0,0.357
1629066,Rodions Kurucs,22.0,BKN,177,90,0.367,2019-20,0.5084745762711864,1610612751,6.0,11.0,0.545,1.0,5.0,0.2,26.0,74.0,0.351,7.0,16.0,0.438
203918,Rodney Hood,27.0,POR,172,71,0.493,2019-20,0.4127906976744186,1610612757,7.0,13.0,0.538,9.0,16.0,0.563,19.0,42.0,0.452,16.0,29.0,0.552
203585,Rodney McGruder,28.0,LAC,181,89,0.27,2019-20,0.4917127071823204,1610612746,4.0,19.0,0.211,6.0,29.0,0.207,14.0,41.0,0.341,10.0,48.0,0.208
1629641,Romeo Langford,20.0,BOS,80,27,0.185,2019-20,0.3375,1610612738,2.0,9.0,0.222,1.0,5.0,0.2,2.0,12.0,0.167,3.0,14.0,0.214
1626178,Rondae Hollis-Jefferson,25.0,TOR,329,23,0.13,2019-20,0.0699088145896656,1610612761,0.0,4.0,0.0,0.0,9.0,0.0,3.0,8.0,0.375,0.0,13.0,0.0
1626220,Royce O'Neale,27.0,UTA,365,244,0.377,2019-20,0.6684931506849315,1610612762,15.0,42.0,0.357,21.0,43.0,0.488,56.0,155.0,0.361,36.0,85.0,0.424
200752,Rudy Gay,33.0,SAS,596,220,0.336,2019-20,0.3691275167785235,1610612759,8.0,28.0,0.286,11.0,34.0,0.324,55.0,157.0,0.35,19.0,62.0,0.306
203497,Rudy Gobert,28.0,UTA,557,0,0.0,2019-20,0.0,1610612762,0.0,0.0,0.0,0.0,0.0,0.0,0.0,0.0,0.0,0.0,0.0,0.0
1629060,Rui Hachimura,22.0,WAS,545,87,0.287,2019-20,0.1596330275229358,1610612764,4.0,12.0,0.333,4.0,12.0,0.333,17.0,59.0,0.288,8.0,24.0,0.333
201566,Russell Westbrook,31.0,HOU,1281,213,0.258,2019-20,0.1662763466042154,1610612745,6.0,30.0,0.2,4.0,15.0,0.267,45.0,168.0,0.268,10.0,45.0,0.222
201583,Ryan Anderson,32.0,HOU,7,5,0.2,2019-20,0.7142857142857143,1610612745,0.0,0.0,0.0,0.0,0.0,0.0,1.0,5.0,0.2,0.0,0.0,0.0
1627853,Ryan Arcidiacono,26.0,CHI,220,138,0.391,2019-20,0.6272727272727273,1610612741,9.0,21.0,0.429,10.0,21.0,0.476,35.0,96.0,0.365,19.0,42.0,0.452
1629151,Ryan Broekhoff,29.0,PHI,59,51,0.392,2019-20,0.864406779661017,1610612755,3.0,9.0,0.333,3.0,7.0,0.429,14.0,35.0,0.4,6.0,16.0,0.375
1629635,Sekou Doumbouya,19.0,DET,236,98,0.286,2019-20,0.4152542372881356,1610612765,5.0,22.0,0.227,6.0,15.0,0.4,17.0,61.0,0.279,11.0,37.0,0.297
1628400,Semi Ojeleye,25.0,BOS,196,127,0.378,2019-20,0.6479591836734694,1610612738,13.0,24.0,0.542,12.0,32.0,0.375,23.0,71.0,0.324,25.0,56.0,0.446
201586,Serge Ibaka,30.0,TOR,670,182,0.385,2019-20,0.2716417910447761,1610612761,3.0,9.0,0.333,2.0,11.0,0.182,65.0,162.0,0.401,5.0,20.0,0.25
203552,Seth Curry,29.0,DAL,574,321,0.452,2019-20,0.5592334494773519,1610612742,11.0,26.0,0.423,18.0,37.0,0.486,116.0,255.0,0.455,29.0,63.0,0.46
203894,Shabazz Napier,28.0,WAS,456,240,0.317,2019-20,0.5263157894736842,1610612764,3.0,19.0,0.158,1.0,8.0,0.125,72.0,213.0,0.338,4.0,27.0,0.148
1628983,Shai Gilgeous-Alexander,21.0,OKC,1015,251,0.347,2019-20,0.2472906403940886,1610612760,8.0,22.0,0.364,6.0,12.0,0.5,73.0,217.0,0.336,14.0,34.0,0.412
1629003,Shake Milton,23.0,PHI,277,135,0.43,2019-20,0.4873646209386281,1610612755,8.0,19.0,0.421,5.0,11.0,0.455,45.0,105.0,0.429,13.0,30.0,0.433
1629044,Shamorie Ponds,22.0,TOR,5,2,0.5,2019-20,0.4,1610612761,0.0,0.0,0.0,0.0,0.0,0.0,1.0,2.0,0.5,0.0,0.0,0.0
1627885,Shaquille Harrison,26.0,CHI,165,42,0.381,2019-20,0.2545454545454545,1610612741,4.0,11.0,0.364,2.0,6.0,0.333,9.0,22.0,0.409,6.0,17.0,0.353
1628414,Sindarius Thornwell,25.0,NOP,11,4,0.5,2019-20,0.3636363636363636,1610612740,1.0,1.0,1.0,0.0,0.0,0.0,1.0,2.0,0.5,1.0,1.0,1.0
1627746,Skal Labissiere,24.0,ATL,147,13,0.231,2019-20,0.0884353741496598,1610612737,0.0,0.0,0.0,0.0,2.0,0.0,3.0,11.0,0.273,0.0,2.0,0.0
203524,Solomon Hill,29.0,MIA,278,171,0.368,2019-20,0.6151079136690647,1610612748,11.0,27.0,0.407,10.0,22.0,0.455,42.0,122.0,0.344,21.0,49.0,0.429
203915,Spencer Dinwiddie,27.0,BKN,1021,400,0.308,2019-20,0.3917727717923604,1610612751,6.0,17.0,0.353,12.0,43.0,0.279,105.0,334.0,0.314,18.0,60.0,0.3
1626169,Stanley Johnson,24.0,TOR,59,24,0.292,2019-20,0.4067796610169492,1610612761,0.0,1.0,0.0,0.0,7.0,0.0,7.0,15.0,0.467,0.0,8.0,0.0
1629742,Stanton Kidd,28.0,UTA,3,1,0.0,2019-20,0.3333333333333333,1610612762,0.0,1.0,0.0,,,,0.0,0.0,0.0,0.0,1.0,0.0
201939,Stephen Curry,32.0,GSW,82,49,0.245,2019-20,0.5975609756097561,1610612744,1.0,3.0,0.333,1.0,3.0,0.333,10.0,43.0,0.233,2.0,6.0,0.333
1628425,Sterling Brown,25.0,MIL,256,136,0.324,2019-20,0.53125,1610612749,13.0,29.0,0.448,7.0,19.0,0.368,24.0,87.0,0.276,20.0,48.0,0.417
203500,Steven Adams,26.0,OKC,478,3,0.333,2019-20,0.006276150627615,1610612760,0.0,0.0,0.0,0.0,1.0,0.0,0.0,1.0,0.0,0.0,1.0,0.0
1629004,Svi Mykhailiuk,23.0,DET,405,285,0.404,2019-20,0.7037037037037037,1610612765,21.0,45.0,0.467,8.0,22.0,0.364,85.0,215.0,0.395,29.0,67.0,0.433
1628388,T.J. Leaf,23.0,IND,86,18,0.278,2019-20,0.2093023255813953,1610612754,1.0,3.0,0.333,1.0,1.0,1.0,3.0,14.0,0.214,2.0,4.0,0.5
204456,T.J. McConnell,28.0,IND,411,17,0.294,2019-20,0.0413625304136253,1610612754,0.0,2.0,0.0,2.0,5.0,0.4,3.0,9.0,0.333,2.0,7.0,0.286
203933,T.J. Warren,26.0,IND,997,226,0.403,2019-20,0.226680040120361,1610612754,30.0,68.0,0.441,10.0,27.0,0.37,51.0,131.0,0.389,40.0,95.0,0.421
1629605,Tacko Fall,24.0,BOS,14,0,0.0,2019-20,0.0,1610612738,0.0,0.0,0.0,0.0,0.0,0.0,0.0,0.0,0.0,0.0,0.0,0.0
201959,Taj Gibson,35.0,NYK,286,14,0.286,2019-20,0.0489510489510489,1610612752,1.0,5.0,0.2,1.0,3.0,0.333,2.0,6.0,0.333,2.0,8.0,0.25
1629659,Talen Horton-Tucker,19.0,LAL,30,13,0.308,2019-20,0.4333333333333333,1610612747,2.0,3.0,0.667,0.0,2.0,0.0,2.0,8.0,0.25,2.0,5.0,0.4
1629745,Tariq Owens,25.0,PHX,5,2,0.0,2019-20,0.4,1610612756,0.0,0.0,0.0,0.0,1.0,0.0,0.0,1.0,0.0,0.0,1.0,0.0
1627752,Taurean Prince,26.0,BKN,739,431,0.339,2019-20,0.5832205683355887,1610612751,20.0,77.0,0.26,24.0,60.0,0.4,100.0,288.0,0.347,44.0,137.0,0.321
1629611,Terance Mann,23.0,LAC,79,20,0.35,2019-20,0.2531645569620253,1610612746,0.0,4.0,0.0,4.0,9.0,0.444,3.0,7.0,0.429,4.0,13.0,0.308
1629056,Terence Davis,23.0,TOR,436,242,0.388,2019-20,0.555045871559633,1610612761,11.0,31.0,0.355,18.0,28.0,0.643,65.0,181.0,0.359,29.0,59.0,0.492
1628390,Terrance Ferguson,22.0,OKC,220,168,0.292,2019-20,0.7636363636363637,1610612760,11.0,45.0,0.244,12.0,29.0,0.414,26.0,94.0,0.277,23.0,74.0,0.311
203082,Terrence Ross,29.0,ORL,846,504,0.351,2019-20,0.5957446808510638,1610612753,15.0,36.0,0.417,5.0,12.0,0.417,156.0,450.0,0.347,20.0,48.0,0.417
1626179,Terry Rozier,26.0,CHA,941,423,0.407,2019-20,0.4495217853347503,1610612766,23.0,54.0,0.426,14.0,33.0,0.424,135.0,336.0,0.402,37.0,87.0,0.425
200757,Thabo Sefolosha,36.0,HOU,91,54,0.278,2019-20,0.5934065934065934,1610612745,5.0,13.0,0.385,5.0,11.0,0.455,5.0,30.0,0.167,10.0,24.0,0.417
201152,Thaddeus Young,32.0,CHI,601,222,0.356,2019-20,0.3693843594009983,1610612741,29.0,67.0,0.433,6.0,28.0,0.214,44.0,125.0,0.352,35.0,95.0,0.368
203648,Thanasis Antetokounmpo,27.0,MIL,48,10,0.0,2019-20,0.2083333333333333,1610612749,0.0,3.0,0.0,0.0,2.0,0.0,0.0,3.0,0.0,0.0,5.0,0.0
1629033,Theo Pinson,24.0,NYK,155,80,0.188,2019-20,0.5161290322580645,1610612752,0.0,3.0,0.0,1.0,2.0,0.5,14.0,72.0,0.194,1.0,5.0,0.2
1628418,Thomas Bryant,22.0,WAS,418,91,0.407,2019-20,0.2177033492822966,1610612764,2.0,5.0,0.4,2.0,5.0,0.4,33.0,81.0,0.407,4.0,10.0,0.4
1627748,Thon Maker,23.0,DET,193,64,0.344,2019-20,0.3316062176165803,1610612765,5.0,15.0,0.333,5.0,15.0,0.333,12.0,33.0,0.364,10.0,30.0,0.333
204025,Tim Frazier,29.0,DET,94,30,0.333,2019-20,0.3191489361702128,1610612765,0.0,2.0,0.0,3.0,3.0,1.0,7.0,25.0,0.28,3.0,5.0,0.6
203501,Tim Hardaway Jr.,28.0,DAL,884,513,0.398,2019-20,0.580316742081448,1610612742,20.0,52.0,0.385,39.0,77.0,0.506,144.0,380.0,0.379,59.0,129.0,0.457
1627789,Timothe Luwawu-Cabarrot,25.0,BKN,269,160,0.388,2019-20,0.5947955390334573,1610612751,11.0,27.0,0.407,19.0,41.0,0.463,32.0,92.0,0.348,30.0,68.0,0.441
202699,Tobias Harris,27.0,PHI,1173,357,0.367,2019-20,0.3043478260869565,1610612755,18.0,36.0,0.5,13.0,34.0,0.382,100.0,287.0,0.348,31.0,70.0,0.443
203107,Tomas Satoransky,28.0,CHI,551,199,0.322,2019-20,0.3611615245009074,1610612741,14.0,35.0,0.4,9.0,25.0,0.36,41.0,139.0,0.295,23.0,60.0,0.383
1628396,Tony Bradley,22.0,UTA,189,3,1.0,2019-20,0.0158730158730158,1610612762,0.0,0.0,0.0,0.0,0.0,0.0,3.0,3.0,1.0,0.0,0.0,0.0
203503,Tony Snell,28.0,DET,382,254,0.402,2019-20,0.6649214659685864,1610612765,19.0,43.0,0.442,23.0,55.0,0.418,60.0,154.0,0.39,42.0,98.0,0.429
1628470,Torrey Craig,29.0,DEN,269,138,0.326,2019-20,0.5130111524163569,1610612743,10.0,30.0,0.333,5.0,21.0,0.238,30.0,85.0,0.353,15.0,51.0,0.294
1629027,Trae Young,21.0,ATL,1249,568,0.361,2019-20,0.454763811048839,1610612737,4.0,6.0,0.667,9.0,15.0,0.6,192.0,547.0,0.351,13.0,21.0,0.619
1629682,Tremont Waters,22.0,BOS,49,24,0.167,2019-20,0.4897959183673469,1610612738,0.0,1.0,0.0,0.0,3.0,0.0,4.0,20.0,0.2,0.0,4.0,0.0
1626203,Treveon Graham,26.0,ATL,242,120,0.275,2019-20,0.4958677685950413,1610612737,3.0,20.0,0.15,5.0,15.0,0.333,25.0,83.0,0.301,8.0,35.0,0.229
2772,Trevor Ariza,35.0,POR,324,207,0.372,2019-20,0.6388888888888888,1610612757,15.0,41.0,0.366,17.0,42.0,0.405,45.0,123.0,0.366,32.0,83.0,0.386
203504,Trey Burke,27.0,DAL,209,75,0.427,2019-20,0.3588516746411483,1610612742,4.0,8.0,0.5,4.0,9.0,0.444,24.0,56.0,0.429,8.0,17.0,0.471
1626168,Trey Lyles,24.0,SAS,343,168,0.387,2019-20,0.4897959183673469,1610612759,10.0,24.0,0.417,13.0,26.0,0.5,42.0,118.0,0.356,23.0,50.0,0.46
202684,Tristan Thompson,29.0,CLE,562,23,0.391,2019-20,0.0409252669039145,1610612739,0.0,1.0,0.0,1.0,2.0,0.5,8.0,20.0,0.4,1.0,3.0,0.333
1628972,Troy Brown Jr.,20.0,WAS,622,179,0.341,2019-20,0.2877813504823151,1610612764,16.0,29.0,0.552,8.0,22.0,0.364,36.0,121.0,0.298,24.0,51.0,0.471
203584,Troy Daniels,28.0,DEN,186,132,0.348,2019-20,0.7096774193548387,1610612743,8.0,19.0,0.421,8.0,18.0,0.444,30.0,95.0,0.316,16.0,37.0,0.432
1629660,Ty Jerome,22.0,PHX,113,50,0.28,2019-20,0.4424778761061947,1610612756,2.0,8.0,0.25,1.0,3.0,0.333,11.0,38.0,0.289,3.0,11.0,0.273
1629076,Tyler Cook,22.0,DEN,12,0,0.0,2019-20,0.0,1610612743,0.0,0.0,0.0,0.0,0.0,0.0,0.0,0.0,0.0,0.0,0.0,0.0
1629639,Tyler Herro,20.0,MIA,631,298,0.389,2019-20,0.4722662440570523,1610612748,9.0,22.0,0.409,14.0,29.0,0.483,93.0,245.0,0.38,23.0,51.0,0.451
204020,Tyler Johnson,28.0,BKN,250,119,0.319,2019-20,0.476,1610612751,3.0,10.0,0.3,4.0,8.0,0.5,31.0,100.0,0.31,7.0,18.0,0.389
203092,Tyler Zeller,30.0,SAS,4,0,0.0,2019-20,0.0,1610612759,,,,,,,0.0,0.0,0.0,,,
1627820,Tyrone Wallace,26.0,ATL,44,15,0.067,2019-20,0.3409090909090909,1610612737,0.0,2.0,0.0,0.0,2.0,0.0,1.0,10.0,0.1,0.0,4.0,0.0
2199,Tyson Chandler,37.0,HOU,18,0,0.0,2019-20,0.0,1610612745,0.0,0.0,0.0,0.0,0.0,0.0,0.0,0.0,0.0,0.0,0.0,0.0
1626145,Tyus Jones,24.0,MEM,429,124,0.379,2019-20,0.289044289044289,1610612763,6.0,12.0,0.5,5.0,11.0,0.455,36.0,101.0,0.356,11.0,23.0,0.478
2617,Udonis Haslem,40.0,MIA,11,3,0.333,2019-20,0.2727272727272727,1610612748,0.0,0.0,0.0,0.0,0.0,0.0,1.0,3.0,0.333,0.0,0.0,0.0
1629724,Vic Law,24.0,ORL,18,7,0.143,2019-20,0.3888888888888889,1610612753,0.0,1.0,0.0,0.0,1.0,0.0,1.0,4.0,0.25,0.0,2.0,0.0
203506,Victor Oladipo,28.0,IND,246,104,0.317,2019-20,0.4227642276422764,1610612754,2.0,8.0,0.25,0.0,2.0,0.0,31.0,94.0,0.33,2.0,10.0,0.2
1713,Vince Carter,43.0,ATL,304,202,0.302,2019-20,0.6644736842105263,1610612737,8.0,20.0,0.4,5.0,21.0,0.238,48.0,161.0,0.298,13.0,41.0,0.317
1629738,Vincent Poirier,26.0,BOS,36,2,0.5,2019-20,0.0555555555555555,1610612738,0.0,0.0,0.0,0.0,0.0,0.0,1.0,2.0,0.5,0.0,0.0,0.0
1628427,Vlatko Čančar,23.0,DEN,15,6,0.167,2019-20,0.4,1610612743,0.0,1.0,0.0,0.0,0.0,0.0,1.0,5.0,0.2,0.0,1.0,0.0
201961,Wayne Ellington,32.0,NYK,174,143,0.35,2019-20,0.8218390804597702,1610612752,3.0,6.0,0.5,7.0,12.0,0.583,39.0,123.0,0.317,10.0,18.0,0.556
1628976,Wendell Carter Jr.,21.0,CHI,343,29,0.207,2019-20,0.0845481049562682,1610612741,1.0,11.0,0.091,1.0,1.0,1.0,4.0,17.0,0.235,2.0,12.0,0.167
1629117,Wenyen Gabriel,23.0,POR,48,20,0.3,2019-20,0.4166666666666667,1610612757,3.0,5.0,0.6,1.0,3.0,0.333,2.0,12.0,0.167,4.0,8.0,0.5
1628411,Wes Iwundu,25.0,ORL,233,82,0.341,2019-20,0.351931330472103,1610612753,6.0,15.0,0.4,4.0,12.0,0.333,18.0,55.0,0.327,10.0,27.0,0.37
202083,Wesley Matthews,33.0,MIL,422,297,0.364,2019-20,0.7037914691943128,1610612749,19.0,46.0,0.413,16.0,37.0,0.432,73.0,214.0,0.341,35.0,83.0,0.422
203115,Will Barton,29.0,DEN,738,288,0.375,2019-20,0.3902439024390244,1610612743,13.0,24.0,0.542,7.0,15.0,0.467,87.0,247.0,0.352,20.0,39.0,0.513
1629739,William Howard,26.0,HOU,4,4,0.0,2019-20,1.0,1610612745,0.0,0.0,0.0,0.0,1.0,0.0,0.0,3.0,0.0,0.0,1.0,0.0
1626161,Willie Cauley-Stein,26.0,DAL,302,1,0.0,2019-20,0.0033112582781456,1610612742,0.0,0.0,0.0,0.0,0.0,0.0,0.0,1.0,0.0,0.0,0.0,0.0
1626195,Willy Hernangomez,26.0,CHA,139,22,0.227,2019-20,0.158273381294964,1610612766,1.0,2.0,0.5,0.0,1.0,0.0,4.0,19.0,0.211,1.0,3.0,0.333
201163,Wilson Chandler,33.0,BKN,183,121,0.306,2019-20,0.6612021857923497,1610612751,5.0,11.0,0.455,7.0,21.0,0.333,25.0,89.0,0.281,12.0,32.0,0.375
1627812,Yogi Ferrell,27.0,SAC,188,79,0.304,2019-20,0.4202127659574468,1610612758,5.0,6.0,0.833,3.0,9.0,0.333,16.0,64.0,0.25,8.0,15.0,0.533
1629139,Yuta Watanabe,25.0,MEM,34,8,0.375,2019-20,0.2352941176470588,1610612763,1.0,1.0,1.0,0.0,1.0,0.0,2.0,6.0,0.333,1.0,2.0,0.5
1628380,Zach Collins,22.0,POR,68,19,0.368,2019-20,0.2794117647058823,1610612757,0.0,3.0,0.0,1.0,3.0,0.333,6.0,13.0,0.462,1.0,6.0,0.167
203897,Zach LaVine,25.0,CHI,1199,484,0.38,2019-20,0.4036697247706422,1610612741,27.0,53.0,0.509,14.0,32.0,0.438,143.0,398.0,0.359,41.0,85.0,0.482
1629668,Zach Norvell Jr.,22.0,GSW,12,8,0.375,2019-20,0.6666666666666666,1610612744,0.0,1.0,0.0,0.0,0.0,0.0,3.0,7.0,0.429,0.0,1.0,0.0
1629015,Zhaire Smith,21.0,PHI,11,3,0.0,2019-20,0.2727272727272727,1610612755,0.0,1.0,0.0,0.0,0.0,0.0,0.0,2.0,0.0,0.0,1.0,0.0
1629627,Zion Williamson,19.0,NOP,360,14,0.429,2019-20,0.0388888888888888,1610612740,0.0,1.0,0.0,0.0,0.0,0.0,6.0,13.0,0.462,0.0,1.0,0.0
1629597,Zylan Cheatham,24.0,NOP,9,1,0.0,2019-20,0.1111111111111111,1610612740,0.0,0.0,0.0,0.0,0.0,0.0,0.0,1.0,0.0,0.0,0.0,0.0
203932,Aaron Gordon,25.0,DEN,499,176,0.335,2020-21,0.3527054108216433,1610612743,7.0,18.0,0.389,5.0,17.0,0.294,47.0,138.0,0.341,12.0,35.0,0.343
1628988,Aaron Holiday,24.0,IND,436,182,0.368,2020-21,0.4174311926605504,1610612754,10.0,20.0,0.5,10.0,17.0,0.588,47.0,144.0,0.326,20.0,37.0,0.541
1630174,Aaron Nesmith,21.0,BOS,178,108,0.37,2020-21,0.6067415730337079,1610612738,8.0,28.0,0.286,8.0,16.0,0.5,24.0,64.0,0.375,16.0,44.0,0.364
1627846,Abdel Nader,27.0,PHX,116,43,0.419,2020-21,0.3706896551724138,1610612756,6.0,11.0,0.545,2.0,5.0,0.4,10.0,27.0,0.37,8.0,16.0,0.5
1629690,Adam Mokoka,22.0,CHI,19,10,0.1,2020-21,0.5263157894736842,1610612741,1.0,2.0,0.5,0.0,3.0,0.0,0.0,5.0,0.0,1.0,5.0,0.2
201143,Al Horford,35.0,BOS,360,152,0.368,2020-21,0.4222222222222222,1610612738,3.0,7.0,0.429,1.0,11.0,0.091,52.0,134.0,0.388,4.0,18.0,0.222
202329,Al-Farouq Aminu,30.0,CHI,99,37,0.216,2020-21,0.3737373737373737,1610612741,3.0,5.0,0.6,1.0,4.0,0.25,4.0,28.0,0.143,4.0,9.0,0.444
202692,Alec Burks,29.0,NYK,500,246,0.415,2020-21,0.492,1610612752,18.0,48.0,0.375,18.0,28.0,0.643,66.0,170.0,0.388,36.0,76.0,0.474
1630197,Aleksej Pokusevski,19.0,OKC,408,207,0.28,2020-21,0.5073529411764706,1610612760,9.0,29.0,0.31,5.0,16.0,0.313,44.0,160.0,0.275,14.0,45.0,0.311
1629346,Alen Smailagic,20.0,GSW,27,10,0.4,2020-21,0.3703703703703703,1610612744,1.0,2.0,0.5,0.0,1.0,0.0,3.0,7.0,0.429,1.0,3.0,0.333
1627936,Alex Caruso,27.0,LAL,305,137,0.401,2020-21,0.4491803278688525,1610612747,9.0,27.0,0.333,13.0,29.0,0.448,33.0,80.0,0.413,22.0,56.0,0.393
203458,Alex Len,28.0,WAS,278,25,0.32,2020-21,0.0899280575539568,1610612764,4.0,11.0,0.364,2.0,6.0,0.333,2.0,8.0,0.25,6.0,17.0,0.353
1628035,Alfonzo McKinnie,28.0,LAL,93,39,0.41,2020-21,0.4193548387096774,1610612747,4.0,8.0,0.5,2.0,5.0,0.4,10.0,26.0,0.385,6.0,13.0,0.462
1628993,Alize Johnson,25.0,BKN,68,6,0.167,2020-21,0.088235294117647,1610612751,0.0,1.0,0.0,0.0,1.0,0.0,1.0,4.0,0.25,0.0,2.0,0.0
1628578,Amida Brimah,27.0,IND,8,0,0.0,2020-21,0.0,1610612754,0.0,0.0,0.0,0.0,0.0,0.0,0.0,0.0,0.0,0.0,0.0,0.0
1629599,Amir Coffey,24.0,LAC,103,56,0.411,2020-21,0.5436893203883495,1610612746,4.0,9.0,0.444,7.0,14.0,0.5,12.0,33.0,0.364,11.0,23.0,0.478
2760,Anderson Varejao,38.0,CLE,16,1,0.0,2020-21,0.0625,1610612739,0.0,0.0,0.0,0.0,1.0,0.0,0.0,0.0,0.0,0.0,1.0,0.0
203083,Andre Drummond,27.0,LAL,572,8,0.0,2020-21,0.0139860139860139,1610612747,0.0,0.0,0.0,0.0,0.0,0.0,0.0,7.0,0.0,0.0,0.0,0.0
2738,Andre Iguodala,37.0,MIA,248,182,0.33,2020-21,0.7338709677419355,1610612748,18.0,41.0,0.439,17.0,51.0,0.333,25.0,85.0,0.294,35.0,92.0,0.38
203460,Andre Roberson,29.0,BKN,14,8,0.125,2020-21,0.5714285714285714,1610612751,0.0,2.0,0.0,0.0,2.0,0.0,1.0,4.0,0.25,0.0,4.0,0.0
203952,Andrew Wiggins,26.0,GSW,1058,368,0.38,2020-21,0.3478260869565217,1610612744,30.0,69.0,0.435,12.0,28.0,0.429,98.0,269.0,0.364,42.0,97.0,0.433
1629014,Anfernee Simons,22.0,POR,401,282,0.426,2020-21,0.7032418952618454,1610612757,15.0,24.0,0.625,13.0,25.0,0.52,92.0,233.0,0.395,28.0,49.0,0.571
203076,Anthony Davis,28.0,LAL,613,100,0.26,2020-21,0.1631321370309951,1610612747,5.0,8.0,0.625,5.0,8.0,0.625,16.0,83.0,0.193,10.0,16.0,0.625
1630162,Anthony Edwards,19.0,MIN,1211,520,0.329,2020-21,0.4293971924029727,1610612750,14.0,49.0,0.286,9.0,33.0,0.273,147.0,434.0,0.339,23.0,82.0,0.28
1630264,Anthony Gill,28.0,WAS,60,24,0.292,2020-21,0.4,1610612764,0.0,3.0,0.0,1.0,6.0,0.167,6.0,15.0,0.4,1.0,9.0,0.111
1630237,Anthony Lamb,23.0,HOU,118,71,0.324,2020-21,0.6016949152542372,1610612745,4.0,8.0,0.5,3.0,9.0,0.333,16.0,53.0,0.302,7.0,17.0,0.412
201229,Anthony Tolliver,36.0,PHI,17,14,0.286,2020-21,0.8235294117647058,1610612755,0.0,1.0,0.0,2.0,3.0,0.667,2.0,10.0,0.2,2.0,4.0,0.5
1628394,Anžejs Pasečņiks,25.0,WAS,1,1,0.0,2020-21,1.0,1610612764,0.0,0.0,0.0,,,,0.0,1.0,0.0,0.0,0.0,0.0
1629717,Armoni Brooks,23.0,HOU,192,157,0.382,2020-21,0.8177083333333334,1610612745,6.0,13.0,0.462,5.0,13.0,0.385,49.0,131.0,0.374,11.0,26.0,0.423
203382,Aron Baynes,34.0,TOR,304,103,0.262,2020-21,0.3388157894736842,1610612761,3.0,8.0,0.375,0.0,9.0,0.0,24.0,86.0,0.279,3.0,17.0,0.176
203085,Austin Rivers,28.0,DEN,245,149,0.369,2020-21,0.6081632653061224,1610612743,8.0,17.0,0.471,3.0,17.0,0.176,44.0,114.0,0.386,11.0,34.0,0.324
202340,Avery Bradley,30.0,HOU,171,101,0.327,2020-21,0.5906432748538012,1610612745,11.0,29.0,0.379,4.0,12.0,0.333,18.0,60.0,0.3,15.0,41.0,0.366
1626253,Axel Toupane,28.0,MIL,11,2,0.5,2020-21,0.1818181818181818,1610612749,0.0,0.0,0.0,0.0,1.0,0.0,1.0,1.0,1.0,0.0,1.0,0.0
1628389,Bam Adebayo,23.0,MIA,800,8,0.25,2020-21,0.01,1610612748,0.0,1.0,0.0,0.0,0.0,0.0,2.0,7.0,0.286,0.0,1.0,0.0
203463,Ben McLemore,28.0,LAL,365,280,0.346,2020-21,0.7671232876712328,1610612747,20.0,41.0,0.488,15.0,30.0,0.5,62.0,207.0,0.3,35.0,71.0,0.493
1627732,Ben Simmons,24.0,PHI,583,10,0.3,2020-21,0.0171526586620926,1610612755,0.0,1.0,0.0,1.0,2.0,0.5,2.0,7.0,0.286,1.0,3.0,0.333
202687,Bismack Biyombo,28.0,CHA,242,1,0.0,2020-21,0.0041322314049586,1610612766,0.0,0.0,0.0,0.0,1.0,0.0,0.0,0.0,0.0,0.0,1.0,0.0
201933,Blake Griffin,32.0,BKN,411,205,0.341,2020-21,0.4987834549878345,1610612751,8.0,30.0,0.267,4.0,9.0,0.444,58.0,165.0,0.352,12.0,39.0,0.308
1626246,Boban Marjanovic,32.0,DAL,122,8,0.125,2020-21,0.0655737704918032,1610612742,0.0,0.0,0.0,0.0,0.0,0.0,1.0,8.0,0.125,0.0,0.0,0.0
1626171,Bobby Portis,26.0,MIL,598,157,0.471,2020-21,0.2625418060200669,1610612749,11.0,22.0,0.5,17.0,39.0,0.436,46.0,96.0,0.479,28.0,61.0,0.459
203992,Bogdan Bogdanović,28.0,ATL,565,333,0.438,2020-21,0.5893805309734513,1610612737,16.0,27.0,0.593,27.0,52.0,0.519,103.0,254.0,0.406,43.0,79.0,0.544
202711,Bojan Bogdanovic,32.0,UTA,925,461,0.39,2020-21,0.4983783783783784,1610612762,26.0,72.0,0.361,60.0,131.0,0.458,94.0,256.0,0.367,86.0,203.0,0.424
1629626,Bol Bol,21.0,DEN,58,24,0.375,2020-21,0.4137931034482758,1610612743,1.0,1.0,1.0,0.0,2.0,0.0,8.0,21.0,0.381,1.0,3.0,0.333
202954,Brad Wanamaker,31.0,CHA,299,85,0.188,2020-21,0.2842809364548495,1610612766,0.0,4.0,0.0,1.0,1.0,1.0,15.0,80.0,0.188,1.0,5.0,0.2
203078,Bradley Beal,28.0,WAS,1382,373,0.349,2020-21,0.2698986975397974,1610612764,13.0,35.0,0.371,12.0,33.0,0.364,105.0,305.0,0.344,25.0,68.0,0.368
1629634,Brandon Clarke,24.0,MEM,495,77,0.26,2020-21,0.1555555555555555,1610612763,7.0,21.0,0.333,5.0,25.0,0.2,8.0,31.0,0.258,12.0,46.0,0.261
1629164,Brandon Goodwin,25.0,ATL,223,103,0.311,2020-21,0.4618834080717489,1610612737,3.0,5.0,0.6,2.0,8.0,0.25,27.0,88.0,0.307,5.0,13.0,0.385
1627742,Brandon Ingram,23.0,NOP,1101,375,0.381,2020-21,0.3405994550408719,1610612740,11.0,33.0,0.333,9.0,33.0,0.273,124.0,307.0,0.404,20.0,66.0,0.303
1628968,Brian Bowen II,22.0,IND,4,1,0.0,2020-21,0.25,1610612754,0.0,0.0,0.0,0.0,0.0,0.0,0.0,1.0,0.0,0.0,0.0,0.0
1630271,Brodric Thomas,24.0,CLE,108,59,0.271,2020-21,0.5462962962962963,1610612739,1.0,6.0,0.167,2.0,7.0,0.286,13.0,46.0,0.283,3.0,13.0,0.231
201572,Brook Lopez,33.0,MIL,640,281,0.338,2020-21,0.4390625,1610612749,11.0,26.0,0.423,20.0,50.0,0.4,64.0,204.0,0.314,31.0,76.0,0.408
1628971,Bruce Brown,24.0,BKN,423,59,0.288,2020-21,0.1394799054373522,1610612751,9.0,24.0,0.375,4.0,21.0,0.19,4.0,13.0,0.308,13.0,45.0,0.289
203998,Bruno Caboclo,25.0,HOU,17,5,0.0,2020-21,0.2941176470588235,1610612745,0.0,2.0,0.0,0.0,0.0,0.0,0.0,3.0,0.0,0.0,2.0,0.0
1628981,Bruno Fernando,22.0,ATL,44,2,0.0,2020-21,0.0454545454545454,1610612737,0.0,1.0,0.0,0.0,0.0,0.0,0.0,1.0,0.0,0.0,1.0,0.0
1627854,Bryn Forbes,27.0,MIL,529,341,0.452,2020-21,0.6446124763705104,1610612749,24.0,49.0,0.49,14.0,35.0,0.4,116.0,257.0,0.451,38.0,84.0,0.452
1627741,Buddy Hield,28.0,SAC,992,721,0.391,2020-21,0.7268145161290323,1610612758,30.0,65.0,0.462,19.0,42.0,0.452,232.0,612.0,0.379,49.0,107.0,0.458
1629604,CJ Elleby,21.0,POR,66,34,0.206,2020-21,0.5151515151515151,1610612757,3.0,5.0,0.6,0.0,2.0,0.0,4.0,27.0,0.148,3.0,7.0,0.429
203468,CJ McCollum,29.0,POR,884,420,0.402,2020-21,0.4751131221719457,1610612757,14.0,25.0,0.56,16.0,41.0,0.39,139.0,353.0,0.394,30.0,66.0,0.455
1628997,Caleb Martin,25.0,CHA,256,125,0.248,2020-21,0.48828125,1610612766,4.0,18.0,0.222,4.0,13.0,0.308,23.0,93.0,0.247,8.0,31.0,0.258
1629629,Cam Reddish,21.0,ATL,263,126,0.262,2020-21,0.4790874524714829,1610612737,8.0,14.0,0.571,4.0,21.0,0.19,21.0,90.0,0.233,12.0,35.0,0.343
1629244,Cam Reynolds,26.0,HOU,18,12,0.25,2020-21,0.6666666666666666,1610612745,0.0,3.0,0.0,1.0,3.0,0.333,2.0,6.0,0.333,1.0,6.0,0.167
1629661,Cameron Johnson,25.0,PHX,483,335,0.349,2020-21,0.6935817805383023,1610612756,22.0,59.0,0.373,35.0,75.0,0.467,60.0,200.0,0.3,57.0,134.0,0.425
1628419,Cameron Oliver,24.0,HOU,33,13,0.308,2020-21,0.3939393939393939,1610612745,0.0,0.0,0.0,0.0,0.0,0.0,4.0,13.0,0.308,0.0,0.0,0.0
1626166,Cameron Payne,26.0,PHX,395,166,0.44,2020-21,0.420253164556962,1610612756,6.0,14.0,0.429,4.0,9.0,0.444,63.0,141.0,0.447,10.0,23.0,0.435
1627747,Caris LeVert,26.0,IND,814,258,0.326,2020-21,0.3169533169533169,1610612754,10.0,27.0,0.37,2.0,12.0,0.167,72.0,218.0,0.33,12.0,39.0,0.308
2546,Carmelo Anthony,37.0,POR,777,325,0.409,2020-21,0.4182754182754182,1610612757,14.0,35.0,0.4,15.0,36.0,0.417,104.0,254.0,0.409,29.0,71.0,0.408
1629035,Carsen Edwards,23.0,BOS,111,63,0.286,2020-21,0.5675675675675675,1610612738,3.0,14.0,0.214,1.0,7.0,0.143,14.0,42.0,0.333,4.0,21.0,0.19
1630199,Cassius Stanley,21.0,IND,43,13,0.231,2020-21,0.3023255813953488,1610612754,1.0,1.0,1.0,0.0,1.0,0.0,2.0,11.0,0.182,1.0,2.0,0.5
1630216,Cassius Winston,23.0,WAS,33,17,0.471,2020-21,0.5151515151515151,1610612764,1.0,2.0,0.5,0.0,0.0,0.0,7.0,15.0,0.467,1.0,2.0,0.5
1626224,Cedi Osman,26.0,CLE,586,324,0.306,2020-21,0.552901023890785,1610612739,11.0,28.0,0.393,10.0,36.0,0.278,78.0,260.0,0.3,21.0,64.0,0.328
1628990,Chandler Hutchison,25.0,WAS,103,22,0.364,2020-21,0.2135922330097087,1610612764,3.0,9.0,0.333,4.0,9.0,0.444,1.0,4.0,0.25,7.0,18.0,0.389
1629718,Charlie Brown Jr.,24.0,OKC,43,21,0.238,2020-21,0.4883720930232558,1610612760,2.0,5.0,0.4,0.0,2.0,0.0,3.0,14.0,0.214,2.0,7.0,0.286
1626184,Chasson Randle,28.0,ORL,237,130,0.338,2020-21,0.5485232067510548,1610612753,4.0,12.0,0.333,2.0,8.0,0.25,38.0,108.0,0.352,6.0,20.0,0.3
1629002,Chimezie Metu,24.0,SAC,179,37,0.351,2020-21,0.2067039106145251,1610612758,2.0,3.0,0.667,0.0,0.0,0.0,11.0,34.0,0.324,2.0,3.0,0.667
1628449,Chris Boucher,28.0,TOR,560,235,0.383,2020-21,0.4196428571428571,1610612761,2.0,8.0,0.25,9.0,26.0,0.346,79.0,201.0,0.393,11.0,34.0,0.324
1629185,Chris Chiozza,25.0,BKN,88,42,0.31,2020-21,0.4772727272727273,1610612751,1.0,1.0,1.0,0.0,1.0,0.0,12.0,39.0,0.308,1.0,2.0,0.5
101108,Chris Paul,36.0,PHX,879,258,0.395,2020-21,0.2935153583617747,1610612756,6.0,16.0,0.375,5.0,10.0,0.5,91.0,228.0,0.399,11.0,26.0,0.423
1629735,Chris Silva,24.0,SAC,16,1,1.0,2020-21,0.0625,1610612758,0.0,0.0,0.0,0.0,0.0,0.0,1.0,1.0,1.0,0.0,0.0,0.0
1626174,Christian Wood,25.0,HOU,640,206,0.374,2020-21,0.321875,1610612745,7.0,15.0,0.467,9.0,23.0,0.391,61.0,168.0,0.363,16.0,38.0,0.421
1629643,Chuma Okeke,22.0,ORL,324,141,0.348,2020-21,0.4351851851851852,1610612753,5.0,15.0,0.333,3.0,7.0,0.429,41.0,116.0,0.353,8.0,22.0,0.364
203991,Clint Capela,27.0,ATL,695,0,0.0,2020-21,0.0,1610612737,0.0,0.0,0.0,0.0,0.0,0.0,0.0,0.0,0.0,0.0,0.0,0.0
1629632,Coby White,21.0,CHI,902,454,0.359,2020-21,0.5033259423503326,1610612741,21.0,46.0,0.457,14.0,28.0,0.5,128.0,379.0,0.338,35.0,74.0,0.473
1628998,Cody Martin,25.0,CHA,188,58,0.276,2020-21,0.3085106382978723,1610612766,3.0,16.0,0.188,7.0,23.0,0.304,6.0,18.0,0.333,10.0,39.0,0.256
203469,Cody Zeller,28.0,CHA,324,28,0.143,2020-21,0.0864197530864197,1610612766,0.0,2.0,0.0,0.0,3.0,0.0,4.0,23.0,0.174,0.0,5.0,0.0
1630175,Cole Anthony,21.0,ORL,552,172,0.337,2020-21,0.3115942028985507,1610612753,3.0,10.0,0.3,3.0,8.0,0.375,52.0,154.0,0.338,6.0,18.0,0.333
1629012,Collin Sexton,22.0,CLE,1105,264,0.371,2020-21,0.2389140271493212,1610612739,9.0,22.0,0.409,2.0,5.0,0.4,86.0,236.0,0.364,11.0,27.0,0.407
202709,Cory Joseph,29.0,DET,426,132,0.341,2020-21,0.3098591549295774,1610612765,8.0,18.0,0.444,8.0,22.0,0.364,29.0,92.0,0.315,16.0,40.0,0.4
1626245,Cristiano Felicio,28.0,CHI,13,2,0.0,2020-21,0.1538461538461538,1610612741,0.0,0.0,0.0,0.0,0.0,0.0,0.0,2.0,0.0,0.0,0.0,0.0
1626156,D'Angelo Russell,25.0,MIN,652,310,0.387,2020-21,0.4754601226993865,1610612750,9.0,21.0,0.429,5.0,8.0,0.625,106.0,280.0,0.379,14.0,29.0,0.483
201571,D.J. Augustin,33.0,HOU,343,217,0.382,2020-21,0.6326530612244898,1610612745,7.0,26.0,0.269,7.0,18.0,0.389,69.0,173.0,0.399,14.0,44.0,0.318
1628391,D.J. Wilson,25.0,HOU,168,87,0.345,2020-21,0.5178571428571429,1610612745,5.0,13.0,0.385,4.0,14.0,0.286,21.0,59.0,0.356,9.0,27.0,0.333
1629610,DaQuan Jeffries,23.0,SAS,120,67,0.299,2020-21,0.5583333333333333,1610612759,10.0,21.0,0.476,1.0,7.0,0.143,9.0,39.0,0.231,11.0,28.0,0.393
1629751,Dakota Mathias,25.0,PHI,48,26,0.308,2020-21,0.5416666666666666,1610612755,3.0,4.0,0.75,0.0,3.0,0.0,5.0,19.0,0.263,3.0,7.0,0.429
1627745,Damian Jones,26.0,SAC,103,5,0.2,2020-21,0.0485436893203883,1610612758,0.0,0.0,0.0,1.0,1.0,1.0,0.0,2.0,0.0,1.0,1.0,1.0
203081,Damian Lillard,30.0,POR,1334,704,0.391,2020-21,0.527736131934033,1610612757,4.0,11.0,0.364,2.0,17.0,0.118,269.0,671.0,0.401,6.0,28.0,0.214
1627814,Damion Lee,28.0,GSW,274,194,0.397,2020-21,0.708029197080292,1610612744,10.0,30.0,0.333,18.0,33.0,0.545,49.0,130.0,0.377,28.0,63.0,0.444
1628422,Damyean Dotson,27.0,CLE,293,159,0.289,2020-21,0.5426621160409556,1610612739,8.0,18.0,0.444,3.0,18.0,0.167,35.0,121.0,0.289,11.0,36.0,0.306
1629655,Daniel Gafford,22.0,WAS,225,0,0.0,2020-21,0.0,1610612764,0.0,0.0,0.0,0.0,0.0,0.0,0.0,0.0,0.0,0.0,0.0,0.0
1630187,Daniel Oturu,21.0,LAC,52,5,0.2,2020-21,0.0961538461538461,1610612746,0.0,0.0,0.0,0.0,1.0,0.0,1.0,4.0,0.25,0.0,1.0,0.0
1628464,Daniel Theis,29.0,CHI,466,152,0.322,2020-21,0.3261802575107296,1610612741,5.0,18.0,0.278,5.0,20.0,0.25,39.0,113.0,0.345,10.0,38.0,0.263
201568,Danilo Gallinari,32.0,ATL,475,254,0.406,2020-21,0.5347368421052632,1610612737,6.0,12.0,0.5,3.0,15.0,0.2,94.0,225.0,0.418,9.0,27.0,0.333
201980,Danny Green,34.0,PHI,544,432,0.405,2020-21,0.7941176470588235,1610612755,35.0,81.0,0.432,55.0,124.0,0.444,85.0,226.0,0.376,90.0,205.0,0.439
203957,Dante Exum,25.0,HOU,26,11,0.182,2020-21,0.4230769230769231,1610612745,1.0,1.0,1.0,0.0,2.0,0.0,1.0,8.0,0.125,1.0,3.0,0.333
1627863,Danuel House Jr.,28.0,HOU,272,156,0.346,2020-21,0.5735294117647058,1610612745,10.0,29.0,0.345,10.0,30.0,0.333,33.0,96.0,0.344,20.0,59.0,0.339
203967,Dario Saric,27.0,PHX,342,135,0.348,2020-21,0.3947368421052631,1610612756,6.0,10.0,0.6,5.0,8.0,0.625,36.0,117.0,0.308,11.0,18.0,0.611
1629647,Darius Bazley,21.0,OKC,690,286,0.29,2020-21,0.4144927536231884,1610612760,12.0,39.0,0.308,5.0,27.0,0.185,66.0,219.0,0.301,17.0,66.0,0.258
1629636,Darius Garland,21.0,CLE,802,266,0.395,2020-21,0.3316708229426434,1610612739,10.0,27.0,0.37,11.0,21.0,0.524,84.0,218.0,0.385,21.0,48.0,0.438
203121,Darius Miller,31.0,OKC,48,42,0.405,2020-21,0.875,1610612760,2.0,4.0,0.5,1.0,3.0,0.333,14.0,34.0,0.412,3.0,7.0,0.429
1628021,David Nwaba,28.0,HOU,218,63,0.27,2020-21,0.2889908256880734,1610612745,0.0,13.0,0.0,6.0,19.0,0.316,11.0,31.0,0.355,6.0,32.0,0.188
202722,Davis Bertans,28.0,WAS,478,428,0.395,2020-21,0.895397489539749,1610612764,16.0,35.0,0.457,12.0,30.0,0.4,141.0,360.0,0.392,28.0,65.0,0.431
1628368,De'Aaron Fox,23.0,SAC,1110,320,0.322,2020-21,0.2882882882882883,1610612758,7.0,19.0,0.368,5.0,12.0,0.417,91.0,288.0,0.316,12.0,31.0,0.387
1629631,De'Andre Hunter,23.0,ATL,248,95,0.326,2020-21,0.3830645161290322,1610612737,5.0,16.0,0.313,4.0,16.0,0.25,22.0,62.0,0.355,9.0,32.0,0.281
1629001,De'Anthony Melton,23.0,MEM,393,211,0.412,2020-21,0.5368956743002544,1610612763,14.0,31.0,0.452,7.0,18.0,0.389,66.0,163.0,0.405,21.0,49.0,0.429
201599,DeAndre Jordan,32.0,BKN,249,1,0.0,2020-21,0.0040160642570281,1610612751,0.0,0.0,0.0,0.0,0.0,0.0,0.0,1.0,0.0,0.0,0.0,0.0
1627761,DeAndre' Bembry,26.0,TOR,228,53,0.264,2020-21,0.2324561403508772,1610612761,3.0,11.0,0.273,1.0,5.0,0.2,10.0,37.0,0.27,4.0,16.0,0.25
201942,DeMar DeRozan,31.0,SAS,920,74,0.257,2020-21,0.0804347826086956,1610612759,4.0,16.0,0.25,3.0,11.0,0.273,12.0,47.0,0.255,7.0,27.0,0.259
202326,DeMarcus Cousins,30.0,LAC,305,135,0.348,2020-21,0.4426229508196721,1610612746,2.0,3.0,0.667,2.0,7.0,0.286,43.0,125.0,0.344,4.0,10.0,0.4
1629731,Dean Wade,24.0,CLE,311,213,0.366,2020-21,0.684887459807074,1610612739,13.0,30.0,0.433,12.0,22.0,0.545,53.0,162.0,0.327,25.0,52.0,0.481
1629028,Deandre Ayton,22.0,PHX,687,20,0.2,2020-21,0.0291120815138282,1610612756,0.0,0.0,0.0,0.0,0.0,0.0,4.0,20.0,0.2,0.0,0.0,0.0
1629686,Deividas Sirvydis,21.0,DET,40,28,0.357,2020-21,0.7,1610612765,3.0,7.0,0.429,0.0,4.0,0.0,7.0,17.0,0.412,3.0,11.0,0.273
1627749,Dejounte Murray,24.0,SAS,974,199,0.317,2020-21,0.204312114989733,1610612759,7.0,26.0,0.269,7.0,18.0,0.389,49.0,155.0,0.316,14.0,44.0,0.318
1626153,Delon Wright,29.0,SAC,518,172,0.372,2020-21,0.332046332046332,1610612758,7.0,21.0,0.333,7.0,17.0,0.412,50.0,133.0,0.376,14.0,38.0,0.368
1630166,Deni Avdija,20.0,WAS,312,168,0.315,2020-21,0.5384615384615384,1610612764,7.0,27.0,0.259,7.0,23.0,0.304,39.0,117.0,0.333,14.0,50.0,0.28
203471,Dennis Schröder,27.0,LAL,760,212,0.335,2020-21,0.2789473684210526,1610612747,5.0,23.0,0.217,0.0,9.0,0.0,65.0,177.0,0.367,5.0,32.0,0.156
1628372,Dennis Smith Jr.,23.0,DET,145,58,0.328,2020-21,0.4,1610612765,2.0,4.0,0.5,0.0,0.0,0.0,17.0,54.0,0.315,2.0,4.0,0.5
1627756,Denzel Valentine,27.0,CHI,416,242,0.331,2020-21,0.5817307692307693,1610612741,12.0,31.0,0.387,8.0,26.0,0.308,60.0,185.0,0.324,20.0,57.0,0.351
202324,Derrick Favors,29.0,UTA,243,2,0.0,2020-21,0.0082304526748971,1610612762,0.0,2.0,0.0,0.0,0.0,0.0,0.0,0.0,0.0,0.0,2.0,0.0
1627884,Derrick Jones Jr.,24.0,POR,304,136,0.316,2020-21,0.4473684210526316,1610612757,12.0,29.0,0.414,14.0,49.0,0.286,17.0,57.0,0.298,26.0,78.0,0.333
201565,Derrick Rose,32.0,NYK,611,129,0.388,2020-21,0.2111292962356792,1610612752,4.0,12.0,0.333,2.0,7.0,0.286,44.0,110.0,0.4,6.0,19.0,0.316
1628401,Derrick White,26.0,SAS,453,243,0.346,2020-21,0.5364238410596026,1610612759,10.0,20.0,0.5,11.0,24.0,0.458,63.0,199.0,0.317,21.0,44.0,0.477
1630217,Desmond Bane,23.0,MEM,499,271,0.432,2020-21,0.5430861723446894,1610612763,22.0,46.0,0.478,17.0,32.0,0.531,78.0,193.0,0.404,39.0,78.0,0.5
1626164,Devin Booker,24.0,PHX,1287,371,0.34,2020-21,0.2882672882672882,1610612756,11.0,22.0,0.5,7.0,13.0,0.538,109.0,335.0,0.325,18.0,35.0,0.514
1629962,Devin Cannady,25.0,ORL,28,16,0.375,2020-21,0.5714285714285714,1610612753,2.0,3.0,0.667,0.0,2.0,0.0,4.0,11.0,0.364,2.0,5.0,0.4
1630170,Devin Vassell,20.0,SAS,303,150,0.347,2020-21,0.495049504950495,1610612759,13.0,36.0,0.361,13.0,30.0,0.433,26.0,84.0,0.31,26.0,66.0,0.394
1629653,Devon Dotson,21.0,CHI,21,7,0.143,2020-21,0.3333333333333333,1610612741,0.0,1.0,0.0,0.0,0.0,0.0,1.0,6.0,0.167,0.0,1.0,0.0
1629719,Devontae Cacok,24.0,LAL,29,0,0.0,2020-21,0.0,1610612747,0.0,0.0,0.0,0.0,0.0,0.0,0.0,0.0,0.0,0.0,0.0,0.0
1628984,Devonte' Graham,26.0,CHA,669,477,0.375,2020-21,0.7130044843049327,1610612766,13.0,29.0,0.448,11.0,23.0,0.478,155.0,424.0,0.366,24.0,52.0,0.462
203473,Dewayne Dedmon,31.0,MIA,65,5,0.2,2020-21,0.0769230769230769,1610612748,0.0,1.0,0.0,0.0,0.0,0.0,1.0,4.0,0.25,0.0,1.0,0.0
1629712,Didi Louzada,21.0,NOP,13,8,0.25,2020-21,0.6153846153846154,1610612740,1.0,2.0,0.5,0.0,1.0,0.0,1.0,5.0,0.2,1.0,3.0,0.333
1628415,Dillon Brooks,25.0,MEM,1031,372,0.344,2020-21,0.3608147429679922,1610612763,29.0,50.0,0.58,8.0,15.0,0.533,91.0,306.0,0.297,37.0,65.0,0.569
1627734,Domantas Sabonis,25.0,IND,904,162,0.321,2020-21,0.1792035398230088,1610612754,4.0,5.0,0.8,1.0,4.0,0.25,47.0,153.0,0.307,5.0,9.0,0.556
1628378,Donovan Mitchell,24.0,UTA,1091,461,0.386,2020-21,0.4225481209899175,1610612762,12.0,31.0,0.387,7.0,20.0,0.35,159.0,406.0,0.392,19.0,51.0,0.373
1629743,Donta Hall,23.0,ORL,35,0,0.0,2020-21,0.0,1610612753,0.0,0.0,0.0,0.0,0.0,0.0,0.0,0.0,0.0,0.0,0.0,0.0
1628978,Donte DiVincenzo,24.0,MIL,603,346,0.379,2020-21,0.5737976782752903,1610612749,16.0,37.0,0.432,10.0,26.0,0.385,105.0,282.0,0.372,26.0,63.0,0.413
1627827,Dorian Finney-Smith,28.0,DAL,466,302,0.394,2020-21,0.648068669527897,1610612742,22.0,66.0,0.333,27.0,67.0,0.403,70.0,169.0,0.414,49.0,133.0,0.368
203926,Doug McDermott,29.0,IND,665,286,0.388,2020-21,0.4300751879699248,1610612754,23.0,52.0,0.442,5.0,14.0,0.357,83.0,220.0,0.377,28.0,66.0,0.424
203110,Draymond Green,31.0,GSW,380,126,0.27,2020-21,0.331578947368421,1610612744,2.0,8.0,0.25,4.0,8.0,0.5,28.0,108.0,0.259,6.0,16.0,0.375
1629234,Drew Eubanks,24.0,SAS,205,2,1.0,2020-21,0.0097560975609756,1610612759,1.0,1.0,1.0,1.0,1.0,1.0,0.0,0.0,0.0,2.0,2.0,1.0
1629130,Duncan Robinson,27.0,MIA,717,613,0.408,2020-21,0.8549511854951185,1610612748,15.0,50.0,0.3,30.0,75.0,0.4,205.0,488.0,0.42,45.0,125.0,0.36
1628407,Dwayne Bacon,25.0,ORL,726,207,0.285,2020-21,0.2851239669421487,1610612753,5.0,29.0,0.172,3.0,6.0,0.5,51.0,170.0,0.3,8.0,35.0,0.229
2730,Dwight Howard,35.0,PHI,303,20,0.25,2020-21,0.066006600660066,1610612755,0.0,1.0,0.0,1.0,2.0,0.5,4.0,16.0,0.25,1.0,3.0,0.333
203939,Dwight Powell,29.0,DAL,194,21,0.238,2020-21,0.1082474226804123,1610612742,0.0,0.0,0.0,0.0,0.0,0.0,5.0,21.0,0.238,0.0,0.0,0.0
1629685,Dylan Windler,24.0,CLE,130,77,0.338,2020-21,0.5923076923076923,1610612739,3.0,19.0,0.158,8.0,17.0,0.471,15.0,41.0,0.366,11.0,36.0,0.306
202734,E'Twaun Moore,32.0,PHX,121,35,0.314,2020-21,0.2892561983471074,1610612756,2.0,6.0,0.333,3.0,4.0,0.75,6.0,25.0,0.24,5.0,10.0,0.5
202334,Ed Davis,32.0,MIN,44,0,0.0,2020-21,0.0,1610612750,0.0,0.0,0.0,0.0,0.0,0.0,0.0,0.0,0.0,0.0,0.0,0.0
1628410,Edmond Sumner,25.0,IND,282,88,0.398,2020-21,0.3120567375886525,1610612754,8.0,22.0,0.364,7.0,14.0,0.5,20.0,51.0,0.392,15.0,36.0,0.417
203901,Elfrid Payton,27.0,NYK,622,98,0.286,2020-21,0.157556270096463,1610612752,3.0,6.0,0.5,9.0,34.0,0.265,16.0,57.0,0.281,12.0,40.0,0.3
1629091,Elijah Bryant,26.0,MIL,13,5,0.2,2020-21,0.3846153846153846,1610612749,0.0,0.0,0.0,0.0,0.0,0.0,1.0,5.0,0.2,0.0,0.0,0.0
1630190,Elijah Hughes,23.0,UTA,30,23,0.348,2020-21,0.7666666666666667,1610612762,3.0,4.0,0.75,2.0,2.0,1.0,3.0,17.0,0.176,5.0,6.0,0.833
202683,Enes Freedom,29.0,POR,561,4,0.25,2020-21,0.0071301247771836,1610612757,0.0,0.0,0.0,0.0,0.0,0.0,1.0,3.0,0.333,0.0,0.0,0.0
202339,Eric Bledsoe,31.0,NOP,730,355,0.341,2020-21,0.4863013698630137,1610612740,15.0,39.0,0.385,14.0,44.0,0.318,92.0,271.0,0.339,29.0,83.0,0.349
201569,Eric Gordon,32.0,HOU,367,210,0.329,2020-21,0.5722070844686649,1610612745,3.0,6.0,0.5,2.0,6.0,0.333,64.0,198.0,0.323,5.0,12.0,0.417
1629672,Eric Paschall,24.0,GSW,298,54,0.333,2020-21,0.1812080536912751,1610612744,2.0,4.0,0.5,3.0,9.0,0.333,13.0,41.0,0.317,5.0,13.0,0.385
101141,Ersan Ilyasova,34.0,UTA,54,41,0.439,2020-21,0.7592592592592593,1610612762,1.0,6.0,0.167,2.0,6.0,0.333,15.0,29.0,0.517,3.0,12.0,0.25
203095,Evan Fournier,28.0,BOS,541,283,0.413,2020-21,0.5231053604436229,1610612738,16.0,31.0,0.516,9.0,14.0,0.643,93.0,238.0,0.391,25.0,45.0,0.556
1630267,Facundo Campazzo,30.0,DEN,315,216,0.352,2020-21,0.6857142857142857,1610612743,17.0,31.0,0.548,10.0,30.0,0.333,49.0,153.0,0.32,27.0,61.0,0.443
1628402,Frank Jackson,23.0,DET,293,150,0.407,2020-21,0.5119453924914675,1610612765,15.0,39.0,0.385,18.0,25.0,0.72,28.0,86.0,0.326,33.0,64.0,0.516
1626163,Frank Kaminsky,28.0,PHX,257,85,0.365,2020-21,0.3307392996108949,1610612756,8.0,11.0,0.727,0.0,5.0,0.0,23.0,69.0,0.333,8.0,16.0,0.5
1628412,Frank Mason III,27.0,ORL,24,5,0.4,2020-21,0.2083333333333333,1610612753,1.0,1.0,1.0,0.0,0.0,0.0,1.0,4.0,0.25,1.0,1.0,1.0
1628373,Frank Ntilikina,22.0,NYK,79,48,0.479,2020-21,0.6075949367088608,1610612752,6.0,9.0,0.667,7.0,11.0,0.636,10.0,27.0,0.37,13.0,20.0,0.65
1627832,Fred VanVleet,27.0,TOR,870,476,0.366,2020-21,0.5471264367816092,1610612761,5.0,28.0,0.179,8.0,25.0,0.32,161.0,420.0,0.383,13.0,53.0,0.245
1630273,Freddie Gillespie,24.0,TOR,84,0,0.0,2020-21,0.0,1610612761,0.0,0.0,0.0,0.0,0.0,0.0,0.0,0.0,0.0,0.0,0.0,0.0
1627788,Furkan Korkmaz,23.0,PHI,424,269,0.375,2020-21,0.6344339622641509,1610612755,10.0,35.0,0.286,21.0,39.0,0.538,70.0,191.0,0.366,31.0,74.0,0.419
1629216,Gabe Vincent,25.0,MIA,233,149,0.309,2020-21,0.6394849785407726,1610612748,5.0,23.0,0.217,5.0,18.0,0.278,36.0,108.0,0.333,10.0,41.0,0.244
1630466,Gabriel Deck,26.0,OKC,67,15,0.133,2020-21,0.2238805970149253,1610612760,0.0,4.0,0.0,1.0,3.0,0.333,1.0,7.0,0.143,1.0,7.0,0.143
202066,Garrett Temple,35.0,CHI,381,200,0.335,2020-21,0.5249343832020997,1610612741,18.0,55.0,0.327,16.0,44.0,0.364,33.0,101.0,0.327,34.0,99.0,0.343
1629726,Garrison Mathews,24.0,WAS,237,198,0.384,2020-21,0.8354430379746836,1610612764,21.0,48.0,0.438,11.0,18.0,0.611,44.0,131.0,0.336,32.0,66.0,0.485
1629109,Gary Clark,26.0,PHI,132,108,0.287,2020-21,0.8181818181818182,1610612755,11.0,23.0,0.478,7.0,21.0,0.333,13.0,63.0,0.206,18.0,44.0,0.409
203914,Gary Harris,26.0,ORL,345,141,0.34,2020-21,0.408695652173913,1610612753,13.0,33.0,0.394,9.0,19.0,0.474,26.0,89.0,0.292,22.0,52.0,0.423
1627780,Gary Payton II,28.0,GSW,13,4,0.5,2020-21,0.3076923076923077,1610612744,1.0,2.0,0.5,0.0,1.0,0.0,1.0,1.0,1.0,1.0,3.0,0.333
1629018,Gary Trent Jr.,22.0,TOR,785,429,0.385,2020-21,0.5464968152866242,1610612761,19.0,47.0,0.404,15.0,38.0,0.395,131.0,342.0,0.383,34.0,85.0,0.4
201588,George Hill,35.0,PHI,197,80,0.388,2020-21,0.4060913705583756,1610612755,6.0,12.0,0.5,4.0,11.0,0.364,21.0,57.0,0.368,10.0,23.0,0.435
1627777,Georges Niang,28.0,UTA,405,292,0.425,2020-21,0.7209876543209877,1610612762,31.0,68.0,0.456,19.0,51.0,0.373,74.0,173.0,0.428,50.0,119.0,0.42
203507,Giannis Antetokounmpo,26.0,MIL,1100,221,0.303,2020-21,0.2009090909090909,1610612749,3.0,6.0,0.5,0.0,5.0,0.0,64.0,210.0,0.305,3.0,11.0,0.273
203922,Glenn Robinson III,27.0,SAC,99,44,0.364,2020-21,0.4444444444444444,1610612758,5.0,19.0,0.263,7.0,9.0,0.778,4.0,16.0,0.25,12.0,28.0,0.429
1629048,Goga Bitadze,21.0,IND,194,79,0.253,2020-21,0.4072164948453608,1610612754,0.0,2.0,0.0,0.0,2.0,0.0,20.0,75.0,0.267,0.0,4.0,0.0
201609,Goran Dragic,35.0,MIA,555,244,0.373,2020-21,0.4396396396396396,1610612748,15.0,27.0,0.556,8.0,16.0,0.5,68.0,200.0,0.34,23.0,43.0,0.535
202330,Gordon Hayward,31.0,CHA,658,205,0.415,2020-21,0.3115501519756838,1610612766,8.0,15.0,0.533,15.0,21.0,0.714,62.0,169.0,0.367,23.0,36.0,0.639
203476,Gorgui Dieng,31.0,SAS,163,70,0.429,2020-21,0.4294478527607362,1610612759,3.0,4.0,0.75,4.0,8.0,0.5,23.0,58.0,0.397,7.0,12.0,0.583
1630203,Grant Riller,24.0,CHA,12,4,0.5,2020-21,0.3333333333333333,1610612766,1.0,1.0,1.0,0.0,0.0,0.0,1.0,3.0,0.333,1.0,1.0,1.0
1629684,Grant Williams,22.0,BOS,247,129,0.372,2020-21,0.5222672064777328,1610612738,16.0,35.0,0.457,9.0,21.0,0.429,23.0,73.0,0.315,25.0,56.0,0.446
1628960,Grayson Allen,25.0,MEM,414,274,0.391,2020-21,0.6618357487922706,1610612763,14.0,28.0,0.5,4.0,21.0,0.19,89.0,225.0,0.396,18.0,49.0,0.367
204222,Greg Whittington,28.0,DEN,3,2,0.0,2020-21,0.6666666666666666,1610612743,,,,0.0,1.0,0.0,0.0,1.0,0.0,0.0,1.0,0.0
1628977,Hamidou Diallo,22.0,DET,470,82,0.341,2020-21,0.1744680851063829,1610612765,2.0,14.0,0.143,5.0,10.0,0.5,20.0,57.0,0.351,7.0,24.0,0.292
203084,Harrison Barnes,29.0,SAC,642,256,0.391,2020-21,0.3987538940809969,1610612758,17.0,30.0,0.567,14.0,32.0,0.438,69.0,194.0,0.356,31.0,62.0,0.5
1628385,Harry Giles III,23.0,POR,97,23,0.348,2020-21,0.2371134020618556,1610612757,2.0,3.0,0.667,1.0,3.0,0.333,5.0,17.0,0.294,3.0,6.0,0.5
202355,Hassan Whiteside,32.0,SAC,224,1,0.0,2020-21,0.0044642857142857,1610612758,0.0,0.0,0.0,0.0,0.0,0.0,0.0,1.0,0.0,0.0,0.0,0.0
1627740,Henry Ellenson,24.0,TOR,14,9,0.222,2020-21,0.6428571428571429,1610612761,0.0,1.0,0.0,0.0,2.0,0.0,2.0,6.0,0.333,0.0,3.0,0.0
1629649,Ignas Brazdeikis,22.0,ORL,83,28,0.393,2020-21,0.3373493975903614,1610612753,0.0,3.0,0.0,2.0,4.0,0.5,9.0,20.0,0.45,2.0,7.0,0.286
202697,Iman Shumpert,31.0,BKN,4,3,0.0,2020-21,0.75,1610612751,0.0,0.0,0.0,0.0,0.0,0.0,0.0,3.0,0.0,0.0,0.0,0.0
1630193,Immanuel Quickley,22.0,NYK,580,303,0.389,2020-21,0.5224137931034483,1610612752,3.0,12.0,0.25,9.0,16.0,0.563,106.0,275.0,0.385,12.0,28.0,0.429
1629067,Isaac Bonga,21.0,WAS,81,47,0.277,2020-21,0.5802469135802469,1610612764,6.0,16.0,0.375,4.0,15.0,0.267,3.0,15.0,0.2,10.0,31.0,0.323
1630171,Isaac Okoro,20.0,CLE,559,214,0.29,2020-21,0.3828264758497317,1610612739,11.0,39.0,0.282,20.0,48.0,0.417,31.0,127.0,0.244,31.0,87.0,0.356
1628392,Isaiah Hartenstein,23.0,CLE,171,6,0.333,2020-21,0.0350877192982456,1610612739,0.0,0.0,0.0,0.0,0.0,0.0,2.0,6.0,0.333,0.0,0.0,0.0
1630198,Isaiah Joe,21.0,PHI,133,106,0.368,2020-21,0.7969924812030075,1610612755,1.0,5.0,0.2,6.0,17.0,0.353,32.0,84.0,0.381,7.0,22.0,0.318
1629676,Isaiah Roby,23.0,OKC,429,109,0.294,2020-21,0.2540792540792541,1610612760,5.0,11.0,0.455,4.0,10.0,0.4,22.0,84.0,0.262,9.0,21.0,0.429
1630191,Isaiah Stewart,20.0,DET,409,63,0.333,2020-21,0.1540342298288508,1610612765,0.0,2.0,0.0,1.0,3.0,0.333,20.0,58.0,0.345,1.0,5.0,0.2
202738,Isaiah Thomas,32.0,NOP,27,12,0.25,2020-21,0.4444444444444444,1610612740,0.0,0.0,0.0,1.0,2.0,0.5,2.0,10.0,0.2,1.0,2.0,0.5
202397,Ish Smith,32.0,WAS,297,49,0.367,2020-21,0.1649831649831649,1610612764,4.0,12.0,0.333,4.0,8.0,0.5,10.0,28.0,0.357,8.0,20.0,0.4
1627826,Ivica Zubac,24.0,LAC,394,4,0.25,2020-21,0.0101522842639593,1610612746,0.0,0.0,0.0,0.0,0.0,0.0,1.0,3.0,0.333,0.0,0.0,0.0
200755,JJ Redick,37.0,DAL,267,178,0.371,2020-21,0.6666666666666666,1610612742,4.0,11.0,0.364,10.0,23.0,0.435,52.0,145.0,0.359,14.0,34.0,0.412
1629630,Ja Morant,21.0,MEM,957,241,0.303,2020-21,0.2518286311389759,1610612763,2.0,11.0,0.182,5.0,15.0,0.333,66.0,214.0,0.308,7.0,26.0,0.269
203960,JaKarr Sampson,28.0,IND,113,15,0.2,2020-21,0.1327433628318584,1610612754,0.0,6.0,0.0,0.0,3.0,0.0,3.0,6.0,0.5,0.0,9.0,0.0
203210,JaMychal Green,31.0,DEN,374,198,0.399,2020-21,0.5294117647058824,1610612743,17.0,38.0,0.447,7.0,19.0,0.368,55.0,141.0,0.39,24.0,57.0,0.421
201580,JaVale McGee,33.0,DEN,282,24,0.208,2020-21,0.0851063829787234,1610612743,1.0,3.0,0.333,0.0,1.0,0.0,4.0,20.0,0.2,1.0,4.0,0.25
203953,Jabari Parker,26.0,BOS,55,11,0.182,2020-21,0.2,1610612738,0.0,2.0,0.0,0.0,1.0,0.0,2.0,8.0,0.25,0.0,3.0,0.0
1630183,Jaden McDaniels,20.0,MIN,367,198,0.364,2020-21,0.5395095367847411,1610612750,20.0,44.0,0.455,9.0,28.0,0.321,43.0,124.0,0.347,29.0,72.0,0.403
203109,Jae Crowder,30.0,PHX,492,380,0.389,2020-21,0.7723577235772358,1610612756,19.0,53.0,0.358,23.0,48.0,0.479,106.0,279.0,0.38,42.0,101.0,0.416
1630256,Jae'Sean Tate,25.0,HOU,625,195,0.308,2020-21,0.312,1610612745,18.0,45.0,0.4,11.0,39.0,0.282,31.0,111.0,0.279,29.0,84.0,0.345
1626143,Jahlil Okafor,25.0,DET,102,9,0.222,2020-21,0.088235294117647,1610612765,0.0,0.0,0.0,0.0,1.0,0.0,2.0,8.0,0.25,0.0,1.0,0.0
1630186,Jahmi'us Ramsey,20.0,SAC,38,19,0.263,2020-21,0.5,1610612758,1.0,2.0,0.5,1.0,3.0,0.333,3.0,14.0,0.214,2.0,5.0,0.4
1627774,Jake Layman,27.0,MIN,184,78,0.295,2020-21,0.4239130434782608,1610612750,5.0,20.0,0.25,0.0,8.0,0.0,18.0,49.0,0.367,5.0,28.0,0.179
1627751,Jakob Poeltl,25.0,SAS,430,0,0.0,2020-21,0.0,1610612759,0.0,0.0,0.0,0.0,0.0,0.0,0.0,0.0,0.0,0.0,0.0,0.0
1628973,Jalen Brunson,24.0,DAL,627,200,0.405,2020-21,0.3189792663476874,1610612742,14.0,29.0,0.483,16.0,30.0,0.533,51.0,141.0,0.362,30.0,59.0,0.508
1630223,Jalen Harris,22.0,TOR,72,36,0.472,2020-21,0.5,1610612761,1.0,3.0,0.333,6.0,8.0,0.75,10.0,24.0,0.417,7.0,11.0,0.636
1629665,Jalen Lecque,21.0,IND,9,1,0.0,2020-21,0.1111111111111111,1610612754,,,,0.0,0.0,0.0,0.0,1.0,0.0,0.0,0.0,0.0
1629667,Jalen McDaniels,23.0,CHA,284,105,0.333,2020-21,0.3697183098591549,1610612766,10.0,34.0,0.294,9.0,23.0,0.391,16.0,47.0,0.34,19.0,57.0,0.333
1630188,Jalen Smith,21.0,PHX,50,17,0.235,2020-21,0.34,1610612756,0.0,0.0,0.0,3.0,7.0,0.429,1.0,10.0,0.1,3.0,7.0,0.429
1627750,Jamal Murray,24.0,DEN,792,316,0.408,2020-21,0.398989898989899,1610612743,11.0,24.0,0.458,10.0,19.0,0.526,108.0,272.0,0.397,21.0,43.0,0.488
203516,James Ennis III,30.0,ORL,243,104,0.433,2020-21,0.4279835390946502,1610612753,12.0,16.0,0.75,3.0,13.0,0.231,30.0,75.0,0.4,15.0,29.0,0.517
201935,James Harden,31.0,BKN,734,334,0.362,2020-21,0.4550408719346049,1610612751,1.0,6.0,0.167,4.0,10.0,0.4,116.0,316.0,0.367,5.0,16.0,0.313
201949,James Johnson,34.0,NOP,327,120,0.258,2020-21,0.3669724770642202,1610612740,6.0,22.0,0.273,6.0,30.0,0.2,19.0,67.0,0.284,12.0,52.0,0.231
203263,James Nunnally,30.0,NOP,13,12,0.333,2020-21,0.9230769230769232,1610612740,2.0,4.0,0.5,1.0,2.0,0.5,1.0,6.0,0.167,3.0,6.0,0.5
1630164,James Wiseman,20.0,GSW,368,38,0.316,2020-21,0.1032608695652173,1610612744,0.0,2.0,0.0,1.0,1.0,1.0,11.0,34.0,0.324,1.0,3.0,0.333
201162,Jared Dudley,35.0,LAL,9,6,0.333,2020-21,0.6666666666666666,1610612747,0.0,0.0,0.0,0.0,0.0,0.0,2.0,6.0,0.333,0.0,0.0,0.0
1629607,Jared Harper,23.0,NYK,4,1,0.0,2020-21,0.25,1610612752,0.0,0.0,0.0,0.0,0.0,0.0,0.0,1.0,0.0,0.0,0.0,0.0
1628991,Jaren Jackson Jr.,21.0,MEM,125,60,0.283,2020-21,0.48,1610612763,4.0,12.0,0.333,0.0,4.0,0.0,12.0,42.0,0.286,4.0,16.0,0.25
1629020,Jarred Vanderbilt,22.0,MIN,236,5,0.2,2020-21,0.0211864406779661,1610612750,1.0,2.0,0.5,0.0,1.0,0.0,0.0,2.0,0.0,1.0,3.0,0.333
1629714,Jarrell Brantley,25.0,UTA,52,28,0.429,2020-21,0.5384615384615384,1610612762,5.0,11.0,0.455,2.0,4.0,0.5,5.0,13.0,0.385,7.0,15.0,0.467
1628386,Jarrett Allen,23.0,CLE,482,19,0.316,2020-21,0.0394190871369294,1610612739,1.0,3.0,0.333,1.0,4.0,0.25,4.0,12.0,0.333,2.0,7.0,0.286
1629633,Jarrett Culver,22.0,MIN,168,53,0.245,2020-21,0.3154761904761904,1610612750,3.0,8.0,0.375,2.0,8.0,0.25,8.0,37.0,0.216,5.0,16.0,0.313
1629750,Javonte Green,27.0,CHI,102,30,0.333,2020-21,0.2941176470588235,1610612741,2.0,6.0,0.333,5.0,8.0,0.625,3.0,16.0,0.188,7.0,14.0,0.5
1629637,Jaxson Hayes,21.0,NOP,280,14,0.429,2020-21,0.05,1610612740,0.0,0.0,0.0,2.0,5.0,0.4,3.0,8.0,0.375,2.0,5.0,0.4
1630206,Jay Scrubb,20.0,LAC,36,9,0.222,2020-21,0.25,1610612746,0.0,2.0,0.0,1.0,1.0,1.0,1.0,6.0,0.167,1.0,3.0,0.333
1629121,Jaylen Adams,25.0,MIL,8,2,0.0,2020-21,0.25,1610612749,0.0,0.0,0.0,0.0,0.0,0.0,0.0,2.0,0.0,0.0,0.0,0.0
1627759,Jaylen Brown,24.0,BOS,1111,411,0.397,2020-21,0.3699369936993699,1610612738,20.0,38.0,0.526,9.0,33.0,0.273,133.0,337.0,0.395,29.0,71.0,0.408
1629658,Jaylen Hoard,22.0,OKC,88,11,0.0,2020-21,0.125,1610612760,0.0,4.0,0.0,0.0,2.0,0.0,0.0,5.0,0.0,0.0,6.0,0.0
1629669,Jaylen Nowell,21.0,MIN,335,150,0.333,2020-21,0.4477611940298507,1610612750,8.0,18.0,0.444,5.0,12.0,0.417,35.0,117.0,0.299,13.0,30.0,0.433
1628369,Jayson Tatum,23.0,BOS,1318,485,0.386,2020-21,0.3679817905918057,1610612738,18.0,43.0,0.419,8.0,28.0,0.286,161.0,414.0,0.389,26.0,71.0,0.366
201145,Jeff Green,34.0,BKN,530,250,0.412,2020-21,0.4716981132075472,1610612751,22.0,42.0,0.524,26.0,67.0,0.388,55.0,138.0,0.399,48.0,109.0,0.44
201952,Jeff Teague,33.0,MIL,284,82,0.439,2020-21,0.2887323943661972,1610612749,1.0,7.0,0.143,5.0,8.0,0.625,30.0,67.0,0.448,6.0,15.0,0.4
203924,Jerami Grant,27.0,DET,932,329,0.35,2020-21,0.3530042918454936,1610612765,9.0,33.0,0.273,16.0,37.0,0.432,90.0,259.0,0.347,25.0,70.0,0.357
1629725,Jeremiah Martin,25.0,CLE,33,12,0.25,2020-21,0.3636363636363636,1610612739,1.0,2.0,0.5,0.0,1.0,0.0,2.0,9.0,0.222,1.0,3.0,0.333
203087,Jeremy Lamb,29.0,IND,276,128,0.406,2020-21,0.463768115942029,1610612754,0.0,5.0,0.0,5.0,7.0,0.714,47.0,115.0,0.409,5.0,12.0,0.417
1629010,Jerome Robinson,24.0,WAS,95,42,0.262,2020-21,0.4421052631578947,1610612764,1.0,2.0,0.5,4.0,9.0,0.444,6.0,31.0,0.194,5.0,11.0,0.455
1628975,Jevon Carter,25.0,PHX,223,151,0.371,2020-21,0.6771300448430493,1610612756,11.0,28.0,0.393,4.0,10.0,0.4,41.0,112.0,0.366,15.0,38.0,0.395
202710,Jimmy Butler III,31.0,MIA,736,102,0.245,2020-21,0.1385869565217391,1610612748,5.0,14.0,0.357,5.0,22.0,0.227,15.0,64.0,0.234,10.0,36.0,0.278
203925,Joe Harris,29.0,BKN,707,444,0.475,2020-21,0.628005657708628,1610612751,17.0,29.0,0.586,30.0,67.0,0.448,164.0,348.0,0.471,47.0,96.0,0.49
204060,Joe Ingles,33.0,UTA,562,406,0.451,2020-21,0.7224199288256228,1610612762,24.0,53.0,0.453,22.0,44.0,0.5,136.0,309.0,0.44,46.0,97.0,0.474
203954,Joel Embiid,27.0,PHI,899,154,0.377,2020-21,0.1713014460511679,1610612755,2.0,5.0,0.4,2.0,3.0,0.667,54.0,145.0,0.372,4.0,8.0,0.5
1628381,John Collins,23.0,ATL,771,208,0.399,2020-21,0.2697795071335927,1610612737,10.0,17.0,0.588,11.0,36.0,0.306,62.0,154.0,0.403,21.0,53.0,0.396
1629723,John Konchar,25.0,MEM,138,56,0.375,2020-21,0.4057971014492754,1610612763,7.0,19.0,0.368,3.0,8.0,0.375,11.0,29.0,0.379,10.0,27.0,0.37
202322,John Wall,30.0,HOU,726,249,0.317,2020-21,0.3429752066115702,1610612745,2.0,8.0,0.25,5.0,9.0,0.556,72.0,231.0,0.312,7.0,17.0,0.412
202685,Jonas Valančiūnas,29.0,MEM,743,57,0.368,2020-21,0.0767160161507402,1610612763,0.0,3.0,0.0,4.0,7.0,0.571,17.0,47.0,0.362,4.0,10.0,0.4
1629007,Jontay Porter,21.0,MEM,15,8,0.375,2020-21,0.5333333333333333,1610612763,0.0,0.0,0.0,0.0,0.0,0.0,3.0,8.0,0.375,0.0,0.0,0.0
1628395,Jordan Bell,26.0,GSW,22,2,0.0,2020-21,0.0909090909090909,1610612744,0.0,1.0,0.0,0.0,0.0,0.0,0.0,1.0,0.0,0.0,1.0,0.0
1629648,Jordan Bone,23.0,ORL,54,32,0.313,2020-21,0.5925925925925926,1610612753,0.0,8.0,0.0,0.0,2.0,0.0,10.0,22.0,0.455,0.0,10.0,0.0
203903,Jordan Clarkson,29.0,UTA,1075,599,0.347,2020-21,0.5572093023255814,1610612762,23.0,68.0,0.338,8.0,40.0,0.2,177.0,490.0,0.361,31.0,108.0,0.287
1629162,Jordan McLaughlin,25.0,MIN,242,92,0.359,2020-21,0.3801652892561983,1610612750,4.0,15.0,0.267,3.0,8.0,0.375,25.0,68.0,0.368,7.0,23.0,0.304
1629670,Jordan Nwora,22.0,MIL,135,62,0.452,2020-21,0.4592592592592592,1610612749,2.0,6.0,0.333,3.0,6.0,0.5,23.0,49.0,0.469,5.0,12.0,0.417
1629673,Jordan Poole,22.0,GSW,474,276,0.351,2020-21,0.5822784810126582,1610612744,11.0,17.0,0.647,8.0,14.0,0.571,76.0,243.0,0.313,19.0,31.0,0.613
1630182,Josh Green,20.0,DAL,93,25,0.16,2020-21,0.2688172043010752,1610612742,2.0,13.0,0.154,2.0,6.0,0.333,0.0,6.0,0.0,4.0,19.0,0.211
1630221,Josh Hall,20.0,OKC,99,37,0.108,2020-21,0.3737373737373737,1610612760,0.0,3.0,0.0,0.0,3.0,0.0,4.0,30.0,0.133,0.0,6.0,0.0
1628404,Josh Hart,26.0,NOP,344,193,0.326,2020-21,0.561046511627907,1610612740,6.0,32.0,0.188,14.0,37.0,0.378,42.0,123.0,0.341,20.0,69.0,0.29
1628367,Josh Jackson,24.0,DET,707,257,0.3,2020-21,0.3635077793493635,1610612765,14.0,38.0,0.368,9.0,37.0,0.243,54.0,180.0,0.3,23.0,75.0,0.307
1629006,Josh Okogie,22.0,MIN,254,108,0.269,2020-21,0.4251968503937008,1610612750,10.0,22.0,0.455,5.0,24.0,0.208,13.0,59.0,0.22,15.0,46.0,0.326
1626196,Josh Richardson,27.0,DAL,618,267,0.33,2020-21,0.4320388349514563,1610612742,12.0,32.0,0.375,5.0,22.0,0.227,71.0,212.0,0.335,17.0,54.0,0.315
201950,Jrue Holiday,31.0,MIL,823,283,0.392,2020-21,0.3438639125151883,1610612749,11.0,28.0,0.393,8.0,26.0,0.308,92.0,227.0,0.405,19.0,54.0,0.352
1629308,Juan Toscano-Anderson,28.0,GSW,209,92,0.402,2020-21,0.4401913875598086,1610612744,4.0,14.0,0.286,7.0,17.0,0.412,26.0,59.0,0.441,11.0,31.0,0.355
1627823,Juancho Hernangomez,25.0,MIN,299,168,0.327,2020-21,0.5618729096989966,1610612750,7.0,16.0,0.438,10.0,23.0,0.435,38.0,129.0,0.295,17.0,39.0,0.436
203944,Julius Randle,26.0,NYK,1321,389,0.411,2020-21,0.2944738834216502,1610612752,19.0,46.0,0.413,18.0,41.0,0.439,123.0,300.0,0.41,37.0,87.0,0.425
203200,Justin Holiday,32.0,IND,625,453,0.382,2020-21,0.7248,1610612754,37.0,78.0,0.474,38.0,95.0,0.4,98.0,280.0,0.35,75.0,173.0,0.434
1628382,Justin Jackson,26.0,MIL,221,117,0.308,2020-21,0.5294117647058824,1610612749,2.0,14.0,0.143,2.0,6.0,0.333,31.0,96.0,0.323,4.0,20.0,0.2
1629713,Justin James,24.0,SAC,111,38,0.368,2020-21,0.3423423423423423,1610612758,3.0,7.0,0.429,2.0,7.0,0.286,9.0,23.0,0.391,5.0,14.0,0.357
1628383,Justin Patton,24.0,HOU,70,34,0.265,2020-21,0.4857142857142857,1610612745,1.0,6.0,0.167,2.0,11.0,0.182,6.0,17.0,0.353,3.0,17.0,0.176
1629620,Justin Robinson,23.0,OKC,21,14,0.286,2020-21,0.6666666666666666,1610612760,0.0,2.0,0.0,0.0,0.0,0.0,4.0,12.0,0.333,0.0,2.0,0.0
1626159,Justise Winslow,25.0,MEM,210,54,0.185,2020-21,0.2571428571428571,1610612763,5.0,20.0,0.25,0.0,4.0,0.0,5.0,30.0,0.167,5.0,24.0,0.208
203994,Jusuf Nurkić,26.0,POR,333,30,0.4,2020-21,0.09009009009009,1610612757,0.0,0.0,0.0,0.0,0.0,0.0,12.0,29.0,0.414,0.0,0.0,0.0
1629752,Juwan Morgan,24.0,UTA,30,13,0.308,2020-21,0.4333333333333333,1610612762,0.0,1.0,0.0,1.0,2.0,0.5,3.0,10.0,0.3,1.0,3.0,0.333
1630231,KJ Martin,20.0,HOU,318,96,0.365,2020-21,0.3018867924528302,1610612745,7.0,15.0,0.467,3.0,16.0,0.188,25.0,64.0,0.391,10.0,31.0,0.323
1629644,KZ Okpala,22.0,MIA,96,50,0.24,2020-21,0.5208333333333334,1610612748,5.0,14.0,0.357,2.0,15.0,0.133,5.0,21.0,0.238,7.0,29.0,0.241
1630211,Karim Mane,21.0,ORL,13,2,0.5,2020-21,0.1538461538461538,1610612753,0.0,0.0,0.0,0.0,0.0,0.0,1.0,2.0,0.5,0.0,0.0,0.0
1626157,Karl-Anthony Towns,25.0,MIN,875,315,0.387,2020-21,0.36,1610612750,2.0,15.0,0.133,5.0,11.0,0.455,115.0,289.0,0.398,7.0,26.0,0.269
202695,Kawhi Leonard,30.0,LAC,908,254,0.398,2020-21,0.2797356828193832,1610612746,13.0,27.0,0.481,10.0,19.0,0.526,78.0,207.0,0.377,23.0,46.0,0.5
1628966,Keita Bates-Diop,25.0,SAS,67,17,0.294,2020-21,0.2537313432835821,1610612759,0.0,2.0,0.0,2.0,7.0,0.286,3.0,8.0,0.375,2.0,9.0,0.222
1629103,Kelan Martin,25.0,IND,138,60,0.4,2020-21,0.4347826086956521,1610612754,3.0,7.0,0.429,4.0,7.0,0.571,17.0,46.0,0.37,7.0,14.0,0.5
1629640,Keldon Johnson,21.0,SAS,705,181,0.331,2020-21,0.2567375886524822,1610612759,7.0,28.0,0.25,6.0,17.0,0.353,47.0,134.0,0.351,13.0,45.0,0.289
1629833,Keljin Blevins,25.0,POR,20,8,0.25,2020-21,0.4,1610612757,0.0,0.0,0.0,1.0,3.0,0.333,1.0,5.0,0.2,1.0,3.0,0.333
203482,Kelly Olynyk,30.0,HOU,697,368,0.342,2020-21,0.5279770444763271,1610612745,8.0,39.0,0.205,10.0,24.0,0.417,108.0,305.0,0.354,18.0,63.0,0.286
1626162,Kelly Oubre Jr.,25.0,GSW,724,285,0.316,2020-21,0.393646408839779,1610612744,17.0,42.0,0.405,23.0,63.0,0.365,50.0,180.0,0.278,40.0,105.0,0.381
202689,Kemba Walker,31.0,OKC,676,353,0.36,2020-21,0.522189349112426,1610612760,3.0,9.0,0.333,5.0,12.0,0.417,119.0,329.0,0.362,8.0,21.0,0.381
1629134,Kendrick Nunn,25.0,MIA,658,320,0.381,2020-21,0.486322188449848,1610612748,12.0,36.0,0.333,8.0,26.0,0.308,102.0,257.0,0.397,20.0,62.0,0.323
1629026,Kenrich Williams,26.0,OKC,411,117,0.444,2020-21,0.2846715328467153,1610612760,14.0,27.0,0.519,11.0,16.0,0.688,27.0,72.0,0.375,25.0,43.0,0.581
203145,Kent Bazemore,31.0,GSW,392,184,0.408,2020-21,0.4693877551020408,1610612744,24.0,57.0,0.421,16.0,45.0,0.356,34.0,81.0,0.42,40.0,102.0,0.392
203484,Kentavious Caldwell-Pope,28.0,LAL,506,293,0.41,2020-21,0.5790513833992095,1610612747,20.0,54.0,0.37,30.0,65.0,0.462,69.0,173.0,0.399,50.0,119.0,0.42
201142,Kevin Durant,32.0,BKN,603,189,0.45,2020-21,0.3134328358208955,1610612751,2.0,5.0,0.4,7.0,10.0,0.7,76.0,174.0,0.437,9.0,15.0,0.6
1628989,Kevin Huerter,22.0,ATL,731,386,0.363,2020-21,0.5280437756497948,1610612737,13.0,37.0,0.351,19.0,48.0,0.396,108.0,300.0,0.36,32.0,85.0,0.376
1628995,Kevin Knox II,21.0,NYK,143,89,0.393,2020-21,0.6223776223776224,1610612752,10.0,21.0,0.476,12.0,21.0,0.571,13.0,47.0,0.277,22.0,42.0,0.524
201567,Kevin Love,32.0,CLE,252,156,0.365,2020-21,0.6190476190476191,1610612739,4.0,9.0,0.444,3.0,8.0,0.375,50.0,139.0,0.36,7.0,17.0,0.412
1629645,Kevin Porter Jr.,21.0,HOU,367,161,0.311,2020-21,0.438692098092643,1610612745,2.0,6.0,0.333,7.0,20.0,0.35,41.0,135.0,0.304,9.0,26.0,0.346
1626172,Kevon Looney,25.0,GSW,197,17,0.235,2020-21,0.0862944162436548,1610612744,1.0,5.0,0.2,0.0,1.0,0.0,3.0,11.0,0.273,1.0,6.0,0.167
203920,Khem Birch,28.0,TOR,380,52,0.25,2020-21,0.1368421052631579,1610612761,5.0,22.0,0.227,5.0,13.0,0.385,3.0,16.0,0.188,10.0,35.0,0.286
203114,Khris Middleton,29.0,MIL,1074,365,0.414,2020-21,0.3398510242085661,1610612749,11.0,28.0,0.393,15.0,32.0,0.469,125.0,304.0,0.411,26.0,60.0,0.433
1629017,Khyri Thomas,25.0,HOU,66,27,0.333,2020-21,0.4090909090909091,1610612745,2.0,4.0,0.5,0.0,3.0,0.0,7.0,20.0,0.35,2.0,7.0,0.286
1630165,Killian Hayes,19.0,DET,201,72,0.278,2020-21,0.3582089552238806,1610612765,1.0,4.0,0.25,1.0,9.0,0.111,18.0,59.0,0.305,2.0,13.0,0.154
1629681,Killian Tillie,23.0,MEM,57,33,0.303,2020-21,0.5789473684210527,1610612763,1.0,5.0,0.2,1.0,6.0,0.167,8.0,22.0,0.364,2.0,11.0,0.182
1630184,Kira Lewis Jr.,20.0,NOP,337,120,0.333,2020-21,0.3560830860534125,1610612740,4.0,16.0,0.25,4.0,8.0,0.5,30.0,93.0,0.323,8.0,24.0,0.333
1628961,Kostas Antetokounmpo,23.0,LAL,10,0,0.0,2020-21,0.0,1610612747,0.0,0.0,0.0,0.0,0.0,0.0,0.0,0.0,0.0,0.0,0.0,0.0
1627739,Kris Dunn,27.0,ATL,12,2,0.0,2020-21,0.1666666666666666,1610612737,0.0,1.0,0.0,0.0,0.0,0.0,0.0,1.0,0.0,0.0,1.0,0.0
204001,Kristaps Porziņģis,25.0,DAL,683,258,0.376,2020-21,0.3777452415812591,1610612742,5.0,8.0,0.625,6.0,9.0,0.667,86.0,238.0,0.361,11.0,17.0,0.647
203937,Kyle Anderson,27.0,MEM,658,261,0.36,2020-21,0.3966565349544073,1610612763,23.0,63.0,0.365,18.0,49.0,0.367,53.0,148.0,0.358,41.0,112.0,0.366
1629657,Kyle Guy,23.0,SAC,88,46,0.283,2020-21,0.5227272727272727,1610612758,3.0,10.0,0.3,2.0,8.0,0.25,8.0,28.0,0.286,5.0,18.0,0.278
1628398,Kyle Kuzma,25.0,LAL,757,380,0.361,2020-21,0.5019815059445178,1610612747,21.0,63.0,0.333,21.0,56.0,0.375,95.0,260.0,0.365,42.0,119.0,0.353
200768,Kyle Lowry,35.0,TOR,596,331,0.396,2020-21,0.5553691275167785,1610612761,10.0,20.0,0.5,3.0,7.0,0.429,118.0,303.0,0.389,13.0,27.0,0.481
202681,Kyrie Irving,29.0,BKN,1086,378,0.402,2020-21,0.3480662983425414,1610612751,4.0,9.0,0.444,6.0,18.0,0.333,142.0,351.0,0.405,10.0,27.0,0.37
200746,LaMarcus Aldridge,35.0,BKN,296,80,0.388,2020-21,0.2702702702702703,1610612751,3.0,9.0,0.333,3.0,6.0,0.5,25.0,65.0,0.385,6.0,15.0,0.4
1630163,LaMelo Ball,19.0,CHA,672,261,0.352,2020-21,0.3883928571428571,1610612766,7.0,24.0,0.292,9.0,22.0,0.409,76.0,214.0,0.355,16.0,46.0,0.348
1630205,Lamar Stevens,23.0,CLE,136,25,0.16,2020-21,0.1838235294117647,1610612739,1.0,3.0,0.333,1.0,5.0,0.2,2.0,17.0,0.118,2.0,8.0,0.25
1629013,Landry Shamet,24.0,BKN,456,333,0.387,2020-21,0.7302631578947368,1610612751,20.0,47.0,0.426,25.0,50.0,0.5,84.0,235.0,0.357,45.0,97.0,0.464
204038,Langston Galloway,29.0,PHX,147,85,0.424,2020-21,0.5782312925170068,1610612756,10.0,18.0,0.556,8.0,25.0,0.32,18.0,41.0,0.439,18.0,43.0,0.419
1626204,Larry Nance Jr.,28.0,CLE,272,114,0.36,2020-21,0.4191176470588235,1610612739,6.0,23.0,0.261,5.0,9.0,0.556,30.0,82.0,0.366,11.0,32.0,0.344
1628374,Lauri Markkanen,24.0,CHI,521,296,0.402,2020-21,0.5681381957773513,1610612741,22.0,40.0,0.55,14.0,28.0,0.5,83.0,227.0,0.366,36.0,68.0,0.529
2544,LeBron James,36.0,LAL,823,285,0.365,2020-21,0.3462940461725395,1610612747,7.0,13.0,0.538,3.0,9.0,0.333,94.0,263.0,0.357,10.0,22.0,0.455
1629022,Lonnie Walker IV,22.0,SAS,609,282,0.355,2020-21,0.4630541871921182,1610612759,12.0,28.0,0.429,5.0,20.0,0.25,83.0,233.0,0.356,17.0,48.0,0.354
1628366,Lonzo Ball,23.0,NOP,700,455,0.378,2020-21,0.65,1610612740,26.0,59.0,0.441,15.0,39.0,0.385,131.0,355.0,0.369,41.0,98.0,0.418
101150,Lou Williams,34.0,ATL,646,173,0.399,2020-21,0.2678018575851393,1610612737,13.0,33.0,0.394,8.0,18.0,0.444,48.0,121.0,0.397,21.0,51.0,0.412
1629663,Louis King,22.0,SAC,34,11,0.364,2020-21,0.3235294117647059,1610612758,0.0,0.0,0.0,0.0,4.0,0.0,4.0,7.0,0.571,0.0,4.0,0.0
1629652,Luguentz Dort,22.0,OKC,639,329,0.343,2020-21,0.514866979655712,1610612760,11.0,26.0,0.423,12.0,26.0,0.462,89.0,276.0,0.322,23.0,52.0,0.442
1629029,Luka Dončić,22.0,DAL,1351,548,0.35,2020-21,0.4056254626202812,1610612742,6.0,12.0,0.5,2.0,5.0,0.4,184.0,526.0,0.35,8.0,17.0,0.471
1629677,Luka Samanic,21.0,SAS,105,43,0.279,2020-21,0.4095238095238095,1610612759,0.0,2.0,0.0,0.0,3.0,0.0,12.0,38.0,0.316,0.0,5.0,0.0
1628379,Luke Kennard,25.0,LAC,414,224,0.446,2020-21,0.5410628019323671,1610612746,20.0,38.0,0.526,13.0,31.0,0.419,67.0,155.0,0.432,33.0,69.0,0.478
1628436,Luke Kornet,25.0,BOS,101,59,0.254,2020-21,0.5841584158415841,1610612738,2.0,6.0,0.333,1.0,5.0,0.2,12.0,48.0,0.25,3.0,11.0,0.273
1630201,Malachi Flynn,23.0,TOR,340,168,0.321,2020-21,0.4941176470588235,1610612761,2.0,7.0,0.286,4.0,13.0,0.308,47.0,146.0,0.322,6.0,20.0,0.3
1627763,Malcolm Brogdon,28.0,IND,980,374,0.388,2020-21,0.3816326530612245,1610612754,10.0,22.0,0.455,10.0,20.0,0.5,125.0,332.0,0.377,20.0,42.0,0.476
1627736,Malik Beasley,24.0,MIN,600,321,0.399,2020-21,0.535,1610612750,27.0,54.0,0.5,16.0,36.0,0.444,84.0,229.0,0.367,43.0,90.0,0.478
1630238,Malik Fitts,23.0,LAC,3,2,0.5,2020-21,0.6666666666666666,1610612746,0.0,0.0,0.0,0.0,1.0,0.0,1.0,1.0,1.0,0.0,1.0,0.0
1628370,Malik Monk,23.0,CHA,399,212,0.401,2020-21,0.531328320802005,1610612766,11.0,19.0,0.579,8.0,15.0,0.533,66.0,178.0,0.371,19.0,34.0,0.559
1629603,Mamadi Diakite,24.0,MIL,40,8,0.125,2020-21,0.2,1610612749,0.0,1.0,0.0,0.0,1.0,0.0,1.0,6.0,0.167,0.0,2.0,0.0
201188,Marc Gasol,36.0,LAL,194,122,0.41,2020-21,0.6288659793814433,1610612747,2.0,4.0,0.5,4.0,7.0,0.571,44.0,111.0,0.396,6.0,11.0,0.545
202694,Marcus Morris Sr.,31.0,LAC,584,296,0.473,2020-21,0.5068493150684932,1610612746,35.0,67.0,0.522,20.0,33.0,0.606,85.0,193.0,0.44,55.0,100.0,0.55
203935,Marcus Smart,27.0,BOS,510,282,0.33,2020-21,0.5529411764705883,1610612738,14.0,24.0,0.583,6.0,17.0,0.353,73.0,238.0,0.307,20.0,41.0,0.488
1628365,Markelle Fultz,23.0,ORL,104,16,0.25,2020-21,0.1538461538461538,1610612753,0.0,2.0,0.0,0.0,0.0,0.0,4.0,14.0,0.286,0.0,2.0,0.0
202693,Markieff Morris,31.0,LAL,378,209,0.311,2020-21,0.5529100529100529,1610612747,14.0,44.0,0.318,11.0,29.0,0.379,40.0,134.0,0.299,25.0,73.0,0.342
1630210,Markus Howard,22.0,DEN,106,65,0.277,2020-21,0.6132075471698113,1610612743,1.0,4.0,0.25,3.0,3.0,1.0,14.0,58.0,0.241,4.0,7.0,0.571
1629716,Marques Bolden,23.0,CLE,3,0,0.0,2020-21,0.0,1610612739,0.0,0.0,0.0,0.0,0.0,0.0,0.0,0.0,0.0,0.0,0.0,0.0
1627737,Marquese Chriss,23.0,GSW,14,5,0.2,2020-21,0.3571428571428571,1610612744,0.0,0.0,0.0,0.0,1.0,0.0,1.0,4.0,0.25,0.0,1.0,0.0
1628963,Marvin Bagley III,22.0,SAC,490,108,0.343,2020-21,0.2204081632653061,1610612758,15.0,31.0,0.484,4.0,15.0,0.267,18.0,62.0,0.29,19.0,46.0,0.413
1630222,Mason Jones,22.0,PHI,123,66,0.364,2020-21,0.5365853658536586,1610612755,4.0,5.0,0.8,1.0,3.0,0.333,19.0,58.0,0.328,5.0,8.0,0.625
203486,Mason Plumlee,31.0,DET,381,7,0.0,2020-21,0.0183727034120734,1610612765,0.0,2.0,0.0,0.0,2.0,0.0,0.0,3.0,0.0,0.0,4.0,0.0
1629680,Matisse Thybulle,24.0,PHI,243,143,0.301,2020-21,0.588477366255144,1610612755,8.0,38.0,0.211,7.0,24.0,0.292,28.0,81.0,0.346,15.0,62.0,0.242
1629744,Matt Thomas,26.0,UTA,127,80,0.338,2020-21,0.6299212598425197,1610612762,4.0,9.0,0.444,4.0,10.0,0.4,19.0,60.0,0.317,8.0,19.0,0.421
203521,Matthew Dellavedova,30.0,CLE,56,25,0.16,2020-21,0.4464285714285714,1610612739,0.0,2.0,0.0,0.0,2.0,0.0,4.0,21.0,0.19,0.0,4.0,0.0
203090,Maurice Harkless,28.0,SAC,165,84,0.274,2020-21,0.509090909090909,1610612758,5.0,21.0,0.238,8.0,18.0,0.444,11.0,46.0,0.239,13.0,39.0,0.333
1629622,Max Strus,25.0,MIA,187,148,0.338,2020-21,0.7914438502673797,1610612748,9.0,22.0,0.409,8.0,18.0,0.444,33.0,108.0,0.306,17.0,40.0,0.425
1628467,Maxi Kleber,29.0,DAL,275,212,0.41,2020-21,0.7709090909090909,1610612742,14.0,35.0,0.4,15.0,36.0,0.417,58.0,141.0,0.411,29.0,71.0,0.408
203086,Meyers Leonard,29.0,MIA,7,7,0.429,2020-21,1.0,1610612748,0.0,0.0,0.0,0.0,0.0,0.0,3.0,7.0,0.429,0.0,0.0,0.0
1629662,Mfiondu Kabengele,23.0,CLE,89,50,0.26,2020-21,0.5617977528089888,1610612739,1.0,6.0,0.167,2.0,7.0,0.286,10.0,37.0,0.27,3.0,13.0,0.231
203487,Michael Carter-Williams,29.0,ORL,270,61,0.246,2020-21,0.2259259259259259,1610612753,4.0,9.0,0.444,2.0,5.0,0.4,9.0,47.0,0.191,6.0,14.0,0.429
1629008,Michael Porter Jr.,23.0,DEN,817,382,0.445,2020-21,0.4675642594859241,1610612743,26.0,51.0,0.51,18.0,40.0,0.45,126.0,289.0,0.436,44.0,91.0,0.484
1628969,Mikal Bridges,24.0,PHX,669,315,0.425,2020-21,0.4708520179372197,1610612756,39.0,85.0,0.459,47.0,108.0,0.435,47.0,121.0,0.388,86.0,193.0,0.446
201144,Mike Conley,33.0,UTA,640,335,0.412,2020-21,0.5234375,1610612762,8.0,13.0,0.615,21.0,55.0,0.382,110.0,265.0,0.415,29.0,68.0,0.426
1628455,Mike James,30.0,BKN,92,31,0.355,2020-21,0.3369565217391304,1610612751,2.0,4.0,0.5,2.0,3.0,0.667,7.0,24.0,0.292,4.0,7.0,0.571
203488,Mike Muscala,29.0,OKC,267,184,0.37,2020-21,0.6891385767790262,1610612760,11.0,28.0,0.393,9.0,20.0,0.45,48.0,134.0,0.358,20.0,48.0,0.417
203118,Mike Scott,32.0,PHI,211,155,0.342,2020-21,0.7345971563981043,1610612755,9.0,20.0,0.45,11.0,25.0,0.44,33.0,110.0,0.3,20.0,45.0,0.444
1628970,Miles Bridges,23.0,CHA,622,290,0.4,2020-21,0.4662379421221865,1610612766,23.0,56.0,0.411,20.0,45.0,0.444,73.0,186.0,0.392,43.0,101.0,0.426
1629011,Mitchell Robinson,23.0,NYK,176,0,0.0,2020-21,0.0,1610612752,0.0,0.0,0.0,0.0,0.0,0.0,0.0,0.0,0.0,0.0,0.0,0.0
1629671,Miye Oni,23.0,UTA,99,88,0.341,2020-21,0.8888888888888888,1610612762,10.0,30.0,0.333,10.0,21.0,0.476,10.0,37.0,0.27,20.0,51.0,0.392
1628964,Mo Bamba,23.0,ORL,301,118,0.322,2020-21,0.3920265780730897,1610612753,2.0,3.0,0.667,3.0,10.0,0.3,33.0,105.0,0.314,5.0,13.0,0.385
1628420,Monte Morris,26.0,DEN,387,134,0.381,2020-21,0.3462532299741602,1610612743,5.0,22.0,0.227,6.0,18.0,0.333,40.0,92.0,0.435,11.0,40.0,0.275
1626149,Montrezl Harrell,27.0,LAL,603,10,0.0,2020-21,0.0165837479270315,1610612747,0.0,1.0,0.0,0.0,0.0,0.0,0.0,9.0,0.0,0.0,1.0,0.0
1629021,Moritz Wagner,24.0,ORL,229,91,0.341,2020-21,0.3973799126637554,1610612753,2.0,8.0,0.25,3.0,10.0,0.3,26.0,73.0,0.356,5.0,18.0,0.278
1629650,Moses Brown,21.0,BOS,268,0,0.0,2020-21,0.0,1610612738,0.0,0.0,0.0,0.0,0.0,0.0,0.0,0.0,0.0,0.0,0.0,0.0
1628539,Mychal Mulder,27.0,GSW,265,214,0.397,2020-21,0.8075471698113208,1610612744,13.0,33.0,0.394,15.0,40.0,0.375,57.0,141.0,0.404,28.0,73.0,0.384
1626167,Myles Turner,25.0,IND,432,206,0.335,2020-21,0.4768518518518518,1610612754,6.0,19.0,0.316,8.0,28.0,0.286,55.0,159.0,0.346,14.0,47.0,0.298
1630230,Naji Marshall,23.0,NOP,209,83,0.349,2020-21,0.3971291866028708,1610612740,9.0,21.0,0.429,5.0,21.0,0.238,15.0,39.0,0.385,14.0,42.0,0.333
1629642,Nassir Little,21.0,POR,167,80,0.35,2020-21,0.4790419161676646,1610612757,2.0,8.0,0.25,3.0,6.0,0.5,23.0,66.0,0.348,5.0,14.0,0.357
1630268,Nate Darling,22.0,CHA,7,7,0.286,2020-21,1.0,1610612766,0.0,1.0,0.0,0.0,0.0,0.0,2.0,6.0,0.333,0.0,1.0,0.0
1630207,Nate Hinton,22.0,DAL,42,19,0.211,2020-21,0.4523809523809524,1610612742,1.0,1.0,1.0,1.0,2.0,0.5,2.0,16.0,0.125,2.0,3.0,0.667
1630233,Nathan Knight,23.0,ATL,100,33,0.182,2020-21,0.33,1610612737,0.0,6.0,0.0,3.0,11.0,0.273,3.0,16.0,0.188,3.0,17.0,0.176
1629675,Naz Reid,21.0,MIN,581,174,0.351,2020-21,0.2994836488812392,1610612750,8.0,25.0,0.32,5.0,15.0,0.333,48.0,133.0,0.361,13.0,40.0,0.325
202357,Nemanja Bjelica,33.0,MIA,196,85,0.318,2020-21,0.4336734693877551,1610612748,2.0,5.0,0.4,3.0,8.0,0.375,22.0,72.0,0.306,5.0,13.0,0.385
203457,Nerlens Noel,27.0,NYK,223,3,0.0,2020-21,0.0134529147982062,1610612752,0.0,1.0,0.0,0.0,0.0,0.0,0.0,2.0,0.0,0.0,1.0,0.0
1629651,Nic Claxton,22.0,BKN,145,5,0.2,2020-21,0.0344827586206896,1610612751,0.0,1.0,0.0,0.0,1.0,0.0,1.0,3.0,0.333,0.0,2.0,0.0
1630208,Nick Richards,23.0,CHA,9,1,0.0,2020-21,0.1111111111111111,1610612766,0.0,0.0,0.0,0.0,0.0,0.0,0.0,1.0,0.0,0.0,0.0,0.0
1629638,Nickeil Alexander-Walker,22.0,NOP,458,219,0.347,2020-21,0.4781659388646288,1610612740,13.0,31.0,0.419,14.0,37.0,0.378,48.0,150.0,0.32,27.0,68.0,0.397
1630185,Nico Mannion,20.0,GSW,114,60,0.367,2020-21,0.5263157894736842,1610612744,3.0,4.0,0.75,0.0,2.0,0.0,19.0,54.0,0.352,3.0,6.0,0.5
201587,Nicolas Batum,32.0,LAC,412,272,0.404,2020-21,0.6601941747572816,1610612746,31.0,71.0,0.437,24.0,54.0,0.444,54.0,146.0,0.37,55.0,125.0,0.44
1629740,Nicolo Melli,30.0,DAL,141,85,0.271,2020-21,0.6028368794326241,1610612742,1.0,9.0,0.111,4.0,11.0,0.364,18.0,65.0,0.277,5.0,20.0,0.25
203999,Nikola Jokić,26.0,DEN,1293,237,0.388,2020-21,0.1832946635730858,1610612743,3.0,4.0,0.75,1.0,5.0,0.2,88.0,225.0,0.391,4.0,9.0,0.444
202696,Nikola Vučević,30.0,CHI,1396,440,0.4,2020-21,0.3151862464183381,1610612741,3.0,7.0,0.429,0.0,2.0,0.0,173.0,430.0,0.402,3.0,9.0,0.333
203943,Noah Vonleh,25.0,BKN,3,2,0.0,2020-21,0.6666666666666666,1610612751,0.0,0.0,0.0,0.0,0.0,0.0,0.0,2.0,0.0,0.0,0.0,0.0
1626181,Norman Powell,28.0,POR,918,416,0.411,2020-21,0.4531590413943355,1610612757,43.0,79.0,0.544,30.0,59.0,0.508,97.0,275.0,0.353,73.0,138.0,0.529
203658,Norvel Pelle,28.0,NYK,15,0,0.0,2020-21,0.0,1610612752,0.0,0.0,0.0,0.0,0.0,0.0,0.0,0.0,0.0,0.0,0.0,0.0
1628384,OG Anunoby,23.0,TOR,519,261,0.398,2020-21,0.5028901734104047,1610612761,25.0,59.0,0.424,27.0,67.0,0.403,51.0,133.0,0.383,52.0,126.0,0.413
1630167,Obi Toppin,23.0,NYK,209,85,0.306,2020-21,0.4066985645933014,1610612752,6.0,18.0,0.333,5.0,19.0,0.263,15.0,48.0,0.313,11.0,37.0,0.297
1630168,Onyeka Okongwu,20.0,ATL,149,3,0.0,2020-21,0.0201342281879194,1610612737,0.0,0.0,0.0,0.0,1.0,0.0,0.0,2.0,0.0,0.0,1.0,0.0
1629052,Oshae Brissett,23.0,IND,151,78,0.423,2020-21,0.5165562913907285,1610612754,4.0,7.0,0.571,8.0,18.0,0.444,21.0,52.0,0.404,12.0,25.0,0.48
203490,Otto Porter Jr.,28.0,ORL,227,104,0.375,2020-21,0.4581497797356828,1610612753,9.0,20.0,0.45,6.0,11.0,0.545,24.0,71.0,0.338,15.0,31.0,0.484
200782,P.J. Tucker,36.0,MIL,177,119,0.336,2020-21,0.672316384180791,1610612749,23.0,54.0,0.426,13.0,49.0,0.265,4.0,16.0,0.25,36.0,103.0,0.35
1629023,P.J. Washington,22.0,CHA,686,290,0.386,2020-21,0.4227405247813411,1610612766,14.0,33.0,0.424,14.0,35.0,0.4,84.0,221.0,0.38,28.0,68.0,0.412
1628408,PJ Dozier,24.0,DEN,355,149,0.315,2020-21,0.4197183098591549,1610612743,9.0,24.0,0.375,6.0,26.0,0.231,32.0,97.0,0.33,15.0,50.0,0.3
1627783,Pascal Siakam,27.0,TOR,961,246,0.297,2020-21,0.2559833506763788,1610612761,7.0,29.0,0.241,11.0,30.0,0.367,55.0,186.0,0.296,18.0,59.0,0.305
1626192,Pat Connaughton,28.0,MIL,387,272,0.371,2020-21,0.7028423772609819,1610612749,7.0,19.0,0.368,18.0,45.0,0.4,76.0,207.0,0.367,25.0,64.0,0.391
201976,Patrick Beverley,32.0,LAC,220,141,0.397,2020-21,0.6409090909090909,1610612746,12.0,22.0,0.545,10.0,23.0,0.435,34.0,96.0,0.354,22.0,45.0,0.489
1627775,Patrick McCaw,25.0,TOR,1,0,0.0,2020-21,0.0,1610612761,0.0,0.0,0.0,0.0,0.0,0.0,0.0,0.0,0.0,0.0,0.0,0.0
202335,Patrick Patterson,32.0,LAC,165,112,0.357,2020-21,0.6787878787878788,1610612746,7.0,26.0,0.269,11.0,27.0,0.407,22.0,57.0,0.386,18.0,53.0,0.34
1630172,Patrick Williams,19.0,CHI,528,138,0.391,2020-21,0.2613636363636363,1610612741,11.0,28.0,0.393,14.0,30.0,0.467,28.0,79.0,0.354,25.0,58.0,0.431
201988,Patty Mills,32.0,SAS,611,429,0.375,2020-21,0.7021276595744681,1610612759,19.0,40.0,0.475,12.0,28.0,0.429,130.0,361.0,0.36,31.0,68.0,0.456
202331,Paul George,31.0,LAC,953,416,0.411,2020-21,0.4365162644281217,1610612746,14.0,31.0,0.452,32.0,53.0,0.604,125.0,328.0,0.381,46.0,84.0,0.548
200794,Paul Millsap,36.0,DEN,401,143,0.343,2020-21,0.3566084788029925,1610612743,6.0,14.0,0.429,8.0,16.0,0.5,35.0,113.0,0.31,14.0,30.0,0.467
1630194,Paul Reed,22.0,PHI,78,6,0.0,2020-21,0.0769230769230769,1610612755,0.0,1.0,0.0,0.0,1.0,0.0,0.0,4.0,0.0,0.0,2.0,0.0
1628778,Paul Watson,26.0,TOR,82,64,0.469,2020-21,0.7804878048780488,1610612761,9.0,19.0,0.474,4.0,7.0,0.571,17.0,38.0,0.447,13.0,26.0,0.5
1630202,Payton Pritchard,23.0,BOS,418,248,0.411,2020-21,0.5933014354066986,1610612738,10.0,22.0,0.455,8.0,17.0,0.471,84.0,208.0,0.404,18.0,39.0,0.462
1630173,Precious Achiuwa,21.0,MIA,228,1,0.0,2020-21,0.0043859649122807,1610612748,0.0,0.0,0.0,0.0,0.0,0.0,0.0,1.0,0.0,0.0,0.0,0.0
1626188,Quinn Cook,28.0,CLE,68,26,0.423,2020-21,0.3823529411764705,1610612739,2.0,6.0,0.333,0.0,2.0,0.0,9.0,18.0,0.5,2.0,8.0,0.25
1629683,Quinndary Weatherspoon,24.0,SAS,35,6,0.167,2020-21,0.1714285714285714,1610612759,0.0,0.0,0.0,0.0,0.0,0.0,1.0,6.0,0.167,0.0,0.0,0.0
1630181,R.J. Hampton,20.0,ORL,313,87,0.31,2020-21,0.2779552715654952,1610612753,2.0,6.0,0.333,9.0,17.0,0.529,16.0,63.0,0.254,11.0,23.0,0.478
1629628,RJ Barrett,21.0,NYK,1060,309,0.401,2020-21,0.2915094339622641,1610612752,24.0,57.0,0.421,36.0,83.0,0.434,62.0,166.0,0.373,60.0,140.0,0.429
200765,Rajon Rondo,35.0,LAC,215,89,0.404,2020-21,0.413953488372093,1610612746,1.0,5.0,0.2,5.0,7.0,0.714,30.0,77.0,0.39,6.0,12.0,0.5
203526,Raul Neto,29.0,WAS,447,164,0.39,2020-21,0.3668903803131991,1610612764,8.0,21.0,0.381,8.0,26.0,0.308,48.0,115.0,0.417,16.0,47.0,0.34
1629034,Ray Spalding,24.0,HOU,4,1,0.0,2020-21,0.25,1610612745,0.0,0.0,0.0,0.0,1.0,0.0,0.0,0.0,0.0,0.0,1.0,0.0
1629730,Rayjon Tucker,23.0,PHI,18,7,0.286,2020-21,0.3888888888888889,1610612755,0.0,2.0,0.0,0.0,0.0,0.0,2.0,5.0,0.4,0.0,2.0,0.0
203493,Reggie Bullock Jr.,30.0,NYK,561,398,0.41,2020-21,0.7094474153297683,1610612752,34.0,77.0,0.442,25.0,54.0,0.463,104.0,266.0,0.391,59.0,131.0,0.45
202704,Reggie Jackson,31.0,LAC,585,282,0.433,2020-21,0.482051282051282,1610612746,20.0,34.0,0.588,11.0,35.0,0.314,91.0,211.0,0.431,31.0,69.0,0.449
1629617,Reggie Perry,21.0,BKN,78,21,0.19,2020-21,0.2692307692307692,1610612751,0.0,2.0,0.0,0.0,2.0,0.0,4.0,17.0,0.235,0.0,4.0,0.0
1626158,Richaun Holmes,27.0,SAC,575,11,0.182,2020-21,0.0191304347826086,1610612758,0.0,1.0,0.0,0.0,1.0,0.0,2.0,8.0,0.25,0.0,2.0,0.0
201937,Ricky Rubio,30.0,MIN,498,214,0.308,2020-21,0.429718875502008,1610612750,14.0,44.0,0.318,13.0,32.0,0.406,38.0,137.0,0.277,27.0,76.0,0.355
203496,Robert Covington,30.0,POR,509,356,0.379,2020-21,0.6994106090373281,1610612757,5.0,19.0,0.263,7.0,29.0,0.241,123.0,307.0,0.401,12.0,48.0,0.25
1629606,Robert Franks,24.0,ORL,28,15,0.333,2020-21,0.5357142857142857,1610612753,1.0,2.0,0.5,0.0,1.0,0.0,4.0,11.0,0.364,1.0,3.0,0.333
1629057,Robert Williams III,23.0,BOS,258,2,0.0,2020-21,0.0077519379844961,1610612738,0.0,0.0,0.0,0.0,0.0,0.0,0.0,0.0,0.0,0.0,0.0,0.0
1630218,Robert Woodard II,21.0,SAC,20,6,0.167,2020-21,0.3,1610612758,0.0,0.0,0.0,0.0,0.0,0.0,1.0,5.0,0.2,0.0,0.0,0.0
201577,Robin Lopez,33.0,WAS,425,18,0.278,2020-21,0.0423529411764705,1610612764,2.0,12.0,0.167,0.0,2.0,0.0,3.0,4.0,0.75,2.0,14.0,0.143
1629066,Rodions Kurucs,23.0,MIL,32,21,0.286,2020-21,0.65625,1610612749,2.0,4.0,0.5,1.0,2.0,0.5,3.0,15.0,0.2,3.0,6.0,0.5
203918,Rodney Hood,28.0,TOR,260,113,0.301,2020-21,0.4346153846153846,1610612761,4.0,17.0,0.235,6.0,25.0,0.24,24.0,70.0,0.343,10.0,42.0,0.238
203585,Rodney McGruder,29.0,DET,70,24,0.458,2020-21,0.3428571428571428,1610612765,4.0,7.0,0.571,1.0,6.0,0.167,6.0,11.0,0.545,5.0,13.0,0.385
1629641,Romeo Langford,21.0,BOS,59,18,0.278,2020-21,0.3050847457627119,1610612738,0.0,4.0,0.0,2.0,5.0,0.4,3.0,9.0,0.333,2.0,9.0,0.222
1626178,Rondae Hollis-Jefferson,26.0,POR,18,1,0.0,2020-21,0.0555555555555555,1610612757,0.0,1.0,0.0,0.0,0.0,0.0,0.0,0.0,0.0,0.0,1.0,0.0
1626220,Royce O'Neale,28.0,UTA,394,278,0.385,2020-21,0.7055837563451777,1610612762,20.0,42.0,0.476,20.0,50.0,0.4,67.0,186.0,0.36,40.0,92.0,0.435
200752,Rudy Gay,34.0,SAS,628,278,0.381,2020-21,0.4426751592356688,1610612759,5.0,22.0,0.227,11.0,31.0,0.355,90.0,223.0,0.404,16.0,53.0,0.302
203497,Rudy Gobert,29.0,UTA,579,4,0.0,2020-21,0.006908462867012,1610612762,0.0,1.0,0.0,0.0,0.0,0.0,0.0,0.0,0.0,0.0,1.0,0.0
1629060,Rui Hachimura,23.0,WAS,648,137,0.328,2020-21,0.2114197530864197,1610612764,5.0,22.0,0.227,8.0,26.0,0.308,32.0,88.0,0.364,13.0,48.0,0.271
201566,Russell Westbrook,32.0,WAS,1238,273,0.315,2020-21,0.2205169628432956,1610612764,8.0,18.0,0.444,5.0,14.0,0.357,73.0,240.0,0.304,13.0,32.0,0.406
1627853,Ryan Arcidiacono,27.0,CHI,117,67,0.373,2020-21,0.5726495726495726,1610612741,3.0,9.0,0.333,4.0,7.0,0.571,18.0,50.0,0.36,7.0,16.0,0.438
1630240,Saben Lee,22.0,DET,210,23,0.348,2020-21,0.1095238095238095,1610612765,3.0,6.0,0.5,2.0,2.0,1.0,3.0,15.0,0.2,5.0,8.0,0.625
1630180,Saddiq Bey,22.0,DET,691,460,0.38,2020-21,0.6657018813314037,1610612765,33.0,75.0,0.44,10.0,37.0,0.27,131.0,345.0,0.38,43.0,112.0,0.384
1630241,Sam Merrill,25.0,MIL,72,47,0.447,2020-21,0.6527777777777778,1610612749,2.0,3.0,0.667,1.0,1.0,1.0,18.0,43.0,0.419,3.0,4.0,0.75
1630253,Sean McDermott,24.0,MEM,33,22,0.227,2020-21,0.6666666666666666,1610612763,1.0,6.0,0.167,1.0,4.0,0.25,3.0,12.0,0.25,2.0,10.0,0.2
1629635,Sekou Doumbouya,20.0,DET,282,115,0.226,2020-21,0.4078014184397163,1610612765,6.0,17.0,0.353,4.0,22.0,0.182,16.0,76.0,0.211,10.0,39.0,0.256
1628400,Semi Ojeleye,26.0,BOS,221,158,0.367,2020-21,0.7149321266968326,1610612738,14.0,37.0,0.378,13.0,39.0,0.333,31.0,82.0,0.378,27.0,76.0,0.355
201586,Serge Ibaka,31.0,LAC,365,115,0.339,2020-21,0.3150684931506849,1610612746,0.0,2.0,0.0,1.0,6.0,0.167,38.0,107.0,0.355,1.0,8.0,0.125
203552,Seth Curry,30.0,PHI,552,280,0.45,2020-21,0.5072463768115942,1610612755,13.0,24.0,0.542,18.0,28.0,0.643,96.0,228.0,0.421,31.0,52.0,0.596
1628983,Shai Gilgeous-Alexander,22.0,OKC,565,170,0.418,2020-21,0.3008849557522124,1610612760,6.0,9.0,0.667,2.0,9.0,0.222,63.0,152.0,0.414,8.0,18.0,0.444
1629003,Shake Milton,24.0,PHI,667,203,0.35,2020-21,0.3043478260869565,1610612755,7.0,23.0,0.304,11.0,17.0,0.647,53.0,163.0,0.325,18.0,40.0,0.45
1627885,Shaquille Harrison,27.0,DEN,78,16,0.188,2020-21,0.2051282051282051,1610612743,1.0,3.0,0.333,1.0,6.0,0.167,1.0,7.0,0.143,2.0,9.0,0.222
1628414,Sindarius Thornwell,26.0,ORL,46,23,0.304,2020-21,0.5,1610612753,3.0,5.0,0.6,2.0,7.0,0.286,2.0,11.0,0.182,5.0,12.0,0.417
1630219,Skylar Mays,23.0,ATL,98,40,0.35,2020-21,0.4081632653061224,1610612737,4.0,5.0,0.8,1.0,5.0,0.2,9.0,29.0,0.31,5.0,10.0,0.5
203524,Solomon Hill,30.0,ATL,298,212,0.321,2020-21,0.7114093959731543,1610612737,17.0,52.0,0.327,12.0,41.0,0.293,39.0,118.0,0.331,29.0,93.0,0.312
203915,Spencer Dinwiddie,28.0,BKN,16,7,0.286,2020-21,0.4375,1610612751,0.0,0.0,0.0,1.0,1.0,1.0,1.0,6.0,0.167,1.0,1.0,1.0
1626169,Stanley Johnson,25.0,TOR,233,137,0.328,2020-21,0.5879828326180258,1610612761,4.0,15.0,0.267,11.0,29.0,0.379,30.0,92.0,0.326,15.0,44.0,0.341
201939,Stephen Curry,33.0,GSW,1365,801,0.421,2020-21,0.5868131868131868,1610612744,8.0,32.0,0.25,15.0,31.0,0.484,313.0,725.0,0.432,23.0,63.0,0.365
1628425,Sterling Brown,26.0,HOU,335,215,0.423,2020-21,0.6417910447761194,1610612745,24.0,61.0,0.393,13.0,33.0,0.394,54.0,118.0,0.458,37.0,94.0,0.394
203500,Steven Adams,27.0,NOP,308,3,0.0,2020-21,0.0097402597402597,1610612740,0.0,0.0,0.0,0.0,0.0,0.0,0.0,0.0,0.0,0.0,0.0,0.0
1629004,Svi Mykhailiuk,24.0,OKC,506,314,0.334,2020-21,0.6205533596837944,1610612760,22.0,49.0,0.449,12.0,33.0,0.364,71.0,230.0,0.309,34.0,82.0,0.415
1628388,T.J. Leaf,24.0,POR,10,0,0.0,2020-21,0.0,1610612757,0.0,0.0,0.0,0.0,0.0,0.0,0.0,0.0,0.0,0.0,0.0,0.0
204456,T.J. McConnell,29.0,IND,490,48,0.313,2020-21,0.0979591836734693,1610612754,2.0,6.0,0.333,6.0,14.0,0.429,7.0,27.0,0.259,8.0,20.0,0.4
203933,T.J. Warren,27.0,IND,51,7,0.0,2020-21,0.1372549019607843,1610612754,0.0,3.0,0.0,0.0,0.0,0.0,0.0,4.0,0.0,0.0,3.0,0.0
1629605,Tacko Fall,25.0,BOS,29,0,0.0,2020-21,0.0,1610612738,0.0,0.0,0.0,0.0,0.0,0.0,0.0,0.0,0.0,0.0,0.0,0.0
201959,Taj Gibson,36.0,NYK,158,15,0.2,2020-21,0.0949367088607595,1610612752,2.0,5.0,0.4,0.0,2.0,0.0,1.0,8.0,0.125,2.0,7.0,0.286
1629659,Talen Horton-Tucker,20.0,LAL,489,131,0.282,2020-21,0.2678936605316973,1610612747,1.0,13.0,0.077,4.0,16.0,0.25,32.0,101.0,0.317,5.0,29.0,0.172
1627752,Taurean Prince,27.0,CLE,327,155,0.4,2020-21,0.4740061162079511,1610612739,15.0,29.0,0.517,9.0,18.0,0.5,38.0,106.0,0.358,24.0,47.0,0.511
1629611,Terance Mann,24.0,LAC,350,91,0.418,2020-21,0.26,1610612746,10.0,17.0,0.588,15.0,39.0,0.385,13.0,34.0,0.382,25.0,56.0,0.446
1629056,Terence Davis,24.0,SAC,456,267,0.367,2020-21,0.5855263157894737,1610612758,13.0,37.0,0.351,13.0,24.0,0.542,72.0,206.0,0.35,26.0,61.0,0.426
1628390,Terrance Ferguson,23.0,PHI,7,5,0.0,2020-21,0.7142857142857143,1610612755,0.0,2.0,0.0,0.0,1.0,0.0,0.0,2.0,0.0,0.0,3.0,0.0
203082,Terrence Ross,30.0,ORL,616,264,0.337,2020-21,0.4285714285714285,1610612753,5.0,18.0,0.278,4.0,11.0,0.364,80.0,234.0,0.342,9.0,29.0,0.31
1626179,Terry Rozier,27.0,CHA,1134,571,0.389,2020-21,0.5035273368606702,1610612766,40.0,88.0,0.455,26.0,58.0,0.448,156.0,423.0,0.369,66.0,146.0,0.452
201152,Thaddeus Young,33.0,CHI,662,45,0.267,2020-21,0.0679758308157099,1610612741,7.0,20.0,0.35,0.0,2.0,0.0,5.0,20.0,0.25,7.0,22.0,0.318
203648,Thanasis Antetokounmpo,28.0,MIL,137,29,0.241,2020-21,0.2116788321167883,1610612749,2.0,4.0,0.5,2.0,6.0,0.333,3.0,15.0,0.2,4.0,10.0,0.4
1630177,Theo Maledon,20.0,OKC,614,313,0.335,2020-21,0.509771986970684,1610612760,8.0,26.0,0.308,7.0,15.0,0.467,90.0,269.0,0.335,15.0,41.0,0.366
1629033,Theo Pinson,25.0,NYK,9,8,0.0,2020-21,0.8888888888888888,1610612752,0.0,0.0,0.0,0.0,0.0,0.0,0.0,8.0,0.0,0.0,0.0,0.0
1628418,Thomas Bryant,23.0,WAS,91,21,0.429,2020-21,0.2307692307692307,1610612764,1.0,1.0,1.0,0.0,0.0,0.0,8.0,20.0,0.4,1.0,1.0,1.0
1627748,Thon Maker,24.0,CLE,18,2,0.0,2020-21,0.1111111111111111,1610612739,0.0,0.0,0.0,0.0,1.0,0.0,0.0,1.0,0.0,0.0,1.0,0.0
204025,Tim Frazier,30.0,MEM,20,8,0.0,2020-21,0.4,1610612763,0.0,1.0,0.0,0.0,0.0,0.0,0.0,7.0,0.0,0.0,1.0,0.0
203501,Tim Hardaway Jr.,29.0,DAL,911,529,0.391,2020-21,0.5806805708013172,1610612742,17.0,43.0,0.395,24.0,62.0,0.387,166.0,421.0,0.394,41.0,105.0,0.39
1627789,Timothe Luwawu-Cabarrot,26.0,BKN,356,239,0.314,2020-21,0.6713483146067416,1610612751,12.0,40.0,0.3,14.0,46.0,0.304,49.0,153.0,0.32,26.0,86.0,0.302
202699,Tobias Harris,28.0,PHI,924,208,0.394,2020-21,0.2251082251082251,1610612755,6.0,17.0,0.353,13.0,26.0,0.5,63.0,165.0,0.382,19.0,43.0,0.442
203107,Tomas Satoransky,29.0,CHI,329,118,0.356,2020-21,0.3586626139817629,1610612741,9.0,18.0,0.5,9.0,23.0,0.391,24.0,75.0,0.32,18.0,41.0,0.439
1628396,Tony Bradley,23.0,OKC,197,3,0.0,2020-21,0.015228426395939,1610612760,0.0,0.0,0.0,0.0,1.0,0.0,0.0,2.0,0.0,0.0,1.0,0.0
203503,Tony Snell,29.0,ATL,171,109,0.569,2020-21,0.6374269005847953,1610612737,14.0,23.0,0.609,14.0,27.0,0.519,34.0,59.0,0.576,28.0,50.0,0.56
1628470,Torrey Craig,30.0,PHX,227,106,0.368,2020-21,0.4669603524229075,1610612756,7.0,18.0,0.389,4.0,20.0,0.2,28.0,68.0,0.412,11.0,38.0,0.289
1629027,Trae Young,22.0,ATL,1112,397,0.343,2020-21,0.3570143884892086,1610612737,4.0,8.0,0.5,2.0,9.0,0.222,130.0,380.0,0.342,6.0,17.0,0.353
1630200,Tre Jones,21.0,SAS,78,5,0.6,2020-21,0.0641025641025641,1610612759,1.0,2.0,0.5,0.0,0.0,0.0,2.0,3.0,0.667,1.0,2.0,0.5
1629682,Tremont Waters,23.0,BOS,84,38,0.395,2020-21,0.4523809523809524,1610612738,1.0,2.0,0.5,1.0,3.0,0.333,13.0,33.0,0.394,2.0,5.0,0.4
1630235,Trent Forrest,23.0,UTA,71,26,0.192,2020-21,0.3661971830985915,1610612762,2.0,10.0,0.2,2.0,8.0,0.25,1.0,8.0,0.125,4.0,18.0,0.222
2772,Trevor Ariza,36.0,MIA,241,143,0.35,2020-21,0.5933609958506224,1610612748,11.0,25.0,0.44,12.0,39.0,0.308,27.0,78.0,0.346,23.0,64.0,0.359
203504,Trey Burke,28.0,DAL,353,164,0.354,2020-21,0.4645892351274787,1610612742,10.0,25.0,0.4,5.0,23.0,0.217,42.0,115.0,0.365,15.0,48.0,0.313
1626168,Trey Lyles,25.0,SAS,90,40,0.35,2020-21,0.4444444444444444,1610612759,3.0,5.0,0.6,2.0,3.0,0.667,9.0,32.0,0.281,5.0,8.0,0.625
202684,Tristan Thompson,30.0,BOS,326,3,0.0,2020-21,0.00920245398773,1610612738,0.0,0.0,0.0,0.0,0.0,0.0,0.0,1.0,0.0,0.0,0.0,0.0
1628972,Troy Brown Jr.,21.0,CHI,144,70,0.314,2020-21,0.4861111111111111,1610612741,7.0,17.0,0.412,3.0,10.0,0.3,12.0,41.0,0.293,10.0,27.0,0.37
1629660,Ty Jerome,23.0,OKC,287,168,0.423,2020-21,0.5853658536585366,1610612760,7.0,15.0,0.467,6.0,15.0,0.4,58.0,136.0,0.426,13.0,30.0,0.433
1630234,Ty-Shon Alexander,22.0,PHX,12,9,0.222,2020-21,0.75,1610612756,0.0,1.0,0.0,0.0,0.0,0.0,2.0,8.0,0.25,0.0,1.0,0.0
1630189,Tyler Bey,23.0,DAL,22,4,0.25,2020-21,0.1818181818181818,1610612742,0.0,0.0,0.0,0.0,0.0,0.0,1.0,4.0,0.25,0.0,0.0,0.0
1629076,Tyler Cook,23.0,DET,103,2,0.5,2020-21,0.0194174757281553,1610612765,1.0,2.0,0.5,0.0,0.0,0.0,0.0,0.0,0.0,1.0,2.0,0.5
1629639,Tyler Herro,21.0,MIA,699,297,0.36,2020-21,0.4248927038626609,1610612748,8.0,16.0,0.5,11.0,26.0,0.423,88.0,251.0,0.351,19.0,42.0,0.452
204020,Tyler Johnson,29.0,BKN,183,132,0.364,2020-21,0.7213114754098361,1610612751,6.0,15.0,0.4,12.0,27.0,0.444,30.0,89.0,0.337,18.0,42.0,0.429
1630179,Tyrell Terry,20.0,DAL,16,7,0.0,2020-21,0.4375,1610612742,0.0,0.0,0.0,0.0,0.0,0.0,0.0,7.0,0.0,0.0,0.0,0.0
1630169,Tyrese Haliburton,21.0,SAC,619,296,0.409,2020-21,0.4781906300484653,1610612758,20.0,44.0,0.455,18.0,42.0,0.429,83.0,203.0,0.409,38.0,86.0,0.442
1630178,Tyrese Maxey,20.0,PHI,429,103,0.301,2020-21,0.2400932400932401,1610612755,0.0,8.0,0.0,2.0,5.0,0.4,29.0,90.0,0.322,2.0,13.0,0.154
1626145,Tyus Jones,25.0,MEM,413,140,0.321,2020-21,0.3389830508474576,1610612763,9.0,28.0,0.321,4.0,14.0,0.286,32.0,98.0,0.327,13.0,42.0,0.31
1628962,Udoka Azubuike,21.0,UTA,9,0,0.0,2020-21,0.0,1610612762,0.0,0.0,0.0,0.0,0.0,0.0,0.0,0.0,0.0,0.0,0.0,0.0
2617,Udonis Haslem,41.0,MIA,2,0,0.0,2020-21,0.0,1610612748,0.0,0.0,0.0,,,,0.0,0.0,0.0,0.0,0.0,0.0
1630176,Vernon Carey Jr.,20.0,CHA,36,7,0.143,2020-21,0.1944444444444444,1610612766,0.0,2.0,0.0,0.0,1.0,0.0,1.0,4.0,0.25,0.0,3.0,0.0
203506,Victor Oladipo,29.0,MIA,576,239,0.326,2020-21,0.4149305555555556,1610612748,9.0,22.0,0.409,2.0,16.0,0.125,67.0,201.0,0.333,11.0,38.0,0.289
1629738,Vincent Poirier,27.0,PHI,12,1,0.0,2020-21,0.0833333333333333,1610612755,0.0,0.0,0.0,0.0,0.0,0.0,0.0,1.0,0.0,0.0,0.0,0.0
1628427,Vlatko Čančar,24.0,DEN,72,33,0.273,2020-21,0.4583333333333333,1610612743,2.0,3.0,0.667,4.0,6.0,0.667,3.0,23.0,0.13,6.0,9.0,0.667
201961,Wayne Ellington,33.0,DET,338,275,0.422,2020-21,0.8136094674556213,1610612765,8.0,28.0,0.286,10.0,33.0,0.303,98.0,213.0,0.46,18.0,61.0,0.295
1628976,Wendell Carter Jr.,22.0,ORL,457,51,0.294,2020-21,0.111597374179431,1610612753,4.0,8.0,0.5,0.0,2.0,0.0,11.0,41.0,0.268,4.0,10.0,0.4
1629117,Wenyen Gabriel,24.0,NOP,60,32,0.406,2020-21,0.5333333333333333,1610612740,2.0,5.0,0.4,4.0,6.0,0.667,7.0,20.0,0.35,6.0,11.0,0.545
1628411,Wes Iwundu,26.0,NOP,102,41,0.122,2020-21,0.4019607843137255,1610612740,2.0,7.0,0.286,1.0,14.0,0.071,2.0,20.0,0.1,3.0,21.0,0.143
202083,Wesley Matthews,34.0,LAL,252,197,0.335,2020-21,0.7817460317460317,1610612747,13.0,41.0,0.317,4.0,20.0,0.2,49.0,136.0,0.36,17.0,61.0,0.279
203115,Will Barton,30.0,DEN,608,257,0.381,2020-21,0.4226973684210526,1610612743,14.0,26.0,0.538,10.0,22.0,0.455,74.0,208.0,0.356,24.0,48.0,0.5
1630266,Will Magnay,23.0,NOP,1,1,0.0,2020-21,1.0,1610612740,0.0,0.0,0.0,,,,0.0,1.0,0.0,0.0,0.0,0.0
1626161,Willie Cauley-Stein,27.0,DAL,182,11,0.091,2020-21,0.0604395604395604,1610612742,0.0,3.0,0.0,0.0,1.0,0.0,1.0,7.0,0.143,0.0,4.0,0.0
1626195,Willy Hernangomez,27.0,NOP,268,10,0.1,2020-21,0.0373134328358208,1610612740,1.0,1.0,1.0,0.0,2.0,0.0,0.0,7.0,0.0,1.0,3.0,0.333
1630214,Xavier Tillman,22.0,MEM,299,65,0.338,2020-21,0.217391304347826,1610612763,7.0,18.0,0.389,5.0,17.0,0.294,10.0,29.0,0.345,12.0,35.0,0.343
1627812,Yogi Ferrell,28.0,LAC,57,28,0.321,2020-21,0.4912280701754385,1610612746,0.0,0.0,0.0,0.0,0.0,0.0,9.0,28.0,0.321,0.0,0.0,0.0
1629139,Yuta Watanabe,26.0,TOR,180,90,0.4,2020-21,0.5,1610612761,8.0,23.0,0.348,4.0,18.0,0.222,24.0,49.0,0.49,12.0,41.0,0.293
203897,Zach LaVine,26.0,CHI,1123,477,0.419,2020-21,0.4247551202137132,1610612741,26.0,45.0,0.578,9.0,27.0,0.333,165.0,404.0,0.408,35.0,72.0,0.486
1630192,Zeke Nnaji,20.0,DEN,104,59,0.407,2020-21,0.5673076923076923,1610612743,2.0,8.0,0.25,9.0,17.0,0.529,13.0,34.0,0.382,11.0,25.0,0.44
1629627,Zion Williamson,20.0,NOP,1037,34,0.294,2020-21,0.0327868852459016,1610612740,1.0,1.0,1.0,0.0,0.0,0.0,9.0,32.0,0.281,1.0,1.0,1.0
203932,Aaron Gordon,26.0,DEN,834,260,0.335,2021-22,0.3117505995203837,1610612743,22.0,67.0,0.328,16.0,45.0,0.356,49.0,144.0,0.34,38.0,112.0,0.339
1630565,Aaron Henry,22.0,PHI,5,1,0.0,2021-22,0.2,1610612755,0.0,0.0,0.0,0.0,0.0,0.0,0.0,1.0,0.0,0.0,0.0,0.0
1628988,Aaron Holiday,25.0,PHX,338,103,0.379,2021-22,0.3047337278106509,1610612756,5.0,13.0,0.385,2.0,4.0,0.5,32.0,86.0,0.372,7.0,17.0,0.412
1630174,Aaron Nesmith,22.0,BOS,182,115,0.27,2021-22,0.6318681318681318,1610612738,5.0,25.0,0.2,4.0,19.0,0.211,22.0,71.0,0.31,9.0,44.0,0.205
1630598,Aaron Wiggins,23.0,OKC,337,138,0.304,2021-22,0.4094955489614243,1610612760,11.0,30.0,0.367,6.0,23.0,0.261,25.0,84.0,0.298,17.0,53.0,0.321
1627846,Abdel Nader,28.0,PHX,35,14,0.286,2021-22,0.4,1610612756,1.0,1.0,1.0,0.0,4.0,0.0,3.0,8.0,0.375,1.0,5.0,0.2
1629678,Admiral Schofield,25.0,ORL,129,79,0.329,2021-22,0.6124031007751938,1610612753,4.0,12.0,0.333,6.0,17.0,0.353,16.0,48.0,0.333,10.0,29.0,0.345
1629958,Ahmad Caver,25.0,IND,1,0,0.0,2021-22,0.0,1610612754,,,,,,,0.0,0.0,0.0,,,
201143,Al Horford,36.0,BOS,569,265,0.336,2021-22,0.4657293497363796,1610612738,11.0,34.0,0.324,20.0,44.0,0.455,58.0,187.0,0.31,31.0,78.0,0.397
202692,Alec Burks,30.0,NYK,728,389,0.404,2021-22,0.5343406593406593,1610612752,22.0,51.0,0.431,17.0,44.0,0.386,117.0,293.0,0.399,39.0,95.0,0.411
1630758,Aleem Ford,24.0,ORL,20,15,0.133,2021-22,0.75,1610612753,0.0,3.0,0.0,0.0,0.0,0.0,2.0,12.0,0.167,0.0,3.0,0.0
1630197,Aleksej Pokusevski,20.0,OKC,456,197,0.289,2021-22,0.4320175438596491,1610612760,10.0,28.0,0.357,4.0,14.0,0.286,43.0,155.0,0.277,14.0,42.0,0.333
1627936,Alex Caruso,28.0,CHI,256,126,0.333,2021-22,0.4921875,1610612741,7.0,29.0,0.241,11.0,19.0,0.579,23.0,75.0,0.307,18.0,48.0,0.375
203458,Alex Len,29.0,SAC,176,21,0.286,2021-22,0.1193181818181818,1610612758,2.0,4.0,0.5,0.0,2.0,0.0,4.0,15.0,0.267,2.0,6.0,0.333
1628035,Alfonzo McKinnie,29.0,CHI,61,27,0.333,2021-22,0.4426229508196721,1610612741,2.0,6.0,0.333,2.0,5.0,0.4,5.0,16.0,0.313,4.0,11.0,0.364
1628993,Alize Johnson,26.0,NOP,39,4,0.0,2021-22,0.1025641025641025,1610612740,0.0,0.0,0.0,0.0,2.0,0.0,0.0,1.0,0.0,0.0,2.0,0.0
1630578,Alperen Sengun,19.0,HOU,525,117,0.248,2021-22,0.2228571428571428,1610612745,0.0,2.0,0.0,2.0,8.0,0.25,27.0,101.0,0.267,2.0,10.0,0.2
1629599,Amir Coffey,25.0,LAC,466,254,0.378,2021-22,0.5450643776824035,1610612746,14.0,35.0,0.4,16.0,46.0,0.348,66.0,172.0,0.384,30.0,81.0,0.37
203083,Andre Drummond,28.0,BKN,433,3,0.0,2021-22,0.0069284064665127,1610612751,0.0,0.0,0.0,0.0,0.0,0.0,0.0,1.0,0.0,0.0,0.0,0.0
2738,Andre Iguodala,38.0,GSW,121,74,0.23,2021-22,0.6115702479338843,1610612744,4.0,13.0,0.308,3.0,13.0,0.231,10.0,44.0,0.227,7.0,26.0,0.269
203952,Andrew Wiggins,27.0,GSW,1019,399,0.393,2021-22,0.3915603532875368,1610612744,42.0,87.0,0.483,8.0,26.0,0.308,107.0,285.0,0.375,50.0,113.0,0.442
1629014,Anfernee Simons,23.0,POR,797,442,0.405,2021-22,0.5545796737766625,1610612757,11.0,25.0,0.44,6.0,16.0,0.375,162.0,399.0,0.406,17.0,41.0,0.415
203076,Anthony Davis,29.0,LAL,695,70,0.186,2021-22,0.1007194244604316,1610612747,0.0,3.0,0.0,4.0,6.0,0.667,9.0,61.0,0.148,4.0,9.0,0.444
1630162,Anthony Edwards,20.0,MIN,1245,602,0.357,2021-22,0.4835341365461847,1610612750,12.0,35.0,0.343,9.0,24.0,0.375,193.0,539.0,0.358,21.0,59.0,0.356
1630264,Anthony Gill,29.0,WAS,109,26,0.538,2021-22,0.2385321100917431,1610612764,3.0,5.0,0.6,5.0,8.0,0.625,6.0,13.0,0.462,8.0,13.0,0.615
1630237,Anthony Lamb,24.0,HOU,2,2,0.0,2021-22,1.0,1610612745,0.0,0.0,0.0,,,,0.0,2.0,0.0,0.0,0.0,0.0
1629717,Armoni Brooks,24.0,TOR,289,249,0.297,2021-22,0.8615916955017301,1610612761,8.0,25.0,0.32,2.0,10.0,0.2,64.0,213.0,0.3,10.0,35.0,0.286
1629083,Arnoldas Kulboka,24.0,CHA,1,1,0.0,2021-22,1.0,1610612766,0.0,0.0,0.0,0.0,1.0,0.0,0.0,0.0,0.0,0.0,1.0,0.0
1630559,Austin Reaves,24.0,LAL,318,167,0.317,2021-22,0.5251572327044025,1610612747,8.0,24.0,0.333,10.0,26.0,0.385,35.0,114.0,0.307,18.0,50.0,0.36
203085,Austin Rivers,29.0,DEN,350,231,0.342,2021-22,0.66,1610612743,30.0,62.0,0.484,20.0,47.0,0.426,29.0,122.0,0.238,50.0,109.0,0.459
202340,Avery Bradley,31.0,LAL,350,210,0.39,2021-22,0.6,1610612747,27.0,65.0,0.415,19.0,54.0,0.352,35.0,90.0,0.389,46.0,119.0,0.387
1630245,Ayo Dosunmu,22.0,CHI,535,186,0.376,2021-22,0.3476635514018691,1610612741,11.0,34.0,0.324,28.0,61.0,0.459,30.0,89.0,0.337,39.0,95.0,0.411
1629168,BJ Johnson,26.0,ORL,25,10,0.4,2021-22,0.4,1610612753,1.0,1.0,1.0,0.0,2.0,0.0,3.0,7.0,0.429,1.0,3.0,0.333
1628389,Bam Adebayo,24.0,MIA,729,6,0.0,2021-22,0.0082304526748971,1610612748,0.0,0.0,0.0,0.0,0.0,0.0,0.0,4.0,0.0,0.0,0.0,0.0
203463,Ben McLemore,29.0,POR,539,417,0.362,2021-22,0.7736549165120594,1610612757,35.0,73.0,0.479,33.0,65.0,0.508,81.0,275.0,0.295,68.0,138.0,0.493
202687,Bismack Biyombo,29.0,PHX,145,0,0.0,2021-22,0.0,1610612756,0.0,0.0,0.0,0.0,0.0,0.0,0.0,0.0,0.0,0.0,0.0,0.0
201933,Blake Griffin,33.0,BKN,313,145,0.262,2021-22,0.463258785942492,1610612751,6.0,25.0,0.24,4.0,14.0,0.286,28.0,105.0,0.267,10.0,39.0,0.256
1626246,Boban Marjanovic,33.0,DAL,70,4,0.25,2021-22,0.0571428571428571,1610612742,0.0,0.0,0.0,0.0,0.0,0.0,1.0,4.0,0.25,0.0,0.0,0.0
1626171,Bobby Portis,27.0,MIL,871,338,0.393,2021-22,0.3880597014925373,1610612749,24.0,54.0,0.444,29.0,78.0,0.372,80.0,202.0,0.396,53.0,132.0,0.402
203992,Bogdan Bogdanović,29.0,ATL,794,459,0.368,2021-22,0.5780856423173804,1610612737,29.0,57.0,0.509,23.0,54.0,0.426,116.0,345.0,0.336,52.0,111.0,0.468
202711,Bojan Bogdanovic,33.0,UTA,928,468,0.387,2021-22,0.5043103448275862,1610612762,24.0,60.0,0.4,53.0,129.0,0.411,104.0,279.0,0.373,77.0,189.0,0.407
1629626,Bol Bol,22.0,ORL,27,4,0.25,2021-22,0.1481481481481481,1610612753,0.0,1.0,0.0,0.0,0.0,0.0,1.0,3.0,0.333,0.0,1.0,0.0
1630538,Bones Hyland,21.0,DEN,571,358,0.366,2021-22,0.626970227670753,1610612743,16.0,37.0,0.432,3.0,26.0,0.115,112.0,293.0,0.382,19.0,63.0,0.302
202954,Brad Wanamaker,32.0,WAS,77,17,0.235,2021-22,0.2207792207792207,1610612764,0.0,2.0,0.0,0.0,1.0,0.0,4.0,13.0,0.308,0.0,3.0,0.0
203078,Bradley Beal,29.0,WAS,771,210,0.3,2021-22,0.2723735408560311,1610612764,14.0,31.0,0.452,5.0,21.0,0.238,44.0,158.0,0.278,19.0,52.0,0.365
1630527,Brandon Boston,20.0,LAC,325,111,0.306,2021-22,0.3415384615384615,1610612746,7.0,17.0,0.412,2.0,8.0,0.25,25.0,83.0,0.301,9.0,25.0,0.36
1629634,Brandon Clarke,25.0,MEM,447,22,0.227,2021-22,0.0492170022371364,1610612763,1.0,5.0,0.2,2.0,10.0,0.2,2.0,7.0,0.286,3.0,15.0,0.2
1629164,Brandon Goodwin,26.0,CLE,154,55,0.345,2021-22,0.3571428571428571,1610612739,1.0,4.0,0.25,1.0,4.0,0.25,17.0,45.0,0.378,2.0,8.0,0.25
1627742,Brandon Ingram,24.0,NOP,983,226,0.327,2021-22,0.2299084435401831,1610612740,3.0,16.0,0.188,9.0,16.0,0.563,61.0,191.0,0.319,12.0,32.0,0.375
202688,Brandon Knight,30.0,DAL,25,17,0.235,2021-22,0.68,1610612742,0.0,1.0,0.0,0.0,1.0,0.0,4.0,14.0,0.286,0.0,2.0,0.0
1630314,Brandon Williams,22.0,POR,282,106,0.292,2021-22,0.375886524822695,1610612757,5.0,9.0,0.556,5.0,13.0,0.385,20.0,80.0,0.25,10.0,22.0,0.455
1630296,Braxton Key,25.0,DET,72,21,0.286,2021-22,0.2916666666666667,1610612765,2.0,5.0,0.4,1.0,4.0,0.25,3.0,12.0,0.25,3.0,9.0,0.333
1630271,Brodric Thomas,25.0,BOS,18,9,0.222,2021-22,0.5,1610612738,0.0,1.0,0.0,0.0,0.0,0.0,2.0,8.0,0.25,0.0,1.0,0.0
201572,Brook Lopez,34.0,MIL,131,53,0.358,2021-22,0.4045801526717557,1610612749,1.0,2.0,0.5,8.0,16.0,0.5,10.0,35.0,0.286,9.0,18.0,0.5
1628971,Bruce Brown,25.0,BKN,506,94,0.404,2021-22,0.1857707509881423,1610612751,10.0,36.0,0.278,16.0,27.0,0.593,12.0,30.0,0.4,26.0,63.0,0.413
1628981,Bruno Fernando,23.0,HOU,55,2,0.5,2021-22,0.0363636363636363,1610612745,0.0,1.0,0.0,0.0,0.0,0.0,1.0,1.0,1.0,0.0,1.0,0.0
1627854,Bryn Forbes,28.0,DEN,539,295,0.414,2021-22,0.5473098330241187,1610612743,22.0,33.0,0.667,8.0,19.0,0.421,90.0,241.0,0.373,30.0,52.0,0.577
1627741,Buddy Hield,29.0,IND,1098,716,0.366,2021-22,0.6520947176684881,1610612754,34.0,80.0,0.425,12.0,37.0,0.324,213.0,596.0,0.357,46.0,117.0,0.393
1629604,CJ Elleby,22.0,POR,308,126,0.294,2021-22,0.4090909090909091,1610612757,6.0,26.0,0.231,4.0,15.0,0.267,27.0,84.0,0.321,10.0,41.0,0.244
203468,CJ McCollum,30.0,NOP,1164,469,0.388,2021-22,0.4029209621993127,1610612740,16.0,41.0,0.39,10.0,26.0,0.385,156.0,400.0,0.39,26.0,67.0,0.388
1630595,Cade Cunningham,20.0,DET,1031,363,0.314,2021-22,0.3520853540252182,1610612765,10.0,33.0,0.303,9.0,25.0,0.36,95.0,303.0,0.314,19.0,58.0,0.328
1628997,Caleb Martin,26.0,MIA,410,155,0.413,2021-22,0.3780487804878049,1610612748,14.0,35.0,0.4,16.0,39.0,0.41,34.0,80.0,0.425,30.0,74.0,0.405
1629629,Cam Reddish,22.0,NYK,408,184,0.359,2021-22,0.4509803921568627,1610612752,15.0,26.0,0.577,10.0,30.0,0.333,41.0,128.0,0.32,25.0,56.0,0.446
1630560,Cam Thomas,20.0,BKN,503,174,0.27,2021-22,0.345924453280318,1610612751,10.0,19.0,0.526,3.0,13.0,0.231,34.0,142.0,0.239,13.0,32.0,0.406
1629661,Cameron Johnson,26.0,PHX,607,391,0.425,2021-22,0.6441515650741351,1610612756,26.0,62.0,0.419,43.0,88.0,0.489,97.0,240.0,0.404,69.0,150.0,0.46
1630787,Cameron McGriff,24.0,POR,14,6,0.333,2021-22,0.4285714285714285,1610612757,0.0,0.0,0.0,0.0,2.0,0.0,2.0,3.0,0.667,0.0,2.0,0.0
1628419,Cameron Oliver,25.0,ATL,15,3,0.333,2021-22,0.2,1610612737,0.0,1.0,0.0,0.0,0.0,0.0,1.0,2.0,0.5,0.0,1.0,0.0
1626166,Cameron Payne,27.0,PHX,587,211,0.336,2021-22,0.3594548551959114,1610612756,2.0,9.0,0.222,3.0,12.0,0.25,66.0,190.0,0.347,5.0,21.0,0.238
1627747,Caris LeVert,27.0,CLE,854,256,0.32,2021-22,0.2997658079625293,1610612739,3.0,15.0,0.2,7.0,19.0,0.368,72.0,222.0,0.324,10.0,34.0,0.294
1630637,Carlik Jones,24.0,DEN,9,1,0.0,2021-22,0.1111111111111111,1610612743,0.0,1.0,0.0,0.0,0.0,0.0,0.0,0.0,0.0,0.0,1.0,0.0
2546,Carmelo Anthony,38.0,LAL,723,397,0.375,2021-22,0.5491009681881052,1610612747,16.0,38.0,0.421,17.0,37.0,0.459,116.0,322.0,0.36,33.0,75.0,0.44
1629035,Carsen Edwards,24.0,DET,30,16,0.25,2021-22,0.5333333333333333,1610612765,1.0,1.0,1.0,0.0,0.0,0.0,3.0,15.0,0.2,1.0,1.0,1.0
1630199,Cassius Stanley,22.0,DET,46,17,0.235,2021-22,0.3695652173913043,1610612765,1.0,2.0,0.5,1.0,6.0,0.167,2.0,9.0,0.222,2.0,8.0,0.25
1630216,Cassius Winston,24.0,WAS,11,6,0.333,2021-22,0.5454545454545454,1610612764,0.0,1.0,0.0,0.0,0.0,0.0,2.0,5.0,0.4,0.0,1.0,0.0
1627760,Cat Barber,27.0,ATL,4,0,0.0,2021-22,0.0,1610612737,,,,,,,0.0,0.0,0.0,,,
1626224,Cedi Osman,27.0,CLE,572,359,0.357,2021-22,0.6276223776223776,1610612739,14.0,39.0,0.359,14.0,29.0,0.483,100.0,289.0,0.346,28.0,68.0,0.412
1628990,Chandler Hutchison,26.0,PHX,2,0,0.0,2021-22,0.0,1610612756,0.0,0.0,0.0,0.0,0.0,0.0,0.0,0.0,0.0,0.0,0.0,0.0
1629646,Charles Bassey,21.0,PHI,47,4,0.0,2021-22,0.0851063829787234,1610612755,0.0,0.0,0.0,0.0,1.0,0.0,0.0,3.0,0.0,0.0,1.0,0.0
1629718,Charlie Brown Jr.,25.0,PHI,39,12,0.083,2021-22,0.3076923076923077,1610612755,0.0,1.0,0.0,0.0,1.0,0.0,1.0,10.0,0.1,0.0,2.0,0.0
1630602,Chaundee Brown Jr.,23.0,ATL,32,18,0.333,2021-22,0.5625,1610612737,0.0,3.0,0.0,1.0,1.0,1.0,5.0,13.0,0.385,1.0,4.0,0.25
1627767,Cheick Diallo,25.0,DET,8,0,0.0,2021-22,0.0,1610612765,0.0,0.0,0.0,0.0,0.0,0.0,0.0,0.0,0.0,0.0,0.0,0.0
1629002,Chimezie Metu,25.0,SAC,449,186,0.306,2021-22,0.4142538975501114,1610612758,4.0,20.0,0.2,15.0,39.0,0.385,38.0,127.0,0.299,19.0,59.0,0.322
1628449,Chris Boucher,29.0,TOR,577,229,0.297,2021-22,0.3968804159445407,1610612761,9.0,25.0,0.36,20.0,42.0,0.476,38.0,160.0,0.238,29.0,67.0,0.433
1629185,Chris Chiozza,26.0,GSW,81,53,0.321,2021-22,0.654320987654321,1610612744,2.0,8.0,0.25,1.0,5.0,0.2,14.0,40.0,0.35,3.0,13.0,0.231
1630537,Chris Duarte,25.0,IND,621,255,0.369,2021-22,0.4106280193236715,1610612754,20.0,46.0,0.435,7.0,26.0,0.269,67.0,179.0,0.374,27.0,72.0,0.375
101108,Chris Paul,37.0,PHX,736,199,0.317,2021-22,0.2703804347826087,1610612756,3.0,13.0,0.231,2.0,4.0,0.5,58.0,179.0,0.324,5.0,17.0,0.294
1629735,Chris Silva,25.0,MIA,15,0,0.0,2021-22,0.0,1610612748,0.0,0.0,0.0,0.0,0.0,0.0,0.0,0.0,0.0,0.0,0.0,0.0
1626174,Christian Wood,26.0,HOU,878,336,0.39,2021-22,0.3826879271070615,1610612745,11.0,22.0,0.5,8.0,19.0,0.421,112.0,294.0,0.381,19.0,41.0,0.463
1629643,Chuma Okeke,23.0,ORL,575,371,0.318,2021-22,0.6452173913043479,1610612753,21.0,50.0,0.42,15.0,44.0,0.341,82.0,276.0,0.297,36.0,94.0,0.383
203991,Clint Capela,28.0,ATL,604,1,0.0,2021-22,0.0016556291390728,1610612737,0.0,0.0,0.0,0.0,0.0,0.0,0.0,0.0,0.0,0.0,0.0,0.0
1629632,Coby White,22.0,CHI,644,353,0.385,2021-22,0.5481366459627329,1610612741,19.0,48.0,0.396,14.0,26.0,0.538,103.0,276.0,0.373,33.0,74.0,0.446
1628998,Cody Martin,26.0,CHA,423,159,0.384,2021-22,0.375886524822695,1610612766,19.0,55.0,0.345,18.0,43.0,0.419,23.0,59.0,0.39,37.0,98.0,0.378
203469,Cody Zeller,29.0,POR,90,4,0.0,2021-22,0.0444444444444444,1610612757,0.0,1.0,0.0,0.0,0.0,0.0,0.0,3.0,0.0,0.0,1.0,0.0
1630175,Cole Anthony,22.0,ORL,912,391,0.338,2021-22,0.4287280701754385,1610612753,12.0,28.0,0.429,0.0,7.0,0.0,119.0,351.0,0.339,12.0,35.0,0.343
1629012,Collin Sexton,23.0,CLE,151,45,0.244,2021-22,0.2980132450331126,1610612739,2.0,4.0,0.5,1.0,4.0,0.25,8.0,37.0,0.216,3.0,8.0,0.375
1630557,Corey Kispert,23.0,WAS,514,320,0.35,2021-22,0.622568093385214,1610612764,30.0,63.0,0.476,15.0,45.0,0.333,67.0,211.0,0.318,45.0,108.0,0.417
202709,Cory Joseph,30.0,DET,400,157,0.414,2021-22,0.3925,1610612765,12.0,28.0,0.429,7.0,13.0,0.538,46.0,115.0,0.4,19.0,41.0,0.463
1628591,Craig Sword,28.0,WAS,4,1,0.0,2021-22,0.25,1610612764,0.0,1.0,0.0,0.0,0.0,0.0,0.0,0.0,0.0,0.0,1.0,0.0
1626156,D'Angelo Russell,26.0,MIN,975,518,0.34,2021-22,0.5312820512820513,1610612750,14.0,31.0,0.452,5.0,15.0,0.333,156.0,466.0,0.335,19.0,46.0,0.413
201571,D.J. Augustin,34.0,LAL,222,164,0.415,2021-22,0.7387387387387387,1610612747,10.0,22.0,0.455,9.0,18.0,0.5,49.0,124.0,0.395,19.0,40.0,0.475
1628391,D.J. Wilson,26.0,TOR,15,2,0.0,2021-22,0.1333333333333333,1610612761,0.0,0.0,0.0,0.0,1.0,0.0,0.0,1.0,0.0,0.0,1.0,0.0
1629610,DaQuan Jeffries,24.0,MEM,2,1,0.0,2021-22,0.5,1610612763,0.0,0.0,0.0,0.0,1.0,0.0,0.0,0.0,0.0,0.0,1.0,0.0
1630227,Daishen Nix,20.0,HOU,67,26,0.269,2021-22,0.3880597014925373,1610612745,0.0,2.0,0.0,1.0,2.0,0.5,6.0,21.0,0.286,1.0,4.0,0.25
1629751,Dakota Mathias,26.0,MEM,6,6,0.333,2021-22,1.0,1610612763,1.0,1.0,1.0,0.0,0.0,0.0,1.0,5.0,0.2,1.0,1.0,1.0
1630625,Dalano Banton,22.0,TOR,202,51,0.255,2021-22,0.2524752475247525,1610612761,2.0,10.0,0.2,1.0,3.0,0.333,9.0,37.0,0.243,3.0,13.0,0.231
1627745,Damian Jones,27.0,SAC,266,29,0.345,2021-22,0.1090225563909774,1610612758,2.0,5.0,0.4,0.0,2.0,0.0,8.0,21.0,0.381,2.0,7.0,0.286
203081,Damian Lillard,31.0,POR,552,284,0.324,2021-22,0.5144927536231884,1610612757,2.0,10.0,0.2,4.0,7.0,0.571,86.0,267.0,0.322,6.0,17.0,0.353
1627814,Damion Lee,29.0,GSW,383,187,0.337,2021-22,0.4882506527415143,1610612744,17.0,41.0,0.415,7.0,34.0,0.206,39.0,110.0,0.355,24.0,75.0,0.32
1628422,Damyean Dotson,28.0,NYK,4,1,0.0,2021-22,0.25,1610612752,0.0,0.0,0.0,0.0,1.0,0.0,0.0,0.0,0.0,0.0,1.0,0.0
1629655,Daniel Gafford,23.0,WAS,411,1,0.0,2021-22,0.0024330900243309,1610612764,0.0,0.0,0.0,0.0,0.0,0.0,0.0,1.0,0.0,0.0,0.0,0.0
1630187,Daniel Oturu,22.0,TOR,6,1,0.0,2021-22,0.1666666666666666,1610612761,0.0,0.0,0.0,0.0,0.0,0.0,0.0,1.0,0.0,0.0,0.0,0.0
1628464,Daniel Theis,30.0,BOS,291,107,0.308,2021-22,0.3676975945017182,1610612738,6.0,14.0,0.429,4.0,14.0,0.286,23.0,77.0,0.299,10.0,28.0,0.357
201568,Danilo Gallinari,33.0,ATL,597,294,0.381,2021-22,0.4924623115577889,1610612737,8.0,17.0,0.471,10.0,20.0,0.5,93.0,254.0,0.366,18.0,37.0,0.486
201980,Danny Green,35.0,PHI,320,271,0.38,2021-22,0.846875,1610612755,20.0,53.0,0.377,37.0,85.0,0.435,44.0,127.0,0.346,57.0,138.0,0.413
1627863,Danuel House Jr.,29.0,UTA,198,117,0.376,2021-22,0.5909090909090909,1610612762,5.0,20.0,0.25,19.0,43.0,0.442,20.0,53.0,0.377,24.0,63.0,0.381
1629647,Darius Bazley,22.0,OKC,649,269,0.297,2021-22,0.4144838212634822,1610612760,15.0,33.0,0.455,9.0,38.0,0.237,56.0,197.0,0.284,24.0,71.0,0.338
1629636,Darius Garland,22.0,CLE,1173,454,0.383,2021-22,0.3870417732310315,1610612739,14.0,31.0,0.452,7.0,27.0,0.259,153.0,396.0,0.386,21.0,58.0,0.362
201954,Darren Collison,34.0,LAL,7,3,0.0,2021-22,0.4285714285714285,1610612747,0.0,3.0,0.0,0.0,0.0,0.0,0.0,0.0,0.0,0.0,3.0,0.0
1630561,David Duke Jr.,22.0,BKN,108,37,0.243,2021-22,0.3425925925925926,1610612751,3.0,13.0,0.231,3.0,7.0,0.429,3.0,17.0,0.176,6.0,20.0,0.3
1630525,David Johnson,21.0,TOR,1,1,0.0,2021-22,1.0,1610612761,,,,0.0,0.0,0.0,0.0,1.0,0.0,0.0,0.0,0.0
1628021,David Nwaba,29.0,HOU,176,49,0.306,2021-22,0.2784090909090909,1610612745,4.0,10.0,0.4,2.0,11.0,0.182,9.0,28.0,0.321,6.0,21.0,0.286
1630558,Davion Mitchell,23.0,SAC,843,320,0.316,2021-22,0.3795966785290628,1610612758,6.0,28.0,0.214,9.0,14.0,0.643,86.0,274.0,0.314,15.0,42.0,0.357
202722,Davis Bertans,29.0,DAL,275,230,0.335,2021-22,0.8363636363636363,1610612742,12.0,30.0,0.4,13.0,22.0,0.591,52.0,177.0,0.294,25.0,52.0,0.481
1628432,Davon Reed,27.0,DEN,161,86,0.43,2021-22,0.5341614906832298,1610612743,7.0,19.0,0.368,3.0,7.0,0.429,27.0,60.0,0.45,10.0,26.0,0.385
1630549,Day'Ron Sharpe,20.0,BKN,149,7,0.286,2021-22,0.046979865771812,1610612751,0.0,0.0,0.0,1.0,1.0,1.0,1.0,6.0,0.167,1.0,1.0,1.0
1628368,De'Aaron Fox,24.0,SAC,1092,249,0.297,2021-22,0.228021978021978,1610612758,8.0,26.0,0.308,0.0,9.0,0.0,66.0,214.0,0.308,8.0,35.0,0.229
1629631,De'Andre Hunter,24.0,ATL,575,195,0.379,2021-22,0.3391304347826087,1610612737,22.0,47.0,0.468,10.0,35.0,0.286,42.0,113.0,0.372,32.0,82.0,0.39
1629001,De'Anthony Melton,24.0,MEM,695,372,0.374,2021-22,0.5352517985611511,1610612763,18.0,31.0,0.581,13.0,32.0,0.406,109.0,307.0,0.355,31.0,63.0,0.492
201599,DeAndre Jordan,33.0,PHI,143,0,0.0,2021-22,0.0,1610612755,0.0,0.0,0.0,0.0,0.0,0.0,0.0,0.0,0.0,0.0,0.0,0.0
1627761,DeAndre' Bembry,27.0,MIL,221,36,0.417,2021-22,0.1628959276018099,1610612749,6.0,11.0,0.545,6.0,11.0,0.545,3.0,14.0,0.214,12.0,22.0,0.545
201942,DeMar DeRozan,32.0,CHI,1535,142,0.352,2021-22,0.0925081433224755,1610612741,11.0,29.0,0.379,7.0,28.0,0.25,32.0,81.0,0.395,18.0,57.0,0.316
202326,DeMarcus Cousins,31.0,DEN,324,122,0.303,2021-22,0.3765432098765432,1610612743,1.0,5.0,0.2,1.0,2.0,0.5,35.0,115.0,0.304,2.0,7.0,0.286
1629731,Dean Wade,25.0,CLE,217,142,0.359,2021-22,0.6543778801843319,1610612739,5.0,21.0,0.238,4.0,18.0,0.222,42.0,103.0,0.408,9.0,39.0,0.231
1629028,Deandre Ayton,23.0,PHX,697,19,0.368,2021-22,0.0272596843615494,1610612756,0.0,0.0,0.0,0.0,0.0,0.0,7.0,19.0,0.368,0.0,0.0,0.0
1629686,Deividas Sirvydis,22.0,DET,10,7,0.143,2021-22,0.7,1610612765,0.0,0.0,0.0,0.0,1.0,0.0,1.0,6.0,0.167,0.0,1.0,0.0
1627749,Dejounte Murray,25.0,SAS,1241,294,0.327,2021-22,0.2369057211925866,1610612759,10.0,36.0,0.278,7.0,21.0,0.333,79.0,236.0,0.335,17.0,57.0,0.298
1626153,Delon Wright,30.0,ATL,269,116,0.379,2021-22,0.4312267657992565,1610612737,4.0,12.0,0.333,4.0,17.0,0.235,36.0,84.0,0.429,8.0,29.0,0.276
1630166,Deni Avdija,21.0,WAS,579,259,0.317,2021-22,0.4473229706390328,1610612764,7.0,30.0,0.233,12.0,38.0,0.316,63.0,190.0,0.332,19.0,68.0,0.279
203471,Dennis Schröder,28.0,HOU,724,250,0.344,2021-22,0.3453038674033149,1610612745,8.0,22.0,0.364,4.0,8.0,0.5,74.0,218.0,0.339,12.0,30.0,0.4
1628372,Dennis Smith Jr.,24.0,POR,189,27,0.222,2021-22,0.1428571428571428,1610612757,1.0,3.0,0.333,1.0,3.0,0.333,4.0,21.0,0.19,2.0,6.0,0.333
1627756,Denzel Valentine,28.0,UTA,66,47,0.404,2021-22,0.7121212121212122,1610612762,6.0,13.0,0.462,3.0,7.0,0.429,10.0,27.0,0.37,9.0,20.0,0.45
202324,Derrick Favors,30.0,OKC,182,16,0.125,2021-22,0.0879120879120879,1610612760,0.0,6.0,0.0,1.0,8.0,0.125,1.0,2.0,0.5,1.0,14.0,0.071
1627884,Derrick Jones Jr.,25.0,CHI,195,61,0.328,2021-22,0.3128205128205128,1610612741,12.0,28.0,0.429,4.0,13.0,0.308,3.0,19.0,0.158,16.0,41.0,0.39
201565,Derrick Rose,33.0,NYK,274,92,0.402,2021-22,0.3357664233576642,1610612752,3.0,7.0,0.429,3.0,10.0,0.3,31.0,74.0,0.419,6.0,17.0,0.353
1628476,Derrick Walton Jr.,27.0,DET,26,13,0.231,2021-22,0.5,1610612765,0.0,0.0,0.0,1.0,1.0,1.0,2.0,12.0,0.167,1.0,1.0,1.0
1628401,Derrick White,27.0,BOS,800,369,0.312,2021-22,0.46125,1610612738,7.0,25.0,0.28,15.0,50.0,0.3,93.0,291.0,0.32,22.0,75.0,0.293
1630217,Desmond Bane,24.0,MEM,1101,523,0.436,2021-22,0.4750227066303361,1610612763,27.0,71.0,0.38,13.0,32.0,0.406,188.0,419.0,0.449,40.0,103.0,0.388
1626164,Devin Booker,25.0,PHX,1421,478,0.383,2021-22,0.3363828289936664,1610612756,11.0,30.0,0.367,15.0,36.0,0.417,155.0,407.0,0.381,26.0,66.0,0.394
1629962,Devin Cannady,26.0,ORL,44,37,0.405,2021-22,0.8409090909090909,1610612753,5.0,10.0,0.5,2.0,2.0,1.0,8.0,25.0,0.32,7.0,12.0,0.583
1630170,Devin Vassell,21.0,SAS,764,380,0.361,2021-22,0.4973821989528796,1610612759,10.0,59.0,0.169,36.0,70.0,0.514,91.0,250.0,0.364,46.0,129.0,0.357
1629653,Devon Dotson,22.0,CHI,23,9,0.222,2021-22,0.391304347826087,1610612741,0.0,3.0,0.0,0.0,0.0,0.0,2.0,6.0,0.333,0.0,3.0,0.0
1629719,Devontae Cacok,25.0,SAS,31,0,0.0,2021-22,0.0,1610612759,0.0,0.0,0.0,0.0,0.0,0.0,0.0,0.0,0.0,0.0,0.0,0.0
1628984,Devonte' Graham,27.0,NOP,815,563,0.341,2021-22,0.69079754601227,1610612740,17.0,39.0,0.436,12.0,39.0,0.308,160.0,479.0,0.334,29.0,78.0,0.372
203473,Dewayne Dedmon,32.0,MIA,290,47,0.404,2021-22,0.1620689655172413,1610612748,0.0,2.0,0.0,2.0,4.0,0.5,17.0,40.0,0.425,2.0,6.0,0.333
1629712,Didi Louzada,22.0,POR,33,23,0.391,2021-22,0.696969696969697,1610612757,2.0,3.0,0.667,1.0,4.0,0.25,6.0,16.0,0.375,3.0,7.0,0.429
1628415,Dillon Brooks,26.0,MEM,526,149,0.309,2021-22,0.2832699619771863,1610612763,7.0,17.0,0.412,2.0,8.0,0.25,37.0,121.0,0.306,9.0,25.0,0.36
1627734,Domantas Sabonis,26.0,SAC,773,125,0.312,2021-22,0.1617076326002587,1610612758,2.0,12.0,0.167,2.0,5.0,0.4,35.0,108.0,0.324,4.0,17.0,0.235
1628378,Donovan Mitchell,25.0,UTA,1376,654,0.355,2021-22,0.4752906976744186,1610612762,13.0,33.0,0.394,12.0,34.0,0.353,207.0,585.0,0.354,25.0,67.0,0.373
1628978,Donte DiVincenzo,25.0,SAC,336,218,0.339,2021-22,0.6488095238095238,1610612758,11.0,26.0,0.423,9.0,21.0,0.429,54.0,170.0,0.318,20.0,47.0,0.426
1627827,Dorian Finney-Smith,29.0,DAL,692,435,0.395,2021-22,0.6286127167630058,1610612742,46.0,101.0,0.455,38.0,83.0,0.458,88.0,249.0,0.353,84.0,184.0,0.457
203926,Doug McDermott,30.0,SAS,465,256,0.422,2021-22,0.5505376344086022,1610612759,16.0,36.0,0.444,11.0,16.0,0.688,81.0,203.0,0.399,27.0,52.0,0.519
203110,Draymond Green,32.0,GSW,257,54,0.296,2021-22,0.2101167315175097,1610612744,0.0,5.0,0.0,2.0,7.0,0.286,14.0,38.0,0.368,2.0,12.0,0.167
1629234,Drew Eubanks,25.0,POR,371,23,0.217,2021-22,0.0619946091644204,1610612757,1.0,1.0,1.0,0.0,3.0,0.0,4.0,19.0,0.211,1.0,4.0,0.25
1630613,Duane Washington Jr.,22.0,IND,427,215,0.377,2021-22,0.5035128805620609,1610612754,26.0,51.0,0.51,9.0,23.0,0.391,46.0,139.0,0.331,35.0,74.0,0.473
1629130,Duncan Robinson,28.0,MIA,726,624,0.372,2021-22,0.859504132231405,1610612748,38.0,91.0,0.418,28.0,67.0,0.418,165.0,465.0,0.355,66.0,158.0,0.418
2730,Dwight Howard,36.0,LAL,219,15,0.533,2021-22,0.0684931506849315,1610612747,0.0,0.0,0.0,2.0,2.0,1.0,6.0,13.0,0.462,2.0,2.0,1.0
203939,Dwight Powell,30.0,DAL,401,37,0.351,2021-22,0.0922693266832917,1610612742,3.0,6.0,0.5,2.0,2.0,1.0,8.0,29.0,0.276,5.0,8.0,0.625
1629685,Dylan Windler,25.0,CLE,98,70,0.3,2021-22,0.7142857142857143,1610612739,4.0,16.0,0.25,7.0,17.0,0.412,10.0,37.0,0.27,11.0,33.0,0.333
202334,Ed Davis,33.0,CLE,16,0,0.0,2021-22,0.0,1610612739,0.0,0.0,0.0,0.0,0.0,0.0,0.0,0.0,0.0,0.0,0.0,0.0
203901,Elfrid Payton,28.0,PHX,175,18,0.222,2021-22,0.1028571428571428,1610612756,0.0,0.0,0.0,1.0,8.0,0.125,3.0,10.0,0.3,1.0,8.0,0.125
1630190,Elijah Hughes,24.0,POR,144,95,0.263,2021-22,0.6597222222222222,1610612757,1.0,12.0,0.083,5.0,14.0,0.357,18.0,66.0,0.273,6.0,26.0,0.231
1629150,Emanuel Terry,25.0,PHX,5,0,0.0,2021-22,0.0,1610612756,0.0,0.0,0.0,0.0,0.0,0.0,0.0,0.0,0.0,0.0,0.0,0.0
1626144,Emmanuel Mudiay,26.0,SAC,2,0,0.0,2021-22,0.0,1610612758,0.0,0.0,0.0,0.0,0.0,0.0,0.0,0.0,0.0,0.0,0.0,0.0
202683,Enes Freedom,30.0,BOS,97,5,0.4,2021-22,0.0515463917525773,1610612738,1.0,1.0,1.0,0.0,0.0,0.0,1.0,4.0,0.25,1.0,1.0,1.0
202339,Eric Bledsoe,32.0,POR,468,163,0.313,2021-22,0.3482905982905983,1610612757,3.0,10.0,0.3,4.0,12.0,0.333,44.0,139.0,0.317,7.0,22.0,0.318
201569,Eric Gordon,33.0,HOU,564,301,0.412,2021-22,0.5336879432624113,1610612745,4.0,10.0,0.4,6.0,11.0,0.545,114.0,280.0,0.407,10.0,21.0,0.476
1629672,Eric Paschall,25.0,UTA,235,108,0.37,2021-22,0.4595744680851064,1610612762,10.0,28.0,0.357,13.0,30.0,0.433,16.0,46.0,0.348,23.0,58.0,0.397
1630647,Eugene Omoruyi,25.0,DAL,5,2,0.5,2021-22,0.4,1610612742,0.0,0.0,0.0,0.0,1.0,0.0,1.0,1.0,1.0,0.0,1.0,0.0
203095,Evan Fournier,29.0,NYK,965,619,0.389,2021-22,0.6414507772020726,1610612752,57.0,122.0,0.467,20.0,53.0,0.377,163.0,440.0,0.37,77.0,175.0,0.44
1630596,Evan Mobley,21.0,CLE,830,92,0.25,2021-22,0.1108433734939759,1610612739,3.0,10.0,0.3,4.0,11.0,0.364,16.0,70.0,0.229,7.0,21.0,0.333
1630267,Facundo Campazzo,31.0,DEN,296,193,0.301,2021-22,0.652027027027027,1610612743,8.0,22.0,0.364,3.0,16.0,0.188,47.0,146.0,0.322,11.0,38.0,0.289
1630624,Feron Hunt,22.0,NYK,2,0,0.0,2021-22,0.0,1610612752,,,,0.0,0.0,0.0,0.0,0.0,0.0,0.0,0.0,0.0
1628402,Frank Jackson,24.0,DET,483,279,0.308,2021-22,0.577639751552795,1610612765,19.0,52.0,0.365,20.0,43.0,0.465,47.0,184.0,0.255,39.0,95.0,0.411
1626163,Frank Kaminsky,29.0,PHX,66,15,0.333,2021-22,0.2272727272727272,1610612756,0.0,1.0,0.0,0.0,0.0,0.0,5.0,14.0,0.357,0.0,1.0,0.0
1628373,Frank Ntilikina,23.0,DAL,223,111,0.342,2021-22,0.4977578475336323,1610612742,5.0,13.0,0.385,7.0,24.0,0.292,27.0,73.0,0.37,12.0,37.0,0.324
1630532,Franz Wagner,20.0,ORL,975,271,0.354,2021-22,0.2779487179487179,1610612753,20.0,36.0,0.556,9.0,30.0,0.3,67.0,205.0,0.327,29.0,66.0,0.439
1627832,Fred VanVleet,28.0,TOR,1097,642,0.377,2021-22,0.585232452142206,1610612761,20.0,42.0,0.476,21.0,50.0,0.42,198.0,540.0,0.367,41.0,92.0,0.446
1630273,Freddie Gillespie,25.0,ORL,22,1,0.0,2021-22,0.0454545454545454,1610612753,0.0,0.0,0.0,0.0,1.0,0.0,0.0,0.0,0.0,0.0,1.0,0.0
1627788,Furkan Korkmaz,24.0,PHI,470,266,0.289,2021-22,0.5659574468085107,1610612755,7.0,28.0,0.25,8.0,32.0,0.25,62.0,200.0,0.31,15.0,60.0,0.25
1629216,Gabe Vincent,26.0,MIA,513,323,0.368,2021-22,0.6296296296296297,1610612748,21.0,48.0,0.438,14.0,36.0,0.389,83.0,233.0,0.356,35.0,84.0,0.417
1628221,Gabe York,28.0,IND,7,6,0.167,2021-22,0.8571428571428571,1610612754,0.0,1.0,0.0,,,,1.0,5.0,0.2,0.0,1.0,0.0
1630466,Gabriel Deck,27.0,OKC,14,4,0.5,2021-22,0.2857142857142857,1610612760,1.0,1.0,1.0,1.0,1.0,1.0,0.0,2.0,0.0,2.0,2.0,1.0
1630994,Gabriel Lundberg,27.0,PHX,19,8,0.375,2021-22,0.4210526315789473,1610612756,0.0,0.0,0.0,0.0,0.0,0.0,3.0,8.0,0.375,0.0,0.0,0.0
202066,Garrett Temple,36.0,NOP,295,185,0.319,2021-22,0.6271186440677966,1610612740,17.0,52.0,0.327,11.0,36.0,0.306,31.0,97.0,0.32,28.0,88.0,0.318
1629726,Garrison Mathews,25.0,HOU,461,386,0.36,2021-22,0.8373101952277657,1610612745,25.0,70.0,0.357,7.0,26.0,0.269,107.0,290.0,0.369,32.0,96.0,0.333
1629109,Gary Clark,27.0,NOP,88,70,0.4,2021-22,0.7954545454545454,1610612740,12.0,20.0,0.6,8.0,21.0,0.381,8.0,28.0,0.286,20.0,41.0,0.488
203914,Gary Harris,27.0,ORL,553,302,0.384,2021-22,0.546112115732369,1610612753,45.0,91.0,0.495,21.0,51.0,0.412,50.0,159.0,0.314,66.0,142.0,0.465
1627780,Gary Payton II,29.0,GSW,344,120,0.358,2021-22,0.3488372093023256,1610612744,14.0,35.0,0.4,15.0,39.0,0.385,14.0,45.0,0.311,29.0,74.0,0.392
1629018,Gary Trent Jr.,23.0,TOR,1086,545,0.383,2021-22,0.501841620626151,1610612761,22.0,62.0,0.355,18.0,48.0,0.375,169.0,433.0,0.39,40.0,110.0,0.364
201588,George Hill,36.0,MIL,275,134,0.306,2021-22,0.4872727272727272,1610612749,10.0,32.0,0.313,11.0,20.0,0.55,20.0,81.0,0.247,21.0,52.0,0.404
1628994,George King,28.0,DAL,5,4,0.0,2021-22,0.8,1610612742,0.0,1.0,0.0,0.0,2.0,0.0,0.0,1.0,0.0,0.0,3.0,0.0
1627777,Georges Niang,29.0,PHI,563,387,0.403,2021-22,0.6873889875666075,1610612755,29.0,67.0,0.433,17.0,56.0,0.304,110.0,259.0,0.425,46.0,123.0,0.374
1630686,Georgios Kalaitzakis,23.0,OKC,67,26,0.385,2021-22,0.3880597014925373,1610612760,0.0,1.0,0.0,1.0,3.0,0.333,9.0,22.0,0.409,1.0,4.0,0.25
203507,Giannis Antetokounmpo,27.0,MIL,1245,242,0.293,2021-22,0.1943775100401606,1610612749,1.0,4.0,0.25,0.0,2.0,0.0,70.0,234.0,0.299,1.0,6.0,0.167
1629048,Goga Bitadze,22.0,IND,252,80,0.288,2021-22,0.3174603174603174,1610612754,0.0,2.0,0.0,1.0,3.0,0.333,22.0,75.0,0.293,1.0,5.0,0.2
201609,Goran Dragic,36.0,BKN,151,63,0.254,2021-22,0.4172185430463576,1610612751,3.0,9.0,0.333,1.0,4.0,0.25,12.0,50.0,0.24,4.0,13.0,0.308
202330,Gordon Hayward,32.0,CHA,617,220,0.391,2021-22,0.3565640194489465,1610612766,12.0,24.0,0.5,8.0,23.0,0.348,66.0,173.0,0.382,20.0,47.0,0.426
203476,Gorgui Dieng,32.0,ATL,112,68,0.426,2021-22,0.6071428571428571,1610612737,1.0,4.0,0.25,1.0,1.0,1.0,27.0,63.0,0.429,2.0,5.0,0.4
1629684,Grant Williams,23.0,BOS,432,258,0.411,2021-22,0.5972222222222222,1610612738,25.0,57.0,0.439,36.0,73.0,0.493,45.0,128.0,0.352,61.0,130.0,0.469
1628960,Grayson Allen,26.0,MIL,569,389,0.409,2021-22,0.6836555360281195,1610612749,31.0,63.0,0.492,16.0,40.0,0.4,112.0,285.0,0.393,47.0,103.0,0.456
1630535,Greg Brown III,20.0,POR,190,61,0.311,2021-22,0.3210526315789473,1610612757,4.0,16.0,0.25,2.0,7.0,0.286,13.0,38.0,0.342,6.0,23.0,0.261
202328,Greg Monroe,32.0,MIN,57,0,0.0,2021-22,0.0,1610612750,0.0,0.0,0.0,0.0,0.0,0.0,0.0,0.0,0.0,0.0,0.0,0.0
1628977,Hamidou Diallo,23.0,DET,526,93,0.247,2021-22,0.1768060836501901,1610612765,6.0,32.0,0.188,7.0,17.0,0.412,10.0,42.0,0.238,13.0,49.0,0.265
203084,Harrison Barnes,30.0,SAC,834,360,0.394,2021-22,0.4316546762589928,1610612758,26.0,63.0,0.413,30.0,53.0,0.566,86.0,244.0,0.352,56.0,116.0,0.483
202355,Hassan Whiteside,33.0,UTA,330,0,0.0,2021-22,0.0,1610612762,0.0,0.0,0.0,0.0,0.0,0.0,0.0,0.0,0.0,0.0,0.0,0.0
1629755,Hassani Gravett,25.0,ORL,38,26,0.423,2021-22,0.6842105263157895,1610612753,3.0,4.0,0.75,1.0,2.0,0.5,7.0,19.0,0.368,4.0,6.0,0.667
1629312,Haywood Highsmith,25.0,MIA,46,28,0.321,2021-22,0.6086956521739131,1610612748,5.0,10.0,0.5,1.0,7.0,0.143,3.0,11.0,0.273,6.0,17.0,0.353
1630529,Herbert Jones,23.0,NOP,576,169,0.337,2021-22,0.2934027777777778,1610612740,21.0,56.0,0.375,9.0,33.0,0.273,27.0,79.0,0.342,30.0,89.0,0.337
1629649,Ignas Brazdeikis,23.0,ORL,188,87,0.31,2021-22,0.4627659574468085,1610612753,3.0,14.0,0.214,6.0,15.0,0.4,17.0,57.0,0.298,9.0,29.0,0.31
1630193,Immanuel Quickley,23.0,NYK,724,396,0.346,2021-22,0.5469613259668509,1610612752,6.0,19.0,0.316,10.0,23.0,0.435,121.0,354.0,0.342,16.0,42.0,0.381
1629067,Isaac Bonga,22.0,TOR,13,4,0.25,2021-22,0.3076923076923077,1610612761,0.0,1.0,0.0,1.0,3.0,0.333,0.0,0.0,0.0,1.0,4.0,0.25
1630171,Isaac Okoro,21.0,CLE,431,157,0.35,2021-22,0.3642691415313225,1610612739,14.0,40.0,0.35,29.0,80.0,0.363,12.0,36.0,0.333,43.0,120.0,0.358
1628392,Isaiah Hartenstein,24.0,LAC,366,30,0.467,2021-22,0.081967213114754,1610612746,2.0,4.0,0.5,0.0,2.0,0.0,12.0,24.0,0.5,2.0,6.0,0.333
1630543,Isaiah Jackson,20.0,IND,206,16,0.313,2021-22,0.0776699029126213,1610612754,1.0,1.0,1.0,0.0,0.0,0.0,4.0,15.0,0.267,1.0,1.0,1.0
1630198,Isaiah Joe,22.0,PHI,177,135,0.333,2021-22,0.7627118644067796,1610612755,10.0,25.0,0.4,6.0,17.0,0.353,29.0,92.0,0.315,16.0,42.0,0.381
1630587,Isaiah Livers,23.0,DET,90,64,0.422,2021-22,0.7111111111111111,1610612765,5.0,15.0,0.333,6.0,13.0,0.462,16.0,36.0,0.444,11.0,28.0,0.393
1629676,Isaiah Roby,24.0,OKC,323,99,0.444,2021-22,0.3065015479876161,1610612760,8.0,18.0,0.444,5.0,9.0,0.556,31.0,72.0,0.431,13.0,27.0,0.481
1630191,Isaiah Stewart,21.0,DET,490,46,0.326,2021-22,0.0938775510204081,1610612765,0.0,3.0,0.0,0.0,1.0,0.0,15.0,42.0,0.357,0.0,4.0,0.0
202738,Isaiah Thomas,33.0,CHA,167,83,0.337,2021-22,0.497005988023952,1610612766,4.0,10.0,0.4,3.0,10.0,0.3,21.0,63.0,0.333,7.0,20.0,0.35
1630225,Isaiah Todd,20.0,WAS,26,16,0.25,2021-22,0.6153846153846154,1610612764,3.0,4.0,0.75,1.0,5.0,0.2,0.0,7.0,0.0,4.0,9.0,0.444
202397,Ish Smith,33.0,WAS,430,67,0.373,2021-22,0.1558139534883721,1610612764,7.0,8.0,0.875,3.0,10.0,0.3,15.0,48.0,0.313,10.0,18.0,0.556
1630688,Ish Wainright,27.0,PHX,104,59,0.322,2021-22,0.5673076923076923,1610612756,2.0,11.0,0.182,11.0,18.0,0.611,6.0,30.0,0.2,13.0,29.0,0.448
1627826,Ivica Zubac,25.0,LAC,495,0,0.0,2021-22,0.0,1610612746,0.0,0.0,0.0,0.0,0.0,0.0,0.0,0.0,0.0,0.0,0.0,0.0
1630550,JT Thor,19.0,CHA,55,27,0.259,2021-22,0.4909090909090909,1610612766,1.0,3.0,0.333,1.0,2.0,0.5,5.0,22.0,0.227,2.0,5.0,0.4
1629630,Ja Morant,22.0,MEM,1177,256,0.344,2021-22,0.2175021240441801,1610612763,6.0,13.0,0.462,5.0,13.0,0.385,77.0,227.0,0.339,11.0,26.0,0.423
203210,JaMychal Green,32.0,DEN,327,124,0.266,2021-22,0.3792048929663608,1610612743,6.0,15.0,0.4,7.0,23.0,0.304,20.0,84.0,0.238,13.0,38.0,0.342
1630605,JaQuori McLaughlin,24.0,DAL,2,1,0.0,2021-22,0.5,1610612742,0.0,1.0,0.0,0.0,0.0,0.0,0.0,0.0,0.0,0.0,1.0,0.0
201580,JaVale McGee,34.0,PHX,458,9,0.222,2021-22,0.019650655021834,1610612756,0.0,0.0,0.0,0.0,0.0,0.0,2.0,9.0,0.222,0.0,0.0,0.0
203953,Jabari Parker,27.0,BOS,38,16,0.5,2021-22,0.4210526315789473,1610612738,2.0,2.0,1.0,1.0,4.0,0.25,5.0,9.0,0.556,3.0,6.0,0.5
1630183,Jaden McDaniels,21.0,MIN,554,252,0.317,2021-22,0.4548736462093863,1610612750,29.0,76.0,0.382,17.0,53.0,0.321,34.0,121.0,0.281,46.0,129.0,0.357
1630531,Jaden Springer,19.0,PHI,1,0,0.0,2021-22,0.0,1610612755,,,,0.0,0.0,0.0,0.0,0.0,0.0,0.0,0.0,0.0
203109,Jae Crowder,31.0,PHX,544,365,0.348,2021-22,0.6709558823529411,1610612756,17.0,40.0,0.425,16.0,41.0,0.39,94.0,283.0,0.332,33.0,81.0,0.407
1630256,Jae'Sean Tate,26.0,HOU,729,202,0.312,2021-22,0.2770919067215363,1610612745,9.0,43.0,0.209,17.0,40.0,0.425,37.0,119.0,0.311,26.0,83.0,0.313
1630186,Jahmi'us Ramsey,21.0,SAC,58,18,0.278,2021-22,0.3103448275862069,1610612758,1.0,4.0,0.25,0.0,0.0,0.0,4.0,14.0,0.286,1.0,4.0,0.25
1627774,Jake Layman,28.0,MIN,73,35,0.229,2021-22,0.4794520547945205,1610612750,2.0,11.0,0.182,2.0,7.0,0.286,4.0,17.0,0.235,4.0,18.0,0.222
1627751,Jakob Poeltl,26.0,SAS,663,1,1.0,2021-22,0.0015082956259426,1610612759,0.0,0.0,0.0,0.0,0.0,0.0,0.0,0.0,0.0,0.0,0.0,0.0
1628973,Jalen Brunson,25.0,DAL,1008,252,0.373,2021-22,0.25,1610612742,20.0,41.0,0.488,18.0,35.0,0.514,56.0,174.0,0.322,38.0,76.0,0.5
1630224,Jalen Green,20.0,HOU,954,458,0.343,2021-22,0.480083857442348,1610612745,17.0,48.0,0.354,9.0,24.0,0.375,131.0,384.0,0.341,26.0,72.0,0.361
1630552,Jalen Johnson,20.0,ATL,41,13,0.231,2021-22,0.3170731707317073,1610612737,0.0,2.0,0.0,1.0,3.0,0.333,2.0,8.0,0.25,1.0,5.0,0.2
1629667,Jalen McDaniels,24.0,CHA,254,108,0.38,2021-22,0.4251968503937008,1610612766,7.0,20.0,0.35,7.0,21.0,0.333,27.0,65.0,0.415,14.0,41.0,0.341
1630188,Jalen Smith,22.0,IND,350,122,0.328,2021-22,0.3485714285714286,1610612754,3.0,16.0,0.188,5.0,18.0,0.278,32.0,88.0,0.364,8.0,34.0,0.235
1630591,Jalen Suggs,21.0,ORL,548,196,0.214,2021-22,0.3576642335766423,1610612753,3.0,17.0,0.176,2.0,8.0,0.25,37.0,170.0,0.218,5.0,25.0,0.2
1630547,James Bouknight,21.0,CHA,141,49,0.347,2021-22,0.3475177304964539,1610612766,1.0,8.0,0.125,3.0,4.0,0.75,13.0,37.0,0.351,4.0,12.0,0.333
203516,James Ennis III,31.0,DEN,24,8,0.375,2021-22,0.3333333333333333,1610612743,0.0,0.0,0.0,0.0,1.0,0.0,3.0,7.0,0.429,0.0,1.0,0.0
201935,James Harden,32.0,PHI,992,448,0.33,2021-22,0.4516129032258064,1610612755,3.0,9.0,0.333,5.0,18.0,0.278,140.0,421.0,0.333,8.0,27.0,0.296
201949,James Johnson,35.0,BKN,307,85,0.271,2021-22,0.2768729641693811,1610612751,5.0,13.0,0.385,5.0,22.0,0.227,13.0,50.0,0.26,10.0,35.0,0.286
1630691,Jamorko Pickett,24.0,DET,50,39,0.333,2021-22,0.78,1610612765,2.0,7.0,0.286,3.0,8.0,0.375,8.0,24.0,0.333,5.0,15.0,0.333
1630215,Jared Butler,21.0,UTA,151,88,0.318,2021-22,0.5827814569536424,1610612762,1.0,5.0,0.2,2.0,6.0,0.333,25.0,76.0,0.329,3.0,11.0,0.273
1629607,Jared Harper,24.0,NOP,26,12,0.417,2021-22,0.4615384615384615,1610612740,0.0,0.0,0.0,1.0,1.0,1.0,4.0,11.0,0.364,1.0,1.0,1.0
1628991,Jaren Jackson Jr.,22.0,MEM,1036,401,0.319,2021-22,0.387065637065637,1610612763,8.0,33.0,0.242,11.0,39.0,0.282,109.0,328.0,0.332,19.0,72.0,0.264
1629020,Jarred Vanderbilt,23.0,MIN,361,14,0.143,2021-22,0.038781163434903,1610612750,2.0,7.0,0.286,0.0,3.0,0.0,0.0,4.0,0.0,2.0,10.0,0.2
1628386,Jarrett Allen,24.0,CLE,545,10,0.1,2021-22,0.018348623853211,1610612739,0.0,4.0,0.0,0.0,2.0,0.0,1.0,4.0,0.25,0.0,6.0,0.0
1629633,Jarrett Culver,23.0,MEM,135,47,0.255,2021-22,0.3481481481481481,1610612763,2.0,8.0,0.25,1.0,4.0,0.25,9.0,35.0,0.257,3.0,12.0,0.25
1629600,Jarron Cumberland,24.0,POR,2,1,0.0,2021-22,0.5,1610612757,0.0,0.0,0.0,0.0,0.0,0.0,0.0,1.0,0.0,0.0,0.0,0.0
1629750,Javonte Green,28.0,CHI,325,101,0.356,2021-22,0.3107692307692307,1610612741,11.0,25.0,0.44,16.0,37.0,0.432,9.0,36.0,0.25,27.0,62.0,0.435
1630606,Javonte Smart,23.0,MIA,60,27,0.296,2021-22,0.45,1610612748,0.0,1.0,0.0,2.0,3.0,0.667,6.0,22.0,0.273,2.0,4.0,0.5
1629637,Jaxson Hayes,22.0,NOP,398,57,0.351,2021-22,0.14321608040201,1610612740,2.0,6.0,0.333,3.0,12.0,0.25,15.0,38.0,0.395,5.0,18.0,0.278
1630643,Jay Huff,24.0,LAL,3,2,0.0,2021-22,0.6666666666666666,1610612747,0.0,0.0,0.0,0.0,0.0,0.0,0.0,2.0,0.0,0.0,0.0,0.0
1630206,Jay Scrubb,21.0,LAC,46,21,0.286,2021-22,0.4565217391304347,1610612746,2.0,2.0,1.0,0.0,1.0,0.0,4.0,18.0,0.222,2.0,3.0,0.667
1627759,Jaylen Brown,25.0,BOS,1217,464,0.358,2021-22,0.38126540673788,1610612738,13.0,46.0,0.283,18.0,45.0,0.4,135.0,370.0,0.365,31.0,91.0,0.341
1629658,Jaylen Hoard,23.0,OKC,90,25,0.36,2021-22,0.2777777777777778,1610612760,2.0,4.0,0.5,2.0,4.0,0.5,5.0,17.0,0.294,4.0,8.0,0.5
1628537,Jaylen Morris,26.0,SAS,6,2,0.0,2021-22,0.3333333333333333,1610612759,0.0,0.0,0.0,0.0,0.0,0.0,0.0,2.0,0.0,0.0,0.0,0.0
1629669,Jaylen Nowell,22.0,MIN,413,160,0.394,2021-22,0.387409200968523,1610612750,8.0,18.0,0.444,6.0,13.0,0.462,48.0,125.0,0.384,14.0,31.0,0.452
1629873,Jaysean Paige,27.0,DET,3,2,0.0,2021-22,0.6666666666666666,1610612765,0.0,0.0,0.0,0.0,0.0,0.0,0.0,2.0,0.0,0.0,0.0,0.0
1628369,Jayson Tatum,24.0,BOS,1564,651,0.353,2021-22,0.4162404092071611,1610612738,15.0,51.0,0.294,18.0,33.0,0.545,198.0,565.0,0.35,33.0,84.0,0.393
1630288,Jeff Dowtin Jr.,25.0,ORL,26,9,0.111,2021-22,0.3461538461538461,1610612753,0.0,2.0,0.0,1.0,3.0,0.333,0.0,4.0,0.0,1.0,5.0,0.2
201145,Jeff Green,35.0,DEN,529,168,0.315,2021-22,0.3175803402646502,1610612743,13.0,42.0,0.31,16.0,51.0,0.314,24.0,73.0,0.329,29.0,93.0,0.312
1629203,Jemerrio Jones,27.0,LAL,3,0,0.0,2021-22,0.0,1610612747,0.0,0.0,0.0,0.0,0.0,0.0,0.0,0.0,0.0,0.0,0.0,0.0
203924,Jerami Grant,28.0,DET,699,254,0.358,2021-22,0.3633762517882689,1610612765,21.0,54.0,0.389,11.0,40.0,0.275,59.0,159.0,0.371,32.0,94.0,0.34
1630526,Jeremiah Robinson-Earl,21.0,OKC,324,165,0.352,2021-22,0.5092592592592593,1610612760,9.0,31.0,0.29,7.0,15.0,0.467,42.0,119.0,0.353,16.0,46.0,0.348
203087,Jeremy Lamb,30.0,SAC,347,170,0.324,2021-22,0.4899135446685879,1610612758,7.0,23.0,0.304,5.0,14.0,0.357,43.0,129.0,0.333,12.0,37.0,0.324
1630579,Jericho Sims,23.0,NYK,54,0,0.0,2021-22,0.0,1610612752,0.0,0.0,0.0,0.0,0.0,0.0,0.0,0.0,0.0,0.0,0.0,0.0
1628975,Jevon Carter,26.0,MIL,253,170,0.388,2021-22,0.6719367588932806,1610612749,14.0,31.0,0.452,12.0,25.0,0.48,40.0,113.0,0.354,26.0,56.0,0.464
202710,Jimmy Butler III,32.0,MIA,829,116,0.233,2021-22,0.1399276236429433,1610612748,5.0,24.0,0.208,10.0,31.0,0.323,12.0,59.0,0.203,15.0,55.0,0.273
1629111,Jock Landale,26.0,SAS,204,89,0.326,2021-22,0.4362745098039216,1610612759,6.0,15.0,0.4,3.0,6.0,0.5,20.0,67.0,0.299,9.0,21.0,0.429
203925,Joe Harris,30.0,BKN,124,88,0.466,2021-22,0.7096774193548387,1610612751,5.0,12.0,0.417,12.0,16.0,0.75,24.0,60.0,0.4,17.0,28.0,0.607
204060,Joe Ingles,34.0,POR,285,225,0.347,2021-22,0.7894736842105263,1610612757,6.0,17.0,0.353,12.0,34.0,0.353,59.0,172.0,0.343,18.0,51.0,0.353
2207,Joe Johnson,41.0,BOS,1,0,0.0,2021-22,0.0,1610612738,,,,,,,0.0,0.0,0.0,,,
1630580,Joe Wieskamp,22.0,SAS,56,43,0.326,2021-22,0.7678571428571429,1610612759,0.0,7.0,0.0,1.0,4.0,0.25,13.0,32.0,0.406,1.0,11.0,0.091
1630555,Joel Ayayi,22.0,WAS,6,1,0.0,2021-22,0.1666666666666666,1610612764,0.0,0.0,0.0,0.0,0.0,0.0,0.0,1.0,0.0,0.0,0.0,0.0
203954,Joel Embiid,28.0,PHI,1334,251,0.371,2021-22,0.1881559220389805,1610612755,2.0,7.0,0.286,2.0,6.0,0.333,89.0,237.0,0.376,4.0,13.0,0.308
1628381,John Collins,24.0,ATL,644,176,0.364,2021-22,0.2732919254658385,1610612737,4.0,17.0,0.235,17.0,45.0,0.378,43.0,114.0,0.377,21.0,62.0,0.339
1629723,John Konchar,26.0,MEM,262,126,0.413,2021-22,0.4809160305343511,1610612763,16.0,37.0,0.432,10.0,21.0,0.476,26.0,66.0,0.394,26.0,58.0,0.448
1630257,Jon Teske,25.0,MEM,1,0,0.0,2021-22,0.0,1610612763,0.0,0.0,0.0,0.0,0.0,0.0,0.0,0.0,0.0,0.0,0.0,0.0
202685,Jonas Valančiūnas,30.0,NOP,938,158,0.361,2021-22,0.1684434968017057,1610612740,1.0,2.0,0.5,0.0,1.0,0.0,56.0,155.0,0.361,1.0,3.0,0.333
1630228,Jonathan Kuminga,19.0,GSW,460,149,0.336,2021-22,0.3239130434782609,1610612744,7.0,33.0,0.212,9.0,23.0,0.391,33.0,90.0,0.367,16.0,56.0,0.286
203903,Jordan Clarkson,30.0,UTA,1113,597,0.318,2021-22,0.5363881401617251,1610612762,28.0,77.0,0.364,14.0,44.0,0.318,148.0,474.0,0.312,42.0,121.0,0.347
1630692,Jordan Goodwin,23.0,WAS,3,1,0.0,2021-22,0.3333333333333333,1610612764,,,,0.0,0.0,0.0,0.0,1.0,0.0,0.0,0.0,0.0
1629162,Jordan McLaughlin,26.0,MIN,200,85,0.318,2021-22,0.425,1610612750,11.0,20.0,0.55,5.0,11.0,0.455,11.0,51.0,0.216,16.0,31.0,0.516
1629670,Jordan Nwora,23.0,MIL,462,227,0.348,2021-22,0.4913419913419913,1610612749,17.0,37.0,0.459,7.0,32.0,0.219,55.0,158.0,0.348,24.0,69.0,0.348
1629673,Jordan Poole,23.0,GSW,1058,580,0.364,2021-22,0.5482041587901701,1610612744,14.0,50.0,0.28,20.0,46.0,0.435,174.0,477.0,0.365,34.0,96.0,0.354
1630648,Jordan Schakel,24.0,WAS,11,6,0.167,2021-22,0.5454545454545454,1610612764,0.0,1.0,0.0,0.0,0.0,0.0,1.0,5.0,0.2,0.0,1.0,0.0
1630631,Jose Alvarado,24.0,NOP,294,110,0.291,2021-22,0.3741496598639456,1610612740,6.0,13.0,0.462,3.0,14.0,0.214,23.0,82.0,0.28,9.0,27.0,0.333
1630528,Josh Christopher,20.0,HOU,500,189,0.296,2021-22,0.378,1610612745,11.0,26.0,0.423,6.0,25.0,0.24,39.0,132.0,0.295,17.0,51.0,0.333
1630581,Josh Giddey,19.0,OKC,670,213,0.263,2021-22,0.317910447761194,1610612760,8.0,33.0,0.242,6.0,10.0,0.6,42.0,169.0,0.249,14.0,43.0,0.326
1630182,Josh Green,21.0,DAL,256,78,0.359,2021-22,0.3046875,1610612742,11.0,26.0,0.423,11.0,28.0,0.393,6.0,23.0,0.261,22.0,54.0,0.407
1628404,Josh Hart,27.0,POR,569,213,0.343,2021-22,0.3743409490333919,1610612757,13.0,21.0,0.619,8.0,16.0,0.5,52.0,176.0,0.295,21.0,37.0,0.568
1628367,Josh Jackson,25.0,SAC,300,130,0.254,2021-22,0.4333333333333333,1610612758,3.0,17.0,0.176,4.0,17.0,0.235,26.0,96.0,0.271,7.0,34.0,0.206
1629006,Josh Okogie,23.0,MIN,104,47,0.298,2021-22,0.4519230769230769,1610612750,2.0,14.0,0.143,3.0,10.0,0.3,9.0,23.0,0.391,5.0,24.0,0.208
1626196,Josh Richardson,28.0,SAS,534,246,0.415,2021-22,0.4606741573033708,1610612759,14.0,34.0,0.412,7.0,14.0,0.5,81.0,196.0,0.413,21.0,48.0,0.438
1630563,Joshua Primo,19.0,SAS,270,137,0.307,2021-22,0.5074074074074074,1610612759,11.0,30.0,0.367,2.0,19.0,0.105,29.0,87.0,0.333,13.0,49.0,0.265
201950,Jrue Holiday,32.0,MIL,954,321,0.411,2021-22,0.3364779874213836,1610612749,6.0,20.0,0.3,6.0,15.0,0.4,120.0,285.0,0.421,12.0,35.0,0.343
1629308,Juan Toscano-Anderson,29.0,GSW,235,87,0.322,2021-22,0.3702127659574468,1610612744,3.0,13.0,0.231,3.0,10.0,0.3,22.0,63.0,0.349,6.0,23.0,0.261
1627823,Juancho Hernangomez,26.0,UTA,106,69,0.348,2021-22,0.6509433962264151,1610612762,5.0,14.0,0.357,6.0,14.0,0.429,13.0,41.0,0.317,11.0,28.0,0.393
203944,Julius Randle,27.0,NYK,1246,390,0.308,2021-22,0.3130016051364366,1610612752,10.0,29.0,0.345,5.0,22.0,0.227,105.0,339.0,0.31,15.0,51.0,0.294
1626147,Justin Anderson,28.0,IND,95,59,0.254,2021-22,0.6210526315789474,1610612754,7.0,13.0,0.538,1.0,8.0,0.125,7.0,38.0,0.184,8.0,21.0,0.381
1630551,Justin Champagnie,21.0,TOR,67,28,0.357,2021-22,0.417910447761194,1610612761,2.0,10.0,0.2,3.0,6.0,0.5,5.0,12.0,0.417,5.0,16.0,0.313
203200,Justin Holiday,33.0,SAC,662,482,0.367,2021-22,0.7280966767371602,1610612758,26.0,64.0,0.406,29.0,79.0,0.367,122.0,337.0,0.362,55.0,143.0,0.385
1628382,Justin Jackson,27.0,PHX,15,9,0.333,2021-22,0.6,1610612756,1.0,1.0,1.0,0.0,0.0,0.0,2.0,8.0,0.25,1.0,1.0,1.0
1629620,Justin Robinson,24.0,DET,93,61,0.295,2021-22,0.6559139784946236,1610612765,2.0,6.0,0.333,4.0,10.0,0.4,12.0,43.0,0.279,6.0,16.0,0.375
1626159,Justise Winslow,26.0,POR,257,66,0.227,2021-22,0.2568093385214007,1610612757,4.0,14.0,0.286,2.0,13.0,0.154,9.0,37.0,0.243,6.0,27.0,0.222
203994,Jusuf Nurkić,27.0,POR,600,56,0.268,2021-22,0.0933333333333333,1610612757,0.0,0.0,0.0,1.0,1.0,1.0,14.0,54.0,0.259,1.0,1.0,1.0
1629752,Juwan Morgan,25.0,BOS,3,2,0.5,2021-22,0.6666666666666666,1610612738,0.0,0.0,0.0,0.0,0.0,0.0,1.0,2.0,0.5,0.0,0.0,0.0
1630231,KJ Martin,21.0,HOU,523,168,0.357,2021-22,0.3212237093690248,1610612745,8.0,31.0,0.258,5.0,15.0,0.333,47.0,121.0,0.388,13.0,46.0,0.283
1629644,KZ Okpala,23.0,MIA,69,26,0.346,2021-22,0.3768115942028985,1610612748,6.0,12.0,0.5,2.0,4.0,0.5,1.0,10.0,0.1,8.0,16.0,0.5
1630539,Kai Jones,21.0,CHA,14,2,0.5,2021-22,0.1428571428571428,1610612766,1.0,1.0,1.0,0.0,0.0,0.0,0.0,1.0,0.0,1.0,1.0,1.0
1626157,Karl-Anthony Towns,26.0,MIN,1214,366,0.41,2021-22,0.3014827018121911,1610612750,6.0,17.0,0.353,6.0,17.0,0.353,138.0,331.0,0.417,12.0,34.0,0.353
1626208,Keifer Sykes,28.0,IND,190,90,0.3,2021-22,0.4736842105263157,1610612754,6.0,12.0,0.5,5.0,15.0,0.333,16.0,63.0,0.254,11.0,27.0,0.407
1628966,Keita Bates-Diop,26.0,SAS,263,55,0.309,2021-22,0.2091254752851711,1610612759,4.0,11.0,0.364,4.0,14.0,0.286,9.0,30.0,0.3,8.0,25.0,0.32
1629103,Kelan Martin,26.0,BOS,171,75,0.293,2021-22,0.4385964912280701,1610612738,7.0,13.0,0.538,5.0,14.0,0.357,10.0,47.0,0.213,12.0,27.0,0.444
1629640,Keldon Johnson,22.0,SAS,1011,399,0.398,2021-22,0.3946587537091988,1610612759,27.0,53.0,0.509,19.0,41.0,0.463,113.0,304.0,0.372,46.0,94.0,0.489
1629833,Keljin Blevins,26.0,POR,111,72,0.292,2021-22,0.6486486486486487,1610612757,3.0,12.0,0.25,2.0,12.0,0.167,16.0,48.0,0.333,5.0,24.0,0.208
203482,Kelly Olynyk,31.0,DET,286,119,0.336,2021-22,0.4160839160839161,1610612765,1.0,2.0,0.5,3.0,3.0,1.0,36.0,113.0,0.319,4.0,5.0,0.8
1626162,Kelly Oubre Jr.,26.0,CHA,932,553,0.345,2021-22,0.5933476394849786,1610612766,25.0,74.0,0.338,34.0,101.0,0.337,132.0,374.0,0.353,59.0,175.0,0.337
202689,Kemba Walker,32.0,NYK,370,199,0.367,2021-22,0.5378378378378378,1610612752,2.0,2.0,1.0,3.0,6.0,0.5,68.0,190.0,0.358,5.0,8.0,0.625
1629026,Kenrich Williams,27.0,OKC,317,121,0.339,2021-22,0.3817034700315457,1610612760,10.0,30.0,0.333,6.0,15.0,0.4,25.0,75.0,0.333,16.0,45.0,0.356
203145,Kent Bazemore,32.0,LAL,139,80,0.363,2021-22,0.5755395683453237,1610612747,4.0,18.0,0.222,13.0,25.0,0.52,12.0,34.0,0.353,17.0,43.0,0.395
203484,Kentavious Caldwell-Pope,29.0,WAS,829,408,0.39,2021-22,0.4921592279855247,1610612764,39.0,85.0,0.459,29.0,66.0,0.439,91.0,257.0,0.354,68.0,151.0,0.45
1630553,Keon Johnson,20.0,POR,272,100,0.34,2021-22,0.3676470588235294,1610612757,1.0,10.0,0.1,2.0,8.0,0.25,31.0,83.0,0.373,3.0,18.0,0.167
1630556,Kessler Edwards,21.0,BKN,267,136,0.353,2021-22,0.5093632958801498,1610612751,17.0,39.0,0.436,6.0,24.0,0.25,25.0,71.0,0.352,23.0,63.0,0.365
201142,Kevin Durant,33.0,BKN,1115,300,0.383,2021-22,0.2690582959641255,1610612751,3.0,7.0,0.429,10.0,16.0,0.625,102.0,277.0,0.368,13.0,23.0,0.565
1628989,Kevin Huerter,23.0,ATL,760,411,0.389,2021-22,0.5407894736842105,1610612737,23.0,48.0,0.479,28.0,70.0,0.4,109.0,291.0,0.375,51.0,118.0,0.432
1628995,Kevin Knox II,22.0,ATL,85,54,0.278,2021-22,0.6352941176470588,1610612737,1.0,6.0,0.167,6.0,12.0,0.5,8.0,35.0,0.229,7.0,18.0,0.389
201567,Kevin Love,33.0,CLE,761,477,0.392,2021-22,0.6268068331143233,1610612739,17.0,52.0,0.327,13.0,30.0,0.433,157.0,394.0,0.398,30.0,82.0,0.366
1630698,Kevin Pangos,29.0,CLE,46,26,0.231,2021-22,0.5652173913043478,1610612739,0.0,1.0,0.0,0.0,0.0,0.0,6.0,25.0,0.24,0.0,1.0,0.0
1629645,Kevin Porter Jr.,22.0,HOU,808,413,0.375,2021-22,0.5111386138613861,1610612745,11.0,23.0,0.478,10.0,22.0,0.455,134.0,368.0,0.364,21.0,45.0,0.467
1626172,Kevon Looney,26.0,GSW,364,1,0.0,2021-22,0.0027472527472527,1610612744,0.0,0.0,0.0,0.0,0.0,0.0,0.0,1.0,0.0,0.0,0.0,0.0
203920,Khem Birch,29.0,TOR,200,14,0.0,2021-22,0.07,1610612761,0.0,6.0,0.0,0.0,6.0,0.0,0.0,0.0,0.0,0.0,12.0,0.0
203114,Khris Middleton,30.0,MIL,1021,434,0.373,2021-22,0.4250734573947111,1610612749,11.0,34.0,0.324,8.0,16.0,0.5,143.0,384.0,0.372,19.0,50.0,0.38
1630165,Killian Hayes,20.0,DET,459,167,0.263,2021-22,0.3638344226579521,1610612765,12.0,32.0,0.375,8.0,30.0,0.267,24.0,105.0,0.229,20.0,62.0,0.323
1629681,Killian Tillie,24.0,MEM,127,86,0.314,2021-22,0.6771653543307087,1610612763,6.0,15.0,0.4,1.0,11.0,0.091,20.0,60.0,0.333,7.0,26.0,0.269
1630184,Kira Lewis Jr.,21.0,NOP,146,58,0.224,2021-22,0.3972602739726027,1610612740,3.0,6.0,0.5,1.0,8.0,0.125,9.0,41.0,0.22,4.0,14.0,0.286
202691,Klay Thompson,32.0,GSW,573,296,0.385,2021-22,0.5165794066317626,1610612744,13.0,23.0,0.565,5.0,28.0,0.179,95.0,242.0,0.393,18.0,51.0,0.353
1627739,Kris Dunn,28.0,POR,102,11,0.091,2021-22,0.1078431372549019,1610612757,0.0,0.0,0.0,0.0,0.0,0.0,1.0,11.0,0.091,0.0,0.0,0.0
204001,Kristaps Porziņģis,26.0,WAS,767,252,0.31,2021-22,0.3285528031290743,1610612764,1.0,3.0,0.333,2.0,6.0,0.333,75.0,242.0,0.31,3.0,9.0,0.333
203937,Kyle Anderson,28.0,MEM,469,109,0.33,2021-22,0.232409381663113,1610612763,12.0,27.0,0.444,8.0,21.0,0.381,16.0,61.0,0.262,20.0,48.0,0.417
1629657,Kyle Guy,24.0,MIA,65,40,0.35,2021-22,0.6153846153846154,1610612748,1.0,2.0,0.5,4.0,8.0,0.5,9.0,30.0,0.3,5.0,10.0,0.5
1628398,Kyle Kuzma,26.0,WAS,936,375,0.341,2021-22,0.4006410256410256,1610612764,17.0,52.0,0.327,13.0,37.0,0.351,97.0,284.0,0.342,30.0,89.0,0.337
200768,Kyle Lowry,36.0,MIA,627,382,0.377,2021-22,0.6092503987240829,1610612748,17.0,45.0,0.378,9.0,16.0,0.563,118.0,317.0,0.372,26.0,61.0,0.426
202681,Kyrie Irving,30.0,BKN,616,239,0.418,2021-22,0.387987012987013,1610612751,6.0,14.0,0.429,9.0,22.0,0.409,85.0,203.0,0.419,15.0,36.0,0.417
200746,LaMarcus Aldridge,36.0,BKN,458,46,0.304,2021-22,0.1004366812227074,1610612751,1.0,8.0,0.125,3.0,6.0,0.5,10.0,32.0,0.313,4.0,14.0,0.286
1630163,LaMelo Ball,20.0,CHA,1254,565,0.389,2021-22,0.4505582137161084,1610612766,19.0,47.0,0.404,19.0,43.0,0.442,182.0,473.0,0.385,38.0,90.0,0.422
1630205,Lamar Stevens,24.0,CLE,319,65,0.277,2021-22,0.2037617554858934,1610612739,6.0,18.0,0.333,4.0,20.0,0.2,7.0,26.0,0.269,10.0,38.0,0.263
202362,Lance Stephenson,31.0,IND,323,90,0.3,2021-22,0.2786377708978328,1610612754,3.0,7.0,0.429,3.0,10.0,0.3,21.0,73.0,0.288,6.0,17.0,0.353
1629013,Landry Shamet,25.0,PHX,485,334,0.368,2021-22,0.688659793814433,1610612756,27.0,60.0,0.45,15.0,47.0,0.319,80.0,224.0,0.357,42.0,107.0,0.393
204038,Langston Galloway,30.0,MIL,26,16,0.125,2021-22,0.6153846153846154,1610612749,0.0,3.0,0.0,0.0,3.0,0.0,2.0,10.0,0.2,0.0,6.0,0.0
1626204,Larry Nance Jr.,29.0,NOP,247,70,0.329,2021-22,0.2834008097165992,1610612740,4.0,12.0,0.333,4.0,10.0,0.4,15.0,47.0,0.319,8.0,22.0,0.364
1628374,Lauri Markkanen,25.0,CLE,703,380,0.358,2021-22,0.5405405405405406,1610612739,20.0,44.0,0.455,11.0,38.0,0.289,104.0,297.0,0.35,31.0,82.0,0.378
2544,LeBron James,37.0,LAL,1221,448,0.359,2021-22,0.3669123669123669,1610612747,6.0,15.0,0.4,5.0,21.0,0.238,150.0,412.0,0.364,11.0,36.0,0.306
1630195,Leandro Bolmaro,21.0,MIN,54,18,0.278,2021-22,0.3333333333333333,1610612750,0.0,1.0,0.0,1.0,3.0,0.333,4.0,12.0,0.333,1.0,4.0,0.25
1629623,Lindell Wigginton,24.0,MIL,61,26,0.346,2021-22,0.4262295081967213,1610612749,5.0,6.0,0.833,0.0,2.0,0.0,4.0,18.0,0.222,5.0,8.0,0.625
1630322,Lindy Waters III,24.0,OKC,175,146,0.363,2021-22,0.8342857142857143,1610612760,6.0,26.0,0.231,5.0,12.0,0.417,41.0,107.0,0.383,11.0,38.0,0.289
1629022,Lonnie Walker IV,23.0,SAS,764,353,0.314,2021-22,0.4620418848167539,1610612759,8.0,28.0,0.286,19.0,45.0,0.422,82.0,273.0,0.3,27.0,73.0,0.37
1628366,Lonzo Ball,24.0,CHI,383,260,0.423,2021-22,0.6788511749347258,1610612741,20.0,38.0,0.526,10.0,24.0,0.417,80.0,196.0,0.408,30.0,62.0,0.484
101150,Lou Williams,35.0,ATL,320,102,0.363,2021-22,0.31875,1610612737,12.0,26.0,0.462,6.0,15.0,0.4,19.0,60.0,0.317,18.0,41.0,0.439
1629663,Louis King,23.0,SAC,47,27,0.296,2021-22,0.574468085106383,1610612758,2.0,6.0,0.333,1.0,2.0,0.5,5.0,18.0,0.278,3.0,8.0,0.375
1629652,Luguentz Dort,23.0,OKC,726,391,0.332,2021-22,0.5385674931129476,1610612760,10.0,26.0,0.385,16.0,34.0,0.471,104.0,330.0,0.315,26.0,60.0,0.433
1629029,Luka Dončić,23.0,DAL,1403,569,0.353,2021-22,0.405559515324305,1610612742,7.0,21.0,0.333,2.0,10.0,0.2,192.0,536.0,0.358,9.0,31.0,0.29
1630568,Luka Garza,23.0,DET,147,49,0.327,2021-22,0.3333333333333333,1610612765,0.0,3.0,0.0,0.0,0.0,0.0,16.0,46.0,0.348,0.0,3.0,0.0
1628379,Luke Kennard,26.0,LAC,639,423,0.449,2021-22,0.6619718309859155,1610612746,12.0,27.0,0.444,18.0,37.0,0.486,160.0,359.0,0.446,30.0,64.0,0.469
1628436,Luke Kornet,26.0,BOS,27,5,0.0,2021-22,0.1851851851851851,1610612738,0.0,0.0,0.0,0.0,0.0,0.0,0.0,5.0,0.0,0.0,0.0,0.0
1630640,MJ Walker,24.0,PHX,4,2,0.0,2021-22,0.5,1610612756,0.0,1.0,0.0,0.0,0.0,0.0,0.0,1.0,0.0,0.0,1.0,0.0
1630644,Mac McClung,23.0,LAL,6,3,0.333,2021-22,0.5,1610612747,0.0,0.0,0.0,0.0,0.0,0.0,1.0,3.0,0.333,0.0,0.0,0.0
1630201,Malachi Flynn,24.0,TOR,183,90,0.333,2021-22,0.4918032786885246,1610612761,4.0,8.0,0.5,6.0,6.0,1.0,20.0,74.0,0.27,10.0,14.0,0.714
1627763,Malcolm Brogdon,29.0,IND,543,186,0.312,2021-22,0.3425414364640884,1610612754,9.0,20.0,0.45,2.0,12.0,0.167,47.0,153.0,0.307,11.0,32.0,0.344
1630792,Malcolm Hill,26.0,CHI,52,36,0.361,2021-22,0.6923076923076923,1610612741,4.0,6.0,0.667,3.0,5.0,0.6,6.0,24.0,0.25,7.0,11.0,0.636
1627736,Malik Beasley,25.0,MIN,850,637,0.377,2021-22,0.7494117647058823,1610612750,51.0,120.0,0.425,34.0,90.0,0.378,155.0,419.0,0.37,85.0,210.0,0.405
1630238,Malik Fitts,24.0,BOS,19,10,0.5,2021-22,0.5263157894736842,1610612738,3.0,5.0,0.6,0.0,0.0,0.0,1.0,4.0,0.25,3.0,5.0,0.6
1628370,Malik Monk,24.0,LAL,826,442,0.391,2021-22,0.5351089588377724,1610612747,14.0,38.0,0.368,19.0,43.0,0.442,140.0,361.0,0.388,33.0,81.0,0.407
1629005,Malik Newman,25.0,CLE,5,1,0.0,2021-22,0.2,1610612739,,,,0.0,0.0,0.0,0.0,1.0,0.0,0.0,0.0,0.0
1629603,Mamadi Diakite,25.0,OKC,47,5,0.0,2021-22,0.1063829787234042,1610612760,0.0,0.0,0.0,0.0,2.0,0.0,0.0,3.0,0.0,0.0,2.0,0.0
1630585,Marcus Garrett,23.0,MIA,21,4,0.25,2021-22,0.1904761904761904,1610612748,0.0,2.0,0.0,0.0,0.0,0.0,1.0,2.0,0.5,0.0,2.0,0.0
202694,Marcus Morris Sr.,32.0,LAC,691,275,0.367,2021-22,0.3979739507959479,1610612746,18.0,52.0,0.346,6.0,12.0,0.5,77.0,210.0,0.367,24.0,64.0,0.375
203935,Marcus Smart,28.0,BOS,718,360,0.331,2021-22,0.5013927576601671,1610612738,19.0,56.0,0.339,14.0,33.0,0.424,85.0,268.0,0.317,33.0,89.0,0.371
1628365,Markelle Fultz,24.0,ORL,175,17,0.235,2021-22,0.0971428571428571,1610612753,1.0,2.0,0.5,0.0,0.0,0.0,3.0,12.0,0.25,1.0,2.0,0.5
202693,Markieff Morris,32.0,MIA,114,39,0.333,2021-22,0.3421052631578947,1610612748,5.0,13.0,0.385,2.0,6.0,0.333,6.0,20.0,0.3,7.0,19.0,0.368
1630250,Marko Simonovic,22.0,CHI,15,5,0.2,2021-22,0.3333333333333333,1610612741,0.0,0.0,0.0,0.0,0.0,0.0,1.0,5.0,0.2,0.0,0.0,0.0
1630210,Markus Howard,23.0,DEN,101,70,0.4,2021-22,0.693069306930693,1610612743,3.0,8.0,0.375,6.0,9.0,0.667,19.0,53.0,0.358,9.0,17.0,0.529
1627737,Marquese Chriss,24.0,DAL,134,25,0.32,2021-22,0.1865671641791045,1610612742,1.0,4.0,0.25,1.0,1.0,1.0,6.0,19.0,0.316,2.0,5.0,0.4
1628963,Marvin Bagley III,23.0,DET,446,97,0.237,2021-22,0.2174887892376681,1610612765,6.0,26.0,0.231,4.0,21.0,0.19,13.0,49.0,0.265,10.0,47.0,0.213
1630222,Mason Jones,23.0,LAL,15,4,0.25,2021-22,0.2666666666666666,1610612747,0.0,0.0,0.0,0.0,0.0,0.0,1.0,4.0,0.25,0.0,0.0,0.0
203486,Mason Plumlee,32.0,CHA,320,2,0.0,2021-22,0.00625,1610612766,0.0,0.0,0.0,0.0,0.0,0.0,0.0,1.0,0.0,0.0,0.0,0.0
1629680,Matisse Thybulle,25.0,PHI,300,144,0.313,2021-22,0.48,1610612755,18.0,35.0,0.514,9.0,39.0,0.231,18.0,70.0,0.257,27.0,74.0,0.365
1629760,Matt Mooney,27.0,NYK,1,1,0.0,2021-22,1.0,1610612752,,,,,,,0.0,1.0,0.0,,,
1630346,Matt Ryan,25.0,BOS,5,5,0.2,2021-22,1.0,1610612738,1.0,2.0,0.5,0.0,0.0,0.0,0.0,3.0,0.0,1.0,2.0,0.5
1629744,Matt Thomas,27.0,CHI,134,91,0.385,2021-22,0.6791044776119403,1610612741,7.0,15.0,0.467,4.0,8.0,0.5,24.0,68.0,0.353,11.0,23.0,0.478
203090,Maurice Harkless,29.0,SAC,181,101,0.307,2021-22,0.5580110497237569,1610612758,6.0,26.0,0.231,16.0,37.0,0.432,9.0,38.0,0.237,22.0,63.0,0.349
1629622,Max Strus,26.0,MIA,564,442,0.41,2021-22,0.7836879432624113,1610612748,34.0,69.0,0.493,26.0,53.0,0.491,121.0,319.0,0.379,60.0,122.0,0.492
1628467,Maxi Kleber,30.0,DAL,354,255,0.325,2021-22,0.7203389830508474,1610612742,8.0,27.0,0.296,12.0,34.0,0.353,63.0,193.0,0.326,20.0,61.0,0.328
1630593,McKinley Wright IV,23.0,MIN,3,2,0.5,2021-22,0.6666666666666666,1610612750,0.0,0.0,0.0,0.0,0.0,0.0,1.0,2.0,0.5,0.0,0.0,0.0
1628982,Melvin Frazier Jr.,25.0,OKC,48,21,0.048,2021-22,0.4375,1610612760,1.0,10.0,0.1,0.0,5.0,0.0,0.0,5.0,0.0,1.0,15.0,0.067
1630695,Micah Potter,24.0,DET,11,2,0.0,2021-22,0.1818181818181818,1610612765,0.0,0.0,0.0,0.0,0.0,0.0,0.0,2.0,0.0,0.0,0.0,0.0
1629008,Michael Porter Jr.,24.0,DEN,103,48,0.208,2021-22,0.4660194174757281,1610612743,0.0,3.0,0.0,0.0,2.0,0.0,10.0,43.0,0.233,0.0,5.0,0.0
1628969,Mikal Bridges,25.0,PHX,858,312,0.369,2021-22,0.3636363636363636,1610612756,24.0,71.0,0.338,47.0,109.0,0.431,44.0,132.0,0.333,71.0,180.0,0.394
201144,Mike Conley,34.0,UTA,791,414,0.408,2021-22,0.5233881163084703,1610612762,10.0,19.0,0.526,17.0,51.0,0.333,142.0,343.0,0.414,27.0,70.0,0.386
203488,Mike Muscala,30.0,OKC,248,163,0.429,2021-22,0.657258064516129,1610612760,7.0,20.0,0.35,3.0,9.0,0.333,60.0,134.0,0.448,10.0,29.0,0.345
1628970,Miles Bridges,24.0,CHA,1214,465,0.331,2021-22,0.3830313014827018,1610612766,26.0,74.0,0.351,19.0,59.0,0.322,108.0,325.0,0.332,45.0,133.0,0.338
1630540,Miles McBride,21.0,NYK,108,68,0.25,2021-22,0.6296296296296297,1610612752,3.0,11.0,0.273,3.0,6.0,0.5,10.0,50.0,0.2,6.0,17.0,0.353
1629011,Mitchell Robinson,24.0,NYK,343,0,0.0,2021-22,0.0,1610612752,0.0,0.0,0.0,0.0,0.0,0.0,0.0,0.0,0.0,0.0,0.0,0.0
1629671,Miye Oni,24.0,UTA,9,8,0.125,2021-22,0.8888888888888888,1610612762,0.0,4.0,0.0,1.0,2.0,0.5,0.0,2.0,0.0,1.0,6.0,0.167
1628964,Mo Bamba,24.0,ORL,617,281,0.381,2021-22,0.4554294975688817,1610612753,10.0,30.0,0.333,14.0,47.0,0.298,83.0,204.0,0.407,24.0,77.0,0.312
1628420,Monte Morris,27.0,DEN,773,314,0.395,2021-22,0.4062095730918499,1610612743,28.0,57.0,0.491,15.0,52.0,0.288,81.0,205.0,0.395,43.0,109.0,0.394
1626149,Montrezl Harrell,28.0,CHA,555,17,0.235,2021-22,0.0306306306306306,1610612766,1.0,1.0,1.0,0.0,1.0,0.0,3.0,13.0,0.231,1.0,2.0,0.5
1629021,Moritz Wagner,25.0,ORL,396,201,0.328,2021-22,0.5075757575757576,1610612753,4.0,13.0,0.308,6.0,12.0,0.5,56.0,175.0,0.32,10.0,25.0,0.4
1629650,Moses Brown,22.0,CLE,108,0,0.0,2021-22,0.0,1610612739,0.0,0.0,0.0,0.0,0.0,0.0,0.0,0.0,0.0,0.0,0.0,0.0
1630541,Moses Moody,20.0,GSW,183,110,0.364,2021-22,0.6010928961748634,1610612744,6.0,23.0,0.261,4.0,15.0,0.267,30.0,72.0,0.417,10.0,38.0,0.263
1630589,Moses Wright,23.0,DAL,4,1,0.0,2021-22,0.25,1610612742,0.0,0.0,0.0,0.0,1.0,0.0,0.0,0.0,0.0,0.0,1.0,0.0
1628539,Mychal Mulder,28.0,MIA,77,54,0.315,2021-22,0.7012987012987013,1610612748,5.0,13.0,0.385,1.0,1.0,1.0,11.0,40.0,0.275,6.0,14.0,0.429
1629619,Myles Powell,24.0,PHI,17,6,0.167,2021-22,0.3529411764705882,1610612755,0.0,0.0,0.0,0.0,0.0,0.0,1.0,6.0,0.167,0.0,0.0,0.0
1626167,Myles Turner,26.0,IND,393,183,0.333,2021-22,0.465648854961832,1610612754,4.0,15.0,0.267,7.0,20.0,0.35,50.0,148.0,0.338,11.0,35.0,0.314
1630230,Naji Marshall,24.0,NOP,269,105,0.2,2021-22,0.3903345724907063,1610612740,2.0,18.0,0.111,4.0,19.0,0.211,15.0,67.0,0.224,6.0,37.0,0.162
1629642,Nassir Little,22.0,POR,315,154,0.331,2021-22,0.4888888888888889,1610612757,7.0,18.0,0.389,9.0,25.0,0.36,35.0,111.0,0.315,16.0,43.0,0.372
1630207,Nate Hinton,23.0,IND,1,0,0.0,2021-22,0.0,1610612754,,,,,,,0.0,0.0,0.0,,,
1630233,Nathan Knight,24.0,MIN,88,13,0.308,2021-22,0.1477272727272727,1610612750,1.0,1.0,1.0,1.0,3.0,0.333,2.0,9.0,0.222,2.0,4.0,0.5
1629675,Naz Reid,22.0,MIN,476,166,0.343,2021-22,0.3487394957983193,1610612750,9.0,20.0,0.45,10.0,19.0,0.526,38.0,127.0,0.299,19.0,39.0,0.487
1629674,Neemias Queta,22.0,SAC,38,0,0.0,2021-22,0.0,1610612758,0.0,0.0,0.0,0.0,0.0,0.0,0.0,0.0,0.0,0.0,0.0,0.0
202357,Nemanja Bjelica,34.0,GSW,342,149,0.362,2021-22,0.435672514619883,1610612744,3.0,10.0,0.3,5.0,10.0,0.5,46.0,129.0,0.357,8.0,20.0,0.4
203457,Nerlens Noel,28.0,NYK,60,3,0.0,2021-22,0.05,1610612752,0.0,1.0,0.0,0.0,1.0,0.0,0.0,0.0,0.0,0.0,2.0,0.0
1629651,Nic Claxton,23.0,BKN,264,0,0.0,2021-22,0.0,1610612751,0.0,0.0,0.0,0.0,0.0,0.0,0.0,0.0,0.0,0.0,0.0,0.0
1630208,Nick Richards,24.0,CHA,90,0,0.0,2021-22,0.0,1610612766,0.0,0.0,0.0,0.0,0.0,0.0,0.0,0.0,0.0,0.0,0.0,0.0
1629638,Nickeil Alexander-Walker,23.0,UTA,680,338,0.311,2021-22,0.4970588235294118,1610612762,14.0,46.0,0.304,16.0,39.0,0.41,73.0,248.0,0.294,30.0,85.0,0.353
201587,Nicolas Batum,33.0,LAC,387,270,0.4,2021-22,0.6976744186046512,1610612746,18.0,37.0,0.486,26.0,53.0,0.491,64.0,180.0,0.356,44.0,90.0,0.489
203917,Nik Stauskas,28.0,BOS,14,10,0.4,2021-22,0.7142857142857143,1610612738,1.0,2.0,0.5,2.0,3.0,0.667,1.0,5.0,0.2,3.0,5.0,0.6
203999,Nikola Jokić,27.0,DEN,1311,288,0.337,2021-22,0.2196796338672768,1610612743,2.0,6.0,0.333,1.0,5.0,0.2,94.0,274.0,0.343,3.0,11.0,0.273
202696,Nikola Vučević,31.0,CHI,1154,331,0.314,2021-22,0.2868284228769497,1610612741,3.0,12.0,0.25,3.0,9.0,0.333,98.0,307.0,0.319,6.0,21.0,0.286
1626181,Norman Powell,29.0,LAC,605,253,0.419,2021-22,0.4181818181818181,1610612746,21.0,47.0,0.447,13.0,37.0,0.351,71.0,168.0,0.423,34.0,84.0,0.405
203658,Norvel Pelle,29.0,UTA,5,0,0.0,2021-22,0.0,1610612762,0.0,0.0,0.0,0.0,0.0,0.0,0.0,0.0,0.0,0.0,0.0,0.0
1628384,OG Anunoby,24.0,TOR,697,317,0.363,2021-22,0.45480631276901,1610612761,25.0,53.0,0.472,21.0,47.0,0.447,69.0,216.0,0.319,46.0,100.0,0.46
1630167,Obi Toppin,24.0,NYK,473,169,0.308,2021-22,0.3572938689217759,1610612752,22.0,61.0,0.361,7.0,22.0,0.318,22.0,82.0,0.268,29.0,83.0,0.349
1630846,Olivier Sarr,23.0,OKC,101,29,0.448,2021-22,0.2871287128712871,1610612760,0.0,4.0,0.0,1.0,3.0,0.333,12.0,22.0,0.545,1.0,7.0,0.143
1630209,Omer Yurtseven,24.0,MIA,247,11,0.091,2021-22,0.0445344129554655,1610612748,0.0,2.0,0.0,0.0,0.0,0.0,1.0,9.0,0.111,0.0,2.0,0.0
1630168,Onyeka Okongwu,21.0,ATL,226,0,0.0,2021-22,0.0,1610612737,0.0,0.0,0.0,0.0,0.0,0.0,0.0,0.0,0.0,0.0,0.0,0.0
1629052,Oshae Brissett,24.0,IND,506,237,0.35,2021-22,0.4683794466403162,1610612754,19.0,45.0,0.422,12.0,37.0,0.324,52.0,153.0,0.34,31.0,82.0,0.378
203490,Otto Porter Jr.,29.0,GSW,416,216,0.37,2021-22,0.5192307692307693,1610612744,8.0,28.0,0.286,9.0,25.0,0.36,62.0,160.0,0.388,17.0,53.0,0.321
200782,P.J. Tucker,37.0,MIA,428,193,0.415,2021-22,0.4509345794392523,1610612748,29.0,84.0,0.345,42.0,88.0,0.477,9.0,20.0,0.45,71.0,172.0,0.413
1629023,P.J. Washington,23.0,CHA,532,301,0.365,2021-22,0.5657894736842105,1610612766,15.0,36.0,0.417,9.0,41.0,0.22,86.0,221.0,0.389,24.0,77.0,0.312
1628408,PJ Dozier,25.0,DEN,99,48,0.313,2021-22,0.4848484848484848,1610612743,2.0,8.0,0.25,2.0,7.0,0.286,11.0,33.0,0.333,4.0,15.0,0.267
1628238,Paris Bass,26.0,PHX,6,2,0.0,2021-22,0.3333333333333333,1610612756,,,,,,,0.0,2.0,0.0,,,
1627783,Pascal Siakam,28.0,TOR,1207,218,0.344,2021-22,0.1806130903065451,1610612761,11.0,17.0,0.647,9.0,25.0,0.36,55.0,175.0,0.314,20.0,42.0,0.476
1626192,Pat Connaughton,29.0,MIL,496,370,0.395,2021-22,0.7459677419354839,1610612749,23.0,44.0,0.523,27.0,67.0,0.403,96.0,258.0,0.372,50.0,111.0,0.45
201976,Patrick Beverley,33.0,MIN,436,242,0.343,2021-22,0.555045871559633,1610612750,15.0,27.0,0.556,11.0,28.0,0.393,57.0,186.0,0.306,26.0,55.0,0.473
1630172,Patrick Williams,20.0,CHI,102,29,0.517,2021-22,0.284313725490196,1610612741,2.0,6.0,0.333,4.0,6.0,0.667,9.0,17.0,0.529,6.0,12.0,0.5
201988,Patty Mills,33.0,BKN,794,568,0.4,2021-22,0.7153652392947103,1610612751,34.0,77.0,0.442,30.0,79.0,0.38,163.0,409.0,0.399,64.0,156.0,0.41
202331,Paul George,32.0,LAC,636,257,0.354,2021-22,0.4040880503144654,1610612746,11.0,20.0,0.55,13.0,23.0,0.565,67.0,214.0,0.313,24.0,43.0,0.558
200794,Paul Millsap,37.0,PHI,115,35,0.229,2021-22,0.3043478260869565,1610612755,0.0,8.0,0.0,1.0,5.0,0.2,7.0,22.0,0.318,1.0,13.0,0.077
1630194,Paul Reed,23.0,PHI,96,8,0.25,2021-22,0.0833333333333333,1610612755,0.0,3.0,0.0,0.0,2.0,0.0,2.0,2.0,1.0,0.0,5.0,0.0
1628778,Paul Watson,27.0,OKC,35,26,0.231,2021-22,0.7428571428571429,1610612760,2.0,7.0,0.286,1.0,5.0,0.2,3.0,14.0,0.214,3.0,12.0,0.25
1630202,Payton Pritchard,24.0,BOS,373,245,0.412,2021-22,0.6568364611260054,1610612738,11.0,20.0,0.55,13.0,22.0,0.591,76.0,202.0,0.376,24.0,42.0,0.571
1627822,Petr Cornelie,26.0,DEN,15,8,0.125,2021-22,0.5333333333333333,1610612743,0.0,1.0,0.0,0.0,2.0,0.0,1.0,5.0,0.2,0.0,3.0,0.0
1630173,Precious Achiuwa,22.0,TOR,603,156,0.359,2021-22,0.2587064676616915,1610612761,10.0,40.0,0.25,11.0,27.0,0.407,35.0,88.0,0.398,21.0,67.0,0.313
1629656,Quentin Grimes,22.0,NYK,235,189,0.381,2021-22,0.8042553191489362,1610612752,16.0,33.0,0.485,6.0,17.0,0.353,50.0,139.0,0.36,22.0,50.0,0.44
1629683,Quinndary Weatherspoon,25.0,GSW,21,5,0.2,2021-22,0.238095238095238,1610612744,0.0,0.0,0.0,0.0,1.0,0.0,1.0,4.0,0.25,0.0,1.0,0.0
1630181,R.J. Hampton,21.0,ORL,457,183,0.35,2021-22,0.4004376367614879,1610612753,7.0,21.0,0.333,7.0,15.0,0.467,50.0,145.0,0.345,14.0,36.0,0.389
1629628,RJ Barrett,22.0,NYK,1194,404,0.342,2021-22,0.338358458961474,1610612752,12.0,43.0,0.279,21.0,62.0,0.339,104.0,297.0,0.35,33.0,105.0,0.314
200765,Rajon Rondo,36.0,CLE,176,88,0.352,2021-22,0.5,1610612739,1.0,6.0,0.167,2.0,5.0,0.4,28.0,76.0,0.368,3.0,11.0,0.273
203526,Raul Neto,30.0,WAS,441,120,0.292,2021-22,0.272108843537415,1610612764,2.0,7.0,0.286,3.0,10.0,0.3,30.0,101.0,0.297,5.0,17.0,0.294
1629730,Rayjon Tucker,24.0,MIL,9,5,0.8,2021-22,0.5555555555555556,1610612749,0.0,0.0,0.0,1.0,1.0,1.0,3.0,4.0,0.75,1.0,1.0,1.0
203493,Reggie Bullock Jr.,31.0,DAL,501,392,0.36,2021-22,0.782435129740519,1610612742,38.0,100.0,0.38,34.0,81.0,0.42,68.0,209.0,0.325,72.0,181.0,0.398
202704,Reggie Jackson,32.0,LAC,1222,512,0.326,2021-22,0.4189852700490998,1610612746,16.0,48.0,0.333,20.0,51.0,0.392,131.0,411.0,0.319,36.0,99.0,0.364
1629617,Reggie Perry,22.0,POR,79,16,0.188,2021-22,0.2025316455696202,1610612757,0.0,0.0,0.0,0.0,1.0,0.0,3.0,15.0,0.2,0.0,1.0,0.0
1626158,Richaun Holmes,28.0,SAC,300,5,0.4,2021-22,0.0166666666666666,1610612758,0.0,0.0,0.0,1.0,1.0,1.0,1.0,4.0,0.25,1.0,1.0,1.0
201937,Ricky Rubio,31.0,IND,411,174,0.339,2021-22,0.4233576642335766,1610612754,14.0,38.0,0.368,4.0,16.0,0.25,41.0,117.0,0.35,18.0,54.0,0.333
1630306,Rob Edwards,25.0,OKC,4,4,0.25,2021-22,1.0,1610612760,0.0,2.0,0.0,0.0,0.0,0.0,1.0,2.0,0.5,0.0,2.0,0.0
203496,Robert Covington,31.0,LAC,498,339,0.378,2021-22,0.6807228915662651,1610612746,15.0,30.0,0.5,23.0,39.0,0.59,90.0,270.0,0.333,38.0,69.0,0.551
1629057,Robert Williams III,24.0,BOS,368,1,0.0,2021-22,0.0027173913043478,1610612738,0.0,0.0,0.0,0.0,0.0,0.0,0.0,1.0,0.0,0.0,0.0,0.0
1630218,Robert Woodard II,22.0,SAS,16,4,0.25,2021-22,0.25,1610612759,0.0,0.0,0.0,0.0,1.0,0.0,1.0,3.0,0.333,0.0,1.0,0.0
201577,Robin Lopez,34.0,ORL,199,6,0.333,2021-22,0.0301507537688442,1610612753,1.0,1.0,1.0,0.0,0.0,0.0,1.0,4.0,0.25,1.0,1.0,1.0
203918,Rodney Hood,29.0,LAC,157,91,0.33,2021-22,0.5796178343949044,1610612746,6.0,12.0,0.5,4.0,15.0,0.267,19.0,62.0,0.306,10.0,27.0,0.37
203585,Rodney McGruder,30.0,DET,225,146,0.397,2021-22,0.6488888888888888,1610612765,21.0,45.0,0.467,11.0,28.0,0.393,26.0,72.0,0.361,32.0,73.0,0.438
1629641,Romeo Langford,22.0,SAS,191,85,0.341,2021-22,0.4450261780104712,1610612759,4.0,18.0,0.222,11.0,29.0,0.379,14.0,37.0,0.378,15.0,47.0,0.319
1626220,Royce O'Neale,29.0,UTA,444,306,0.389,2021-22,0.6891891891891891,1610612762,21.0,53.0,0.396,18.0,48.0,0.375,80.0,204.0,0.392,39.0,101.0,0.386
1630612,Ruben Nembhard Jr.,23.0,CLE,18,2,0.0,2021-22,0.1111111111111111,1610612739,0.0,0.0,0.0,0.0,0.0,0.0,0.0,2.0,0.0,0.0,0.0,0.0
200752,Rudy Gay,35.0,UTA,379,203,0.345,2021-22,0.5356200527704486,1610612762,10.0,27.0,0.37,12.0,33.0,0.364,48.0,143.0,0.336,22.0,60.0,0.367
203497,Rudy Gobert,30.0,UTA,508,4,0.0,2021-22,0.0078740157480314,1610612762,0.0,0.0,0.0,0.0,0.0,0.0,0.0,2.0,0.0,0.0,0.0,0.0
1629060,Rui Hachimura,24.0,WAS,381,123,0.447,2021-22,0.3228346456692913,1610612764,6.0,17.0,0.353,10.0,19.0,0.526,39.0,87.0,0.448,16.0,36.0,0.444
201566,Russell Westbrook,33.0,LAL,1233,265,0.298,2021-22,0.2149229521492295,1610612747,18.0,36.0,0.5,5.0,15.0,0.333,56.0,214.0,0.262,23.0,51.0,0.451
1627853,Ryan Arcidiacono,28.0,NYK,12,9,0.444,2021-22,0.75,1610612752,1.0,1.0,1.0,1.0,2.0,0.5,2.0,6.0,0.333,2.0,3.0,0.667
1630240,Saben Lee,23.0,DET,177,60,0.233,2021-22,0.3389830508474576,1610612765,3.0,10.0,0.3,0.0,4.0,0.0,11.0,46.0,0.239,3.0,14.0,0.214
1630180,Saddiq Bey,23.0,DET,1136,610,0.346,2021-22,0.5369718309859155,1610612765,38.0,99.0,0.384,25.0,62.0,0.403,148.0,440.0,0.336,63.0,161.0,0.391
1630573,Sam Hauser,24.0,BOS,50,44,0.432,2021-22,0.88,1610612738,3.0,7.0,0.429,5.0,8.0,0.625,11.0,29.0,0.379,8.0,15.0,0.533
1630241,Sam Merrill,26.0,MEM,24,23,0.304,2021-22,0.9583333333333334,1610612763,1.0,4.0,0.25,0.0,1.0,0.0,6.0,18.0,0.333,1.0,5.0,0.2
1630572,Sandro Mamukelashvili,23.0,MIL,115,52,0.423,2021-22,0.4521739130434782,1610612749,3.0,5.0,0.6,1.0,8.0,0.125,18.0,39.0,0.462,4.0,13.0,0.308
1630583,Santi Aldama,21.0,MEM,132,48,0.125,2021-22,0.3636363636363636,1610612763,0.0,4.0,0.0,4.0,8.0,0.5,2.0,36.0,0.056,4.0,12.0,0.333
1630567,Scottie Barnes,20.0,TOR,932,193,0.301,2021-22,0.2070815450643776,1610612761,5.0,17.0,0.294,15.0,40.0,0.375,36.0,129.0,0.279,20.0,57.0,0.351
203816,Scotty Hopson,32.0,OKC,4,1,0.0,2021-22,0.25,1610612760,0.0,0.0,0.0,0.0,0.0,0.0,0.0,1.0,0.0,0.0,0.0,0.0
1629635,Sekou Doumbouya,21.0,LAL,8,2,0.5,2021-22,0.25,1610612747,0.0,0.0,0.0,0.0,0.0,0.0,1.0,2.0,0.5,0.0,0.0,0.0
1628400,Semi Ojeleye,27.0,LAC,99,50,0.3,2021-22,0.5050505050505051,1610612746,1.0,9.0,0.111,3.0,10.0,0.3,11.0,30.0,0.367,4.0,19.0,0.211
201586,Serge Ibaka,32.0,MIL,296,99,0.374,2021-22,0.3344594594594595,1610612749,2.0,6.0,0.333,1.0,5.0,0.2,34.0,88.0,0.386,3.0,11.0,0.273
203552,Seth Curry,31.0,BKN,739,374,0.422,2021-22,0.5060893098782138,1610612751,18.0,36.0,0.5,18.0,38.0,0.474,122.0,299.0,0.408,36.0,74.0,0.486
1628983,Shai Gilgeous-Alexander,23.0,OKC,1052,297,0.3,2021-22,0.282319391634981,1610612760,4.0,14.0,0.286,5.0,11.0,0.455,80.0,272.0,0.294,9.0,25.0,0.36
1629003,Shake Milton,25.0,PHI,403,133,0.323,2021-22,0.3300248138957816,1610612755,6.0,17.0,0.353,7.0,17.0,0.412,30.0,97.0,0.309,13.0,34.0,0.382
1629783,Shaq Buchanan,25.0,MEM,4,2,0.0,2021-22,0.5,1610612763,0.0,0.0,0.0,0.0,0.0,0.0,0.0,2.0,0.0,0.0,0.0,0.0
1627885,Shaquille Harrison,28.0,BKN,6,2,0.0,2021-22,0.3333333333333333,1610612751,0.0,0.0,0.0,0.0,2.0,0.0,0.0,0.0,0.0,0.0,2.0,0.0
1630536,Sharife Cooper,21.0,ATL,14,6,0.167,2021-22,0.4285714285714285,1610612737,0.0,0.0,0.0,0.0,2.0,0.0,1.0,4.0,0.25,0.0,2.0,0.0
1630219,Skylar Mays,24.0,ATL,64,25,0.32,2021-22,0.390625,1610612737,2.0,9.0,0.222,0.0,0.0,0.0,6.0,16.0,0.375,2.0,9.0,0.222
203524,Solomon Hill,31.0,ATL,20,13,0.154,2021-22,0.65,1610612737,1.0,3.0,0.333,0.0,0.0,0.0,1.0,9.0,0.111,1.0,3.0,0.333
203915,Spencer Dinwiddie,29.0,DAL,735,330,0.339,2021-22,0.4489795918367347,1610612742,10.0,25.0,0.4,12.0,35.0,0.343,90.0,269.0,0.335,22.0,60.0,0.367
1626169,Stanley Johnson,26.0,LAL,251,105,0.314,2021-22,0.4183266932270916,1610612747,7.0,21.0,0.333,5.0,24.0,0.208,21.0,59.0,0.356,12.0,45.0,0.267
201939,Stephen Curry,34.0,GSW,1224,750,0.38,2021-22,0.6127450980392157,1610612744,13.0,39.0,0.333,11.0,37.0,0.297,261.0,668.0,0.391,24.0,76.0,0.316
1628425,Sterling Brown,27.0,DAL,155,92,0.304,2021-22,0.5935483870967742,1610612742,6.0,25.0,0.24,5.0,22.0,0.227,17.0,43.0,0.395,11.0,47.0,0.234
203500,Steven Adams,28.0,MEM,384,1,0.0,2021-22,0.0026041666666666,1610612763,0.0,0.0,0.0,0.0,0.0,0.0,0.0,0.0,0.0,0.0,0.0,0.0
1629004,Svi Mykhailiuk,25.0,TOR,234,134,0.306,2021-22,0.5726495726495726,1610612761,8.0,22.0,0.364,9.0,21.0,0.429,24.0,90.0,0.267,17.0,43.0,0.395
204456,T.J. McConnell,30.0,IND,208,33,0.303,2021-22,0.1586538461538461,1610612754,1.0,6.0,0.167,2.0,6.0,0.333,7.0,19.0,0.368,3.0,12.0,0.25
1629605,Tacko Fall,26.0,CLE,12,0,0.0,2021-22,0.0,1610612739,0.0,0.0,0.0,0.0,0.0,0.0,0.0,0.0,0.0,0.0,0.0,0.0
201959,Taj Gibson,37.0,NYK,166,38,0.395,2021-22,0.2289156626506024,1610612752,4.0,11.0,0.364,9.0,15.0,0.6,2.0,12.0,0.167,13.0,26.0,0.5
1629659,Talen Horton-Tucker,21.0,LAL,538,182,0.269,2021-22,0.3382899628252788,1610612747,6.0,16.0,0.375,5.0,21.0,0.238,38.0,144.0,0.264,11.0,37.0,0.297
1627752,Taurean Prince,28.0,MIN,390,229,0.376,2021-22,0.5871794871794872,1610612750,25.0,53.0,0.472,18.0,45.0,0.4,41.0,125.0,0.328,43.0,98.0,0.439
1629611,Terance Mann,25.0,LAC,690,208,0.365,2021-22,0.3014492753623188,1610612746,14.0,33.0,0.424,18.0,53.0,0.34,44.0,118.0,0.373,32.0,86.0,0.372
1629056,Terence Davis,25.0,SAC,267,149,0.329,2021-22,0.5580524344569289,1610612758,7.0,20.0,0.35,4.0,11.0,0.364,38.0,117.0,0.325,11.0,31.0,0.355
203082,Terrence Ross,31.0,ORL,554,264,0.292,2021-22,0.4765342960288808,1610612753,10.0,29.0,0.345,2.0,8.0,0.25,65.0,222.0,0.293,12.0,37.0,0.324
1626179,Terry Rozier,28.0,CHA,1167,593,0.374,2021-22,0.508140531276778,1610612766,64.0,158.0,0.405,28.0,65.0,0.431,130.0,366.0,0.355,92.0,223.0,0.413
1630678,Terry Taylor,22.0,IND,220,38,0.316,2021-22,0.1727272727272727,1610612754,4.0,15.0,0.267,5.0,11.0,0.455,3.0,11.0,0.273,9.0,26.0,0.346
201152,Thaddeus Young,34.0,TOR,272,48,0.354,2021-22,0.1764705882352941,1610612761,11.0,22.0,0.5,3.0,8.0,0.375,3.0,18.0,0.167,14.0,30.0,0.467
203648,Thanasis Antetokounmpo,29.0,MIL,128,14,0.143,2021-22,0.109375,1610612749,1.0,5.0,0.2,0.0,1.0,0.0,1.0,7.0,0.143,1.0,6.0,0.167
1630177,Theo Maledon,21.0,OKC,317,150,0.293,2021-22,0.473186119873817,1610612760,4.0,19.0,0.211,2.0,9.0,0.222,38.0,122.0,0.311,6.0,28.0,0.214
1629033,Theo Pinson,26.0,DAL,39,30,0.333,2021-22,0.7692307692307693,1610612742,3.0,3.0,1.0,0.0,1.0,0.0,7.0,26.0,0.269,3.0,4.0,0.75
1628418,Thomas Bryant,24.0,WAS,148,42,0.286,2021-22,0.2837837837837837,1610612764,0.0,2.0,0.0,2.0,6.0,0.333,10.0,34.0,0.294,2.0,8.0,0.25
204025,Tim Frazier,31.0,CLE,45,17,0.353,2021-22,0.3777777777777777,1610612739,1.0,5.0,0.2,0.0,0.0,0.0,5.0,12.0,0.417,1.0,5.0,0.2
203501,Tim Hardaway Jr.,30.0,DAL,530,304,0.336,2021-22,0.5735849056603773,1610612742,10.0,32.0,0.313,11.0,32.0,0.344,79.0,233.0,0.339,21.0,64.0,0.328
1627789,Timothe Luwawu-Cabarrot,27.0,ATL,186,122,0.361,2021-22,0.6559139784946236,1610612737,14.0,21.0,0.667,13.0,37.0,0.351,17.0,64.0,0.266,27.0,58.0,0.466
202699,Tobias Harris,29.0,PHI,1022,275,0.367,2021-22,0.2690802348336595,1610612755,9.0,29.0,0.31,21.0,47.0,0.447,70.0,197.0,0.355,30.0,76.0,0.395
203107,Tomas Satoransky,30.0,WAS,191,53,0.208,2021-22,0.2774869109947644,1610612764,0.0,6.0,0.0,1.0,6.0,0.167,10.0,38.0,0.263,1.0,12.0,0.083
1628396,Tony Bradley,24.0,CHI,123,0,0.0,2021-22,0.0,1610612741,0.0,0.0,0.0,0.0,0.0,0.0,0.0,0.0,0.0,0.0,0.0,0.0
203503,Tony Snell,30.0,NOP,171,128,0.352,2021-22,0.7485380116959064,1610612740,9.0,28.0,0.321,13.0,34.0,0.382,23.0,65.0,0.354,22.0,62.0,0.355
1628470,Torrey Craig,31.0,PHX,441,234,0.329,2021-22,0.5306122448979592,1610612756,18.0,50.0,0.36,18.0,49.0,0.367,41.0,133.0,0.308,36.0,99.0,0.364
1629027,Trae Young,23.0,ATL,1544,610,0.382,2021-22,0.3950777202072539,1610612737,7.0,10.0,0.7,9.0,19.0,0.474,217.0,580.0,0.374,16.0,29.0,0.552
1629309,Trayvon Palmer,27.0,DET,1,0,0.0,2021-22,0.0,1610612765,0.0,0.0,0.0,0.0,0.0,0.0,0.0,0.0,0.0,0.0,0.0,0.0
1630200,Tre Jones,22.0,SAS,339,51,0.196,2021-22,0.1504424778761062,1610612759,3.0,13.0,0.231,2.0,11.0,0.182,5.0,24.0,0.208,5.0,24.0,0.208
1630544,Tre Mann,21.0,OKC,588,272,0.36,2021-22,0.4625850340136054,1610612760,10.0,25.0,0.4,7.0,18.0,0.389,81.0,225.0,0.36,17.0,43.0,0.395
1629682,Tremont Waters,24.0,WAS,14,9,0.222,2021-22,0.6428571428571429,1610612764,0.0,0.0,0.0,0.0,2.0,0.0,2.0,7.0,0.286,0.0,2.0,0.0
1630570,Trendon Watford,21.0,POR,267,38,0.237,2021-22,0.1423220973782771,1610612757,0.0,4.0,0.0,1.0,7.0,0.143,8.0,27.0,0.296,1.0,11.0,0.091
1630235,Trent Forrest,24.0,UTA,155,27,0.185,2021-22,0.1741935483870967,1610612762,1.0,11.0,0.091,3.0,6.0,0.5,1.0,8.0,0.125,4.0,17.0,0.235
1630243,Trevelin Queen,25.0,HOU,33,24,0.375,2021-22,0.7272727272727273,1610612745,2.0,4.0,0.5,0.0,0.0,0.0,7.0,20.0,0.35,2.0,4.0,0.5
1630286,Trevon Scott,25.0,CLE,6,1,0.0,2021-22,0.1666666666666666,1610612739,0.0,0.0,0.0,0.0,1.0,0.0,0.0,0.0,0.0,0.0,1.0,0.0
2772,Trevor Ariza,37.0,LAL,99,74,0.27,2021-22,0.7474747474747475,1610612747,2.0,13.0,0.154,4.0,16.0,0.25,14.0,45.0,0.311,6.0,29.0,0.207
203504,Trey Burke,29.0,DAL,215,82,0.317,2021-22,0.3813953488372093,1610612742,3.0,5.0,0.6,4.0,7.0,0.571,19.0,70.0,0.271,7.0,12.0,0.583
1626168,Trey Lyles,26.0,SAC,562,209,0.321,2021-22,0.3718861209964413,1610612758,10.0,22.0,0.455,9.0,29.0,0.31,48.0,157.0,0.306,19.0,51.0,0.373
1630530,Trey Murphy III,22.0,NOP,277,186,0.382,2021-22,0.6714801444043321,1610612740,16.0,34.0,0.471,19.0,41.0,0.463,36.0,110.0,0.327,35.0,75.0,0.467
202684,Tristan Thompson,31.0,CHI,267,3,0.333,2021-22,0.0112359550561797,1610612741,0.0,0.0,0.0,0.0,0.0,0.0,1.0,1.0,1.0,0.0,0.0,0.0
1628972,Troy Brown Jr.,22.0,CHI,258,133,0.353,2021-22,0.5155038759689923,1610612741,13.0,39.0,0.333,14.0,41.0,0.341,19.0,50.0,0.38,27.0,80.0,0.338
1629660,Ty Jerome,24.0,OKC,328,186,0.29,2021-22,0.5670731707317073,1610612760,4.0,15.0,0.267,9.0,17.0,0.529,41.0,153.0,0.268,13.0,32.0,0.406
1629076,Tyler Cook,24.0,CHI,38,0,0.0,2021-22,0.0,1610612741,0.0,0.0,0.0,0.0,0.0,0.0,0.0,0.0,0.0,0.0,0.0,0.0
1629639,Tyler Herro,22.0,MIA,1122,439,0.399,2021-22,0.39126559714795,1610612748,19.0,41.0,0.463,22.0,57.0,0.386,134.0,335.0,0.4,41.0,98.0,0.418
204020,Tyler Johnson,30.0,SAS,20,13,0.385,2021-22,0.65,1610612759,1.0,3.0,0.333,0.0,2.0,0.0,4.0,8.0,0.5,1.0,5.0,0.2
1630179,Tyrell Terry,21.0,MEM,1,0,0.0,2021-22,0.0,1610612763,,,,,,,0.0,0.0,0.0,,,
1630169,Tyrese Haliburton,22.0,IND,909,389,0.414,2021-22,0.4279427942794279,1610612754,12.0,30.0,0.4,13.0,26.0,0.5,136.0,324.0,0.42,25.0,56.0,0.446
1630178,Tyrese Maxey,21.0,PHI,995,309,0.427,2021-22,0.3105527638190954,1610612755,11.0,19.0,0.579,23.0,40.0,0.575,97.0,245.0,0.396,34.0,59.0,0.576
1627820,Tyrone Wallace,28.0,NOP,20,8,0.25,2021-22,0.4,1610612740,1.0,2.0,0.5,0.0,1.0,0.0,0.0,4.0,0.0,1.0,3.0,0.333
1626145,Tyus Jones,26.0,MEM,552,205,0.39,2021-22,0.3713768115942029,1610612763,12.0,27.0,0.444,5.0,16.0,0.313,63.0,160.0,0.394,17.0,43.0,0.395
1628962,Udoka Azubuike,22.0,UTA,49,0,0.0,2021-22,0.0,1610612762,0.0,0.0,0.0,0.0,0.0,0.0,0.0,0.0,0.0,0.0,0.0,0.0
2617,Udonis Haslem,42.0,MIA,31,4,0.25,2021-22,0.1290322580645161,1610612748,0.0,0.0,0.0,1.0,3.0,0.333,0.0,1.0,0.0,1.0,3.0,0.333
1630586,Usman Garuba,20.0,HOU,44,20,0.25,2021-22,0.4545454545454545,1610612745,0.0,1.0,0.0,0.0,4.0,0.0,5.0,15.0,0.333,0.0,5.0,0.0
1630176,Vernon Carey Jr.,21.0,WAS,13,0,0.0,2021-22,0.0,1610612764,0.0,0.0,0.0,0.0,0.0,0.0,0.0,0.0,0.0,0.0,0.0,0.0
203506,Victor Oladipo,30.0,MIA,73,36,0.417,2021-22,0.4931506849315068,1610612748,3.0,4.0,0.75,1.0,1.0,1.0,11.0,30.0,0.367,4.0,5.0,0.8
1628427,Vlatko Čančar,25.0,DEN,41,12,0.583,2021-22,0.2926829268292683,1610612743,2.0,5.0,0.4,0.0,0.0,0.0,5.0,7.0,0.714,2.0,5.0,0.4
1630249,Vít Krejčí,22.0,OKC,167,98,0.327,2021-22,0.5868263473053892,1610612760,5.0,11.0,0.455,4.0,10.0,0.4,23.0,76.0,0.303,9.0,21.0,0.429
201961,Wayne Ellington,34.0,LAL,237,211,0.389,2021-22,0.890295358649789,1610612747,14.0,33.0,0.424,15.0,29.0,0.517,53.0,149.0,0.356,29.0,62.0,0.468
1627782,Wayne Selden,27.0,NYK,4,2,0.5,2021-22,0.5,1610612752,0.0,1.0,0.0,0.0,0.0,0.0,1.0,1.0,1.0,0.0,1.0,0.0
1628976,Wendell Carter Jr.,23.0,ORL,684,214,0.327,2021-22,0.3128654970760234,1610612753,6.0,15.0,0.4,2.0,8.0,0.25,62.0,190.0,0.326,8.0,23.0,0.348
1629117,Wenyen Gabriel,25.0,LAL,110,28,0.286,2021-22,0.2545454545454545,1610612747,1.0,6.0,0.167,3.0,10.0,0.3,4.0,12.0,0.333,4.0,16.0,0.25
1628411,Wes Iwundu,27.0,ATL,18,5,0.6,2021-22,0.2777777777777778,1610612737,1.0,1.0,1.0,0.0,2.0,0.0,2.0,2.0,1.0,1.0,3.0,0.333
202083,Wesley Matthews,35.0,MIL,220,157,0.338,2021-22,0.7136363636363636,1610612749,15.0,37.0,0.405,8.0,27.0,0.296,30.0,93.0,0.323,23.0,64.0,0.359
203115,Will Barton,31.0,DEN,896,430,0.365,2021-22,0.4799107142857143,1610612743,22.0,52.0,0.423,21.0,45.0,0.467,114.0,332.0,0.343,43.0,97.0,0.443
1626161,Willie Cauley-Stein,28.0,PHI,35,2,0.5,2021-22,0.0571428571428571,1610612755,0.0,0.0,0.0,0.0,0.0,0.0,1.0,2.0,0.5,0.0,0.0,0.0
1626195,Willy Hernangomez,28.0,NOP,327,12,0.333,2021-22,0.036697247706422,1610612740,0.0,1.0,0.0,0.0,0.0,0.0,4.0,10.0,0.4,0.0,1.0,0.0
1629875,Xavier Moon,27.0,LAC,51,14,0.357,2021-22,0.2745098039215686,1610612746,0.0,1.0,0.0,0.0,0.0,0.0,5.0,13.0,0.385,0.0,1.0,0.0
1630270,Xavier Sneed,24.0,UTA,10,8,0.125,2021-22,0.8,1610612762,0.0,2.0,0.0,0.0,2.0,0.0,1.0,4.0,0.25,0.0,4.0,0.0
1630214,Xavier Tillman,23.0,MEM,216,49,0.204,2021-22,0.2268518518518518,1610612763,4.0,9.0,0.444,1.0,5.0,0.2,5.0,35.0,0.143,5.0,14.0,0.357
1629139,Yuta Watanabe,27.0,TOR,138,79,0.342,2021-22,0.572463768115942,1610612761,9.0,17.0,0.529,5.0,18.0,0.278,13.0,44.0,0.295,14.0,35.0,0.4
1630582,Yves Pons,23.0,MEM,16,9,0.333,2021-22,0.5625,1610612763,1.0,1.0,1.0,2.0,4.0,0.5,0.0,4.0,0.0,3.0,5.0,0.6
1628380,Zach Collins,24.0,SAS,155,41,0.341,2021-22,0.2645161290322581,1610612759,2.0,2.0,1.0,0.0,1.0,0.0,12.0,38.0,0.316,2.0,3.0,0.667
203897,Zach LaVine,27.0,CHI,1186,475,0.389,2021-22,0.4005059021922428,1610612741,17.0,37.0,0.459,21.0,36.0,0.583,147.0,402.0,0.366,38.0,73.0,0.521
1630285,Zavier Simpson,25.0,OKC,52,8,0.125,2021-22,0.1538461538461538,1610612760,0.0,0.0,0.0,0.0,0.0,0.0,1.0,8.0,0.125,0.0,0.0,0.0
1630192,Zeke Nnaji,21.0,DEN,186,80,0.463,2021-22,0.4301075268817204,1610612743,8.0,17.0,0.471,9.0,17.0,0.529,20.0,46.0,0.435,17.0,34.0,0.5
1630533,Ziaire Williams,20.0,MEM,424,242,0.314,2021-22,0.5707547169811321,1610612763,20.0,73.0,0.274,21.0,47.0,0.447,35.0,118.0,0.297,41.0,120.0,0.342
1629597,Zylan Cheatham,26.0,UTA,3,2,0.0,2021-22,0.6666666666666666,1610612762,0.0,1.0,0.0,0.0,0.0,0.0,0.0,1.0,0.0,0.0,1.0,0.0
1630639,A.J. Lawson,22.0,DAL,44,25,0.4,2022-23,0.5681818181818182,1610612742,2.0,8.0,0.25,1.0,6.0,0.167,7.0,11.0,0.636,3.0,14.0,0.214
1631260,AJ Green,23.0,MIL,125,105,0.419,2022-23,0.84,1610612749,1.0,8.0,0.125,8.0,14.0,0.571,35.0,83.0,0.422,9.0,22.0,0.409
1631100,AJ Griffin,19.0,ATL,533,259,0.39,2022-23,0.4859287054409005,1610612737,21.0,50.0,0.42,10.0,27.0,0.37,70.0,182.0,0.385,31.0,77.0,0.403
203932,Aaron Gordon,27.0,DEN,761,173,0.347,2022-23,0.2273324572930354,1610612743,6.0,30.0,0.2,8.0,26.0,0.308,46.0,113.0,0.407,14.0,56.0,0.25
1628988,Aaron Holiday,26.0,ATL,220,88,0.409,2022-23,0.4,1610612737,3.0,7.0,0.429,1.0,9.0,0.111,32.0,72.0,0.444,4.0,16.0,0.25
1630174,Aaron Nesmith,23.0,IND,590,314,0.366,2022-23,0.5322033898305085,1610612754,21.0,61.0,0.344,33.0,83.0,0.398,61.0,170.0,0.359,54.0,144.0,0.375
1630598,Aaron Wiggins,24.0,OKC,363,122,0.393,2022-23,0.3360881542699724,1610612760,12.0,42.0,0.286,6.0,16.0,0.375,30.0,63.0,0.476,18.0,58.0,0.31
1629678,Admiral Schofield,26.0,ORL,122,74,0.324,2022-23,0.6065573770491803,1610612753,4.0,14.0,0.286,6.0,12.0,0.5,14.0,48.0,0.292,10.0,26.0,0.385
201143,Al Horford,37.0,BOS,479,325,0.446,2022-23,0.6784968684759917,1610612738,20.0,52.0,0.385,42.0,74.0,0.568,82.0,198.0,0.414,62.0,126.0,0.492
202692,Alec Burks,31.0,DET,459,239,0.414,2022-23,0.5206971677559913,1610612765,13.0,32.0,0.406,13.0,22.0,0.591,72.0,184.0,0.391,26.0,54.0,0.481
1630197,Aleksej Pokusevski,21.0,OKC,249,104,0.365,2022-23,0.4176706827309236,1610612760,9.0,21.0,0.429,3.0,10.0,0.3,26.0,73.0,0.356,12.0,31.0,0.387
1627936,Alex Caruso,29.0,CHI,286,151,0.364,2022-23,0.527972027972028,1610612741,15.0,32.0,0.469,15.0,43.0,0.349,24.0,75.0,0.32,30.0,75.0,0.4
203458,Alex Len,30.0,SAC,30,2,0.0,2022-23,0.0666666666666666,1610612758,0.0,0.0,0.0,0.0,0.0,0.0,0.0,2.0,0.0,0.0,0.0,0.0
1628993,Alize Johnson,27.0,SAS,6,2,0.0,2022-23,0.3333333333333333,1610612759,0.0,1.0,0.0,0.0,0.0,0.0,0.0,0.0,0.0,0.0,1.0,0.0
1630578,Alperen Sengun,20.0,HOU,799,57,0.333,2022-23,0.0713391739674593,1610612745,0.0,1.0,0.0,0.0,1.0,0.0,19.0,54.0,0.352,0.0,2.0,0.0
1629599,Amir Coffey,26.0,LAC,145,40,0.275,2022-23,0.2758620689655172,1610612746,2.0,11.0,0.182,3.0,10.0,0.3,6.0,18.0,0.333,5.0,21.0,0.238
203083,Andre Drummond,29.0,CHI,274,3,0.0,2022-23,0.010948905109489,1610612741,0.0,0.0,0.0,0.0,1.0,0.0,0.0,2.0,0.0,0.0,1.0,0.0
2738,Andre Iguodala,39.0,GSW,15,9,0.111,2022-23,0.6,1610612744,0.0,2.0,0.0,0.0,0.0,0.0,1.0,7.0,0.143,0.0,2.0,0.0
1629614,Andrew Nembhard,23.0,IND,644,263,0.35,2022-23,0.4083850931677019,1610612754,12.0,31.0,0.387,15.0,42.0,0.357,65.0,189.0,0.344,27.0,73.0,0.37
203952,Andrew Wiggins,28.0,GSW,529,225,0.396,2022-23,0.4253308128544423,1610612744,10.0,28.0,0.357,7.0,20.0,0.35,72.0,177.0,0.407,17.0,48.0,0.354
1629014,Anfernee Simons,24.0,POR,1045,562,0.377,2022-23,0.5377990430622009,1610612757,15.0,43.0,0.349,10.0,24.0,0.417,187.0,494.0,0.379,25.0,67.0,0.373
203076,Anthony Davis,30.0,LAL,962,74,0.257,2022-23,0.0769230769230769,1610612747,2.0,5.0,0.4,2.0,6.0,0.333,15.0,63.0,0.238,4.0,11.0,0.364
1630162,Anthony Edwards,21.0,MIN,1541,578,0.369,2022-23,0.3750811161583387,1610612750,16.0,35.0,0.457,10.0,25.0,0.4,187.0,515.0,0.363,26.0,60.0,0.433
1630264,Anthony Gill,30.0,WAS,132,29,0.138,2022-23,0.2196969696969697,1610612764,3.0,12.0,0.25,0.0,7.0,0.0,1.0,10.0,0.1,3.0,19.0,0.158
1630237,Anthony Lamb,25.0,GSW,314,199,0.367,2022-23,0.6337579617834395,1610612744,14.0,39.0,0.359,11.0,32.0,0.344,48.0,126.0,0.381,25.0,71.0,0.352
1630559,Austin Reaves,25.0,LAL,490,216,0.398,2022-23,0.4408163265306122,1610612747,7.0,28.0,0.25,14.0,32.0,0.438,65.0,154.0,0.422,21.0,60.0,0.35
203085,Austin Rivers,30.0,MIN,209,123,0.35,2022-23,0.5885167464114832,1610612750,19.0,48.0,0.396,16.0,36.0,0.444,8.0,37.0,0.216,35.0,84.0,0.417
1630245,Ayo Dosunmu,23.0,CHI,570,189,0.312,2022-23,0.331578947368421,1610612741,13.0,41.0,0.317,16.0,48.0,0.333,30.0,100.0,0.3,29.0,89.0,0.326
1628389,Bam Adebayo,25.0,MIA,1114,12,0.083,2022-23,0.0107719928186714,1610612748,0.0,0.0,0.0,0.0,0.0,0.0,1.0,11.0,0.091,0.0,0.0,0.0
1627732,Ben Simmons,26.0,BKN,235,2,0.0,2022-23,0.0085106382978723,1610612751,0.0,0.0,0.0,0.0,0.0,0.0,0.0,2.0,0.0,0.0,0.0,0.0
1631097,Bennedict Mathurin,21.0,IND,951,310,0.323,2022-23,0.3259726603575184,1610612754,9.0,33.0,0.273,12.0,31.0,0.387,79.0,241.0,0.328,21.0,64.0,0.328
202687,Bismack Biyombo,30.0,PHX,206,0,0.0,2022-23,0.0,1610612756,0.0,0.0,0.0,0.0,0.0,0.0,0.0,0.0,0.0,0.0,0.0,0.0
201933,Blake Griffin,34.0,BOS,130,66,0.348,2022-23,0.5076923076923077,1610612738,6.0,16.0,0.375,2.0,7.0,0.286,15.0,43.0,0.349,8.0,23.0,0.348
1631104,Blake Wesley,20.0,SAS,215,52,0.385,2022-23,0.241860465116279,1610612759,3.0,7.0,0.429,4.0,7.0,0.571,13.0,37.0,0.351,7.0,14.0,0.5
1626246,Boban Marjanovic,34.0,HOU,60,1,0.0,2022-23,0.0166666666666666,1610612745,0.0,0.0,0.0,0.0,0.0,0.0,0.0,1.0,0.0,0.0,0.0,0.0
1626171,Bobby Portis,28.0,MIL,803,257,0.37,2022-23,0.3200498132004981,1610612749,14.0,42.0,0.333,11.0,50.0,0.22,70.0,163.0,0.429,25.0,92.0,0.272
203992,Bogdan Bogdanović,30.0,ATL,611,360,0.406,2022-23,0.5891980360065466,1610612737,11.0,38.0,0.289,22.0,44.0,0.5,113.0,277.0,0.408,33.0,82.0,0.402
202711,Bojan Bogdanovic,34.0,DET,882,353,0.411,2022-23,0.4002267573696145,1610612765,27.0,48.0,0.563,18.0,59.0,0.305,99.0,245.0,0.404,45.0,107.0,0.421
1629626,Bol Bol,23.0,ORL,478,113,0.265,2022-23,0.2364016736401673,1610612753,3.0,16.0,0.188,2.0,12.0,0.167,25.0,85.0,0.294,5.0,28.0,0.179
1630538,Bones Hyland,22.0,LAC,571,315,0.371,2022-23,0.5516637478108581,1610612746,17.0,32.0,0.531,3.0,12.0,0.25,97.0,271.0,0.358,20.0,44.0,0.455
203078,Bradley Beal,30.0,WAS,878,219,0.365,2022-23,0.2494305239179954,1610612764,13.0,34.0,0.382,7.0,18.0,0.389,59.0,165.0,0.358,20.0,52.0,0.385
1630527,Brandon Boston,21.0,LAC,122,29,0.414,2022-23,0.2377049180327868,1610612746,1.0,1.0,1.0,0.0,5.0,0.0,11.0,23.0,0.478,1.0,6.0,0.167
1629634,Brandon Clarke,26.0,MEM,349,6,0.167,2022-23,0.0171919770773638,1610612763,0.0,2.0,0.0,1.0,4.0,0.25,0.0,0.0,0.0,1.0,6.0,0.167
1627742,Brandon Ingram,25.0,NOP,835,164,0.39,2022-23,0.1964071856287425,1610612740,4.0,10.0,0.4,3.0,5.0,0.6,57.0,149.0,0.383,7.0,15.0,0.467
1630296,Braxton Key,26.0,DET,1,0,0.0,2022-23,0.0,1610612765,0.0,0.0,0.0,0.0,0.0,0.0,0.0,0.0,0.0,0.0,0.0,0.0
201572,Brook Lopez,35.0,MIL,899,364,0.374,2022-23,0.4048943270300333,1610612749,11.0,27.0,0.407,20.0,47.0,0.426,105.0,289.0,0.363,31.0,74.0,0.419
1628971,Bruce Brown,26.0,DEN,741,254,0.358,2022-23,0.3427800269905533,1610612743,5.0,38.0,0.132,33.0,64.0,0.516,53.0,151.0,0.351,38.0,102.0,0.373
1628981,Bruno Fernando,24.0,ATL,112,4,0.0,2022-23,0.0357142857142857,1610612737,0.0,2.0,0.0,0.0,0.0,0.0,0.0,2.0,0.0,0.0,2.0,0.0
1631121,Bryce McGowens,20.0,CHA,202,80,0.325,2022-23,0.396039603960396,1610612766,5.0,10.0,0.5,5.0,18.0,0.278,16.0,51.0,0.314,10.0,28.0,0.357
1627854,Bryn Forbes,29.0,MIN,83,46,0.304,2022-23,0.5542168674698795,1610612750,3.0,8.0,0.375,2.0,5.0,0.4,9.0,32.0,0.281,5.0,13.0,0.385
1631205,Buddy Boeheim,23.0,DET,27,25,0.16,2022-23,0.925925925925926,1610612765,1.0,5.0,0.2,2.0,6.0,0.333,1.0,14.0,0.071,3.0,11.0,0.273
1627741,Buddy Hield,30.0,IND,1038,677,0.425,2022-23,0.6522157996146436,1610612754,36.0,79.0,0.456,23.0,45.0,0.511,228.0,553.0,0.412,59.0,124.0,0.476
203468,CJ McCollum,31.0,NOP,1344,543,0.389,2022-23,0.4040178571428571,1610612740,17.0,39.0,0.436,5.0,27.0,0.185,188.0,475.0,0.396,22.0,66.0,0.333
1630595,Cade Cunningham,21.0,DET,224,61,0.279,2022-23,0.2723214285714285,1610612765,0.0,1.0,0.0,1.0,3.0,0.333,16.0,56.0,0.286,1.0,4.0,0.25
1631216,Caleb Houstan,20.0,ORL,182,136,0.338,2022-23,0.7472527472527473,1610612753,8.0,19.0,0.421,14.0,30.0,0.467,24.0,87.0,0.276,22.0,49.0,0.449
1628997,Caleb Martin,27.0,MIA,548,236,0.356,2022-23,0.4306569343065693,1610612748,12.0,42.0,0.286,21.0,64.0,0.328,51.0,129.0,0.395,33.0,106.0,0.311
1629629,Cam Reddish,23.0,POR,312,144,0.313,2022-23,0.4615384615384615,1610612757,14.0,32.0,0.438,5.0,19.0,0.263,26.0,90.0,0.289,19.0,51.0,0.373
1630560,Cam Thomas,21.0,BKN,456,133,0.383,2022-23,0.2916666666666667,1610612751,3.0,6.0,0.5,4.0,8.0,0.5,44.0,119.0,0.37,7.0,14.0,0.5
1629661,Cameron Johnson,27.0,BKN,474,255,0.404,2022-23,0.5379746835443038,1610612751,18.0,44.0,0.409,22.0,49.0,0.449,63.0,162.0,0.389,40.0,93.0,0.43
1626166,Cameron Payne,28.0,PHX,453,185,0.368,2022-23,0.4083885209713024,1610612756,3.0,9.0,0.333,3.0,9.0,0.333,62.0,163.0,0.38,6.0,18.0,0.333
1627747,Caris LeVert,28.0,CLE,742,324,0.392,2022-23,0.4366576819407008,1610612739,20.0,44.0,0.455,13.0,36.0,0.361,94.0,243.0,0.387,33.0,80.0,0.413
1630637,Carlik Jones,25.0,CHI,15,6,0.5,2022-23,0.4,1610612741,0.0,0.0,0.0,0.0,0.0,0.0,3.0,6.0,0.5,0.0,0.0,0.0
1626224,Cedi Osman,28.0,CLE,530,312,0.372,2022-23,0.5886792452830188,1610612739,21.0,47.0,0.447,15.0,34.0,0.441,80.0,229.0,0.349,36.0,81.0,0.444
1628435,Chance Comanche,27.0,POR,5,0,0.0,2022-23,0.0,1610612757,0.0,0.0,0.0,0.0,0.0,0.0,0.0,0.0,0.0,0.0,0.0,0.0
1629646,Charles Bassey,22.0,SAS,135,8,0.375,2022-23,0.0592592592592592,1610612759,0.0,1.0,0.0,0.0,1.0,0.0,3.0,6.0,0.5,0.0,2.0,0.0
1631320,Chima Moneke,27.0,SAC,2,0,0.0,2022-23,0.0,1610612758,,,,0.0,0.0,0.0,0.0,0.0,0.0,0.0,0.0,0.0
1629002,Chimezie Metu,26.0,SAC,219,38,0.237,2022-23,0.1735159817351598,1610612758,0.0,1.0,0.0,0.0,2.0,0.0,9.0,35.0,0.257,0.0,3.0,0.0
1628449,Chris Boucher,30.0,TOR,529,189,0.328,2022-23,0.3572778827977316,1610612761,14.0,40.0,0.35,19.0,54.0,0.352,28.0,91.0,0.308,33.0,94.0,0.351
1630537,Chris Duarte,26.0,IND,333,174,0.316,2022-23,0.5225225225225225,1610612754,13.0,34.0,0.382,8.0,27.0,0.296,34.0,111.0,0.306,21.0,61.0,0.344
101108,Chris Paul,38.0,PHX,668,261,0.375,2022-23,0.3907185628742515,1610612756,6.0,16.0,0.375,2.0,4.0,0.5,90.0,240.0,0.375,8.0,20.0,0.4
1629735,Chris Silva,26.0,ATL,1,0,0.0,2022-23,0.0,1610612737,,,,0.0,0.0,0.0,0.0,0.0,0.0,0.0,0.0,0.0
1631128,Christian Braun,22.0,DEN,289,96,0.354,2022-23,0.3321799307958477,1610612743,12.0,26.0,0.462,4.0,14.0,0.286,18.0,56.0,0.321,16.0,40.0,0.4
1631132,Christian Koloko,23.0,TOR,150,12,0.083,2022-23,0.08,1610612761,0.0,3.0,0.0,1.0,3.0,0.333,0.0,5.0,0.0,1.0,6.0,0.167
1626174,Christian Wood,27.0,DAL,769,279,0.376,2022-23,0.3628088426527958,1610612742,5.0,16.0,0.313,10.0,32.0,0.313,89.0,228.0,0.39,15.0,48.0,0.313
1629643,Chuma Okeke,24.0,ORL,122,86,0.302,2022-23,0.7049180327868853,1610612753,4.0,10.0,0.4,4.0,7.0,0.571,18.0,68.0,0.265,8.0,17.0,0.471
203991,Clint Capela,29.0,ATL,536,1,0.0,2022-23,0.001865671641791,1610612737,0.0,0.0,0.0,0.0,0.0,0.0,0.0,0.0,0.0,0.0,0.0,0.0
1629632,Coby White,23.0,CHI,594,344,0.372,2022-23,0.5791245791245792,1610612741,11.0,37.0,0.297,10.0,17.0,0.588,105.0,286.0,0.367,21.0,54.0,0.389
1628998,Cody Martin,27.0,CHA,36,14,0.214,2022-23,0.3888888888888889,1610612766,1.0,3.0,0.333,2.0,3.0,0.667,0.0,8.0,0.0,3.0,6.0,0.5
203469,Cody Zeller,30.0,MIA,59,2,0.0,2022-23,0.0338983050847457,1610612748,0.0,0.0,0.0,0.0,1.0,0.0,0.0,1.0,0.0,0.0,1.0,0.0
1630175,Cole Anthony,23.0,ORL,610,206,0.364,2022-23,0.3377049180327869,1610612753,6.0,14.0,0.429,1.0,5.0,0.2,68.0,187.0,0.364,7.0,19.0,0.368
1631306,Cole Swider,24.0,LAL,9,8,0.375,2022-23,0.8888888888888888,1610612747,2.0,2.0,1.0,0.0,0.0,0.0,1.0,6.0,0.167,2.0,2.0,1.0
1629012,Collin Sexton,24.0,UTA,468,122,0.393,2022-23,0.2606837606837607,1610612762,6.0,15.0,0.4,6.0,11.0,0.545,36.0,96.0,0.375,12.0,26.0,0.462
1630557,Corey Kispert,24.0,WAS,585,384,0.424,2022-23,0.6564102564102564,1610612764,26.0,52.0,0.5,18.0,38.0,0.474,118.0,292.0,0.404,44.0,90.0,0.489
202709,Cory Joseph,31.0,DET,351,180,0.389,2022-23,0.5128205128205128,1610612765,7.0,13.0,0.538,6.0,20.0,0.3,57.0,146.0,0.39,13.0,33.0,0.394
1626156,D'Angelo Russell,27.0,LAL,948,490,0.396,2022-23,0.5168776371308017,1610612747,14.0,32.0,0.438,8.0,22.0,0.364,171.0,434.0,0.394,22.0,54.0,0.407
1630227,Daishen Nix,21.0,HOU,237,140,0.286,2022-23,0.5907172995780591,1610612745,2.0,7.0,0.286,3.0,14.0,0.214,35.0,116.0,0.302,5.0,21.0,0.238
1630625,Dalano Banton,23.0,TOR,130,51,0.294,2022-23,0.3923076923076923,1610612761,1.0,6.0,0.167,2.0,6.0,0.333,12.0,38.0,0.316,3.0,12.0,0.25
1631207,Dalen Terry,20.0,CHI,72,27,0.259,2022-23,0.375,1610612741,1.0,4.0,0.25,2.0,8.0,0.25,4.0,15.0,0.267,3.0,12.0,0.25
1627745,Damian Jones,28.0,UTA,86,17,0.588,2022-23,0.1976744186046511,1610612762,3.0,5.0,0.6,6.0,8.0,0.75,1.0,3.0,0.333,9.0,13.0,0.692
203081,Damian Lillard,32.0,POR,1202,658,0.371,2022-23,0.5474209650582362,1610612757,6.0,22.0,0.273,10.0,19.0,0.526,228.0,615.0,0.371,16.0,41.0,0.39
1627814,Damion Lee,30.0,PHX,452,247,0.445,2022-23,0.5464601769911505,1610612756,32.0,53.0,0.604,20.0,49.0,0.408,58.0,144.0,0.403,52.0,102.0,0.51
1629655,Daniel Gafford,24.0,WAS,395,0,0.0,2022-23,0.0,1610612764,0.0,0.0,0.0,0.0,0.0,0.0,0.0,0.0,0.0,0.0,0.0,0.0
1628464,Daniel Theis,31.0,IND,44,11,0.182,2022-23,0.25,1610612754,0.0,0.0,0.0,1.0,2.0,0.5,1.0,8.0,0.125,1.0,2.0,0.5
201980,Danny Green,36.0,CLE,49,37,0.432,2022-23,0.7551020408163265,1610612739,2.0,3.0,0.667,3.0,9.0,0.333,11.0,25.0,0.44,5.0,12.0,0.417
1627863,Danuel House Jr.,30.0,PHI,197,110,0.336,2022-23,0.5583756345177665,1610612755,8.0,24.0,0.333,11.0,31.0,0.355,18.0,54.0,0.333,19.0,55.0,0.345
203967,Dario Saric,29.0,OKC,277,115,0.391,2022-23,0.4151624548736462,1610612760,7.0,13.0,0.538,6.0,16.0,0.375,32.0,86.0,0.372,13.0,29.0,0.448
1629647,Darius Bazley,23.0,PHX,183,53,0.377,2022-23,0.2896174863387978,1610612756,3.0,10.0,0.3,6.0,9.0,0.667,11.0,34.0,0.324,9.0,19.0,0.474
1630620,Darius Days,23.0,HOU,12,10,0.3,2022-23,0.8333333333333334,1610612745,2.0,4.0,0.5,0.0,2.0,0.0,1.0,4.0,0.25,2.0,6.0,0.333
1629636,Darius Garland,23.0,CLE,1129,412,0.41,2022-23,0.3649247121346324,1610612739,4.0,13.0,0.308,13.0,27.0,0.481,152.0,372.0,0.409,17.0,40.0,0.425
1630561,David Duke Jr.,23.0,BKN,78,12,0.083,2022-23,0.1538461538461538,1610612751,0.0,5.0,0.0,0.0,1.0,0.0,1.0,6.0,0.167,0.0,6.0,0.0
1631223,David Roddy,22.0,MEM,420,212,0.307,2022-23,0.5047619047619047,1610612763,19.0,51.0,0.373,12.0,43.0,0.279,34.0,117.0,0.291,31.0,94.0,0.33
1630558,Davion Mitchell,24.0,SAC,399,197,0.32,2022-23,0.4937343358395989,1610612758,5.0,17.0,0.294,7.0,22.0,0.318,51.0,156.0,0.327,12.0,39.0,0.308
202722,Davis Bertans,30.0,DAL,160,141,0.39,2022-23,0.88125,1610612742,13.0,20.0,0.65,4.0,14.0,0.286,38.0,106.0,0.358,17.0,34.0,0.5
1628432,Davon Reed,28.0,DEN,84,46,0.37,2022-23,0.5476190476190477,1610612743,2.0,10.0,0.2,3.0,4.0,0.75,12.0,32.0,0.375,5.0,14.0,0.357
1630549,Day'Ron Sharpe,21.0,BKN,171,11,0.545,2022-23,0.0643274853801169,1610612751,0.0,0.0,0.0,0.0,1.0,0.0,6.0,10.0,0.6,0.0,1.0,0.0
1628368,De'Aaron Fox,25.0,SAC,1331,367,0.324,2022-23,0.275732531930879,1610612758,9.0,29.0,0.31,4.0,19.0,0.211,107.0,320.0,0.334,13.0,48.0,0.271
1629631,De'Andre Hunter,25.0,ATL,822,286,0.35,2022-23,0.3479318734793187,1610612737,28.0,78.0,0.359,18.0,42.0,0.429,54.0,166.0,0.325,46.0,120.0,0.383
1629001,De'Anthony Melton,25.0,PHI,651,403,0.39,2022-23,0.6190476190476191,1610612755,17.0,51.0,0.333,22.0,53.0,0.415,117.0,295.0,0.397,39.0,104.0,0.375
201599,DeAndre Jordan,34.0,DEN,115,1,1.0,2022-23,0.008695652173913,1610612743,0.0,0.0,0.0,0.0,0.0,0.0,1.0,1.0,1.0,0.0,0.0,0.0
201942,DeMar DeRozan,33.0,CHI,1303,142,0.324,2022-23,0.1089792785878741,1610612741,13.0,42.0,0.31,2.0,5.0,0.4,32.0,95.0,0.337,15.0,47.0,0.319
1629731,Dean Wade,26.0,CLE,177,127,0.354,2022-23,0.7175141242937854,1610612739,10.0,27.0,0.37,11.0,27.0,0.407,24.0,72.0,0.333,21.0,54.0,0.389
1629028,Deandre Ayton,24.0,PHX,887,24,0.292,2022-23,0.0270574971815107,1610612756,0.0,0.0,0.0,0.0,0.0,0.0,7.0,24.0,0.292,0.0,0.0,0.0
1627749,Dejounte Murray,26.0,ATL,1319,387,0.344,2022-23,0.2934040940106141,1610612737,30.0,57.0,0.526,11.0,35.0,0.314,91.0,293.0,0.311,41.0,92.0,0.446
1626153,Delon Wright,31.0,WAS,291,119,0.345,2022-23,0.40893470790378,1610612764,8.0,20.0,0.4,3.0,11.0,0.273,30.0,84.0,0.357,11.0,31.0,0.355
1630166,Deni Avdija,22.0,WAS,579,232,0.297,2022-23,0.4006908462867012,1610612764,9.0,28.0,0.321,12.0,33.0,0.364,48.0,170.0,0.282,21.0,61.0,0.344
203471,Dennis Schröder,29.0,LAL,650,225,0.329,2022-23,0.3461538461538461,1610612747,13.0,40.0,0.325,7.0,21.0,0.333,54.0,162.0,0.333,20.0,61.0,0.328
1628372,Dennis Smith Jr.,25.0,CHA,452,111,0.216,2022-23,0.245575221238938,1610612766,6.0,19.0,0.316,1.0,7.0,0.143,17.0,83.0,0.205,7.0,26.0,0.269
1629126,Deonte Burton,29.0,SAC,2,1,0.0,2022-23,0.5,1610612758,0.0,1.0,0.0,0.0,0.0,0.0,0.0,0.0,0.0,0.0,1.0,0.0
1631220,Dereon Seabron,23.0,NOP,5,0,0.0,2022-23,0.0,1610612740,0.0,0.0,0.0,0.0,0.0,0.0,0.0,0.0,0.0,0.0,0.0,0.0
1627884,Derrick Jones Jr.,26.0,CHI,230,80,0.338,2022-23,0.3478260869565217,1610612741,13.0,31.0,0.419,5.0,20.0,0.25,9.0,29.0,0.31,18.0,51.0,0.353
201565,Derrick Rose,34.0,NYK,159,63,0.302,2022-23,0.3962264150943396,1610612752,4.0,8.0,0.5,0.0,5.0,0.0,15.0,50.0,0.3,4.0,13.0,0.308
1628401,Derrick White,28.0,BOS,758,391,0.381,2022-23,0.5158311345646438,1610612738,21.0,53.0,0.396,24.0,62.0,0.387,104.0,276.0,0.377,45.0,115.0,0.391
1630217,Desmond Bane,25.0,MEM,939,407,0.408,2022-23,0.4334398296059638,1610612763,21.0,45.0,0.467,11.0,17.0,0.647,134.0,343.0,0.391,32.0,62.0,0.516
1626164,Devin Booker,26.0,PHX,1067,316,0.351,2022-23,0.296157450796626,1610612756,10.0,24.0,0.417,8.0,25.0,0.32,93.0,267.0,0.348,18.0,49.0,0.367
1630170,Devin Vassell,22.0,SAS,595,266,0.387,2022-23,0.4470588235294118,1610612759,9.0,22.0,0.409,13.0,24.0,0.542,81.0,217.0,0.373,22.0,46.0,0.478
1629653,Devon Dotson,23.0,WAS,10,4,0.25,2022-23,0.4,1610612764,0.0,0.0,0.0,0.0,3.0,0.0,1.0,1.0,1.0,0.0,3.0,0.0
1628984,Devonte' Graham,28.0,SAS,431,338,0.352,2022-23,0.7842227378190255,1610612759,13.0,21.0,0.619,4.0,16.0,0.25,102.0,298.0,0.342,17.0,37.0,0.459
203473,Dewayne Dedmon,33.0,PHI,151,39,0.308,2022-23,0.2582781456953642,1610612755,0.0,4.0,0.0,1.0,2.0,0.5,11.0,33.0,0.333,1.0,6.0,0.167
1628415,Dillon Brooks,27.0,MEM,991,439,0.326,2022-23,0.4429868819374369,1610612763,19.0,50.0,0.38,9.0,33.0,0.273,115.0,354.0,0.325,28.0,83.0,0.337
1627734,Domantas Sabonis,27.0,SAC,938,83,0.373,2022-23,0.0884861407249466,1610612758,2.0,7.0,0.286,0.0,3.0,0.0,29.0,72.0,0.403,2.0,10.0,0.2
1631230,Dominick Barlow,20.0,SAS,86,4,0.0,2022-23,0.0465116279069767,1610612759,0.0,1.0,0.0,0.0,2.0,0.0,0.0,1.0,0.0,0.0,3.0,0.0
1628378,Donovan Mitchell,26.0,CLE,1402,635,0.386,2022-23,0.4529243937232525,1610612739,10.0,24.0,0.417,4.0,13.0,0.308,231.0,592.0,0.39,14.0,37.0,0.378
1631495,Donovan Williams,21.0,ATL,5,2,0.0,2022-23,0.4,1610612737,0.0,1.0,0.0,,,,0.0,1.0,0.0,0.0,1.0,0.0
1628978,Donte DiVincenzo,26.0,GSW,540,378,0.397,2022-23,0.7,1610612744,18.0,44.0,0.409,21.0,47.0,0.447,111.0,285.0,0.389,39.0,91.0,0.429
1627827,Dorian Finney-Smith,30.0,BKN,501,338,0.337,2022-23,0.6746506986027944,1610612751,27.0,63.0,0.429,23.0,71.0,0.324,63.0,199.0,0.317,50.0,134.0,0.373
203926,Doug McDermott,31.0,SAS,523,298,0.413,2022-23,0.5697896749521989,1610612759,18.0,40.0,0.45,7.0,20.0,0.35,98.0,237.0,0.414,25.0,60.0,0.417
203110,Draymond Green,33.0,GSW,474,131,0.305,2022-23,0.2763713080168776,1610612744,4.0,22.0,0.182,9.0,19.0,0.474,27.0,88.0,0.307,13.0,41.0,0.317
1629234,Drew Eubanks,26.0,POR,334,18,0.389,2022-23,0.0538922155688622,1610612757,0.0,2.0,0.0,0.0,1.0,0.0,7.0,15.0,0.467,0.0,3.0,0.0
1630696,Dru Smith,25.0,BKN,45,19,0.263,2022-23,0.4222222222222222,1610612751,2.0,6.0,0.333,1.0,1.0,1.0,2.0,12.0,0.167,3.0,7.0,0.429
1630613,Duane Washington Jr.,23.0,NYK,256,111,0.36,2022-23,0.43359375,1610612752,4.0,11.0,0.364,3.0,10.0,0.3,33.0,88.0,0.375,7.0,21.0,0.333
1629130,Duncan Robinson,29.0,MIA,237,192,0.328,2022-23,0.810126582278481,1610612748,6.0,22.0,0.273,6.0,17.0,0.353,51.0,152.0,0.336,12.0,39.0,0.308
203939,Dwight Powell,31.0,DAL,269,5,0.0,2022-23,0.0185873605947955,1610612742,0.0,0.0,0.0,0.0,2.0,0.0,0.0,3.0,0.0,0.0,2.0,0.0
1629685,Dylan Windler,26.0,CLE,3,2,0.5,2022-23,0.6666666666666666,1610612739,1.0,1.0,1.0,,,,0.0,1.0,0.0,1.0,1.0,1.0
1630700,Dyson Daniels,20.0,NOP,208,86,0.314,2022-23,0.4134615384615384,1610612740,3.0,9.0,0.333,6.0,17.0,0.353,18.0,57.0,0.316,9.0,26.0,0.346
1628410,Edmond Sumner,27.0,BKN,269,87,0.356,2022-23,0.3234200743494423,1610612751,10.0,28.0,0.357,6.0,18.0,0.333,15.0,41.0,0.366,16.0,46.0,0.348
201569,Eric Gordon,34.0,LAC,653,356,0.371,2022-23,0.5451761102603369,1610612746,8.0,20.0,0.4,6.0,11.0,0.545,118.0,324.0,0.364,14.0,31.0,0.452
1630647,Eugene Omoruyi,26.0,DET,228,89,0.281,2022-23,0.3903508771929824,1610612765,6.0,16.0,0.375,8.0,27.0,0.296,11.0,45.0,0.244,14.0,43.0,0.326
203095,Evan Fournier,30.0,NYK,166,114,0.307,2022-23,0.6867469879518072,1610612752,7.0,20.0,0.35,3.0,9.0,0.333,25.0,84.0,0.298,10.0,29.0,0.345
1630596,Evan Mobley,22.0,CLE,947,102,0.216,2022-23,0.1077085533262935,1610612739,2.0,19.0,0.105,6.0,25.0,0.24,14.0,58.0,0.241,8.0,44.0,0.182
1630267,Facundo Campazzo,32.0,DAL,13,11,0.273,2022-23,0.8461538461538461,1610612742,1.0,1.0,1.0,0.0,1.0,0.0,2.0,9.0,0.222,1.0,2.0,0.5
1628402,Frank Jackson,25.0,PHX,3,1,0.0,2022-23,0.3333333333333333,1610612756,,,,,,,0.0,1.0,0.0,,,
1626163,Frank Kaminsky,30.0,HOU,63,33,0.394,2022-23,0.5238095238095238,1610612745,0.0,2.0,0.0,0.0,1.0,0.0,13.0,30.0,0.433,0.0,3.0,0.0
1628373,Frank Ntilikina,24.0,DAL,132,67,0.254,2022-23,0.5075757575757576,1610612742,2.0,15.0,0.133,3.0,10.0,0.3,12.0,40.0,0.3,5.0,25.0,0.2
1630532,Franz Wagner,21.0,ORL,1118,360,0.361,2022-23,0.3220035778175313,1610612753,18.0,34.0,0.529,9.0,29.0,0.31,103.0,293.0,0.352,27.0,63.0,0.429
1627832,Fred VanVleet,29.0,TOR,1112,606,0.342,2022-23,0.5449640287769785,1610612761,16.0,33.0,0.485,17.0,45.0,0.378,173.0,522.0,0.331,33.0,78.0,0.423
1627788,Furkan Korkmaz,25.0,PHI,111,46,0.391,2022-23,0.4144144144144144,1610612755,4.0,10.0,0.4,2.0,6.0,0.333,12.0,29.0,0.414,6.0,16.0,0.375
1629216,Gabe Vincent,27.0,MIA,567,350,0.334,2022-23,0.6172839506172839,1610612748,19.0,66.0,0.288,25.0,50.0,0.5,73.0,234.0,0.312,44.0,116.0,0.379
1628221,Gabe York,29.0,IND,21,18,0.333,2022-23,0.8571428571428571,1610612754,2.0,3.0,0.667,1.0,3.0,0.333,3.0,12.0,0.25,3.0,6.0,0.5
202066,Garrett Temple,37.0,NOP,45,26,0.423,2022-23,0.5777777777777777,1610612740,1.0,2.0,0.5,2.0,5.0,0.4,8.0,18.0,0.444,3.0,7.0,0.429
1629726,Garrison Mathews,26.0,ATL,201,180,0.35,2022-23,0.8955223880597015,1610612737,8.0,28.0,0.286,8.0,15.0,0.533,47.0,137.0,0.343,16.0,43.0,0.372
203914,Gary Harris,28.0,ORL,307,218,0.431,2022-23,0.7100977198697068,1610612753,21.0,48.0,0.438,22.0,46.0,0.478,51.0,124.0,0.411,43.0,94.0,0.457
1627780,Gary Payton II,30.0,GSW,69,26,0.5,2022-23,0.3768115942028985,1610612744,6.0,10.0,0.6,5.0,10.0,0.5,2.0,6.0,0.333,11.0,20.0,0.55
1629018,Gary Trent Jr.,24.0,TOR,935,450,0.369,2022-23,0.481283422459893,1610612761,14.0,49.0,0.286,12.0,36.0,0.333,141.0,366.0,0.385,26.0,85.0,0.306
201588,George Hill,37.0,IND,166,95,0.358,2022-23,0.572289156626506,1610612754,5.0,12.0,0.417,9.0,22.0,0.409,19.0,56.0,0.339,14.0,34.0,0.412
1627777,Georges Niang,30.0,PHI,502,384,0.401,2022-23,0.7649402390438247,1610612755,22.0,46.0,0.478,19.0,32.0,0.594,113.0,306.0,0.369,41.0,78.0,0.526
203507,Giannis Antetokounmpo,28.0,MIL,1278,171,0.275,2022-23,0.1338028169014084,1610612749,1.0,5.0,0.2,0.0,0.0,0.0,46.0,166.0,0.277,1.0,5.0,0.2
1629048,Goga Bitadze,23.0,ORL,125,26,0.231,2022-23,0.208,1610612753,0.0,1.0,0.0,0.0,0.0,0.0,6.0,25.0,0.24,0.0,1.0,0.0
201609,Goran Dragic,37.0,MIL,335,145,0.359,2022-23,0.4328358208955223,1610612749,10.0,23.0,0.435,3.0,5.0,0.6,38.0,116.0,0.328,13.0,28.0,0.464
202330,Gordon Hayward,33.0,CHA,581,160,0.325,2022-23,0.2753872633390705,1610612766,9.0,23.0,0.391,7.0,15.0,0.467,36.0,122.0,0.295,16.0,38.0,0.421
203476,Gorgui Dieng,33.0,SAS,117,75,0.28,2022-23,0.6410256410256411,1610612759,1.0,2.0,0.5,2.0,5.0,0.4,18.0,68.0,0.265,3.0,7.0,0.429
1629684,Grant Williams,24.0,BOS,476,291,0.395,2022-23,0.6113445378151261,1610612738,25.0,64.0,0.391,28.0,61.0,0.459,62.0,163.0,0.38,53.0,125.0,0.424
1628960,Grayson Allen,27.0,MIL,557,366,0.399,2022-23,0.6570915619389587,1610612749,23.0,55.0,0.418,15.0,26.0,0.577,108.0,285.0,0.379,38.0,81.0,0.469
1630535,Greg Brown III,21.0,POR,28,7,0.143,2022-23,0.25,1610612757,0.0,2.0,0.0,1.0,1.0,1.0,0.0,4.0,0.0,1.0,3.0,0.333
1628977,Hamidou Diallo,24.0,DET,375,21,0.238,2022-23,0.056,1610612765,2.0,9.0,0.222,2.0,3.0,0.667,1.0,8.0,0.125,4.0,12.0,0.333
203084,Harrison Barnes,31.0,SAC,791,353,0.374,2022-23,0.4462705436156763,1610612758,25.0,64.0,0.391,27.0,68.0,0.397,80.0,219.0,0.365,52.0,132.0,0.394
1629312,Haywood Highsmith,26.0,MIA,216,109,0.339,2022-23,0.5046296296296297,1610612748,9.0,22.0,0.409,8.0,28.0,0.286,20.0,59.0,0.339,17.0,50.0,0.34
1630529,Herbert Jones,24.0,NOP,501,167,0.335,2022-23,0.3333333333333333,1610612740,17.0,50.0,0.34,13.0,37.0,0.351,26.0,78.0,0.333,30.0,87.0,0.345
1630193,Immanuel Quickley,24.0,NYK,936,454,0.37,2022-23,0.485042735042735,1610612752,17.0,56.0,0.304,28.0,71.0,0.394,123.0,326.0,0.377,45.0,127.0,0.354
1630171,Isaac Okoro,22.0,CLE,354,171,0.363,2022-23,0.4830508474576271,1610612739,18.0,52.0,0.346,38.0,99.0,0.384,6.0,20.0,0.3,56.0,151.0,0.371
1628392,Isaiah Hartenstein,25.0,NYK,327,37,0.216,2022-23,0.1131498470948012,1610612752,5.0,14.0,0.357,3.0,11.0,0.273,0.0,12.0,0.0,8.0,25.0,0.32
1630543,Isaiah Jackson,21.0,IND,318,14,0.143,2022-23,0.0440251572327044,1610612754,0.0,2.0,0.0,1.0,1.0,1.0,1.0,11.0,0.091,1.0,3.0,0.333
1630198,Isaiah Joe,23.0,OKC,508,394,0.409,2022-23,0.7755905511811023,1610612760,16.0,36.0,0.444,11.0,20.0,0.55,134.0,336.0,0.399,27.0,56.0,0.482
1630587,Isaiah Livers,24.0,DET,288,203,0.365,2022-23,0.7048611111111112,1610612765,8.0,23.0,0.348,21.0,46.0,0.457,45.0,131.0,0.344,29.0,69.0,0.42
1630600,Isaiah Mobley,23.0,CLE,28,8,0.375,2022-23,0.2857142857142857,1610612739,0.0,0.0,0.0,1.0,1.0,1.0,2.0,7.0,0.286,1.0,1.0,1.0
1629676,Isaiah Roby,25.0,NYK,155,60,0.3,2022-23,0.3870967741935484,1610612752,2.0,3.0,0.667,3.0,10.0,0.3,13.0,47.0,0.277,5.0,13.0,0.385
1630191,Isaiah Stewart,22.0,DET,441,205,0.327,2022-23,0.4648526077097505,1610612765,11.0,32.0,0.344,12.0,37.0,0.324,44.0,136.0,0.324,23.0,69.0,0.333
1630225,Isaiah Todd,21.0,WAS,19,10,0.1,2022-23,0.5263157894736842,1610612764,0.0,1.0,0.0,0.0,2.0,0.0,1.0,7.0,0.143,0.0,3.0,0.0
202397,Ish Smith,34.0,DEN,131,12,0.167,2022-23,0.0916030534351145,1610612743,0.0,2.0,0.0,0.0,0.0,0.0,1.0,9.0,0.111,0.0,2.0,0.0
1630688,Ish Wainright,28.0,PHX,227,173,0.329,2022-23,0.762114537444934,1610612756,15.0,46.0,0.326,15.0,44.0,0.341,27.0,81.0,0.333,30.0,90.0,0.333
1627826,Ivica Zubac,26.0,LAC,514,2,0.0,2022-23,0.0038910505836575,1610612746,0.0,0.0,0.0,0.0,0.0,0.0,0.0,1.0,0.0,0.0,0.0,0.0
1631120,JD Davison,20.0,BOS,19,7,0.286,2022-23,0.3684210526315789,1610612738,0.0,0.0,0.0,0.0,0.0,0.0,2.0,7.0,0.286,0.0,0.0,0.0
1630550,JT Thor,20.0,CHA,238,123,0.317,2022-23,0.5168067226890757,1610612766,15.0,43.0,0.349,12.0,26.0,0.462,12.0,54.0,0.222,27.0,69.0,0.391
1629630,Ja Morant,23.0,MEM,1214,300,0.307,2022-23,0.2471169686985173,1610612763,7.0,19.0,0.368,6.0,13.0,0.462,79.0,265.0,0.298,13.0,32.0,0.406
203210,JaMychal Green,33.0,GSW,252,111,0.378,2022-23,0.4404761904761904,1610612744,6.0,23.0,0.261,10.0,20.0,0.5,26.0,68.0,0.382,16.0,43.0,0.372
201580,JaVale McGee,35.0,DAL,125,5,0.4,2022-23,0.04,1610612742,0.0,1.0,0.0,0.0,0.0,0.0,2.0,4.0,0.5,0.0,1.0,0.0
1631095,Jabari Smith Jr.,20.0,HOU,892,391,0.307,2022-23,0.4383408071748879,1610612745,13.0,36.0,0.361,13.0,36.0,0.361,94.0,318.0,0.296,26.0,72.0,0.361
1631133,Jabari Walker,20.0,POR,198,56,0.286,2022-23,0.2828282828282828,1610612757,1.0,10.0,0.1,1.0,4.0,0.25,14.0,42.0,0.333,2.0,14.0,0.143
1631298,Jack White,25.0,DEN,19,9,0.333,2022-23,0.4736842105263157,1610612743,1.0,3.0,0.333,1.0,3.0,0.333,1.0,3.0,0.333,2.0,6.0,0.333
1631367,Jacob Gilyard,24.0,MEM,3,3,0.333,2022-23,1.0,1610612763,0.0,1.0,0.0,0.0,0.0,0.0,1.0,2.0,0.5,0.0,1.0,0.0
1630702,Jaden Hardy,20.0,DAL,333,156,0.404,2022-23,0.4684684684684684,1610612742,12.0,23.0,0.522,5.0,14.0,0.357,45.0,116.0,0.388,17.0,37.0,0.459
1631093,Jaden Ivey,21.0,DET,983,350,0.343,2022-23,0.3560528992878942,1610612765,8.0,22.0,0.364,8.0,23.0,0.348,104.0,302.0,0.344,16.0,45.0,0.356
1630183,Jaden McDaniels,22.0,MIN,716,269,0.398,2022-23,0.3756983240223464,1610612750,33.0,70.0,0.471,26.0,73.0,0.356,45.0,119.0,0.378,59.0,143.0,0.413
1630531,Jaden Springer,20.0,PHI,35,5,0.4,2022-23,0.1428571428571428,1610612755,0.0,2.0,0.0,0.0,0.0,0.0,2.0,3.0,0.667,0.0,2.0,0.0
203109,Jae Crowder,32.0,MIL,94,55,0.436,2022-23,0.5851063829787234,1610612749,5.0,8.0,0.625,2.0,7.0,0.286,17.0,40.0,0.425,7.0,15.0,0.467
1630256,Jae'Sean Tate,27.0,HOU,229,46,0.283,2022-23,0.2008733624454148,1610612745,4.0,11.0,0.364,1.0,5.0,0.2,7.0,28.0,0.25,5.0,16.0,0.313
1631222,Jake LaRavia,21.0,MEM,95,71,0.338,2022-23,0.7473684210526316,1610612763,4.0,8.0,0.5,2.0,4.0,0.5,18.0,58.0,0.31,6.0,12.0,0.5
1627751,Jakob Poeltl,27.0,TOR,618,1,0.0,2022-23,0.0016181229773462,1610612761,0.0,0.0,0.0,0.0,0.0,0.0,0.0,0.0,0.0,0.0,0.0,0.0
1628973,Jalen Brunson,26.0,NYK,1195,322,0.416,2022-23,0.2694560669456067,1610612752,13.0,23.0,0.565,18.0,47.0,0.383,100.0,249.0,0.402,31.0,70.0,0.443
1631105,Jalen Duren,19.0,DET,398,2,0.0,2022-23,0.0050251256281407,1610612765,0.0,1.0,0.0,0.0,0.0,0.0,0.0,1.0,0.0,0.0,1.0,0.0
1630224,Jalen Green,21.0,HOU,1359,554,0.338,2022-23,0.4076526857983811,1610612745,12.0,40.0,0.3,12.0,33.0,0.364,163.0,477.0,0.342,24.0,73.0,0.329
1630552,Jalen Johnson,21.0,ATL,322,104,0.288,2022-23,0.3229813664596273,1610612737,4.0,18.0,0.222,9.0,28.0,0.321,17.0,55.0,0.309,13.0,46.0,0.283
1629667,Jalen McDaniels,25.0,PHI,617,232,0.332,2022-23,0.3760129659643436,1610612755,14.0,39.0,0.359,18.0,54.0,0.333,45.0,139.0,0.324,32.0,93.0,0.344
1630188,Jalen Smith,23.0,IND,508,191,0.283,2022-23,0.3759842519685039,1610612754,9.0,30.0,0.3,8.0,31.0,0.258,37.0,130.0,0.285,17.0,61.0,0.279
1630591,Jalen Suggs,22.0,ORL,444,202,0.327,2022-23,0.4549549549549549,1610612753,5.0,12.0,0.417,6.0,15.0,0.4,55.0,173.0,0.318,11.0,27.0,0.407
1631114,Jalen Williams,22.0,OKC,794,205,0.356,2022-23,0.2581863979848866,1610612760,6.0,22.0,0.273,5.0,10.0,0.5,62.0,171.0,0.363,11.0,32.0,0.344
1631288,Jamal Cain,24.0,MIA,66,20,0.35,2022-23,0.303030303030303,1610612748,2.0,5.0,0.4,1.0,6.0,0.167,4.0,8.0,0.5,3.0,11.0,0.273
1627750,Jamal Murray,26.0,DEN,1041,432,0.398,2022-23,0.414985590778098,1610612743,17.0,33.0,0.515,11.0,22.0,0.5,144.0,369.0,0.39,28.0,55.0,0.509
1631123,Jamaree Bouyea,24.0,MIA,14,6,0.333,2022-23,0.4285714285714285,1610612748,0.0,0.0,0.0,0.0,0.0,0.0,2.0,6.0,0.333,0.0,0.0,0.0
1630547,James Bouknight,22.0,CHA,193,109,0.303,2022-23,0.5647668393782384,1610612766,4.0,9.0,0.444,2.0,10.0,0.2,27.0,89.0,0.303,6.0,19.0,0.316
201935,James Harden,33.0,PHI,842,418,0.385,2022-23,0.4964370546318289,1610612755,2.0,8.0,0.25,7.0,18.0,0.389,152.0,392.0,0.388,9.0,26.0,0.346
201949,James Johnson,36.0,IND,49,15,0.2,2022-23,0.3061224489795918,1610612754,0.0,1.0,0.0,1.0,7.0,0.143,2.0,7.0,0.286,1.0,8.0,0.125
1630164,James Wiseman,22.0,DET,339,20,0.2,2022-23,0.0589970501474926,1610612765,0.0,1.0,0.0,0.0,0.0,0.0,4.0,19.0,0.211,0.0,1.0,0.0
1630215,Jared Butler,22.0,OKC,32,14,0.5,2022-23,0.4375,1610612760,0.0,0.0,0.0,0.0,1.0,0.0,7.0,13.0,0.538,0.0,1.0,0.0
1631197,Jared Rhoden,23.0,DET,44,20,0.25,2022-23,0.4545454545454545,1610612765,3.0,6.0,0.5,0.0,3.0,0.0,2.0,11.0,0.182,3.0,9.0,0.333
1628991,Jaren Jackson Jr.,23.0,MEM,822,282,0.355,2022-23,0.3430656934306569,1610612763,14.0,41.0,0.341,6.0,20.0,0.3,80.0,217.0,0.369,20.0,61.0,0.328
1629020,Jarred Vanderbilt,24.0,LAL,451,90,0.322,2022-23,0.1995565410199556,1610612747,5.0,24.0,0.208,23.0,58.0,0.397,0.0,7.0,0.0,28.0,82.0,0.341
1629714,Jarrell Brantley,27.0,UTA,14,9,0.444,2022-23,0.6428571428571429,1610612762,1.0,3.0,0.333,0.0,0.0,0.0,3.0,6.0,0.5,1.0,3.0,0.333
1628386,Jarrett Allen,25.0,CLE,626,10,0.1,2022-23,0.0159744408945686,1610612739,0.0,3.0,0.0,0.0,4.0,0.0,1.0,3.0,0.333,0.0,7.0,0.0
1629633,Jarrett Culver,24.0,ATL,43,12,0.083,2022-23,0.2790697674418604,1610612737,0.0,1.0,0.0,1.0,2.0,0.5,0.0,9.0,0.0,1.0,3.0,0.333
1630554,Jason Preston,23.0,LAC,41,18,0.278,2022-23,0.4390243902439024,1610612746,1.0,2.0,0.5,1.0,3.0,0.333,3.0,12.0,0.25,2.0,5.0,0.4
1629750,Javonte Green,29.0,CHI,108,35,0.371,2022-23,0.324074074074074,1610612741,3.0,12.0,0.25,2.0,6.0,0.333,8.0,17.0,0.471,5.0,18.0,0.278
1629637,Jaxson Hayes,23.0,NOP,156,29,0.103,2022-23,0.1858974358974359,1610612740,1.0,7.0,0.143,1.0,6.0,0.167,1.0,16.0,0.063,2.0,13.0,0.154
1630643,Jay Huff,25.0,WAS,25,12,0.5,2022-23,0.48,1610612764,0.0,0.0,0.0,0.0,1.0,0.0,6.0,11.0,0.545,0.0,1.0,0.0
1630206,Jay Scrubb,22.0,ORL,7,2,1.0,2022-23,0.2857142857142857,1610612753,0.0,0.0,0.0,1.0,1.0,1.0,1.0,1.0,1.0,1.0,1.0,1.0
1627759,Jaylen Brown,26.0,BOS,1383,487,0.335,2022-23,0.3521330441070137,1610612738,10.0,32.0,0.313,8.0,33.0,0.242,144.0,420.0,0.343,18.0,65.0,0.277
1629669,Jaylen Nowell,23.0,MIN,625,232,0.289,2022-23,0.3712,1610612750,3.0,12.0,0.25,5.0,27.0,0.185,58.0,188.0,0.309,8.0,39.0,0.205
1631119,Jaylin Williams,21.0,OKC,234,113,0.407,2022-23,0.4829059829059829,1610612760,4.0,9.0,0.444,6.0,10.0,0.6,35.0,93.0,0.376,10.0,19.0,0.526
1628369,Jayson Tatum,25.0,BOS,1559,686,0.35,2022-23,0.4400256574727389,1610612738,15.0,32.0,0.469,13.0,27.0,0.481,211.0,626.0,0.337,28.0,59.0,0.475
1630288,Jeff Dowtin Jr.,26.0,TOR,57,16,0.313,2022-23,0.2807017543859649,1610612761,2.0,5.0,0.4,1.0,3.0,0.333,2.0,8.0,0.25,3.0,8.0,0.375
201145,Jeff Green,36.0,DEN,328,104,0.288,2022-23,0.3170731707317073,1610612743,7.0,18.0,0.389,9.0,20.0,0.45,14.0,64.0,0.219,16.0,38.0,0.421
203924,Jerami Grant,29.0,POR,913,359,0.401,2022-23,0.3932092004381161,1610612757,20.0,48.0,0.417,34.0,90.0,0.378,90.0,219.0,0.411,54.0,138.0,0.391
1630526,Jeremiah Robinson-Earl,22.0,OKC,248,111,0.333,2022-23,0.4475806451612903,1610612760,6.0,27.0,0.222,8.0,17.0,0.471,23.0,66.0,0.348,14.0,44.0,0.318
1631110,Jeremy Sochan,20.0,SAS,552,134,0.246,2022-23,0.2427536231884058,1610612759,4.0,19.0,0.211,1.0,17.0,0.059,28.0,93.0,0.301,5.0,36.0,0.139
1630579,Jericho Sims,24.0,NYK,107,1,0.0,2022-23,0.0093457943925233,1610612752,0.0,0.0,0.0,0.0,0.0,0.0,0.0,0.0,0.0,0.0,0.0,0.0
1628975,Jevon Carter,27.0,MIL,565,337,0.421,2022-23,0.5964601769911504,1610612749,17.0,47.0,0.362,17.0,35.0,0.486,108.0,255.0,0.424,34.0,82.0,0.415
202710,Jimmy Butler III,33.0,MIA,888,103,0.35,2022-23,0.1159909909909909,1610612748,11.0,30.0,0.367,8.0,26.0,0.308,17.0,46.0,0.37,19.0,56.0,0.339
1629111,Jock Landale,27.0,PHX,337,84,0.25,2022-23,0.2492581602373887,1610612756,1.0,2.0,0.5,0.0,1.0,0.0,20.0,80.0,0.25,1.0,3.0,0.333
203925,Joe Harris,31.0,BKN,440,333,0.426,2022-23,0.7568181818181818,1610612751,22.0,43.0,0.512,23.0,53.0,0.434,97.0,236.0,0.411,45.0,96.0,0.469
204060,Joe Ingles,35.0,MIL,248,203,0.409,2022-23,0.8185483870967742,1610612749,12.0,24.0,0.5,12.0,32.0,0.375,59.0,146.0,0.404,24.0,56.0,0.429
1630580,Joe Wieskamp,23.0,TOR,14,12,0.25,2022-23,0.8571428571428571,1610612761,1.0,3.0,0.333,1.0,4.0,0.25,1.0,5.0,0.2,2.0,7.0,0.286
203954,Joel Embiid,29.0,PHI,1328,200,0.33,2022-23,0.1506024096385542,1610612755,2.0,6.0,0.333,0.0,2.0,0.0,64.0,188.0,0.34,2.0,8.0,0.25
1631219,John Butler Jr.,20.0,POR,53,35,0.229,2022-23,0.660377358490566,1610612757,0.0,3.0,0.0,2.0,4.0,0.5,6.0,28.0,0.214,2.0,7.0,0.286
1628381,John Collins,25.0,ATL,707,240,0.292,2022-23,0.3394625176803394,1610612737,11.0,42.0,0.262,19.0,60.0,0.317,40.0,138.0,0.29,30.0,102.0,0.294
1629723,John Konchar,27.0,MEM,320,177,0.339,2022-23,0.553125,1610612763,23.0,57.0,0.404,12.0,40.0,0.3,25.0,79.0,0.316,35.0,97.0,0.361
202322,John Wall,32.0,LAC,339,109,0.303,2022-23,0.3215339233038348,1610612746,3.0,9.0,0.333,0.0,4.0,0.0,30.0,96.0,0.313,3.0,13.0,0.231
1631098,Johnny Davis,21.0,WAS,171,70,0.243,2022-23,0.4093567251461988,1610612764,2.0,11.0,0.182,3.0,8.0,0.375,12.0,51.0,0.235,5.0,19.0,0.263
1630548,Johnny Juzang,22.0,UTA,104,63,0.238,2022-23,0.6057692307692307,1610612762,4.0,12.0,0.333,0.0,5.0,0.0,11.0,46.0,0.239,4.0,17.0,0.235
202685,Jonas Valančiūnas,31.0,NOP,816,109,0.349,2022-23,0.133578431372549,1610612740,0.0,4.0,0.0,1.0,1.0,1.0,37.0,104.0,0.356,1.0,5.0,0.2
1628371,Jonathan Isaac,25.0,ORL,53,15,0.4,2022-23,0.2830188679245283,1610612753,1.0,1.0,1.0,2.0,3.0,0.667,3.0,11.0,0.273,3.0,4.0,0.75
1630228,Jonathan Kuminga,20.0,GSW,497,146,0.37,2022-23,0.2937625754527163,1610612744,14.0,38.0,0.368,13.0,28.0,0.464,27.0,80.0,0.338,27.0,66.0,0.409
203903,Jordan Clarkson,31.0,UTA,1031,459,0.338,2022-23,0.4451988360814743,1610612762,15.0,35.0,0.429,7.0,21.0,0.333,133.0,399.0,0.333,22.0,56.0,0.393
1630692,Jordan Goodwin,24.0,WAS,353,118,0.322,2022-23,0.3342776203966006,1610612764,7.0,14.0,0.5,6.0,12.0,0.5,25.0,92.0,0.272,13.0,26.0,0.5
1631160,Jordan Hall,21.0,SAS,28,15,0.2,2022-23,0.5357142857142857,1610612759,1.0,3.0,0.333,0.0,1.0,0.0,2.0,11.0,0.182,1.0,4.0,0.25
1629162,Jordan McLaughlin,27.0,MIN,145,78,0.308,2022-23,0.5379310344827586,1610612750,7.0,15.0,0.467,2.0,10.0,0.2,15.0,48.0,0.313,9.0,25.0,0.36
1629670,Jordan Nwora,24.0,IND,445,211,0.408,2022-23,0.4741573033707865,1610612754,14.0,40.0,0.35,11.0,26.0,0.423,61.0,145.0,0.421,25.0,66.0,0.379
1629673,Jordan Poole,24.0,GSW,1278,637,0.336,2022-23,0.4984350547730829,1610612744,19.0,43.0,0.442,7.0,33.0,0.212,188.0,553.0,0.34,26.0,76.0,0.342
1630648,Jordan Schakel,25.0,WAS,2,1,1.0,2022-23,0.5,1610612764,0.0,0.0,0.0,0.0,0.0,0.0,1.0,1.0,1.0,0.0,0.0,0.0
1630631,Jose Alvarado,25.0,NOP,489,247,0.336,2022-23,0.5051124744376279,1610612740,13.0,29.0,0.448,16.0,44.0,0.364,54.0,171.0,0.316,29.0,73.0,0.397
1630528,Josh Christopher,21.0,HOU,329,89,0.236,2022-23,0.270516717325228,1610612745,5.0,11.0,0.455,0.0,8.0,0.0,16.0,70.0,0.229,5.0,19.0,0.263
1630581,Josh Giddey,20.0,OKC,1118,234,0.325,2022-23,0.2093023255813953,1610612760,7.0,23.0,0.304,5.0,7.0,0.714,64.0,203.0,0.315,12.0,30.0,0.4
1630182,Josh Green,22.0,DAL,382,169,0.402,2022-23,0.4424083769633508,1610612742,25.0,53.0,0.472,21.0,65.0,0.323,22.0,49.0,0.449,46.0,118.0,0.39
1628404,Josh Hart,28.0,NYK,520,164,0.372,2022-23,0.3153846153846154,1610612752,16.0,39.0,0.41,13.0,33.0,0.394,32.0,92.0,0.348,29.0,72.0,0.403
1631169,Josh Minott,20.0,MIN,36,6,0.333,2022-23,0.1666666666666666,1610612750,0.0,1.0,0.0,1.0,2.0,0.5,1.0,3.0,0.333,1.0,3.0,0.333
1629006,Josh Okogie,24.0,PHX,414,197,0.335,2022-23,0.4758454106280193,1610612756,18.0,55.0,0.327,11.0,37.0,0.297,37.0,105.0,0.352,29.0,92.0,0.315
1626196,Josh Richardson,29.0,NOP,554,293,0.365,2022-23,0.5288808664259927,1610612740,13.0,27.0,0.481,8.0,23.0,0.348,86.0,242.0,0.355,21.0,50.0,0.42
1630563,Joshua Primo,20.0,SAS,26,12,0.25,2022-23,0.4615384615384615,1610612759,0.0,1.0,0.0,1.0,2.0,0.5,2.0,9.0,0.222,1.0,3.0,0.333
201950,Jrue Holiday,33.0,MIL,1023,411,0.384,2022-23,0.4017595307917888,1610612749,15.0,28.0,0.536,8.0,23.0,0.348,135.0,356.0,0.379,23.0,51.0,0.451
1629308,Juan Toscano-Anderson,30.0,UTA,143,43,0.186,2022-23,0.3006993006993007,1610612762,1.0,11.0,0.091,3.0,11.0,0.273,4.0,20.0,0.2,4.0,22.0,0.182
1627823,Juancho Hernangomez,27.0,TOR,114,67,0.254,2022-23,0.5877192982456141,1610612761,3.0,10.0,0.3,6.0,18.0,0.333,8.0,39.0,0.205,9.0,28.0,0.321
1630577,Julian Champagnie,22.0,SAS,130,82,0.402,2022-23,0.6307692307692307,1610612759,6.0,15.0,0.4,4.0,7.0,0.571,23.0,60.0,0.383,10.0,22.0,0.455
203944,Julius Randle,28.0,NYK,1432,636,0.343,2022-23,0.4441340782122905,1610612752,12.0,36.0,0.333,19.0,60.0,0.317,186.0,538.0,0.346,31.0,96.0,0.323
1630551,Justin Champagnie,22.0,BOS,15,5,0.2,2022-23,0.3333333333333333,1610612738,0.0,2.0,0.0,0.0,0.0,0.0,1.0,3.0,0.333,0.0,2.0,0.0
203200,Justin Holiday,34.0,DAL,204,143,0.322,2022-23,0.7009803921568627,1610612742,14.0,39.0,0.359,12.0,39.0,0.308,20.0,65.0,0.308,26.0,78.0,0.333
1628382,Justin Jackson,28.0,BOS,27,20,0.25,2022-23,0.7407407407407407,1610612738,1.0,4.0,0.25,0.0,2.0,0.0,4.0,14.0,0.286,1.0,6.0,0.167
1631303,Justin Minaya,24.0,POR,23,12,0.25,2022-23,0.5217391304347826,1610612757,0.0,3.0,0.0,1.0,1.0,1.0,2.0,8.0,0.25,1.0,4.0,0.25
1626159,Justise Winslow,27.0,POR,198,45,0.311,2022-23,0.2272727272727272,1610612757,4.0,11.0,0.364,2.0,9.0,0.222,8.0,25.0,0.32,6.0,20.0,0.3
203994,Jusuf Nurkić,28.0,POR,505,119,0.361,2022-23,0.2356435643564356,1610612757,2.0,4.0,0.5,3.0,11.0,0.273,38.0,103.0,0.369,5.0,15.0,0.333
1630231,KJ Martin,22.0,HOU,720,216,0.315,2022-23,0.3,1610612745,12.0,30.0,0.4,7.0,23.0,0.304,49.0,163.0,0.301,19.0,53.0,0.358
1629644,KZ Okpala,24.0,SAC,38,21,0.333,2022-23,0.5526315789473685,1610612758,2.0,5.0,0.4,3.0,6.0,0.5,2.0,9.0,0.222,5.0,11.0,0.455
1630539,Kai Jones,22.0,CHA,120,19,0.211,2022-23,0.1583333333333333,1610612766,1.0,3.0,0.333,1.0,5.0,0.2,2.0,11.0,0.182,2.0,8.0,0.25
1626157,Karl-Anthony Towns,27.0,MIN,428,164,0.366,2022-23,0.3831775700934579,1610612750,2.0,14.0,0.143,1.0,5.0,0.2,56.0,144.0,0.389,3.0,19.0,0.158
202695,Kawhi Leonard,32.0,LAC,871,250,0.416,2022-23,0.2870264064293915,1610612746,16.0,27.0,0.593,10.0,22.0,0.455,78.0,199.0,0.392,26.0,49.0,0.531
1631099,Keegan Murray,22.0,SAC,782,501,0.411,2022-23,0.6406649616368286,1610612758,40.0,89.0,0.449,23.0,60.0,0.383,141.0,350.0,0.403,63.0,149.0,0.423
1628966,Keita Bates-Diop,27.0,SAS,465,142,0.394,2022-23,0.3053763440860215,1610612759,10.0,35.0,0.286,13.0,27.0,0.481,33.0,80.0,0.413,23.0,62.0,0.371
1629640,Keldon Johnson,23.0,SAS,1113,407,0.329,2022-23,0.3656783468104223,1610612759,23.0,60.0,0.383,13.0,37.0,0.351,97.0,307.0,0.316,36.0,97.0,0.371
203482,Kelly Olynyk,32.0,UTA,557,236,0.394,2022-23,0.4236983842010772,1610612762,11.0,25.0,0.44,11.0,25.0,0.44,71.0,186.0,0.382,22.0,50.0,0.44
1626162,Kelly Oubre Jr.,27.0,CHA,819,339,0.319,2022-23,0.4139194139194139,1610612766,21.0,50.0,0.42,20.0,57.0,0.351,67.0,232.0,0.289,41.0,107.0,0.383
202689,Kemba Walker,33.0,DAL,57,28,0.25,2022-23,0.4912280701754385,1610612742,0.0,1.0,0.0,1.0,2.0,0.5,6.0,25.0,0.24,1.0,3.0,0.333
1631112,Kendall Brown,20.0,IND,7,1,0.0,2022-23,0.1428571428571428,1610612754,0.0,0.0,0.0,0.0,1.0,0.0,0.0,0.0,0.0,0.0,1.0,0.0
1629134,Kendrick Nunn,27.0,WAS,450,223,0.354,2022-23,0.4955555555555556,1610612764,9.0,30.0,0.3,9.0,23.0,0.391,61.0,169.0,0.361,18.0,53.0,0.34
1631113,Kennedy Chandler,20.0,MEM,83,15,0.133,2022-23,0.180722891566265,1610612763,0.0,2.0,0.0,0.0,0.0,0.0,2.0,13.0,0.154,0.0,2.0,0.0
1631254,Kenneth Lofton Jr.,20.0,MEM,93,17,0.353,2022-23,0.1827956989247312,1610612763,1.0,1.0,1.0,0.0,2.0,0.0,5.0,14.0,0.357,1.0,3.0,0.333
1629026,Kenrich Williams,28.0,OKC,346,134,0.373,2022-23,0.3872832369942196,1610612760,10.0,25.0,0.4,11.0,23.0,0.478,29.0,85.0,0.341,21.0,48.0,0.438
203484,Kentavious Caldwell-Pope,30.0,DEN,632,319,0.423,2022-23,0.504746835443038,1610612743,32.0,79.0,0.405,23.0,56.0,0.411,79.0,181.0,0.436,55.0,135.0,0.407
1631165,Keon Ellis,23.0,SAC,16,12,0.5,2022-23,0.75,1610612758,1.0,1.0,1.0,0.0,1.0,0.0,5.0,10.0,0.5,1.0,2.0,0.5
1630553,Keon Johnson,21.0,POR,178,81,0.346,2022-23,0.4550561797752809,1610612757,3.0,8.0,0.375,4.0,20.0,0.2,21.0,52.0,0.404,7.0,28.0,0.25
1630556,Kessler Edwards,22.0,SAC,93,55,0.309,2022-23,0.5913978494623656,1610612758,2.0,14.0,0.143,5.0,7.0,0.714,10.0,34.0,0.294,7.0,21.0,0.333
201142,Kevin Durant,34.0,PHX,862,230,0.404,2022-23,0.2668213457076566,1610612756,6.0,9.0,0.667,4.0,9.0,0.444,83.0,212.0,0.392,10.0,18.0,0.556
1628989,Kevin Huerter,24.0,SAC,866,510,0.402,2022-23,0.5889145496535797,1610612758,21.0,52.0,0.404,15.0,34.0,0.441,169.0,423.0,0.4,36.0,86.0,0.419
1628995,Kevin Knox II,23.0,POR,332,186,0.349,2022-23,0.5602409638554217,1610612757,11.0,29.0,0.379,12.0,40.0,0.3,41.0,116.0,0.353,23.0,69.0,0.333
201567,Kevin Love,34.0,MIA,424,296,0.334,2022-23,0.6981132075471698,1610612748,13.0,29.0,0.448,6.0,22.0,0.273,79.0,244.0,0.324,19.0,51.0,0.373
1629645,Kevin Porter Jr.,23.0,HOU,884,385,0.366,2022-23,0.4355203619909502,1610612745,13.0,21.0,0.619,9.0,25.0,0.36,119.0,338.0,0.352,22.0,46.0,0.478
1630284,Kevon Harris,26.0,ORL,107,43,0.372,2022-23,0.4018691588785046,1610612753,6.0,11.0,0.545,1.0,3.0,0.333,9.0,29.0,0.31,7.0,14.0,0.5
1626172,Kevon Looney,27.0,GSW,384,1,0.0,2022-23,0.0026041666666666,1610612744,0.0,0.0,0.0,0.0,0.0,0.0,0.0,1.0,0.0,0.0,0.0,0.0
203920,Khem Birch,30.0,SAS,32,2,0.5,2022-23,0.0625,1610612759,1.0,2.0,0.5,0.0,0.0,0.0,0.0,0.0,0.0,1.0,2.0,0.5
203114,Khris Middleton,31.0,MIL,406,162,0.315,2022-23,0.3990147783251231,1610612749,5.0,14.0,0.357,4.0,9.0,0.444,42.0,139.0,0.302,9.0,23.0,0.391
1630165,Killian Hayes,21.0,DET,815,286,0.28,2022-23,0.350920245398773,1610612765,8.0,39.0,0.205,10.0,37.0,0.27,62.0,210.0,0.295,18.0,76.0,0.237
1630184,Kira Lewis Jr.,22.0,NOP,88,34,0.441,2022-23,0.3863636363636363,1610612740,2.0,3.0,0.667,2.0,3.0,0.667,11.0,27.0,0.407,4.0,6.0,0.667
202691,Klay Thompson,33.0,GSW,1252,731,0.412,2022-23,0.5838658146964856,1610612744,22.0,62.0,0.355,31.0,69.0,0.449,248.0,599.0,0.414,53.0,131.0,0.405
1628424,Kobi Simmons,25.0,CHA,6,5,0.2,2022-23,0.8333333333333334,1610612766,0.0,0.0,0.0,0.0,0.0,0.0,1.0,5.0,0.2,0.0,0.0,0.0
1627739,Kris Dunn,29.0,UTA,216,36,0.472,2022-23,0.1666666666666666,1610612762,1.0,3.0,0.333,1.0,2.0,0.5,15.0,31.0,0.484,2.0,5.0,0.4
204001,Kristaps Porziņģis,27.0,WAS,1018,356,0.385,2022-23,0.349705304518664,1610612764,4.0,6.0,0.667,6.0,15.0,0.4,127.0,333.0,0.381,10.0,21.0,0.476
203937,Kyle Anderson,29.0,MIN,495,105,0.41,2022-23,0.2121212121212121,1610612750,6.0,22.0,0.273,17.0,29.0,0.586,20.0,53.0,0.377,23.0,51.0,0.451
1628398,Kyle Kuzma,27.0,WAS,1142,481,0.333,2022-23,0.4211908931698774,1610612764,31.0,76.0,0.408,19.0,47.0,0.404,108.0,353.0,0.306,50.0,123.0,0.407
200768,Kyle Lowry,37.0,MIA,485,310,0.345,2022-23,0.6391752577319587,1610612748,17.0,39.0,0.436,9.0,19.0,0.474,80.0,250.0,0.32,26.0,58.0,0.448
202681,Kyrie Irving,31.0,DAL,1203,496,0.379,2022-23,0.4123025768911055,1610612742,13.0,32.0,0.406,8.0,27.0,0.296,167.0,435.0,0.384,21.0,59.0,0.356
1630163,LaMelo Ball,21.0,CHA,721,383,0.376,2022-23,0.5312066574202496,1610612766,14.0,33.0,0.424,6.0,22.0,0.273,124.0,326.0,0.38,20.0,55.0,0.364
1630205,Lamar Stevens,25.0,CLE,288,95,0.316,2022-23,0.3298611111111111,1610612739,8.0,33.0,0.242,9.0,30.0,0.3,13.0,32.0,0.406,17.0,63.0,0.27
1629013,Landry Shamet,26.0,PHX,300,199,0.377,2022-23,0.6633333333333333,1610612756,11.0,26.0,0.423,11.0,20.0,0.55,53.0,152.0,0.349,22.0,46.0,0.478
1626204,Larry Nance Jr.,30.0,NOP,305,42,0.333,2022-23,0.1377049180327869,1610612740,3.0,7.0,0.429,7.0,17.0,0.412,3.0,17.0,0.176,10.0,24.0,0.417
1628374,Lauri Markkanen,26.0,UTA,1145,511,0.391,2022-23,0.4462882096069869,1610612762,34.0,61.0,0.557,17.0,42.0,0.405,149.0,408.0,0.365,51.0,103.0,0.495
2544,LeBron James,38.0,LAL,1219,377,0.321,2022-23,0.3092698933552092,1610612747,3.0,13.0,0.231,7.0,19.0,0.368,109.0,344.0,0.317,10.0,32.0,0.313
1630195,Leandro Bolmaro,22.0,UTA,20,4,0.0,2022-23,0.2,1610612762,0.0,0.0,0.0,0.0,0.0,0.0,0.0,4.0,0.0,0.0,0.0,0.0
1631311,Lester Quinones,22.0,GSW,5,4,0.5,2022-23,0.8,1610612744,0.0,1.0,0.0,0.0,0.0,0.0,2.0,3.0,0.667,0.0,1.0,0.0
1629623,Lindell Wigginton,25.0,MIL,37,18,0.333,2022-23,0.4864864864864865,1610612749,0.0,0.0,0.0,1.0,2.0,0.5,5.0,16.0,0.313,1.0,2.0,0.5
1630322,Lindy Waters III,25.0,OKC,178,162,0.358,2022-23,0.9101123595505618,1610612760,12.0,20.0,0.6,3.0,10.0,0.3,43.0,131.0,0.328,15.0,30.0,0.5
1629022,Lonnie Walker IV,24.0,LAL,527,249,0.365,2022-23,0.4724857685009487,1610612747,16.0,31.0,0.516,13.0,40.0,0.325,62.0,176.0,0.352,29.0,71.0,0.408
1629663,Louis King,24.0,PHI,13,8,0.5,2022-23,0.6153846153846154,1610612755,1.0,1.0,1.0,0.0,0.0,0.0,3.0,7.0,0.429,1.0,1.0,1.0
1629652,Luguentz Dort,24.0,OKC,873,409,0.33,2022-23,0.4684994272623138,1610612760,22.0,50.0,0.44,18.0,50.0,0.36,94.0,307.0,0.306,40.0,100.0,0.4
1629029,Luka Dončić,24.0,DAL,1449,541,0.342,2022-23,0.3733609385783298,1610612742,3.0,15.0,0.2,3.0,9.0,0.333,179.0,509.0,0.352,6.0,24.0,0.25
1630568,Luka Garza,24.0,MIN,116,39,0.359,2022-23,0.3362068965517241,1610612750,0.0,2.0,0.0,1.0,1.0,1.0,13.0,36.0,0.361,1.0,3.0,0.333
1629677,Luka Samanic,23.0,UTA,57,31,0.258,2022-23,0.543859649122807,1610612762,2.0,5.0,0.4,0.0,3.0,0.0,6.0,23.0,0.261,2.0,8.0,0.25
1628379,Luke Kennard,27.0,MEM,382,269,0.494,2022-23,0.7041884816753927,1610612763,11.0,26.0,0.423,17.0,31.0,0.548,105.0,211.0,0.498,28.0,57.0,0.491
1628436,Luke Kornet,27.0,BOS,170,13,0.231,2022-23,0.0764705882352941,1610612738,0.0,2.0,0.0,2.0,6.0,0.333,1.0,4.0,0.25,2.0,8.0,0.25
1630644,Mac McClung,24.0,PHI,20,11,0.364,2022-23,0.55,1610612755,0.0,1.0,0.0,1.0,3.0,0.333,3.0,7.0,0.429,1.0,4.0,0.25
1630201,Malachi Flynn,25.0,TOR,242,133,0.353,2022-23,0.5495867768595041,1610612761,2.0,7.0,0.286,9.0,17.0,0.529,36.0,109.0,0.33,11.0,24.0,0.458
1631103,Malaki Branham,20.0,SAS,611,255,0.302,2022-23,0.4173486088379705,1610612759,12.0,30.0,0.4,9.0,25.0,0.36,56.0,200.0,0.28,21.0,55.0,0.382
1627763,Malcolm Brogdon,30.0,BOS,732,297,0.444,2022-23,0.4057377049180328,1610612738,15.0,28.0,0.536,7.0,24.0,0.292,110.0,245.0,0.449,22.0,52.0,0.423
1630792,Malcolm Hill,27.0,CHI,4,3,0.333,2022-23,0.75,1610612741,0.0,1.0,0.0,0.0,0.0,0.0,1.0,2.0,0.5,0.0,1.0,0.0
1627736,Malik Beasley,26.0,LAL,937,658,0.357,2022-23,0.7022411953041622,1610612747,16.0,46.0,0.348,28.0,78.0,0.359,189.0,530.0,0.357,44.0,124.0,0.355
1628370,Malik Monk,25.0,SAC,796,398,0.359,2022-23,0.5,1610612758,17.0,40.0,0.425,14.0,30.0,0.467,112.0,326.0,0.344,31.0,70.0,0.443
1629603,Mamadi Diakite,26.0,CLE,50,21,0.333,2022-23,0.42,1610612739,1.0,5.0,0.2,1.0,5.0,0.2,5.0,11.0,0.455,2.0,10.0,0.2
1630699,MarJon Beauchamp,22.0,MIL,243,142,0.331,2022-23,0.5843621399176955,1610612749,8.0,26.0,0.308,13.0,33.0,0.394,26.0,82.0,0.317,21.0,59.0,0.356
202694,Marcus Morris Sr.,33.0,LAC,643,307,0.365,2022-23,0.4774494556765163,1610612746,15.0,56.0,0.268,7.0,16.0,0.438,90.0,233.0,0.386,22.0,72.0,0.306
203935,Marcus Smart,29.0,BOS,602,342,0.336,2022-23,0.5681063122923588,1610612738,14.0,42.0,0.333,10.0,27.0,0.37,91.0,270.0,0.337,24.0,69.0,0.348
1631109,Mark Williams,21.0,CHA,251,0,0.0,2022-23,0.0,1610612766,0.0,0.0,0.0,0.0,0.0,0.0,0.0,0.0,0.0,0.0,0.0,0.0
1628365,Markelle Fultz,25.0,ORL,679,87,0.31,2022-23,0.1281296023564064,1610612753,9.0,23.0,0.391,3.0,9.0,0.333,15.0,53.0,0.283,12.0,32.0,0.375
202693,Markieff Morris,33.0,DAL,115,71,0.394,2022-23,0.6173913043478261,1610612742,3.0,10.0,0.3,6.0,14.0,0.429,19.0,47.0,0.404,9.0,24.0,0.375
1630250,Marko Simonovic,23.0,CHI,7,4,0.25,2022-23,0.5714285714285714,1610612741,0.0,0.0,0.0,0.0,0.0,0.0,1.0,4.0,0.25,0.0,0.0,0.0
1628963,Marvin Bagley III,24.0,DET,382,66,0.288,2022-23,0.1727748691099476,1610612765,3.0,13.0,0.231,3.0,6.0,0.5,13.0,46.0,0.283,6.0,19.0,0.316
203486,Mason Plumlee,33.0,LAC,484,0,0.0,2022-23,0.0,1610612746,0.0,0.0,0.0,0.0,0.0,0.0,0.0,0.0,0.0,0.0,0.0,0.0
1629680,Matisse Thybulle,26.0,POR,253,148,0.365,2022-23,0.5849802371541502,1610612757,14.0,39.0,0.359,14.0,39.0,0.359,26.0,69.0,0.377,28.0,78.0,0.359
1630346,Matt Ryan,26.0,MIN,108,84,0.381,2022-23,0.7777777777777778,1610612750,11.0,18.0,0.611,5.0,12.0,0.417,16.0,54.0,0.296,16.0,30.0,0.533
203521,Matthew Dellavedova,32.0,SAC,50,27,0.333,2022-23,0.54,1610612758,2.0,2.0,1.0,1.0,3.0,0.333,6.0,22.0,0.273,3.0,5.0,0.6
1631108,Max Christie,20.0,LAL,106,62,0.419,2022-23,0.5849056603773585,1610612747,5.0,11.0,0.455,7.0,18.0,0.389,14.0,33.0,0.424,12.0,29.0,0.414
1629622,Max Strus,27.0,MIA,790,563,0.35,2022-23,0.7126582278481013,1610612748,38.0,82.0,0.463,35.0,80.0,0.438,124.0,401.0,0.309,73.0,162.0,0.451
1628467,Maxi Kleber,31.0,DAL,169,112,0.348,2022-23,0.6627218934911243,1610612742,5.0,16.0,0.313,4.0,17.0,0.235,30.0,79.0,0.38,9.0,33.0,0.273
1630593,McKinley Wright IV,24.0,DAL,98,28,0.321,2022-23,0.2857142857142857,1610612742,1.0,3.0,0.333,1.0,4.0,0.25,7.0,20.0,0.35,2.0,7.0,0.286
203086,Meyers Leonard,31.0,MIL,29,18,0.389,2022-23,0.6206896551724138,1610612749,0.0,1.0,0.0,0.0,2.0,0.0,7.0,15.0,0.467,0.0,3.0,0.0
1629662,Mfiondu Kabengele,25.0,BOS,7,3,0.0,2022-23,0.4285714285714285,1610612738,0.0,1.0,0.0,0.0,0.0,0.0,0.0,2.0,0.0,0.0,1.0,0.0
1630695,Micah Potter,25.0,UTA,15,7,0.571,2022-23,0.4666666666666667,1610612762,1.0,1.0,1.0,0.0,0.0,0.0,3.0,6.0,0.5,1.0,1.0,1.0
203487,Michael Carter-Williams,31.0,ORL,14,3,0.333,2022-23,0.2142857142857142,1610612753,0.0,0.0,0.0,0.0,1.0,0.0,1.0,2.0,0.5,0.0,1.0,0.0
1629008,Michael Porter Jr.,25.0,DEN,817,454,0.414,2022-23,0.5556915544675642,1610612743,28.0,56.0,0.5,20.0,33.0,0.606,140.0,362.0,0.387,48.0,89.0,0.539
1628969,Mikal Bridges,26.0,BKN,1267,442,0.382,2022-23,0.3488555643251775,1610612751,50.0,104.0,0.481,38.0,94.0,0.404,81.0,242.0,0.335,88.0,198.0,0.444
201144,Mike Conley,35.0,MIN,610,351,0.385,2022-23,0.5754098360655737,1610612750,10.0,18.0,0.556,23.0,40.0,0.575,101.0,289.0,0.349,33.0,58.0,0.569
203488,Mike Muscala,31.0,BOS,292,207,0.391,2022-23,0.708904109589041,1610612738,12.0,29.0,0.414,8.0,21.0,0.381,61.0,157.0,0.389,20.0,50.0,0.4
1630540,Miles McBride,22.0,NYK,215,134,0.299,2022-23,0.6232558139534884,1610612752,13.0,28.0,0.464,7.0,22.0,0.318,20.0,83.0,0.241,20.0,50.0,0.4
1629011,Mitchell Robinson,25.0,NYK,280,0,0.0,2022-23,0.0,1610612752,0.0,0.0,0.0,0.0,0.0,0.0,0.0,0.0,0.0,0.0,0.0,0.0
1628964,Mo Bamba,25.0,LAL,241,124,0.387,2022-23,0.5145228215767634,1610612747,0.0,3.0,0.0,5.0,12.0,0.417,43.0,109.0,0.394,5.0,15.0,0.333
1628420,Monte Morris,28.0,WAS,515,204,0.382,2022-23,0.3961165048543689,1610612764,15.0,34.0,0.441,7.0,18.0,0.389,55.0,150.0,0.367,22.0,52.0,0.423
1626149,Montrezl Harrell,29.0,PHI,209,6,0.0,2022-23,0.0287081339712918,1610612755,0.0,1.0,0.0,0.0,0.0,0.0,0.0,4.0,0.0,0.0,1.0,0.0
1629021,Moritz Wagner,26.0,ORL,396,163,0.313,2022-23,0.4116161616161616,1610612753,5.0,17.0,0.294,4.0,13.0,0.308,42.0,133.0,0.316,9.0,30.0,0.3
1629650,Moses Brown,23.0,LAC,96,0,0.0,2022-23,0.0,1610612746,0.0,0.0,0.0,0.0,0.0,0.0,0.0,0.0,0.0,0.0,0.0,0.0
1630541,Moses Moody,21.0,GSW,227,135,0.363,2022-23,0.5947136563876652,1610612744,11.0,36.0,0.306,5.0,14.0,0.357,33.0,84.0,0.393,16.0,50.0,0.32
1631217,Moussa Diabaté,21.0,LAC,47,2,0.5,2022-23,0.0425531914893617,1610612746,0.0,0.0,0.0,1.0,2.0,0.5,0.0,0.0,0.0,1.0,2.0,0.5
1626167,Myles Turner,27.0,IND,733,249,0.373,2022-23,0.339699863574352,1610612754,2.0,8.0,0.25,10.0,17.0,0.588,81.0,223.0,0.363,12.0,25.0,0.48
1630230,Naji Marshall,25.0,NOP,571,218,0.303,2022-23,0.3817863397548161,1610612740,16.0,44.0,0.364,14.0,46.0,0.304,37.0,123.0,0.301,30.0,90.0,0.333
1629642,Nassir Little,23.0,POR,303,158,0.367,2022-23,0.5214521452145214,1610612757,4.0,11.0,0.364,5.0,12.0,0.417,49.0,133.0,0.368,9.0,23.0,0.391
1631466,Nate Williams,24.0,POR,39,8,0.375,2022-23,0.2051282051282051,1610612757,1.0,1.0,1.0,1.0,4.0,0.25,1.0,3.0,0.333,2.0,5.0,0.4
1630233,Nathan Knight,25.0,MIN,81,22,0.364,2022-23,0.2716049382716049,1610612750,2.0,5.0,0.4,0.0,1.0,0.0,6.0,16.0,0.375,2.0,6.0,0.333
1629675,Naz Reid,23.0,MIN,577,217,0.346,2022-23,0.3760831889081455,1610612750,4.0,22.0,0.182,6.0,18.0,0.333,65.0,177.0,0.367,10.0,40.0,0.25
1629674,Neemias Queta,23.0,SAC,9,0,0.0,2022-23,0.0,1610612758,0.0,0.0,0.0,0.0,0.0,0.0,0.0,0.0,0.0,0.0,0.0,0.0
203457,Nerlens Noel,29.0,BKN,36,2,0.5,2022-23,0.0555555555555555,1610612751,0.0,0.0,0.0,0.0,0.0,0.0,1.0,2.0,0.5,0.0,0.0,0.0
1629651,Nic Claxton,24.0,BKN,587,2,0.0,2022-23,0.0034071550255536,1610612751,0.0,2.0,0.0,0.0,0.0,0.0,0.0,0.0,0.0,0.0,2.0,0.0
1630208,Nick Richards,25.0,CHA,313,1,1.0,2022-23,0.0031948881789137,1610612766,0.0,0.0,0.0,0.0,0.0,0.0,1.0,1.0,1.0,0.0,0.0,0.0
1629638,Nickeil Alexander-Walker,24.0,MIN,295,159,0.384,2022-23,0.5389830508474577,1610612750,10.0,24.0,0.417,8.0,23.0,0.348,42.0,108.0,0.389,18.0,47.0,0.383
201587,Nicolas Batum,34.0,LAC,381,317,0.391,2022-23,0.8320209973753281,1610612746,21.0,60.0,0.35,34.0,69.0,0.493,69.0,186.0,0.371,55.0,129.0,0.426
203999,Nikola Jokić,28.0,DEN,1022,149,0.383,2022-23,0.1457925636007827,1610612743,0.0,2.0,0.0,1.0,4.0,0.25,56.0,141.0,0.397,1.0,6.0,0.167
1631107,Nikola Jović,20.0,MIA,69,35,0.229,2022-23,0.5072463768115942,1610612748,1.0,5.0,0.2,2.0,7.0,0.286,5.0,23.0,0.217,3.0,12.0,0.25
202696,Nikola Vučević,32.0,CHI,1148,347,0.349,2022-23,0.3022648083623693,1610612741,12.0,30.0,0.4,9.0,15.0,0.6,100.0,302.0,0.331,21.0,45.0,0.467
203943,Noah Vonleh,27.0,BOS,24,4,0.25,2022-23,0.1666666666666666,1610612738,0.0,1.0,0.0,1.0,2.0,0.5,0.0,1.0,0.0,1.0,3.0,0.333
1626181,Norman Powell,30.0,LAC,710,287,0.397,2022-23,0.4042253521126761,1610612746,31.0,68.0,0.456,15.0,28.0,0.536,68.0,189.0,0.36,46.0,96.0,0.479
1628384,OG Anunoby,25.0,TOR,885,367,0.387,2022-23,0.4146892655367231,1610612761,42.0,90.0,0.467,30.0,70.0,0.429,69.0,204.0,0.338,72.0,160.0,0.45
1630167,Obi Toppin,25.0,NYK,419,247,0.344,2022-23,0.5894988066825776,1610612752,22.0,60.0,0.367,19.0,58.0,0.328,44.0,125.0,0.352,41.0,118.0,0.347
1630534,Ochai Agbaji,23.0,UTA,386,228,0.355,2022-23,0.5906735751295337,1610612762,15.0,38.0,0.395,29.0,58.0,0.5,36.0,130.0,0.277,44.0,96.0,0.458
1630846,Olivier Sarr,24.0,OKC,30,8,0.125,2022-23,0.2666666666666666,1610612760,0.0,1.0,0.0,0.0,1.0,0.0,1.0,6.0,0.167,0.0,2.0,0.0
1630209,Omer Yurtseven,25.0,MIA,27,7,0.429,2022-23,0.2592592592592592,1610612748,0.0,2.0,0.0,2.0,2.0,1.0,1.0,3.0,0.333,2.0,4.0,0.5
1630168,Onyeka Okongwu,22.0,ATL,497,13,0.308,2022-23,0.0261569416498993,1610612737,0.0,4.0,0.0,4.0,7.0,0.571,0.0,1.0,0.0,4.0,11.0,0.364
1631115,Orlando Robinson,22.0,MIA,89,6,0.0,2022-23,0.0674157303370786,1610612748,0.0,2.0,0.0,0.0,1.0,0.0,0.0,2.0,0.0,0.0,3.0,0.0
1629052,Oshae Brissett,25.0,IND,319,155,0.31,2022-23,0.4858934169278996,1610612754,6.0,26.0,0.231,5.0,18.0,0.278,37.0,111.0,0.333,11.0,44.0,0.25
203490,Otto Porter Jr.,30.0,TOR,30,17,0.353,2022-23,0.5666666666666667,1610612761,1.0,2.0,0.5,1.0,3.0,0.333,4.0,12.0,0.333,2.0,5.0,0.4
1631172,Ousmane Dieng,20.0,OKC,181,98,0.265,2022-23,0.5414364640883977,1610612760,7.0,21.0,0.333,2.0,7.0,0.286,17.0,66.0,0.258,9.0,28.0,0.321
200782,P.J. Tucker,38.0,PHI,225,140,0.393,2022-23,0.6222222222222222,1610612755,27.0,74.0,0.365,27.0,61.0,0.443,1.0,5.0,0.2,54.0,135.0,0.4
1629023,P.J. Washington,24.0,CHA,978,428,0.348,2022-23,0.4376278118609407,1610612766,17.0,59.0,0.288,17.0,36.0,0.472,115.0,332.0,0.346,34.0,95.0,0.358
1628408,PJ Dozier,26.0,SAC,33,16,0.125,2022-23,0.4848484848484848,1610612758,1.0,3.0,0.333,0.0,3.0,0.0,1.0,9.0,0.111,1.0,6.0,0.167
1631094,Paolo Banchero,20.0,ORL,1122,285,0.298,2022-23,0.2540106951871658,1610612753,8.0,19.0,0.421,4.0,17.0,0.235,73.0,248.0,0.294,12.0,36.0,0.333
1627783,Pascal Siakam,29.0,TOR,1313,287,0.324,2022-23,0.2185833968012185,1610612761,14.0,31.0,0.452,7.0,30.0,0.233,72.0,222.0,0.324,21.0,61.0,0.344
1626192,Pat Connaughton,30.0,MIL,421,322,0.339,2022-23,0.7648456057007126,1610612749,13.0,39.0,0.333,26.0,72.0,0.361,70.0,211.0,0.332,39.0,111.0,0.351
1631116,Patrick Baldwin Jr.,20.0,GSW,109,84,0.381,2022-23,0.7706422018348624,1610612744,2.0,10.0,0.2,3.0,8.0,0.375,27.0,66.0,0.409,5.0,18.0,0.278
201976,Patrick Beverley,34.0,CHI,360,239,0.335,2022-23,0.6638888888888889,1610612741,14.0,50.0,0.28,16.0,38.0,0.421,50.0,149.0,0.336,30.0,88.0,0.341
1630172,Patrick Williams,21.0,CHI,677,277,0.415,2022-23,0.4091580502215657,1610612741,30.0,55.0,0.545,22.0,57.0,0.386,63.0,165.0,0.382,52.0,112.0,0.464
201988,Patty Mills,34.0,BKN,209,134,0.366,2022-23,0.6411483253588517,1610612751,7.0,19.0,0.368,7.0,16.0,0.438,35.0,98.0,0.357,14.0,35.0,0.4
202331,Paul George,33.0,LAC,1004,426,0.371,2022-23,0.4243027888446215,1610612746,10.0,25.0,0.4,18.0,33.0,0.545,130.0,365.0,0.356,28.0,58.0,0.483
1630194,Paul Reed,24.0,PHI,209,6,0.167,2022-23,0.0287081339712918,1610612755,0.0,0.0,0.0,0.0,1.0,0.0,1.0,5.0,0.2,0.0,1.0,0.0
1630202,Payton Pritchard,25.0,BOS,245,154,0.364,2022-23,0.6285714285714286,1610612738,3.0,12.0,0.25,7.0,21.0,0.333,46.0,118.0,0.39,10.0,33.0,0.303
1631212,Peyton Watson,20.0,DEN,59,14,0.429,2022-23,0.2372881355932203,1610612743,3.0,5.0,0.6,0.0,1.0,0.0,3.0,8.0,0.375,3.0,6.0,0.5
1630173,Precious Achiuwa,23.0,TOR,404,108,0.269,2022-23,0.2673267326732673,1610612761,8.0,31.0,0.258,4.0,17.0,0.235,17.0,59.0,0.288,12.0,48.0,0.25
1629656,Quentin Grimes,23.0,NYK,602,407,0.386,2022-23,0.6760797342192691,1610612752,47.0,97.0,0.485,18.0,48.0,0.375,91.0,258.0,0.353,65.0,145.0,0.448
1631245,Quenton Jackson,24.0,WAS,42,12,0.083,2022-23,0.2857142857142857,1610612764,0.0,1.0,0.0,0.0,1.0,0.0,1.0,10.0,0.1,0.0,2.0,0.0
1630181,R.J. Hampton,22.0,DET,237,116,0.353,2022-23,0.4894514767932489,1610612765,6.0,15.0,0.4,8.0,15.0,0.533,27.0,86.0,0.314,14.0,30.0,0.467
1629628,RJ Barrett,23.0,NYK,1176,390,0.31,2022-23,0.3316326530612244,1610612752,10.0,41.0,0.244,27.0,74.0,0.365,82.0,271.0,0.303,37.0,115.0,0.322
1630564,RaiQuan Gray,23.0,BKN,12,5,0.4,2022-23,0.4166666666666667,1610612751,0.0,0.0,0.0,0.0,2.0,0.0,2.0,3.0,0.667,0.0,2.0,0.0
203526,Raul Neto,31.0,CLE,110,42,0.286,2022-23,0.3818181818181818,1610612739,2.0,4.0,0.5,3.0,5.0,0.6,7.0,32.0,0.219,5.0,9.0,0.556
203493,Reggie Bullock Jr.,32.0,DAL,470,397,0.38,2022-23,0.8446808510638298,1610612742,38.0,95.0,0.4,51.0,106.0,0.481,62.0,196.0,0.316,89.0,201.0,0.443
202704,Reggie Jackson,33.0,DEN,640,288,0.333,2022-23,0.45,1610612743,8.0,31.0,0.258,21.0,46.0,0.457,66.0,210.0,0.314,29.0,77.0,0.377
1626158,Richaun Holmes,29.0,SAC,89,8,0.625,2022-23,0.0898876404494382,1610612758,1.0,1.0,1.0,0.0,1.0,0.0,4.0,6.0,0.667,1.0,2.0,0.5
201937,Ricky Rubio,32.0,CLE,178,82,0.256,2022-23,0.4606741573033708,1610612739,6.0,24.0,0.25,5.0,12.0,0.417,10.0,45.0,0.222,11.0,36.0,0.306
203496,Robert Covington,32.0,LAC,229,136,0.397,2022-23,0.5938864628820961,1610612746,5.0,14.0,0.357,4.0,8.0,0.5,45.0,114.0,0.395,9.0,22.0,0.409
1629057,Robert Williams III,25.0,BOS,170,1,0.0,2022-23,0.0058823529411764,1610612738,0.0,0.0,0.0,0.0,1.0,0.0,0.0,0.0,0.0,0.0,1.0,0.0
201577,Robin Lopez,35.0,CLE,75,4,0.5,2022-23,0.0533333333333333,1610612739,0.0,0.0,0.0,1.0,1.0,1.0,1.0,3.0,0.333,1.0,1.0,1.0
203585,Rodney McGruder,31.0,DET,152,97,0.423,2022-23,0.6381578947368421,1610612765,10.0,27.0,0.37,6.0,17.0,0.353,24.0,52.0,0.462,16.0,44.0,0.364
1629641,Romeo Langford,23.0,SAS,259,61,0.262,2022-23,0.2355212355212355,1610612759,6.0,17.0,0.353,5.0,18.0,0.278,5.0,26.0,0.192,11.0,35.0,0.314
1631199,Ron Harper Jr.,23.0,TOR,16,9,0.333,2022-23,0.5625,1610612761,2.0,3.0,0.667,0.0,1.0,0.0,1.0,5.0,0.2,2.0,4.0,0.5
1626220,Royce O'Neale,30.0,BKN,593,419,0.389,2022-23,0.7065767284991569,1610612751,13.0,41.0,0.317,11.0,28.0,0.393,138.0,346.0,0.399,24.0,69.0,0.348
200752,Rudy Gay,36.0,UTA,287,130,0.254,2022-23,0.4529616724738676,1610612762,6.0,16.0,0.375,8.0,29.0,0.276,19.0,84.0,0.226,14.0,45.0,0.311
203497,Rudy Gobert,31.0,MIN,546,3,0.0,2022-23,0.0054945054945054,1610612750,0.0,0.0,0.0,0.0,0.0,0.0,0.0,1.0,0.0,0.0,0.0,0.0
1629060,Rui Hachimura,25.0,LAL,584,160,0.319,2022-23,0.273972602739726,1610612747,13.0,39.0,0.333,5.0,14.0,0.357,33.0,107.0,0.308,18.0,53.0,0.34
201566,Russell Westbrook,34.0,LAC,991,286,0.311,2022-23,0.2885973763874874,1610612746,10.0,45.0,0.222,8.0,27.0,0.296,71.0,213.0,0.333,18.0,72.0,0.25
1627853,Ryan Arcidiacono,29.0,NYK,37,23,0.348,2022-23,0.6216216216216216,1610612752,0.0,1.0,0.0,0.0,0.0,0.0,8.0,22.0,0.364,0.0,1.0,0.0
1631157,Ryan Rollins,20.0,GSW,20,9,0.333,2022-23,0.45,1610612744,0.0,3.0,0.0,1.0,2.0,0.5,2.0,4.0,0.5,1.0,5.0,0.2
1630240,Saben Lee,24.0,PHX,121,30,0.367,2022-23,0.2479338842975206,1610612756,3.0,8.0,0.375,1.0,1.0,1.0,7.0,21.0,0.333,4.0,9.0,0.444
1630180,Saddiq Bey,24.0,ATL,836,418,0.361,2022-23,0.5,1610612737,45.0,112.0,0.402,19.0,39.0,0.487,87.0,261.0,0.333,64.0,151.0,0.424
1630573,Sam Hauser,25.0,BOS,396,335,0.418,2022-23,0.8459595959595959,1610612738,29.0,58.0,0.5,18.0,49.0,0.367,93.0,226.0,0.412,47.0,107.0,0.439
1630241,Sam Merrill,27.0,CLE,22,18,0.278,2022-23,0.8181818181818182,1610612739,0.0,0.0,0.0,0.0,1.0,0.0,5.0,17.0,0.294,0.0,1.0,0.0
1630572,Sandro Mamukelashvili,24.0,SAS,230,99,0.303,2022-23,0.4304347826086956,1610612759,4.0,10.0,0.4,3.0,10.0,0.3,23.0,79.0,0.291,7.0,20.0,0.35
1630583,Santi Aldama,22.0,MEM,525,266,0.353,2022-23,0.5066666666666667,1610612763,22.0,58.0,0.379,17.0,51.0,0.333,55.0,156.0,0.353,39.0,109.0,0.358
1630567,Scottie Barnes,21.0,TOR,1016,224,0.281,2022-23,0.2204724409448819,1610612761,13.0,31.0,0.419,11.0,46.0,0.239,38.0,142.0,0.268,24.0,77.0,0.312
1630590,Scotty Pippen Jr.,22.0,LAL,12,3,0.333,2022-23,0.25,1610612747,0.0,1.0,0.0,0.0,0.0,0.0,1.0,2.0,0.5,0.0,1.0,0.0
201586,Serge Ibaka,33.0,MIL,54,18,0.333,2022-23,0.3333333333333333,1610612749,0.0,1.0,0.0,1.0,1.0,1.0,5.0,16.0,0.313,1.0,2.0,0.5
203552,Seth Curry,32.0,BKN,449,232,0.405,2022-23,0.5167037861915368,1610612751,10.0,30.0,0.333,15.0,31.0,0.484,69.0,171.0,0.404,25.0,61.0,0.41
1631101,Shaedon Sharpe,20.0,POR,648,283,0.36,2022-23,0.4367283950617284,1610612757,17.0,49.0,0.347,22.0,49.0,0.449,63.0,183.0,0.344,39.0,98.0,0.398
1628983,Shai Gilgeous-Alexander,24.0,OKC,1381,168,0.345,2022-23,0.1216509775524982,1610612760,3.0,10.0,0.3,1.0,7.0,0.143,54.0,150.0,0.36,4.0,17.0,0.235
1629003,Shake Milton,26.0,PHI,503,148,0.378,2022-23,0.294234592445328,1610612755,11.0,28.0,0.393,1.0,12.0,0.083,44.0,105.0,0.419,12.0,40.0,0.3
1627885,Shaquille Harrison,29.0,LAL,36,10,0.3,2022-23,0.2777777777777778,1610612747,1.0,1.0,1.0,0.0,0.0,0.0,2.0,9.0,0.222,1.0,1.0,1.0
1631323,Simone Fontecchio,27.0,UTA,312,191,0.33,2022-23,0.6121794871794872,1610612762,7.0,17.0,0.412,12.0,31.0,0.387,44.0,143.0,0.308,19.0,48.0,0.396
1630219,Skylar Mays,25.0,POR,68,26,0.462,2022-23,0.3823529411764705,1610612757,1.0,4.0,0.25,0.0,1.0,0.0,11.0,21.0,0.524,1.0,5.0,0.2
203915,Spencer Dinwiddie,30.0,BKN,1050,490,0.369,2022-23,0.4666666666666667,1610612751,25.0,41.0,0.61,23.0,52.0,0.442,133.0,395.0,0.337,48.0,93.0,0.516
1626169,Stanley Johnson,27.0,UTA,122,40,0.45,2022-23,0.3278688524590163,1610612762,4.0,9.0,0.444,5.0,6.0,0.833,9.0,24.0,0.375,9.0,15.0,0.6
1630649,Stanley Umude,24.0,DET,1,1,0.0,2022-23,1.0,1610612765,0.0,0.0,0.0,0.0,1.0,0.0,0.0,0.0,0.0,0.0,1.0,0.0
201939,Stephen Curry,35.0,GSW,1133,639,0.427,2022-23,0.5639894086496028,1610612744,22.0,38.0,0.579,17.0,27.0,0.63,233.0,564.0,0.413,39.0,65.0,0.6
1628425,Sterling Brown,28.0,LAL,4,2,0.0,2022-23,0.5,1610612747,0.0,1.0,0.0,0.0,0.0,0.0,0.0,1.0,0.0,0.0,1.0,0.0
203500,Steven Adams,29.0,MEM,263,1,0.0,2022-23,0.0038022813688212,1610612763,0.0,1.0,0.0,0.0,0.0,0.0,0.0,0.0,0.0,0.0,1.0,0.0
1629004,Svi Mykhailiuk,26.0,CHA,173,99,0.424,2022-23,0.5722543352601156,1610612766,7.0,23.0,0.304,8.0,12.0,0.667,27.0,64.0,0.422,15.0,35.0,0.429
204456,T.J. McConnell,31.0,IND,521,59,0.441,2022-23,0.1132437619961612,1610612754,5.0,8.0,0.625,5.0,9.0,0.556,16.0,42.0,0.381,10.0,17.0,0.588
203933,T.J. Warren,29.0,PHX,270,67,0.328,2022-23,0.2481481481481481,1610612756,7.0,15.0,0.467,1.0,12.0,0.083,14.0,40.0,0.35,8.0,27.0,0.296
201959,Taj Gibson,38.0,WAS,125,24,0.333,2022-23,0.192,1610612764,4.0,6.0,0.667,1.0,5.0,0.2,3.0,13.0,0.231,5.0,11.0,0.455
1629659,Talen Horton-Tucker,22.0,UTA,613,203,0.286,2022-23,0.33115823817292,1610612762,10.0,22.0,0.455,1.0,10.0,0.1,47.0,166.0,0.283,11.0,32.0,0.344
1631106,Tari Eason,22.0,HOU,660,172,0.343,2022-23,0.2606060606060606,1610612745,9.0,26.0,0.346,9.0,24.0,0.375,41.0,120.0,0.342,18.0,50.0,0.36
1627752,Taurean Prince,29.0,MIN,379,194,0.381,2022-23,0.5118733509234829,1610612750,20.0,45.0,0.444,16.0,38.0,0.421,38.0,110.0,0.345,36.0,83.0,0.434
1629611,Terance Mann,26.0,LAC,524,198,0.389,2022-23,0.3778625954198473,1610612746,12.0,42.0,0.286,22.0,59.0,0.373,42.0,95.0,0.442,34.0,101.0,0.337
1629056,Terence Davis,26.0,SAC,364,243,0.366,2022-23,0.6675824175824175,1610612758,15.0,37.0,0.405,9.0,25.0,0.36,65.0,180.0,0.361,24.0,62.0,0.387
203082,Terrence Ross,32.0,PHX,465,258,0.368,2022-23,0.5548387096774193,1610612756,23.0,48.0,0.479,8.0,23.0,0.348,64.0,188.0,0.34,31.0,71.0,0.437
1626179,Terry Rozier,29.0,CHA,1188,505,0.327,2022-23,0.425084175084175,1610612766,29.0,103.0,0.282,16.0,49.0,0.327,120.0,351.0,0.342,45.0,152.0,0.296
1630678,Terry Taylor,23.0,CHI,75,19,0.263,2022-23,0.2533333333333333,1610612741,1.0,5.0,0.2,1.0,3.0,0.333,3.0,11.0,0.273,2.0,8.0,0.25
201152,Thaddeus Young,35.0,TOR,198,34,0.176,2022-23,0.1717171717171717,1610612761,2.0,18.0,0.111,3.0,6.0,0.5,1.0,9.0,0.111,5.0,24.0,0.208
203648,Thanasis Antetokounmpo,30.0,MIL,46,8,0.0,2022-23,0.1739130434782608,1610612749,0.0,1.0,0.0,0.0,2.0,0.0,0.0,4.0,0.0,0.0,3.0,0.0
1630177,Theo Maledon,22.0,CHA,254,95,0.295,2022-23,0.374015748031496,1610612766,0.0,3.0,0.0,0.0,4.0,0.0,28.0,86.0,0.326,0.0,7.0,0.0
1629033,Theo Pinson,27.0,DAL,87,62,0.355,2022-23,0.7126436781609196,1610612742,5.0,7.0,0.714,0.0,2.0,0.0,17.0,53.0,0.321,5.0,9.0,0.556
1628418,Thomas Bryant,25.0,DEN,369,59,0.441,2022-23,0.1598915989159891,1610612743,2.0,5.0,0.4,4.0,8.0,0.5,20.0,45.0,0.444,6.0,13.0,0.462
203501,Tim Hardaway Jr.,31.0,DAL,847,550,0.385,2022-23,0.6493506493506493,1610612742,32.0,77.0,0.416,27.0,76.0,0.355,153.0,393.0,0.389,59.0,153.0,0.386
202699,Tobias Harris,30.0,PHI,845,324,0.389,2022-23,0.3834319526627219,1610612755,17.0,58.0,0.293,38.0,77.0,0.494,71.0,188.0,0.378,55.0,135.0,0.407
1628396,Tony Bradley,25.0,CHI,12,5,0.6,2022-23,0.4166666666666667,1610612741,1.0,2.0,0.5,1.0,2.0,0.5,1.0,1.0,1.0,2.0,4.0,0.5
1628470,Torrey Craig,32.0,PHX,500,253,0.395,2022-23,0.506,1610612756,30.0,69.0,0.435,24.0,53.0,0.453,46.0,130.0,0.354,54.0,122.0,0.443
1629027,Trae Young,24.0,ATL,1390,460,0.335,2022-23,0.3309352517985611,1610612737,1.0,7.0,0.143,6.0,18.0,0.333,147.0,432.0,0.34,7.0,25.0,0.28
1630200,Tre Jones,23.0,SAS,743,158,0.285,2022-23,0.2126514131897712,1610612759,6.0,22.0,0.273,7.0,31.0,0.226,32.0,104.0,0.308,13.0,53.0,0.245
1630544,Tre Mann,22.0,OKC,501,257,0.315,2022-23,0.5129740518962076,1610612760,10.0,20.0,0.5,6.0,14.0,0.429,65.0,221.0,0.294,16.0,34.0,0.471
1630570,Trendon Watford,22.0,POR,323,64,0.391,2022-23,0.1981424148606811,1610612757,1.0,5.0,0.2,1.0,3.0,0.333,23.0,56.0,0.411,2.0,8.0,0.25
1630235,Trent Forrest,25.0,ATL,60,2,0.0,2022-23,0.0333333333333333,1610612737,0.0,0.0,0.0,0.0,1.0,0.0,0.0,1.0,0.0,0.0,1.0,0.0
1630243,Trevelin Queen,26.0,PHI,29,15,0.133,2022-23,0.5172413793103449,1610612755,1.0,2.0,0.5,0.0,0.0,0.0,1.0,13.0,0.077,1.0,2.0,0.5
1631309,Trevor Hudgins,24.0,HOU,9,8,0.25,2022-23,0.8888888888888888,1610612745,0.0,0.0,0.0,0.0,0.0,0.0,2.0,8.0,0.25,0.0,0.0,0.0
1631211,Trevor Keels,19.0,NYK,4,4,0.25,2022-23,1.0,1610612752,1.0,1.0,1.0,0.0,0.0,0.0,0.0,3.0,0.0,1.0,1.0,1.0
1626168,Trey Lyles,27.0,SAC,408,240,0.363,2022-23,0.5882352941176471,1610612758,21.0,45.0,0.467,16.0,40.0,0.4,49.0,154.0,0.318,37.0,85.0,0.435
1630530,Trey Murphy III,23.0,NOP,800,497,0.406,2022-23,0.62125,1610612740,22.0,53.0,0.415,38.0,87.0,0.437,142.0,355.0,0.4,60.0,140.0,0.429
1628972,Troy Brown Jr.,23.0,LAL,465,281,0.381,2022-23,0.6043010752688172,1610612747,23.0,62.0,0.371,23.0,53.0,0.434,61.0,166.0,0.367,46.0,115.0,0.4
1629660,Ty Jerome,25.0,GSW,242,90,0.389,2022-23,0.371900826446281,1610612744,4.0,7.0,0.571,7.0,14.0,0.5,24.0,68.0,0.353,11.0,21.0,0.524
1631102,TyTy Washington Jr.,21.0,HOU,160,80,0.238,2022-23,0.5,1610612745,3.0,10.0,0.3,3.0,9.0,0.333,13.0,61.0,0.213,6.0,19.0,0.316
1628416,Tyler Dorsey,27.0,DAL,5,2,0.5,2022-23,0.4,1610612742,0.0,0.0,0.0,1.0,1.0,1.0,0.0,1.0,0.0,1.0,1.0,1.0
1629639,Tyler Herro,23.0,MIA,1109,537,0.378,2022-23,0.4842200180342651,1610612748,29.0,57.0,0.509,17.0,44.0,0.386,157.0,434.0,0.362,46.0,101.0,0.455
1630169,Tyrese Haliburton,23.0,IND,841,402,0.4,2022-23,0.4780023781212842,1610612754,6.0,15.0,0.4,13.0,26.0,0.5,141.0,355.0,0.397,19.0,41.0,0.463
1631213,Tyrese Martin,24.0,ATL,23,7,0.143,2022-23,0.3043478260869565,1610612737,0.0,2.0,0.0,0.0,2.0,0.0,1.0,3.0,0.333,0.0,4.0,0.0
1630178,Tyrese Maxey,22.0,PHI,913,369,0.434,2022-23,0.4041621029572836,1610612755,20.0,39.0,0.513,22.0,45.0,0.489,118.0,284.0,0.415,42.0,84.0,0.5
1626145,Tyus Jones,27.0,MEM,710,326,0.371,2022-23,0.4591549295774648,1610612763,28.0,48.0,0.583,8.0,20.0,0.4,85.0,258.0,0.329,36.0,68.0,0.529
1628962,Udoka Azubuike,23.0,UTA,72,0,0.0,2022-23,0.0,1610612762,0.0,0.0,0.0,0.0,0.0,0.0,0.0,0.0,0.0,0.0,0.0,0.0
2617,Udonis Haslem,43.0,MIA,29,9,0.333,2022-23,0.3103448275862069,1610612748,0.0,2.0,0.0,1.0,2.0,0.5,2.0,5.0,0.4,1.0,4.0,0.25
1630586,Usman Garuba,21.0,HOU,177,59,0.407,2022-23,0.3333333333333333,1610612745,8.0,16.0,0.5,4.0,13.0,0.308,12.0,30.0,0.4,12.0,29.0,0.414
1630176,Vernon Carey Jr.,22.0,UTA,8,0,0.0,2022-23,0.0,1610612762,0.0,0.0,0.0,0.0,0.0,0.0,0.0,0.0,0.0,0.0,0.0,0.0
203506,Victor Oladipo,31.0,MIA,403,212,0.33,2022-23,0.5260545905707196,1610612748,4.0,24.0,0.167,4.0,18.0,0.222,62.0,169.0,0.367,8.0,42.0,0.19
1631246,Vince Williams Jr.,22.0,MEM,40,28,0.143,2022-23,0.7,1610612763,0.0,6.0,0.0,1.0,6.0,0.167,3.0,16.0,0.188,1.0,12.0,0.083
1628427,Vlatko Čančar,26.0,DEN,227,115,0.374,2022-23,0.5066079295154186,1610612743,13.0,30.0,0.433,4.0,9.0,0.444,25.0,72.0,0.347,17.0,39.0,0.436
1630249,Vít Krejčí,23.0,ATL,37,21,0.238,2022-23,0.5675675675675675,1610612737,1.0,2.0,0.5,1.0,2.0,0.5,3.0,17.0,0.176,2.0,4.0,0.5
1631117,Walker Kessler,21.0,UTA,414,3,0.333,2022-23,0.0072463768115942,1610612762,1.0,2.0,0.5,0.0,0.0,0.0,0.0,1.0,0.0,1.0,2.0,0.5
1628976,Wendell Carter Jr.,24.0,ORL,613,225,0.356,2022-23,0.367047308319739,1610612753,18.0,39.0,0.462,4.0,11.0,0.364,58.0,175.0,0.331,22.0,50.0,0.44
1631111,Wendell Moore Jr.,21.0,MIN,43,17,0.118,2022-23,0.3953488372093023,1610612750,0.0,1.0,0.0,1.0,6.0,0.167,1.0,10.0,0.1,1.0,7.0,0.143
1629117,Wenyen Gabriel,26.0,LAL,260,36,0.278,2022-23,0.1384615384615384,1610612747,4.0,10.0,0.4,2.0,11.0,0.182,4.0,14.0,0.286,6.0,21.0,0.286
202083,Wesley Matthews,36.0,MIL,160,124,0.315,2022-23,0.775,1610612749,7.0,29.0,0.241,5.0,17.0,0.294,27.0,78.0,0.346,12.0,46.0,0.261
203115,Will Barton,32.0,TOR,364,180,0.367,2022-23,0.4945054945054945,1610612761,7.0,17.0,0.412,10.0,17.0,0.588,48.0,143.0,0.336,17.0,34.0,0.5
1626195,Willy Hernangomez,29.0,NOP,169,11,0.273,2022-23,0.0650887573964497,1610612740,0.0,3.0,0.0,0.0,0.0,0.0,3.0,8.0,0.375,0.0,3.0,0.0
1641645,Xavier Cooks,27.0,WAS,28,1,0.0,2022-23,0.0357142857142857,1610612764,0.0,0.0,0.0,0.0,0.0,0.0,0.0,0.0,0.0,0.0,0.0,0.0
1629875,Xavier Moon,28.0,LAC,9,3,0.333,2022-23,0.3333333333333333,1610612746,0.0,1.0,0.0,0.0,0.0,0.0,1.0,2.0,0.5,0.0,1.0,0.0
1630270,Xavier Sneed,25.0,CHA,10,6,0.5,2022-23,0.6,1610612766,0.0,0.0,0.0,1.0,1.0,1.0,2.0,5.0,0.4,1.0,1.0,1.0
1630214,Xavier Tillman,24.0,MEM,306,15,0.267,2022-23,0.0490196078431372,1610612763,1.0,5.0,0.2,0.0,3.0,0.0,3.0,7.0,0.429,1.0,8.0,0.125
1629139,Yuta Watanabe,28.0,BKN,232,135,0.444,2022-23,0.5818965517241379,1610612751,21.0,39.0,0.538,16.0,33.0,0.485,23.0,62.0,0.371,37.0,72.0,0.514
1628380,Zach Collins,25.0,SAS,548,147,0.374,2022-23,0.2682481751824817,1610612759,0.0,2.0,0.0,2.0,7.0,0.286,53.0,137.0,0.387,2.0,9.0,0.222
203897,Zach LaVine,28.0,CHI,1388,544,0.375,2022-23,0.3919308357348703,1610612741,22.0,42.0,0.524,15.0,36.0,0.417,167.0,466.0,0.358,37.0,78.0,0.474
1630192,Zeke Nnaji,22.0,DEN,196,65,0.262,2022-23,0.3316326530612244,1610612743,2.0,10.0,0.2,4.0,14.0,0.286,11.0,39.0,0.282,6.0,24.0,0.25
1630533,Ziaire Williams,21.0,MEM,196,97,0.258,2022-23,0.4948979591836734,1610612763,6.0,31.0,0.194,6.0,13.0,0.462,12.0,51.0,0.235,12.0,44.0,0.273
1629627,Zion Williamson,22.0,NOP,469,19,0.368,2022-23,0.0405117270788912,1610612740,0.0,0.0,0.0,0.0,0.0,0.0,7.0,19.0,0.368,0.0,0.0,0.0
1630639,A.J. Lawson,23.0,DAL,121,50,0.26,2023-24,0.4132231404958678,1610612742,4.0,17.0,0.235,4.0,15.0,0.267,5.0,18.0,0.278,8.0,32.0,0.25
1631260,AJ Green,24.0,MIL,196,169,0.408,2023-24,0.8622448979591837,1610612749,12.0,24.0,0.5,6.0,15.0,0.4,51.0,130.0,0.392,18.0,39.0,0.462
1631100,AJ Griffin,20.0,ATL,62,39,0.256,2023-24,0.6290322580645161,1610612737,1.0,6.0,0.167,1.0,3.0,0.333,8.0,30.0,0.267,2.0,9.0,0.222
203932,Aaron Gordon,28.0,DEN,716,138,0.29,2023-24,0.1927374301675977,1610612743,7.0,29.0,0.241,13.0,27.0,0.481,20.0,81.0,0.247,20.0,56.0,0.357
1628988,Aaron Holiday,27.0,HOU,417,217,0.387,2023-24,0.5203836930455635,1610612745,7.0,18.0,0.389,16.0,31.0,0.516,61.0,167.0,0.365,23.0,49.0,0.469
1630174,Aaron Nesmith,24.0,IND,635,334,0.419,2023-24,0.525984251968504,1610612754,25.0,60.0,0.417,38.0,86.0,0.442,77.0,187.0,0.412,63.0,146.0,0.432
1630598,Aaron Wiggins,25.0,OKC,377,126,0.492,2023-24,0.3342175066312997,1610612760,18.0,45.0,0.4,3.0,8.0,0.375,41.0,73.0,0.562,21.0,53.0,0.396
1641745,Adam Flagler,24.0,OKC,7,6,0.167,2023-24,0.8571428571428571,1610612760,0.0,0.0,0.0,0.0,0.0,0.0,1.0,6.0,0.167,0.0,0.0,0.0
1641766,Adama Sanogo,22.0,CHI,27,0,0.0,2023-24,0.0,1610612741,0.0,0.0,0.0,0.0,0.0,0.0,0.0,0.0,0.0,0.0,0.0,0.0
1629678,Admiral Schofield,27.0,ORL,26,16,0.375,2023-24,0.6153846153846154,1610612753,1.0,2.0,0.5,1.0,2.0,0.5,4.0,12.0,0.333,2.0,4.0,0.5
201143,Al Horford,38.0,BOS,419,258,0.419,2023-24,0.6157517899761337,1610612738,19.0,44.0,0.432,28.0,61.0,0.459,61.0,153.0,0.399,47.0,105.0,0.448
202692,Alec Burks,32.0,NYK,569,330,0.376,2023-24,0.5799648506151143,1610612752,18.0,51.0,0.353,19.0,47.0,0.404,87.0,232.0,0.375,37.0,98.0,0.378
1630197,Aleksej Pokusevski,22.0,CHA,121,55,0.327,2023-24,0.4545454545454545,1610612766,1.0,8.0,0.125,2.0,9.0,0.222,15.0,38.0,0.395,3.0,17.0,0.176
1627936,Alex Caruso,30.0,CHI,541,333,0.408,2023-24,0.6155268022181146,1610612741,24.0,62.0,0.387,27.0,63.0,0.429,85.0,207.0,0.411,51.0,125.0,0.408
1641788,Alex Fudge,21.0,DAL,15,5,0.2,2023-24,0.3333333333333333,1610612742,1.0,3.0,0.333,0.0,0.0,0.0,0.0,2.0,0.0,1.0,3.0,0.333
203458,Alex Len,31.0,SAC,81,3,0.0,2023-24,0.037037037037037,1610612758,0.0,1.0,0.0,0.0,0.0,0.0,0.0,2.0,0.0,0.0,1.0,0.0
1631214,Alondes Williams,25.0,MIA,8,4,0.0,2023-24,0.5,1610612748,0.0,0.0,0.0,0.0,0.0,0.0,0.0,4.0,0.0,0.0,0.0,0.0
1630578,Alperen Sengun,21.0,HOU,982,111,0.297,2023-24,0.1130346232179226,1610612745,0.0,1.0,0.0,0.0,1.0,0.0,33.0,107.0,0.308,0.0,2.0,0.0
1641735,Amari Bailey,20.0,CHA,24,8,0.125,2023-24,0.3333333333333333,1610612766,1.0,1.0,1.0,0.0,0.0,0.0,0.0,7.0,0.0,1.0,1.0,1.0
1641708,Amen Thompson,21.0,HOU,446,58,0.138,2023-24,0.1300448430493273,1610612745,0.0,6.0,0.0,2.0,12.0,0.167,6.0,39.0,0.154,2.0,18.0,0.111
1629599,Amir Coffey,27.0,LAC,352,184,0.38,2023-24,0.5227272727272727,1610612746,18.0,43.0,0.419,23.0,56.0,0.411,29.0,82.0,0.354,41.0,99.0,0.414
203083,Andre Drummond,30.0,CHI,480,3,0.0,2023-24,0.00625,1610612741,0.0,0.0,0.0,0.0,0.0,0.0,0.0,0.0,0.0,0.0,0.0,0.0
1641748,Andre Jackson Jr.,22.0,MIL,100,46,0.37,2023-24,0.46,1610612749,4.0,12.0,0.333,6.0,18.0,0.333,7.0,16.0,0.438,10.0,30.0,0.333
1641847,Andrew Funk,24.0,CHI,4,3,0.0,2023-24,0.75,1610612741,0.0,1.0,0.0,0.0,1.0,0.0,0.0,1.0,0.0,0.0,2.0,0.0
1629614,Andrew Nembhard,24.0,IND,522,171,0.357,2023-24,0.3275862068965517,1610612754,13.0,24.0,0.542,15.0,30.0,0.5,33.0,117.0,0.282,28.0,54.0,0.519
203952,Andrew Wiggins,29.0,GSW,780,254,0.358,2023-24,0.3256410256410256,1610612744,15.0,33.0,0.455,2.0,16.0,0.125,74.0,204.0,0.363,17.0,49.0,0.347
1629014,Anfernee Simons,25.0,POR,837,405,0.385,2023-24,0.4838709677419355,1610612757,5.0,18.0,0.278,5.0,15.0,0.333,146.0,372.0,0.392,10.0,33.0,0.303
1641710,Anthony Black,20.0,ORL,247,94,0.394,2023-24,0.3805668016194332,1610612753,7.0,20.0,0.35,13.0,28.0,0.464,17.0,46.0,0.37,20.0,48.0,0.417
203076,Anthony Davis,31.0,LAL,1283,107,0.271,2023-24,0.083398285268901,1610612747,3.0,17.0,0.176,0.0,1.0,0.0,26.0,89.0,0.292,3.0,18.0,0.167
1630162,Anthony Edwards,22.0,MIN,1558,532,0.357,2023-24,0.3414634146341463,1610612750,12.0,32.0,0.375,6.0,20.0,0.3,172.0,475.0,0.362,18.0,52.0,0.346
1630264,Anthony Gill,31.0,WAS,160,41,0.244,2023-24,0.25625,1610612764,1.0,9.0,0.111,0.0,5.0,0.0,9.0,27.0,0.333,1.0,14.0,0.071
1629717,Armoni Brooks,26.0,BKN,46,32,0.344,2023-24,0.6956521739130435,1610612751,0.0,0.0,0.0,0.0,3.0,0.0,11.0,29.0,0.379,0.0,3.0,0.0
1630204,Ashton Hagans,24.0,POR,71,25,0.32,2023-24,0.352112676056338,1610612757,1.0,2.0,0.5,1.0,1.0,1.0,6.0,22.0,0.273,2.0,3.0,0.667
1641709,Ausar Thompson,21.0,DET,480,113,0.186,2023-24,0.2354166666666666,1610612765,5.0,31.0,0.161,10.0,35.0,0.286,6.0,43.0,0.14,15.0,66.0,0.227
1630559,Austin Reaves,26.0,LAL,940,420,0.367,2023-24,0.4468085106382978,1610612747,10.0,36.0,0.278,11.0,27.0,0.407,133.0,354.0,0.376,21.0,63.0,0.333
1630245,Ayo Dosunmu,24.0,CHI,719,295,0.403,2023-24,0.4102920723226704,1610612741,20.0,57.0,0.351,37.0,95.0,0.389,62.0,142.0,0.437,57.0,152.0,0.375
1628389,Bam Adebayo,26.0,MIA,1017,42,0.357,2023-24,0.0412979351032448,1610612748,0.0,1.0,0.0,3.0,6.0,0.5,12.0,35.0,0.343,3.0,7.0,0.429
1641767,Ben Sheppard,22.0,IND,229,156,0.314,2023-24,0.6812227074235808,1610612754,12.0,34.0,0.353,21.0,49.0,0.429,16.0,73.0,0.219,33.0,83.0,0.398
1627732,Ben Simmons,27.0,BKN,74,0,0.0,2023-24,0.0,1610612751,0.0,0.0,0.0,0.0,0.0,0.0,0.0,0.0,0.0,0.0,0.0,0.0
1631097,Bennedict Mathurin,22.0,IND,663,214,0.374,2023-24,0.3227752639517345,1610612754,6.0,13.0,0.462,5.0,12.0,0.417,69.0,189.0,0.365,11.0,25.0,0.44
1641731,Bilal Coulibaly,19.0,WAS,432,185,0.346,2023-24,0.4282407407407407,1610612764,18.0,42.0,0.429,19.0,54.0,0.352,27.0,89.0,0.303,37.0,96.0,0.385
202687,Bismack Biyombo,31.0,OKC,131,0,0.0,2023-24,0.0,1610612760,0.0,0.0,0.0,0.0,0.0,0.0,0.0,0.0,0.0,0.0,0.0,0.0
1631104,Blake Wesley,21.0,SAS,215,55,0.218,2023-24,0.2558139534883721,1610612759,1.0,5.0,0.2,7.0,13.0,0.538,4.0,35.0,0.114,8.0,18.0,0.444
1626246,Boban Marjanovic,35.0,HOU,34,2,0.0,2023-24,0.0588235294117647,1610612745,0.0,0.0,0.0,0.0,0.0,0.0,0.0,2.0,0.0,0.0,0.0,0.0
1626171,Bobby Portis,29.0,MIL,918,246,0.407,2023-24,0.2679738562091503,1610612749,22.0,58.0,0.379,21.0,50.0,0.42,57.0,138.0,0.413,43.0,108.0,0.398
203992,Bogdan Bogdanović,31.0,ATL,1100,641,0.374,2023-24,0.5827272727272728,1610612737,28.0,72.0,0.389,30.0,72.0,0.417,182.0,493.0,0.369,58.0,144.0,0.403
202711,Bojan Bogdanovic,35.0,NYK,681,334,0.398,2023-24,0.4904552129221732,1610612752,17.0,45.0,0.378,25.0,55.0,0.455,91.0,234.0,0.389,42.0,100.0,0.42
1629626,Bol Bol,24.0,PHX,151,52,0.423,2023-24,0.3443708609271523,1610612756,7.0,18.0,0.389,6.0,15.0,0.4,9.0,19.0,0.474,13.0,33.0,0.394
1630538,Bones Hyland,23.0,LAC,251,135,0.326,2023-24,0.5378486055776892,1610612746,4.0,9.0,0.444,2.0,9.0,0.222,38.0,116.0,0.328,6.0,18.0,0.333
203078,Bradley Beal,31.0,PHX,735,235,0.43,2023-24,0.3197278911564626,1610612756,15.0,34.0,0.441,17.0,40.0,0.425,69.0,161.0,0.429,32.0,74.0,0.432
1641764,Brandin Podziemski,21.0,GSW,597,234,0.385,2023-24,0.3919597989949748,1610612744,9.0,29.0,0.31,10.0,20.0,0.5,71.0,184.0,0.386,19.0,49.0,0.388
1630527,Brandon Boston,22.0,LAC,161,52,0.269,2023-24,0.3229813664596273,1610612746,3.0,7.0,0.429,2.0,8.0,0.25,9.0,37.0,0.243,5.0,15.0,0.333
1629634,Brandon Clarke,27.0,MEM,59,6,0.167,2023-24,0.1016949152542373,1610612763,1.0,1.0,1.0,0.0,3.0,0.0,0.0,2.0,0.0,1.0,4.0,0.25
1627742,Brandon Ingram,26.0,NOP,1017,242,0.355,2023-24,0.2379547689282202,1610612740,4.0,12.0,0.333,8.0,21.0,0.381,74.0,207.0,0.357,12.0,33.0,0.364
1641706,Brandon Miller,21.0,CHA,1083,493,0.373,2023-24,0.4552169898430286,1610612766,17.0,47.0,0.362,20.0,47.0,0.426,147.0,395.0,0.372,37.0,94.0,0.394
1630314,Brandon Williams,24.0,DAL,54,15,0.2,2023-24,0.2777777777777778,1610612742,0.0,0.0,0.0,0.0,2.0,0.0,3.0,13.0,0.231,0.0,2.0,0.0
1630296,Braxton Key,27.0,DEN,17,5,0.4,2023-24,0.2941176470588235,1610612743,0.0,1.0,0.0,0.0,0.0,0.0,2.0,4.0,0.5,0.0,1.0,0.0
1641729,Brice Sensabaugh,20.0,UTA,218,115,0.296,2023-24,0.5275229357798165,1610612762,7.0,20.0,0.35,5.0,14.0,0.357,22.0,81.0,0.272,12.0,34.0,0.353
201572,Brook Lopez,36.0,MIL,755,404,0.366,2023-24,0.5350993377483444,1610612749,7.0,23.0,0.304,17.0,36.0,0.472,124.0,345.0,0.359,24.0,59.0,0.407
1628971,Bruce Brown,27.0,TOR,582,164,0.323,2023-24,0.281786941580756,1610612761,8.0,22.0,0.364,14.0,43.0,0.326,31.0,98.0,0.316,22.0,65.0,0.338
1628981,Bruno Fernando,25.0,ATL,187,4,0.0,2023-24,0.0213903743315508,1610612737,0.0,0.0,0.0,0.0,0.0,0.0,0.0,4.0,0.0,0.0,0.0,0.0
1631121,Bryce McGowens,21.0,CHA,230,102,0.333,2023-24,0.4434782608695652,1610612766,3.0,13.0,0.231,14.0,28.0,0.5,17.0,61.0,0.279,17.0,41.0,0.415
1631205,Buddy Boeheim,24.0,DET,29,25,0.32,2023-24,0.8620689655172413,1610612765,0.0,1.0,0.0,1.0,4.0,0.25,7.0,20.0,0.35,1.0,5.0,0.2
1627741,Buddy Hield,31.0,PHI,850,568,0.386,2023-24,0.668235294117647,1610612755,28.0,63.0,0.444,20.0,44.0,0.455,171.0,461.0,0.371,48.0,107.0,0.449
203468,CJ McCollum,32.0,NOP,1055,557,0.429,2023-24,0.5279620853080569,1610612740,11.0,26.0,0.423,20.0,42.0,0.476,208.0,489.0,0.425,31.0,68.0,0.456
1630595,Cade Cunningham,22.0,DET,1167,335,0.355,2023-24,0.2870608397600686,1610612765,5.0,20.0,0.25,11.0,25.0,0.44,103.0,286.0,0.36,16.0,45.0,0.356
1631216,Caleb Houstan,21.0,ORL,206,193,0.373,2023-24,0.9368932038834952,1610612753,16.0,42.0,0.381,14.0,33.0,0.424,42.0,118.0,0.356,30.0,75.0,0.4
1628997,Caleb Martin,28.0,MIA,559,232,0.349,2023-24,0.4150268336314848,1610612748,17.0,46.0,0.37,16.0,48.0,0.333,48.0,136.0,0.353,33.0,94.0,0.351
1629629,Cam Reddish,24.0,LAL,234,110,0.336,2023-24,0.4700854700854701,1610612747,14.0,31.0,0.452,9.0,37.0,0.243,14.0,42.0,0.333,23.0,68.0,0.338
1630560,Cam Thomas,22.0,BKN,1190,396,0.364,2023-24,0.3327731092436974,1610612751,18.0,37.0,0.486,10.0,21.0,0.476,116.0,337.0,0.344,28.0,58.0,0.483
1641715,Cam Whitmore,19.0,HOU,467,220,0.359,2023-24,0.4710920770877944,1610612745,9.0,25.0,0.36,7.0,18.0,0.389,63.0,175.0,0.36,16.0,43.0,0.372
1629661,Cameron Johnson,28.0,BKN,619,353,0.391,2023-24,0.5702746365105008,1610612751,29.0,64.0,0.453,26.0,56.0,0.464,83.0,232.0,0.358,55.0,120.0,0.458
1626166,Cameron Payne,29.0,PHI,481,267,0.39,2023-24,0.5550935550935551,1610612755,2.0,12.0,0.167,7.0,24.0,0.292,95.0,230.0,0.413,9.0,36.0,0.25
1627747,Caris LeVert,29.0,CLE,820,332,0.325,2023-24,0.4048780487804878,1610612739,14.0,43.0,0.326,8.0,25.0,0.32,86.0,262.0,0.328,22.0,68.0,0.324
1641717,Cason Wallace,20.0,OKC,442,234,0.419,2023-24,0.5294117647058824,1610612760,28.0,61.0,0.459,27.0,62.0,0.435,43.0,111.0,0.387,55.0,123.0,0.447
1626224,Cedi Osman,29.0,SAS,384,221,0.389,2023-24,0.5755208333333334,1610612759,11.0,24.0,0.458,14.0,30.0,0.467,61.0,167.0,0.365,25.0,54.0,0.463
1629646,Charles Bassey,23.0,SAS,40,1,0.0,2023-24,0.025,1610612759,0.0,0.0,0.0,0.0,0.0,0.0,0.0,1.0,0.0,0.0,0.0,0.0
1629718,Charlie Brown Jr.,27.0,NYK,10,7,0.286,2023-24,0.7,1610612752,0.0,0.0,0.0,1.0,2.0,0.5,1.0,5.0,0.2,1.0,2.0,0.5
1631096,Chet Holmgren,22.0,OKC,953,349,0.37,2023-24,0.366211962224554,1610612760,10.0,30.0,0.333,2.0,9.0,0.222,117.0,308.0,0.38,12.0,39.0,0.308
1629002,Chimezie Metu,27.0,DET,244,94,0.298,2023-24,0.3852459016393442,1610612765,6.0,15.0,0.4,4.0,16.0,0.25,18.0,63.0,0.286,10.0,31.0,0.323
1628449,Chris Boucher,31.0,TOR,217,94,0.33,2023-24,0.4331797235023041,1610612761,4.0,20.0,0.2,7.0,23.0,0.304,20.0,51.0,0.392,11.0,43.0,0.256
1630537,Chris Duarte,27.0,SAC,210,127,0.346,2023-24,0.6047619047619047,1610612758,11.0,28.0,0.393,6.0,16.0,0.375,27.0,82.0,0.329,17.0,44.0,0.386
1641753,Chris Livingston,20.0,MIL,22,5,0.2,2023-24,0.2272727272727272,1610612749,1.0,2.0,0.5,0.0,1.0,0.0,0.0,2.0,0.0,1.0,3.0,0.333
101108,Chris Paul,39.0,GSW,467,210,0.371,2023-24,0.449678800856531,1610612744,5.0,22.0,0.227,4.0,15.0,0.267,69.0,168.0,0.411,9.0,37.0,0.243
1631128,Christian Braun,23.0,DEN,483,164,0.384,2023-24,0.3395445134575569,1610612743,11.0,34.0,0.324,7.0,24.0,0.292,45.0,105.0,0.429,18.0,58.0,0.31
1626174,Christian Wood,28.0,LAL,264,114,0.307,2023-24,0.4318181818181818,1610612747,5.0,13.0,0.385,4.0,14.0,0.286,26.0,87.0,0.299,9.0,27.0,0.333
1629643,Chuma Okeke,25.0,ORL,112,82,0.28,2023-24,0.7321428571428571,1610612753,8.0,13.0,0.615,2.0,12.0,0.167,13.0,56.0,0.232,10.0,25.0,0.4
203991,Clint Capela,30.0,ATL,618,1,0.0,2023-24,0.0016181229773462,1610612737,0.0,0.0,0.0,0.0,0.0,0.0,0.0,0.0,0.0,0.0,0.0,0.0
1629632,Coby White,24.0,CHI,1209,556,0.376,2023-24,0.4598842018196857,1610612741,22.0,46.0,0.478,9.0,29.0,0.31,178.0,477.0,0.373,31.0,75.0,0.413
1628998,Cody Martin,28.0,CHA,215,86,0.314,2023-24,0.4,1610612766,7.0,22.0,0.318,4.0,10.0,0.4,16.0,54.0,0.296,11.0,32.0,0.344
203469,Cody Zeller,31.0,NOP,62,3,0.333,2023-24,0.0483870967741935,1610612740,0.0,0.0,0.0,0.0,0.0,0.0,1.0,3.0,0.333,0.0,0.0,0.0
1641732,Colby Jones,22.0,SAC,71,22,0.091,2023-24,0.3098591549295774,1610612758,1.0,6.0,0.167,0.0,2.0,0.0,1.0,14.0,0.071,1.0,8.0,0.125
1630175,Cole Anthony,24.0,ORL,763,275,0.338,2023-24,0.3604193971166448,1610612753,14.0,35.0,0.4,5.0,23.0,0.217,74.0,214.0,0.346,19.0,58.0,0.328
1631306,Cole Swider,25.0,MIA,38,30,0.333,2023-24,0.7894736842105263,1610612748,3.0,6.0,0.5,1.0,2.0,0.5,6.0,22.0,0.273,4.0,8.0,0.5
1630658,Colin Castleton,24.0,LAL,16,0,0.0,2023-24,0.0,1610612747,0.0,0.0,0.0,0.0,0.0,0.0,0.0,0.0,0.0,0.0,0.0,0.0
1631221,Collin Gillespie,25.0,DEN,69,38,0.395,2023-24,0.5507246376811594,1610612743,1.0,2.0,0.5,1.0,2.0,0.5,13.0,34.0,0.382,2.0,4.0,0.5
1629012,Collin Sexton,25.0,UTA,1038,325,0.394,2023-24,0.313102119460501,1610612762,21.0,44.0,0.477,12.0,32.0,0.375,95.0,247.0,0.385,33.0,76.0,0.434
1630557,Corey Kispert,25.0,WAS,794,480,0.383,2023-24,0.6045340050377834,1610612764,22.0,58.0,0.379,18.0,50.0,0.36,144.0,370.0,0.389,40.0,108.0,0.37
202709,Cory Joseph,32.0,GSW,64,42,0.31,2023-24,0.65625,1610612744,1.0,5.0,0.2,4.0,8.0,0.5,8.0,28.0,0.286,5.0,13.0,0.385
1641854,Craig Porter Jr.,24.0,CLE,228,34,0.353,2023-24,0.1491228070175438,1610612739,1.0,3.0,0.333,0.0,3.0,0.0,11.0,27.0,0.407,1.0,6.0,0.167
1626156,D'Angelo Russell,28.0,LAL,1080,545,0.415,2023-24,0.5046296296296297,1610612747,18.0,46.0,0.391,10.0,27.0,0.37,198.0,467.0,0.424,28.0,73.0,0.384
1641793,D'Moi Hodge,25.0,LAL,15,12,0.25,2023-24,0.8,1610612747,0.0,2.0,0.0,1.0,1.0,1.0,2.0,9.0,0.222,1.0,3.0,0.333
1630618,D.J. Carton,23.0,TOR,8,4,0.25,2023-24,0.5,1610612761,0.0,0.0,0.0,1.0,3.0,0.333,0.0,1.0,0.0,1.0,3.0,0.333
1628391,D.J. Wilson,28.0,ORL,6,2,1.0,2023-24,0.3333333333333333,1610612753,0.0,0.0,0.0,1.0,1.0,1.0,1.0,1.0,1.0,1.0,1.0,1.0
1629610,DaQuan Jeffries,26.0,NYK,17,10,0.2,2023-24,0.5882352941176471,1610612752,1.0,4.0,0.25,0.0,0.0,0.0,1.0,6.0,0.167,1.0,4.0,0.25
1630227,Daishen Nix,22.0,MIN,24,17,0.353,2023-24,0.7083333333333334,1610612750,0.0,0.0,0.0,0.0,3.0,0.0,6.0,14.0,0.429,0.0,3.0,0.0
1630625,Dalano Banton,24.0,POR,500,199,0.296,2023-24,0.398,1610612757,4.0,13.0,0.308,6.0,18.0,0.333,49.0,168.0,0.292,10.0,31.0,0.323
1631207,Dalen Terry,21.0,CHI,157,74,0.23,2023-24,0.4713375796178344,1610612741,5.0,15.0,0.333,6.0,19.0,0.316,6.0,39.0,0.154,11.0,34.0,0.324
1627745,Damian Jones,29.0,CLE,72,14,0.214,2023-24,0.1944444444444444,1610612739,1.0,3.0,0.333,1.0,3.0,0.333,1.0,8.0,0.125,2.0,6.0,0.333
203081,Damian Lillard,33.0,MIL,1277,622,0.354,2023-24,0.4870790916209866,1610612749,5.0,21.0,0.238,6.0,16.0,0.375,209.0,578.0,0.362,11.0,37.0,0.297
1629655,Daniel Gafford,25.0,DAL,480,0,0.0,2023-24,0.0,1610612742,0.0,0.0,0.0,0.0,0.0,0.0,0.0,0.0,0.0,0.0,0.0,0.0
1628464,Daniel Theis,32.0,LAC,293,71,0.366,2023-24,0.2423208191126279,1610612746,2.0,11.0,0.182,4.0,8.0,0.5,20.0,51.0,0.392,6.0,19.0,0.316
201568,Danilo Gallinari,35.0,MIL,190,93,0.323,2023-24,0.4894736842105263,1610612749,1.0,3.0,0.333,4.0,7.0,0.571,25.0,83.0,0.301,5.0,10.0,0.5
201980,Danny Green,37.0,PHI,2,1,0.0,2023-24,0.5,1610612755,0.0,0.0,0.0,0.0,1.0,0.0,0.0,0.0,0.0,0.0,1.0,0.0
203957,Dante Exum,28.0,DAL,302,108,0.491,2023-24,0.3576158940397351,1610612742,10.0,25.0,0.4,11.0,22.0,0.5,32.0,59.0,0.542,21.0,47.0,0.447
1627863,Danuel House Jr.,31.0,PHI,105,50,0.3,2023-24,0.4761904761904761,1610612755,2.0,9.0,0.222,7.0,17.0,0.412,6.0,22.0,0.273,9.0,26.0,0.346
203967,Dario Saric,30.0,GSW,388,197,0.376,2023-24,0.5077319587628866,1610612744,5.0,15.0,0.333,1.0,10.0,0.1,68.0,172.0,0.395,6.0,25.0,0.24
1641727,Dariq Whitehead,19.0,BKN,5,3,0.0,2023-24,0.6,1610612751,0.0,1.0,0.0,0.0,0.0,0.0,0.0,2.0,0.0,0.0,1.0,0.0
1629647,Darius Bazley,24.0,UTA,30,8,0.25,2023-24,0.2666666666666666,1610612762,1.0,3.0,0.333,1.0,2.0,0.5,0.0,3.0,0.0,2.0,5.0,0.4
1629636,Darius Garland,24.0,CLE,841,356,0.371,2023-24,0.4233055885850178,1610612739,11.0,25.0,0.44,11.0,27.0,0.407,110.0,304.0,0.362,22.0,52.0,0.423
1630561,David Duke Jr.,24.0,SAS,18,6,0.5,2023-24,0.3333333333333333,1610612759,1.0,2.0,0.5,0.0,0.0,0.0,2.0,4.0,0.5,1.0,2.0,0.5
1631223,David Roddy,23.0,PHX,409,164,0.293,2023-24,0.4009779951100244,1610612756,10.0,31.0,0.323,9.0,22.0,0.409,29.0,110.0,0.264,19.0,53.0,0.358
1630558,Davion Mitchell,25.0,SAC,323,158,0.361,2023-24,0.4891640866873065,1610612758,14.0,29.0,0.483,7.0,18.0,0.389,36.0,111.0,0.324,21.0,47.0,0.447
202722,Davis Bertans,31.0,CHA,234,200,0.38,2023-24,0.8547008547008547,1610612766,9.0,28.0,0.321,8.0,19.0,0.421,59.0,152.0,0.388,17.0,47.0,0.362
1630549,Day'Ron Sharpe,22.0,BKN,294,15,0.267,2023-24,0.0510204081632653,1610612751,0.0,0.0,0.0,1.0,4.0,0.25,3.0,11.0,0.273,1.0,4.0,0.25
1628368,De'Aaron Fox,26.0,SAC,1549,580,0.369,2023-24,0.3744351194318915,1610612758,25.0,52.0,0.481,10.0,31.0,0.323,179.0,496.0,0.361,35.0,83.0,0.422
1629631,De'Andre Hunter,26.0,ATL,663,304,0.385,2023-24,0.4585218702865761,1610612737,22.0,55.0,0.4,19.0,46.0,0.413,76.0,203.0,0.374,41.0,101.0,0.406
1629001,De'Anthony Melton,26.0,PHI,360,214,0.36,2023-24,0.5944444444444444,1610612755,8.0,22.0,0.364,5.0,19.0,0.263,64.0,173.0,0.37,13.0,41.0,0.317
201599,DeAndre Jordan,35.0,DEN,93,0,0.0,2023-24,0.0,1610612743,0.0,0.0,0.0,0.0,0.0,0.0,0.0,0.0,0.0,0.0,0.0,0.0
1630610,DeJon Jarreau,26.0,MEM,50,13,0.308,2023-24,0.26,1610612763,0.0,2.0,0.0,0.0,0.0,0.0,4.0,11.0,0.364,0.0,2.0,0.0
201942,DeMar DeRozan,34.0,CHI,1355,225,0.333,2023-24,0.1660516605166051,1610612741,20.0,45.0,0.444,8.0,26.0,0.308,48.0,155.0,0.31,28.0,71.0,0.394
1629731,Dean Wade,27.0,CLE,232,202,0.391,2023-24,0.8706896551724138,1610612739,12.0,35.0,0.343,19.0,41.0,0.463,48.0,126.0,0.381,31.0,76.0,0.408
1629028,Deandre Ayton,25.0,POR,749,10,0.1,2023-24,0.0133511348464619,1610612757,0.0,1.0,0.0,1.0,3.0,0.333,0.0,5.0,0.0,1.0,4.0,0.25
1627749,Dejounte Murray,27.0,ATL,1463,554,0.363,2023-24,0.378673957621326,1610612737,35.0,81.0,0.432,24.0,55.0,0.436,142.0,417.0,0.341,59.0,136.0,0.434
1626153,Delon Wright,32.0,MIA,188,68,0.368,2023-24,0.3617021276595745,1610612748,3.0,7.0,0.429,2.0,11.0,0.182,20.0,49.0,0.408,5.0,18.0,0.278
1630166,Deni Avdija,23.0,WAS,803,235,0.374,2023-24,0.2926525529265255,1610612764,13.0,33.0,0.394,18.0,33.0,0.545,57.0,166.0,0.343,31.0,66.0,0.47
203471,Dennis Schröder,30.0,BKN,927,368,0.375,2023-24,0.3969795037756203,1610612751,13.0,38.0,0.342,13.0,27.0,0.481,112.0,298.0,0.376,26.0,65.0,0.4
1628372,Dennis Smith Jr.,26.0,BKN,338,109,0.294,2023-24,0.3224852071005917,1610612751,3.0,15.0,0.2,12.0,25.0,0.48,17.0,68.0,0.25,15.0,40.0,0.375
1641726,Dereck Lively II,20.0,DAL,296,2,0.0,2023-24,0.0067567567567567,1610612742,0.0,1.0,0.0,0.0,1.0,0.0,0.0,0.0,0.0,0.0,2.0,0.0
1631220,Dereon Seabron,24.0,NOP,13,2,0.5,2023-24,0.1538461538461538,1610612740,0.0,1.0,0.0,0.0,0.0,0.0,1.0,1.0,1.0,0.0,1.0,0.0
1627884,Derrick Jones Jr.,27.0,DAL,495,239,0.343,2023-24,0.4828282828282828,1610612742,25.0,75.0,0.333,25.0,73.0,0.342,32.0,91.0,0.352,50.0,148.0,0.338
201565,Derrick Rose,35.0,MEM,165,41,0.366,2023-24,0.2484848484848484,1610612763,3.0,8.0,0.375,4.0,7.0,0.571,8.0,26.0,0.308,7.0,15.0,0.467
1628401,Derrick White,29.0,BOS,839,495,0.396,2023-24,0.5899880810488677,1610612738,17.0,45.0,0.378,27.0,66.0,0.409,152.0,384.0,0.396,44.0,111.0,0.396
1630217,Desmond Bane,26.0,MEM,776,360,0.381,2023-24,0.4639175257731959,1610612763,14.0,28.0,0.5,11.0,27.0,0.407,112.0,304.0,0.368,25.0,55.0,0.455
1626164,Devin Booker,27.0,PHX,1305,418,0.364,2023-24,0.3203065134099617,1610612756,12.0,28.0,0.429,6.0,8.0,0.75,134.0,382.0,0.351,18.0,36.0,0.5
1630170,Devin Vassell,23.0,SAS,1056,446,0.372,2023-24,0.4223484848484848,1610612759,21.0,49.0,0.429,23.0,41.0,0.561,122.0,354.0,0.345,44.0,90.0,0.489
1628984,Devonte' Graham,29.0,SAS,108,83,0.301,2023-24,0.7685185185185185,1610612759,1.0,7.0,0.143,2.0,5.0,0.4,22.0,70.0,0.314,3.0,12.0,0.25
1641926,Dexter Dennis,25.0,DAL,19,8,0.125,2023-24,0.4210526315789473,1610612742,0.0,0.0,0.0,0.0,0.0,0.0,1.0,8.0,0.125,0.0,0.0,0.0
1628415,Dillon Brooks,28.0,HOU,768,370,0.359,2023-24,0.4817708333333333,1610612745,13.0,36.0,0.361,13.0,26.0,0.5,106.0,305.0,0.348,26.0,62.0,0.419
1631376,Dmytro Skapintsev,26.0,NYK,1,0,0.0,2023-24,0.0,1610612752,,,,0.0,0.0,0.0,0.0,0.0,0.0,0.0,0.0,0.0
1627734,Domantas Sabonis,28.0,SAC,1068,87,0.379,2023-24,0.0814606741573033,1610612758,0.0,2.0,0.0,1.0,3.0,0.333,32.0,82.0,0.39,1.0,5.0,0.2
1631230,Dominick Barlow,21.0,SAS,113,9,0.333,2023-24,0.079646017699115,1610612759,0.0,1.0,0.0,3.0,7.0,0.429,0.0,1.0,0.0,3.0,8.0,0.375
1628378,Donovan Mitchell,27.0,CLE,1089,494,0.368,2023-24,0.4536271808999081,1610612739,3.0,13.0,0.231,5.0,13.0,0.385,174.0,467.0,0.373,8.0,26.0,0.308
1628978,Donte DiVincenzo,27.0,NYK,1004,705,0.401,2023-24,0.702191235059761,1610612752,44.0,106.0,0.415,42.0,81.0,0.519,196.0,515.0,0.381,86.0,187.0,0.46
1627827,Dorian Finney-Smith,31.0,BKN,511,336,0.348,2023-24,0.6575342465753424,1610612751,23.0,61.0,0.377,20.0,63.0,0.317,74.0,210.0,0.352,43.0,124.0,0.347
203926,Doug McDermott,32.0,IND,284,229,0.41,2023-24,0.8063380281690141,1610612754,13.0,34.0,0.382,7.0,15.0,0.467,74.0,180.0,0.411,20.0,49.0,0.408
203110,Draymond Green,34.0,GSW,372,129,0.395,2023-24,0.3467741935483871,1610612744,6.0,20.0,0.3,11.0,21.0,0.524,34.0,88.0,0.386,17.0,41.0,0.415
1629234,Drew Eubanks,27.0,PHX,253,3,1.0,2023-24,0.0118577075098814,1610612756,2.0,2.0,1.0,1.0,1.0,1.0,0.0,0.0,0.0,3.0,3.0,1.0
1641809,Drew Peterson,24.0,BOS,6,5,0.6,2023-24,0.8333333333333334,1610612738,0.0,1.0,0.0,0.0,0.0,0.0,3.0,4.0,0.75,0.0,1.0,0.0
1630696,Dru Smith,26.0,MIA,33,17,0.412,2023-24,0.5151515151515151,1610612748,1.0,1.0,1.0,2.0,3.0,0.667,4.0,12.0,0.333,3.0,4.0,0.75
1629130,Duncan Robinson,30.0,MIA,675,473,0.395,2023-24,0.7007407407407408,1610612748,21.0,57.0,0.368,27.0,58.0,0.466,139.0,356.0,0.39,48.0,115.0,0.417
1641871,Duop Reath,28.0,POR,499,245,0.359,2023-24,0.4909819639278557,1610612757,8.0,21.0,0.381,13.0,25.0,0.52,67.0,199.0,0.337,21.0,46.0,0.457
203939,Dwight Powell,32.0,DAL,106,3,0.333,2023-24,0.0283018867924528,1610612742,0.0,0.0,0.0,1.0,2.0,0.5,0.0,1.0,0.0,1.0,2.0,0.5
1629685,Dylan Windler,27.0,ATL,30,27,0.481,2023-24,0.9,1610612737,3.0,6.0,0.5,2.0,6.0,0.333,8.0,15.0,0.533,5.0,12.0,0.417
1630700,Dyson Daniels,21.0,NOP,311,135,0.311,2023-24,0.4340836012861736,1610612740,6.0,15.0,0.4,14.0,38.0,0.368,22.0,78.0,0.282,20.0,53.0,0.377
1630604,E.J. Liddell,23.0,NOP,6,5,0.0,2023-24,0.8333333333333334,1610612740,0.0,0.0,0.0,0.0,0.0,0.0,0.0,5.0,0.0,0.0,0.0,0.0
1641734,Emoni Bates,20.0,CLE,49,33,0.303,2023-24,0.673469387755102,1610612739,3.0,4.0,0.75,0.0,2.0,0.0,7.0,27.0,0.259,3.0,6.0,0.5
201569,Eric Gordon,35.0,PHX,618,397,0.378,2023-24,0.6423948220064725,1610612756,9.0,26.0,0.346,25.0,57.0,0.439,116.0,313.0,0.371,34.0,83.0,0.41
1630647,Eugene Omoruyi,27.0,WAS,167,46,0.283,2023-24,0.2754491017964072,1610612764,0.0,2.0,0.0,0.0,6.0,0.0,13.0,38.0,0.342,0.0,8.0,0.0
203095,Evan Fournier,31.0,DET,221,130,0.254,2023-24,0.5882352941176471,1610612765,8.0,21.0,0.381,2.0,19.0,0.105,23.0,90.0,0.256,10.0,40.0,0.25
1630596,Evan Mobley,23.0,CLE,552,59,0.373,2023-24,0.1068840579710145,1610612739,3.0,10.0,0.3,6.0,16.0,0.375,13.0,33.0,0.394,9.0,26.0,0.346
1630196,Filip Petrusev,24.0,PHI,2,0,0.0,2023-24,0.0,1610612755,0.0,0.0,0.0,0.0,0.0,0.0,0.0,0.0,0.0,0.0,0.0,0.0
1628373,Frank Ntilikina,25.0,CHA,9,8,0.125,2023-24,0.8888888888888888,1610612766,0.0,0.0,0.0,0.0,3.0,0.0,1.0,5.0,0.2,0.0,3.0,0.0
1630532,Franz Wagner,22.0,ORL,1096,334,0.281,2023-24,0.3047445255474452,1610612753,6.0,25.0,0.24,3.0,16.0,0.188,85.0,289.0,0.294,9.0,41.0,0.22
1627832,Fred VanVleet,30.0,HOU,1018,586,0.387,2023-24,0.5756385068762279,1610612745,15.0,28.0,0.536,12.0,27.0,0.444,200.0,523.0,0.382,27.0,55.0,0.491
1627788,Furkan Korkmaz,26.0,PHI,76,40,0.35,2023-24,0.5263157894736842,1610612755,0.0,2.0,0.0,2.0,2.0,1.0,12.0,36.0,0.333,2.0,4.0,0.5
1641713,GG Jackson,19.0,MEM,563,286,0.357,2023-24,0.5079928952042628,1610612763,17.0,33.0,0.515,15.0,33.0,0.455,70.0,219.0,0.32,32.0,66.0,0.485
1629216,Gabe Vincent,28.0,LAL,49,28,0.107,2023-24,0.5714285714285714,1610612747,0.0,2.0,0.0,0.0,3.0,0.0,3.0,23.0,0.13,0.0,5.0,0.0
202066,Garrett Temple,38.0,TOR,78,40,0.3,2023-24,0.5128205128205128,1610612761,6.0,15.0,0.4,2.0,6.0,0.333,4.0,19.0,0.211,8.0,21.0,0.381
1629726,Garrison Mathews,27.0,ATL,226,193,0.44,2023-24,0.8539823008849557,1610612737,11.0,30.0,0.367,20.0,36.0,0.556,54.0,127.0,0.425,31.0,66.0,0.47
203914,Gary Harris,29.0,ORL,297,205,0.371,2023-24,0.6902356902356902,1610612753,25.0,59.0,0.424,12.0,32.0,0.375,39.0,113.0,0.345,37.0,91.0,0.407
1627780,Gary Payton II,31.0,GSW,183,55,0.364,2023-24,0.3005464480874317,1610612744,6.0,21.0,0.286,7.0,16.0,0.438,7.0,18.0,0.389,13.0,37.0,0.351
1629018,Gary Trent Jr.,25.0,TOR,847,453,0.393,2023-24,0.5348288075560803,1610612761,20.0,52.0,0.385,10.0,27.0,0.37,148.0,374.0,0.396,30.0,79.0,0.38
1627777,Georges Niang,31.0,CLE,632,396,0.376,2023-24,0.6265822784810127,1610612739,24.0,79.0,0.304,26.0,64.0,0.406,99.0,253.0,0.391,50.0,143.0,0.35
203507,Giannis Antetokounmpo,29.0,MIL,1369,124,0.274,2023-24,0.0905770635500365,1610612749,0.0,3.0,0.0,0.0,0.0,0.0,34.0,120.0,0.283,0.0,3.0,0.0
1629048,Goga Bitadze,24.0,ORL,209,14,0.143,2023-24,0.0669856459330143,1610612753,0.0,1.0,0.0,0.0,3.0,0.0,2.0,10.0,0.2,0.0,4.0,0.0
202330,Gordon Hayward,34.0,OKC,403,90,0.411,2023-24,0.2233250620347394,1610612760,6.0,16.0,0.375,6.0,12.0,0.5,25.0,62.0,0.403,12.0,28.0,0.429
1641711,Gradey Dick,20.0,TOR,445,241,0.365,2023-24,0.5415730337078651,1610612761,24.0,47.0,0.511,20.0,47.0,0.426,44.0,144.0,0.306,44.0,94.0,0.468
1629684,Grant Williams,25.0,CHA,605,336,0.375,2023-24,0.5553719008264463,1610612766,19.0,69.0,0.275,23.0,45.0,0.511,84.0,221.0,0.38,42.0,114.0,0.368
1628960,Grayson Allen,28.0,PHX,682,445,0.461,2023-24,0.6524926686217009,1610612756,48.0,85.0,0.565,17.0,50.0,0.34,140.0,310.0,0.452,65.0,135.0,0.481
1630535,Greg Brown III,22.0,DAL,11,3,0.333,2023-24,0.2727272727272727,1610612742,0.0,0.0,0.0,0.0,0.0,0.0,1.0,3.0,0.333,0.0,0.0,0.0
1630611,Gui Santos,22.0,GSW,55,27,0.37,2023-24,0.4909090909090909,1610612744,2.0,4.0,0.5,2.0,4.0,0.5,6.0,19.0,0.316,4.0,8.0,0.5
1628977,Hamidou Diallo,25.0,WAS,2,0,0.0,2023-24,0.0,1610612764,0.0,0.0,0.0,0.0,0.0,0.0,0.0,0.0,0.0,0.0,0.0,0.0
203084,Harrison Barnes,32.0,SAC,732,385,0.387,2023-24,0.5259562841530054,1610612758,37.0,93.0,0.398,31.0,73.0,0.425,81.0,219.0,0.37,68.0,166.0,0.41
1628385,Harry Giles III,26.0,LAL,50,14,0.214,2023-24,0.28,1610612747,1.0,1.0,1.0,0.0,4.0,0.0,2.0,9.0,0.222,1.0,5.0,0.2
1629312,Haywood Highsmith,27.0,MIA,329,192,0.396,2023-24,0.5835866261398176,1610612748,22.0,47.0,0.468,14.0,37.0,0.378,40.0,108.0,0.37,36.0,84.0,0.429
1630929,Henri Drell,24.0,CHI,10,6,0.333,2023-24,0.6,1610612741,1.0,2.0,0.5,0.0,1.0,0.0,1.0,3.0,0.333,1.0,3.0,0.333
1630529,Herbert Jones,25.0,NOP,588,273,0.418,2023-24,0.4642857142857143,1610612740,23.0,68.0,0.338,47.0,82.0,0.573,44.0,123.0,0.358,70.0,150.0,0.467
1641816,Hunter Tyson,24.0,DEN,20,14,0.286,2023-24,0.7,1610612743,1.0,1.0,1.0,0.0,0.0,0.0,3.0,13.0,0.231,1.0,1.0,1.0
1630641,Ibou Badji,21.0,POR,22,0,0.0,2023-24,0.0,1610612757,0.0,0.0,0.0,0.0,0.0,0.0,0.0,0.0,0.0,0.0,0.0,0.0
1630193,Immanuel Quickley,25.0,TOR,894,433,0.395,2023-24,0.4843400447427293,1610612761,11.0,36.0,0.306,15.0,52.0,0.288,145.0,345.0,0.42,26.0,88.0,0.295
1630171,Isaac Okoro,23.0,CLE,480,215,0.391,2023-24,0.4479166666666667,1610612739,21.0,51.0,0.412,34.0,89.0,0.382,29.0,74.0,0.392,55.0,140.0,0.393
1628392,Isaiah Hartenstein,26.0,NYK,365,3,0.333,2023-24,0.0082191780821917,1610612752,0.0,0.0,0.0,0.0,0.0,0.0,1.0,3.0,0.333,0.0,0.0,0.0
1630543,Isaiah Jackson,22.0,IND,233,4,0.0,2023-24,0.0171673819742489,1610612754,0.0,0.0,0.0,0.0,2.0,0.0,0.0,2.0,0.0,0.0,2.0,0.0
1630198,Isaiah Joe,24.0,OKC,485,353,0.416,2023-24,0.7278350515463917,1610612760,26.0,53.0,0.491,8.0,27.0,0.296,113.0,271.0,0.417,34.0,80.0,0.425
1630587,Isaiah Livers,25.0,DET,116,77,0.286,2023-24,0.6637931034482759,1610612765,3.0,10.0,0.3,6.0,19.0,0.316,13.0,47.0,0.277,9.0,29.0,0.31
1630600,Isaiah Mobley,24.0,CLE,24,10,0.3,2023-24,0.4166666666666667,1610612739,0.0,2.0,0.0,1.0,2.0,0.5,2.0,6.0,0.333,1.0,4.0,0.25
1630191,Isaiah Stewart,23.0,DET,382,175,0.383,2023-24,0.4581151832460733,1610612765,9.0,32.0,0.281,14.0,32.0,0.438,44.0,111.0,0.396,23.0,64.0,0.359
202738,Isaiah Thomas,35.0,PHX,10,4,0.5,2023-24,0.4,1610612756,1.0,1.0,1.0,0.0,1.0,0.0,1.0,2.0,0.5,1.0,2.0,0.5
1631209,Isaiah Wong,23.0,IND,3,1,0.0,2023-24,0.3333333333333333,1610612754,0.0,1.0,0.0,,,,0.0,0.0,0.0,0.0,1.0,0.0
202397,Ish Smith,35.0,CHA,158,8,0.5,2023-24,0.050632911392405,1610612766,1.0,1.0,1.0,0.0,0.0,0.0,3.0,6.0,0.5,1.0,1.0,1.0
1630688,Ish Wainright,29.0,PHX,24,20,0.35,2023-24,0.8333333333333334,1610612756,2.0,3.0,0.667,1.0,2.0,0.5,4.0,15.0,0.267,3.0,5.0,0.6
1627826,Ivica Zubac,27.0,LAC,519,0,0.0,2023-24,0.0,1610612746,0.0,0.0,0.0,0.0,0.0,0.0,0.0,0.0,0.0,0.0,0.0,0.0
1631167,Izaiah Brockington,24.0,NOP,5,1,0.0,2023-24,0.2,1610612740,0.0,0.0,0.0,0.0,0.0,0.0,0.0,1.0,0.0,0.0,0.0,0.0
1631120,JD Davison,21.0,BOS,12,7,0.429,2023-24,0.5833333333333334,1610612738,0.0,0.0,0.0,0.0,1.0,0.0,3.0,6.0,0.5,0.0,1.0,0.0
1630550,JT Thor,21.0,CHA,183,81,0.346,2023-24,0.4426229508196721,1610612766,6.0,23.0,0.261,8.0,20.0,0.4,14.0,38.0,0.368,14.0,43.0,0.326
1629630,Ja Morant,24.0,MEM,170,51,0.275,2023-24,0.3,1610612763,1.0,2.0,0.5,0.0,3.0,0.0,13.0,46.0,0.283,1.0,5.0,0.2
201580,JaVale McGee,36.0,SAC,132,7,0.143,2023-24,0.053030303030303,1610612758,0.0,0.0,0.0,0.0,0.0,0.0,1.0,7.0,0.143,0.0,0.0,0.0
1631095,Jabari Smith Jr.,21.0,HOU,833,380,0.363,2023-24,0.4561824729891957,1610612745,13.0,29.0,0.448,20.0,44.0,0.455,105.0,302.0,0.348,33.0,73.0,0.452
1631133,Jabari Walker,21.0,POR,509,139,0.295,2023-24,0.2730844793713163,1610612757,15.0,32.0,0.469,5.0,35.0,0.143,21.0,71.0,0.296,20.0,67.0,0.299
1631298,Jack White,26.0,OKC,16,10,0.2,2023-24,0.625,1610612760,0.0,1.0,0.0,0.0,1.0,0.0,2.0,8.0,0.25,0.0,2.0,0.0
1631367,Jacob Gilyard,25.0,BKN,150,126,0.405,2023-24,0.84,1610612751,12.0,19.0,0.632,3.0,11.0,0.273,36.0,94.0,0.383,15.0,30.0,0.5
1631210,Jacob Toppin,24.0,NYK,9,4,0.25,2023-24,0.4444444444444444,1610612752,0.0,0.0,0.0,0.0,1.0,0.0,1.0,3.0,0.333,0.0,1.0,0.0
1630702,Jaden Hardy,21.0,DAL,479,224,0.362,2023-24,0.4676409185803757,1610612742,13.0,34.0,0.382,8.0,24.0,0.333,60.0,162.0,0.37,21.0,58.0,0.362
1631093,Jaden Ivey,22.0,DET,973,369,0.336,2023-24,0.3792394655704008,1610612765,15.0,54.0,0.278,13.0,29.0,0.448,96.0,280.0,0.343,28.0,83.0,0.337
1630183,Jaden McDaniels,23.0,MIN,628,255,0.337,2023-24,0.4060509554140127,1610612750,33.0,89.0,0.371,25.0,70.0,0.357,28.0,94.0,0.298,58.0,159.0,0.365
1630531,Jaden Springer,21.0,BOS,148,48,0.208,2023-24,0.3243243243243243,1610612738,4.0,11.0,0.364,1.0,11.0,0.091,5.0,26.0,0.192,5.0,22.0,0.227
203109,Jae Crowder,33.0,MIL,270,166,0.349,2023-24,0.6148148148148148,1610612749,16.0,44.0,0.364,14.0,33.0,0.424,28.0,88.0,0.318,30.0,77.0,0.39
1630256,Jae'Sean Tate,28.0,HOU,229,77,0.299,2023-24,0.3362445414847161,1610612745,8.0,30.0,0.267,6.0,14.0,0.429,9.0,33.0,0.273,14.0,44.0,0.318
1630186,Jahmi'us Ramsey,23.0,TOR,41,22,0.273,2023-24,0.5365853658536586,1610612761,1.0,2.0,0.5,1.0,4.0,0.25,4.0,16.0,0.25,2.0,6.0,0.333
1631170,Jaime Jaquez Jr.,23.0,MIA,697,202,0.322,2023-24,0.2898134863701578,1610612748,22.0,59.0,0.373,13.0,49.0,0.265,30.0,90.0,0.333,35.0,108.0,0.324
1631222,Jake LaRavia,22.0,MEM,303,156,0.34,2023-24,0.5148514851485149,1610612763,7.0,15.0,0.467,5.0,13.0,0.385,41.0,127.0,0.323,12.0,28.0,0.429
1627751,Jakob Poeltl,28.0,TOR,378,0,0.0,2023-24,0.0,1610612761,0.0,0.0,0.0,0.0,0.0,0.0,0.0,0.0,0.0,0.0,0.0,0.0
1628973,Jalen Brunson,27.0,NYK,1648,526,0.401,2023-24,0.3191747572815534,1610612752,9.0,21.0,0.429,24.0,51.0,0.471,178.0,453.0,0.393,33.0,72.0,0.458
1630622,Jalen Crutcher,24.0,NOP,1,0,0.0,2023-24,0.0,1610612740,0.0,0.0,0.0,0.0,0.0,0.0,0.0,0.0,0.0,0.0,0.0,0.0
1631105,Jalen Duren,20.0,DET,564,4,0.0,2023-24,0.0070921985815602,1610612765,0.0,0.0,0.0,0.0,0.0,0.0,0.0,4.0,0.0,0.0,0.0,0.0
1630224,Jalen Green,22.0,HOU,1332,605,0.332,2023-24,0.4542042042042042,1610612745,12.0,29.0,0.414,10.0,29.0,0.345,179.0,544.0,0.329,22.0,58.0,0.379
1641720,Jalen Hood-Schifino,21.0,LAL,45,15,0.133,2023-24,0.3333333333333333,1610612747,0.0,1.0,0.0,0.0,0.0,0.0,2.0,14.0,0.143,0.0,1.0,0.0
1630552,Jalen Johnson,22.0,ATL,702,200,0.355,2023-24,0.2849002849002849,1610612737,9.0,29.0,0.31,9.0,32.0,0.281,53.0,138.0,0.384,18.0,61.0,0.295
1629667,Jalen McDaniels,26.0,TOR,189,71,0.169,2023-24,0.3756613756613756,1610612761,2.0,8.0,0.25,4.0,14.0,0.286,6.0,49.0,0.122,6.0,22.0,0.273
1629618,Jalen Pickett,24.0,DEN,35,25,0.36,2023-24,0.7142857142857143,1610612743,0.0,0.0,0.0,0.0,1.0,0.0,9.0,23.0,0.391,0.0,1.0,0.0
1641771,Jalen Slawson,24.0,SAC,6,2,0.0,2023-24,0.3333333333333333,1610612758,0.0,0.0,0.0,0.0,0.0,0.0,0.0,2.0,0.0,0.0,0.0,0.0
1630188,Jalen Smith,24.0,IND,395,144,0.424,2023-24,0.3645569620253164,1610612754,1.0,6.0,0.167,9.0,18.0,0.5,51.0,119.0,0.429,10.0,24.0,0.417
1630591,Jalen Suggs,23.0,ORL,714,385,0.397,2023-24,0.5392156862745098,1610612753,24.0,59.0,0.407,15.0,45.0,0.333,114.0,280.0,0.407,39.0,104.0,0.375
1631114,Jalen Williams,23.0,OKC,993,241,0.427,2023-24,0.24269889224572,1610612760,7.0,12.0,0.583,6.0,14.0,0.429,90.0,215.0,0.419,13.0,26.0,0.5
1630592,Jalen Wilson,23.0,BKN,179,74,0.324,2023-24,0.4134078212290503,1610612751,4.0,12.0,0.333,7.0,17.0,0.412,13.0,43.0,0.302,11.0,29.0,0.379
1631288,Jamal Cain,25.0,MIA,79,31,0.355,2023-24,0.3924050632911392,1610612748,2.0,10.0,0.2,3.0,9.0,0.333,6.0,12.0,0.5,5.0,19.0,0.263
1627750,Jamal Murray,27.0,DEN,986,341,0.425,2023-24,0.345841784989858,1610612743,9.0,24.0,0.375,2.0,15.0,0.133,134.0,300.0,0.447,11.0,39.0,0.282
1631123,Jamaree Bouyea,25.0,SAS,28,9,0.111,2023-24,0.3214285714285714,1610612759,0.0,0.0,0.0,0.0,0.0,0.0,1.0,8.0,0.125,0.0,0.0,0.0
1630547,James Bouknight,23.0,CHA,41,30,0.433,2023-24,0.7317073170731707,1610612766,1.0,5.0,0.2,1.0,3.0,0.333,11.0,22.0,0.5,2.0,8.0,0.25
201935,James Harden,34.0,LAC,822,488,0.381,2023-24,0.5936739659367397,1610612746,4.0,16.0,0.25,11.0,22.0,0.5,171.0,450.0,0.38,15.0,38.0,0.395
201949,James Johnson,37.0,IND,10,2,0.0,2023-24,0.2,1610612754,0.0,0.0,0.0,0.0,0.0,0.0,0.0,2.0,0.0,0.0,0.0,0.0
1630164,James Wiseman,23.0,DET,305,2,0.0,2023-24,0.0065573770491803,1610612765,0.0,0.0,0.0,0.0,0.0,0.0,0.0,1.0,0.0,0.0,0.0,0.0
1641716,Jarace Walker,20.0,IND,110,55,0.4,2023-24,0.5,1610612754,1.0,8.0,0.125,3.0,4.0,0.75,18.0,43.0,0.419,4.0,12.0,0.333
1630215,Jared Butler,23.0,WAS,201,78,0.308,2023-24,0.3880597014925373,1610612764,5.0,8.0,0.625,2.0,5.0,0.4,17.0,62.0,0.274,7.0,13.0,0.538
1631197,Jared Rhoden,24.0,DET,66,31,0.387,2023-24,0.4696969696969697,1610612765,2.0,7.0,0.286,4.0,7.0,0.571,6.0,16.0,0.375,6.0,14.0,0.429
1628991,Jaren Jackson Jr.,24.0,MEM,1161,366,0.32,2023-24,0.3152454780361757,1610612763,6.0,31.0,0.194,12.0,26.0,0.462,99.0,301.0,0.329,18.0,57.0,0.316
1629020,Jarred Vanderbilt,25.0,LAL,114,27,0.296,2023-24,0.2368421052631578,1610612747,2.0,7.0,0.286,6.0,14.0,0.429,0.0,5.0,0.0,8.0,21.0,0.381
1628386,Jarrett Allen,26.0,CLE,819,6,0.0,2023-24,0.0073260073260073,1610612739,0.0,1.0,0.0,0.0,1.0,0.0,0.0,4.0,0.0,0.0,2.0,0.0
1630554,Jason Preston,24.0,UTA,19,3,0.0,2023-24,0.1578947368421052,1610612762,0.0,1.0,0.0,0.0,0.0,0.0,0.0,2.0,0.0,0.0,1.0,0.0
1631241,Javon Freeman-Liberty,24.0,TOR,124,42,0.238,2023-24,0.3387096774193548,1610612761,3.0,6.0,0.5,1.0,6.0,0.167,6.0,30.0,0.2,4.0,12.0,0.333
1629750,Javonte Green,30.0,CHI,75,27,0.37,2023-24,0.36,1610612741,2.0,8.0,0.25,4.0,9.0,0.444,4.0,10.0,0.4,6.0,17.0,0.353
1629637,Jaxson Hayes,24.0,LAL,175,8,0.0,2023-24,0.0457142857142857,1610612747,0.0,0.0,0.0,0.0,1.0,0.0,0.0,6.0,0.0,0.0,1.0,0.0
1630643,Jay Huff,26.0,DEN,15,9,0.333,2023-24,0.6,1610612743,0.0,0.0,0.0,0.0,0.0,0.0,3.0,9.0,0.333,0.0,0.0,0.0
1627759,Jaylen Brown,27.0,BOS,1256,410,0.354,2023-24,0.3264331210191082,1610612738,18.0,46.0,0.391,15.0,42.0,0.357,112.0,322.0,0.348,33.0,88.0,0.375
1629669,Jaylen Nowell,24.0,SAC,78,29,0.207,2023-24,0.3717948717948718,1610612758,0.0,2.0,0.0,1.0,3.0,0.333,5.0,23.0,0.217,1.0,5.0,0.2
1631119,Jaylin Williams,22.0,OKC,228,144,0.368,2023-24,0.631578947368421,1610612760,9.0,23.0,0.391,3.0,11.0,0.273,41.0,110.0,0.373,12.0,34.0,0.353
1628369,Jayson Tatum,26.0,BOS,1426,609,0.376,2023-24,0.4270687237026648,1610612738,7.0,22.0,0.318,7.0,20.0,0.35,215.0,567.0,0.379,14.0,42.0,0.333
1630288,Jeff Dowtin Jr.,27.0,PHI,36,19,0.474,2023-24,0.5277777777777778,1610612755,0.0,0.0,0.0,1.0,2.0,0.5,8.0,17.0,0.471,1.0,2.0,0.5
201145,Jeff Green,37.0,HOU,366,160,0.331,2023-24,0.4371584699453552,1610612745,11.0,33.0,0.333,14.0,41.0,0.341,28.0,82.0,0.341,25.0,74.0,0.338
203924,Jerami Grant,30.0,POR,850,276,0.402,2023-24,0.3247058823529412,1610612757,21.0,53.0,0.396,26.0,49.0,0.531,64.0,174.0,0.368,47.0,102.0,0.461
1630526,Jeremiah Robinson-Earl,23.0,NOP,95,39,0.333,2023-24,0.4105263157894737,1610612740,5.0,11.0,0.455,3.0,11.0,0.273,5.0,17.0,0.294,8.0,22.0,0.364
1631110,Jeremy Sochan,21.0,SAS,776,227,0.308,2023-24,0.2925257731958763,1610612759,13.0,37.0,0.351,11.0,38.0,0.289,46.0,148.0,0.311,24.0,75.0,0.32
1630579,Jericho Sims,25.0,NYK,55,0,0.0,2023-24,0.0,1610612752,0.0,0.0,0.0,0.0,0.0,0.0,0.0,0.0,0.0,0.0,0.0,0.0
1631257,Jermaine Samuels Jr.,25.0,HOU,14,2,0.0,2023-24,0.1428571428571428,1610612745,0.0,1.0,0.0,0.0,1.0,0.0,0.0,0.0,0.0,0.0,2.0,0.0
1629010,Jerome Robinson,27.0,GSW,33,17,0.118,2023-24,0.5151515151515151,1610612744,0.0,3.0,0.0,0.0,1.0,0.0,2.0,13.0,0.154,0.0,4.0,0.0
1641724,Jett Howard,20.0,ORL,30,25,0.28,2023-24,0.8333333333333334,1610612753,0.0,2.0,0.0,0.0,0.0,0.0,7.0,23.0,0.304,0.0,2.0,0.0
1628975,Jevon Carter,28.0,CHI,365,234,0.329,2023-24,0.6410958904109589,1610612741,16.0,37.0,0.432,7.0,24.0,0.292,54.0,172.0,0.314,23.0,61.0,0.377
202710,Jimmy Butler III,34.0,MIA,793,145,0.414,2023-24,0.1828499369482976,1610612748,14.0,33.0,0.424,19.0,40.0,0.475,27.0,72.0,0.375,33.0,73.0,0.452
1629111,Jock Landale,28.0,HOU,206,40,0.25,2023-24,0.1941747572815534,1610612745,0.0,3.0,0.0,1.0,1.0,1.0,9.0,36.0,0.25,1.0,4.0,0.25
203925,Joe Harris,32.0,DET,39,30,0.333,2023-24,0.7692307692307693,1610612765,2.0,5.0,0.4,5.0,9.0,0.556,3.0,16.0,0.188,7.0,14.0,0.5
204060,Joe Ingles,36.0,ORL,227,161,0.435,2023-24,0.7092511013215859,1610612753,5.0,15.0,0.333,12.0,19.0,0.632,53.0,125.0,0.424,17.0,34.0,0.5
203954,Joel Embiid,30.0,PHI,851,139,0.388,2023-24,0.163337250293772,1610612755,2.0,4.0,0.5,2.0,3.0,0.667,50.0,130.0,0.385,4.0,7.0,0.571
1628381,John Collins,26.0,UTA,746,232,0.371,2023-24,0.3109919571045576,1610612762,13.0,34.0,0.382,25.0,69.0,0.362,48.0,129.0,0.372,38.0,103.0,0.369
1629723,John Konchar,28.0,MEM,208,120,0.317,2023-24,0.5769230769230769,1610612763,11.0,41.0,0.268,6.0,19.0,0.316,21.0,60.0,0.35,17.0,60.0,0.283
1631098,Johnny Davis,22.0,WAS,154,40,0.35,2023-24,0.2597402597402597,1610612764,5.0,9.0,0.556,2.0,9.0,0.222,7.0,21.0,0.333,7.0,18.0,0.389
1630548,Johnny Juzang,23.0,UTA,110,77,0.416,2023-24,0.7,1610612762,10.0,19.0,0.526,4.0,19.0,0.211,18.0,39.0,0.462,14.0,38.0,0.368
202685,Jonas Valančiūnas,32.0,NOP,719,120,0.308,2023-24,0.1668984700973574,1610612740,2.0,12.0,0.167,2.0,12.0,0.167,33.0,96.0,0.344,4.0,24.0,0.167
1628371,Jonathan Isaac,26.0,ORL,286,112,0.375,2023-24,0.3916083916083916,1610612753,15.0,30.0,0.5,10.0,26.0,0.385,17.0,55.0,0.309,25.0,56.0,0.446
1630228,Jonathan Kuminga,21.0,GSW,862,165,0.321,2023-24,0.191415313225058,1610612744,12.0,27.0,0.444,9.0,25.0,0.36,32.0,112.0,0.286,21.0,52.0,0.404
1629007,Jontay Porter,24.0,DET,104,60,0.333,2023-24,0.5769230769230769,1610612765,1.0,2.0,0.5,2.0,3.0,0.667,17.0,55.0,0.309,3.0,5.0,0.6
203903,Jordan Clarkson,32.0,UTA,816,309,0.294,2023-24,0.3786764705882353,1610612762,8.0,20.0,0.4,9.0,22.0,0.409,75.0,260.0,0.288,17.0,42.0,0.405
1630259,Jordan Ford,26.0,SAC,7,3,0.667,2023-24,0.4285714285714285,1610612758,1.0,2.0,0.5,0.0,0.0,0.0,1.0,1.0,1.0,1.0,2.0,0.5
1630692,Jordan Goodwin,25.0,MEM,382,141,0.298,2023-24,0.369109947643979,1610612763,5.0,19.0,0.263,8.0,18.0,0.444,29.0,104.0,0.279,13.0,37.0,0.351
1641722,Jordan Hawkins,22.0,NOP,456,298,0.366,2023-24,0.6535087719298246,1610612740,20.0,36.0,0.556,14.0,38.0,0.368,75.0,222.0,0.338,34.0,74.0,0.459
1629162,Jordan McLaughlin,28.0,MIN,145,89,0.472,2023-24,0.6137931034482759,1610612750,6.0,18.0,0.333,13.0,26.0,0.5,22.0,44.0,0.5,19.0,44.0,0.432
1641757,Jordan Miller,24.0,LAC,9,2,0.5,2023-24,0.2222222222222222,1610612746,1.0,1.0,1.0,0.0,1.0,0.0,0.0,0.0,0.0,1.0,2.0,0.5
1629670,Jordan Nwora,25.0,TOR,299,131,0.336,2023-24,0.4381270903010033,1610612761,7.0,20.0,0.35,7.0,19.0,0.368,30.0,90.0,0.333,14.0,39.0,0.359
1629673,Jordan Poole,25.0,WAS,1186,564,0.326,2023-24,0.475548060708263,1610612764,13.0,35.0,0.371,8.0,30.0,0.267,163.0,495.0,0.329,21.0,65.0,0.323
1641775,Jordan Walsh,20.0,BOS,15,9,0.222,2023-24,0.6,1610612738,0.0,2.0,0.0,0.0,2.0,0.0,2.0,5.0,0.4,0.0,4.0,0.0
1630631,Jose Alvarado,26.0,NOP,345,207,0.377,2023-24,0.6,1610612740,14.0,28.0,0.5,15.0,32.0,0.469,49.0,146.0,0.336,29.0,60.0,0.483
1630581,Josh Giddey,21.0,OKC,847,243,0.337,2023-24,0.2868949232585596,1610612760,25.0,65.0,0.385,10.0,31.0,0.323,47.0,147.0,0.32,35.0,96.0,0.365
1630182,Josh Green,23.0,DAL,374,187,0.385,2023-24,0.5,1610612742,20.0,53.0,0.377,26.0,67.0,0.388,26.0,67.0,0.388,46.0,120.0,0.383
1628404,Josh Hart,29.0,NYK,679,258,0.31,2023-24,0.3799705449189985,1610612752,8.0,26.0,0.308,14.0,39.0,0.359,58.0,192.0,0.302,22.0,65.0,0.338
1631169,Josh Minott,21.0,MIN,36,10,0.4,2023-24,0.2777777777777778,1610612750,1.0,3.0,0.333,0.0,0.0,0.0,3.0,7.0,0.429,1.0,3.0,0.333
1629006,Josh Okogie,25.0,PHX,206,94,0.309,2023-24,0.4563106796116505,1610612756,12.0,34.0,0.353,6.0,26.0,0.231,11.0,34.0,0.324,18.0,60.0,0.3
1626196,Josh Richardson,30.0,MIA,347,190,0.347,2023-24,0.547550432276657,1610612748,12.0,26.0,0.462,6.0,20.0,0.3,48.0,143.0,0.336,18.0,46.0,0.391
1630563,Joshua Primo,21.0,LAC,3,1,0.0,2023-24,0.3333333333333333,1610612746,0.0,0.0,0.0,,,,0.0,1.0,0.0,0.0,0.0,0.0
201950,Jrue Holiday,34.0,BOS,689,322,0.429,2023-24,0.467343976777939,1610612738,30.0,51.0,0.588,25.0,40.0,0.625,83.0,230.0,0.361,55.0,91.0,0.604
1629308,Juan Toscano-Anderson,31.0,SAC,12,4,0.25,2023-24,0.3333333333333333,1610612758,0.0,2.0,0.0,1.0,1.0,1.0,0.0,1.0,0.0,1.0,3.0,0.333
1631262,Jules Bernard,24.0,WAS,64,29,0.379,2023-24,0.453125,1610612764,2.0,3.0,0.667,1.0,2.0,0.5,8.0,24.0,0.333,3.0,5.0,0.6
1630577,Julian Champagnie,23.0,SAS,402,277,0.365,2023-24,0.6890547263681592,1610612759,19.0,49.0,0.388,14.0,44.0,0.318,68.0,184.0,0.37,33.0,93.0,0.355
1641763,Julian Phillips,20.0,CHI,77,38,0.316,2023-24,0.4935064935064935,1610612741,3.0,9.0,0.333,7.0,13.0,0.538,2.0,16.0,0.125,10.0,22.0,0.455
1631124,Julian Strawther,22.0,DEN,222,138,0.297,2023-24,0.6216216216216216,1610612743,3.0,10.0,0.3,3.0,6.0,0.5,35.0,122.0,0.287,6.0,16.0,0.375
203944,Julius Randle,29.0,NYK,836,244,0.311,2023-24,0.291866028708134,1610612752,8.0,19.0,0.421,11.0,18.0,0.611,57.0,207.0,0.275,19.0,37.0,0.514
1630551,Justin Champagnie,23.0,WAS,78,45,0.289,2023-24,0.5769230769230769,1610612764,2.0,13.0,0.154,3.0,8.0,0.375,7.0,23.0,0.304,5.0,21.0,0.238
203200,Justin Holiday,35.0,DEN,194,136,0.404,2023-24,0.7010309278350515,1610612743,16.0,33.0,0.485,18.0,37.0,0.486,21.0,66.0,0.318,34.0,70.0,0.486
1631303,Justin Minaya,25.0,POR,74,49,0.245,2023-24,0.6621621621621622,1610612757,3.0,7.0,0.429,1.0,5.0,0.2,8.0,37.0,0.216,4.0,12.0,0.333
203994,Jusuf Nurkić,29.0,PHX,627,90,0.244,2023-24,0.1435406698564593,1610612756,1.0,6.0,0.167,0.0,3.0,0.0,21.0,81.0,0.259,1.0,9.0,0.111
1630231,KJ Martin,23.0,PHI,181,28,0.286,2023-24,0.154696132596685,1610612755,5.0,10.0,0.5,1.0,5.0,0.2,2.0,13.0,0.154,6.0,15.0,0.4
1629232,Kaiser Gates,27.0,NOP,4,2,0.0,2023-24,0.5,1610612740,0.0,0.0,0.0,0.0,0.0,0.0,0.0,2.0,0.0,0.0,0.0,0.0
1626157,Karl-Anthony Towns,28.0,MIN,951,327,0.416,2023-24,0.3438485804416404,1610612750,9.0,21.0,0.429,3.0,8.0,0.375,124.0,297.0,0.418,12.0,29.0,0.414
202695,Kawhi Leonard,33.0,LAC,1162,336,0.417,2023-24,0.2891566265060241,1610612746,16.0,38.0,0.421,14.0,31.0,0.452,110.0,267.0,0.412,30.0,69.0,0.435
1631099,Keegan Murray,23.0,SAC,975,511,0.358,2023-24,0.5241025641025641,1610612758,29.0,79.0,0.367,13.0,55.0,0.236,141.0,376.0,0.375,42.0,134.0,0.313
1628966,Keita Bates-Diop,28.0,BKN,166,69,0.304,2023-24,0.4156626506024096,1610612751,8.0,24.0,0.333,6.0,20.0,0.3,7.0,25.0,0.28,14.0,44.0,0.318
1629640,Keldon Johnson,24.0,SAS,862,367,0.346,2023-24,0.425754060324826,1610612759,21.0,58.0,0.362,16.0,59.0,0.271,90.0,249.0,0.361,37.0,117.0,0.316
203482,Kelly Olynyk,33.0,TOR,497,155,0.387,2023-24,0.3118712273641851,1610612761,6.0,11.0,0.545,7.0,18.0,0.389,47.0,126.0,0.373,13.0,29.0,0.448
1626162,Kelly Oubre Jr.,28.0,PHI,878,325,0.311,2023-24,0.3701594533029613,1610612755,18.0,45.0,0.4,15.0,60.0,0.25,68.0,220.0,0.309,33.0,105.0,0.314
1631112,Kendall Brown,21.0,IND,15,2,0.0,2023-24,0.1333333333333333,1610612754,0.0,1.0,0.0,0.0,0.0,0.0,0.0,1.0,0.0,0.0,1.0,0.0
1631254,Kenneth Lofton Jr.,21.0,UTA,78,24,0.292,2023-24,0.3076923076923077,1610612762,0.0,2.0,0.0,1.0,2.0,0.5,6.0,20.0,0.3,1.0,4.0,0.25
1629026,Kenrich Williams,29.0,OKC,280,141,0.397,2023-24,0.5035714285714286,1610612760,14.0,24.0,0.583,7.0,23.0,0.304,35.0,93.0,0.376,21.0,47.0,0.447
203484,Kentavious Caldwell-Pope,31.0,DEN,587,308,0.406,2023-24,0.524701873935264,1610612743,21.0,59.0,0.356,30.0,62.0,0.484,74.0,187.0,0.396,51.0,121.0,0.421
1631165,Keon Ellis,24.0,SAC,232,168,0.417,2023-24,0.7241379310344828,1610612758,10.0,29.0,0.345,9.0,24.0,0.375,51.0,114.0,0.447,19.0,53.0,0.358
1630553,Keon Johnson,22.0,BKN,21,10,0.4,2023-24,0.4761904761904761,1610612751,0.0,0.0,0.0,1.0,1.0,1.0,3.0,9.0,0.333,1.0,1.0,1.0
1630556,Kessler Edwards,23.0,SAC,82,52,0.385,2023-24,0.6341463414634146,1610612758,4.0,12.0,0.333,5.0,10.0,0.5,11.0,30.0,0.367,9.0,22.0,0.409
201142,Kevin Durant,35.0,PHX,1436,407,0.413,2023-24,0.2834261838440111,1610612756,17.0,34.0,0.5,15.0,34.0,0.441,136.0,339.0,0.401,32.0,68.0,0.471
1628989,Kevin Huerter,25.0,SAC,560,341,0.361,2023-24,0.6089285714285714,1610612758,11.0,30.0,0.367,16.0,32.0,0.5,96.0,279.0,0.344,27.0,62.0,0.435
1628995,Kevin Knox II,24.0,POR,186,94,0.33,2023-24,0.5053763440860215,1610612757,5.0,11.0,0.455,7.0,25.0,0.28,19.0,58.0,0.328,12.0,36.0,0.333
201567,Kevin Love,35.0,MIA,359,244,0.344,2023-24,0.6796657381615598,1610612748,5.0,18.0,0.278,4.0,17.0,0.235,75.0,208.0,0.361,9.0,35.0,0.257
1630284,Kevon Harris,27.0,ORL,3,0,0.0,2023-24,0.0,1610612753,,,,0.0,0.0,0.0,0.0,0.0,0.0,0.0,0.0,0.0
1626172,Kevon Looney,28.0,GSW,233,1,0.0,2023-24,0.0042918454935622,1610612744,0.0,0.0,0.0,0.0,0.0,0.0,0.0,0.0,0.0,0.0,0.0,0.0
1641749,Keyontae Johnson,24.0,OKC,16,3,0.333,2023-24,0.1875,1610612760,0.0,0.0,0.0,1.0,1.0,1.0,0.0,2.0,0.0,1.0,1.0,1.0
1641718,Keyonte George,20.0,UTA,815,440,0.334,2023-24,0.5398773006134969,1610612762,14.0,34.0,0.412,7.0,24.0,0.292,126.0,379.0,0.332,21.0,58.0,0.362
203114,Khris Middleton,32.0,MIL,643,247,0.381,2023-24,0.3841368584758942,1610612749,17.0,33.0,0.515,5.0,17.0,0.294,72.0,197.0,0.365,22.0,50.0,0.44
1630165,Killian Hayes,22.0,DET,283,74,0.297,2023-24,0.2614840989399293,1610612765,6.0,10.0,0.6,2.0,11.0,0.182,14.0,53.0,0.264,8.0,21.0,0.381
1630184,Kira Lewis Jr.,23.0,UTA,92,33,0.121,2023-24,0.358695652173913,1610612762,0.0,3.0,0.0,0.0,5.0,0.0,4.0,25.0,0.16,0.0,8.0,0.0
202691,Klay Thompson,34.0,GSW,1133,692,0.387,2023-24,0.6107678729037952,1610612744,14.0,46.0,0.304,23.0,46.0,0.5,231.0,597.0,0.387,37.0,92.0,0.402
1641738,Kobe Brown,24.0,LAC,90,48,0.292,2023-24,0.5333333333333333,1610612746,2.0,3.0,0.667,2.0,12.0,0.167,10.0,33.0,0.303,4.0,15.0,0.267
1641723,Kobe Bufkin,20.0,ATL,92,40,0.225,2023-24,0.4347826086956521,1610612737,0.0,5.0,0.0,1.0,5.0,0.2,8.0,30.0,0.267,1.0,10.0,0.1
1628424,Kobi Simmons,26.0,TOR,21,8,0.25,2023-24,0.3809523809523809,1610612761,0.0,1.0,0.0,0.0,3.0,0.0,2.0,4.0,0.5,0.0,4.0,0.0
1627739,Kris Dunn,30.0,UTA,313,111,0.369,2023-24,0.3546325878594249,1610612762,10.0,19.0,0.526,6.0,21.0,0.286,25.0,70.0,0.357,16.0,40.0,0.4
1631200,Kris Murray,23.0,POR,366,183,0.268,2023-24,0.5,1610612757,11.0,41.0,0.268,17.0,50.0,0.34,21.0,91.0,0.231,28.0,91.0,0.308
204001,Kristaps Porziņģis,28.0,BOS,752,293,0.375,2023-24,0.3896276595744681,1610612738,1.0,2.0,0.5,0.0,6.0,0.0,109.0,283.0,0.385,1.0,8.0,0.125
203937,Kyle Anderson,30.0,MIN,433,48,0.229,2023-24,0.1108545034642032,1610612750,5.0,16.0,0.313,5.0,19.0,0.263,1.0,12.0,0.083,10.0,35.0,0.286
1628398,Kyle Kuzma,28.0,WAS,1313,450,0.336,2023-24,0.3427265803503427,1610612764,24.0,66.0,0.364,20.0,43.0,0.465,107.0,340.0,0.315,44.0,109.0,0.404
200768,Kyle Lowry,38.0,PHI,377,250,0.392,2023-24,0.6631299734748011,1610612755,20.0,44.0,0.455,8.0,21.0,0.381,70.0,183.0,0.383,28.0,65.0,0.431
202681,Kyrie Irving,32.0,DAL,1131,421,0.411,2023-24,0.372236958443855,1610612742,19.0,39.0,0.487,17.0,34.0,0.5,137.0,347.0,0.395,36.0,73.0,0.493
1630163,LaMelo Ball,22.0,CHA,423,197,0.355,2023-24,0.4657210401891253,1610612766,9.0,22.0,0.409,7.0,10.0,0.7,54.0,165.0,0.327,16.0,32.0,0.5
1630205,Lamar Stevens,26.0,MEM,240,46,0.304,2023-24,0.1916666666666666,1610612763,4.0,16.0,0.25,2.0,10.0,0.2,8.0,19.0,0.421,6.0,26.0,0.231
1629013,Landry Shamet,27.0,WAS,274,157,0.338,2023-24,0.572992700729927,1610612764,5.0,17.0,0.294,15.0,30.0,0.5,33.0,110.0,0.3,20.0,47.0,0.426
1626204,Larry Nance Jr.,31.0,NOP,241,65,0.415,2023-24,0.2697095435684647,1610612740,8.0,14.0,0.571,8.0,24.0,0.333,11.0,24.0,0.458,16.0,38.0,0.421
1628374,Lauri Markkanen,27.0,UTA,890,439,0.399,2023-24,0.4932584269662921,1610612762,21.0,45.0,0.467,15.0,38.0,0.395,139.0,355.0,0.392,36.0,83.0,0.434
2544,LeBron James,39.0,LAL,1269,363,0.41,2023-24,0.2860520094562648,1610612747,7.0,21.0,0.333,13.0,23.0,0.565,129.0,318.0,0.406,20.0,44.0,0.455
1641778,Leaky Black,25.0,CHA,52,20,0.45,2023-24,0.3846153846153846,1610612766,3.0,6.0,0.5,2.0,4.0,0.5,4.0,10.0,0.4,5.0,10.0,0.5
1631159,Leonard Miller,20.0,MIN,20,5,0.4,2023-24,0.25,1610612750,1.0,1.0,1.0,0.0,1.0,0.0,1.0,3.0,0.333,1.0,2.0,0.5
1631311,Lester Quinones,23.0,GSW,141,88,0.364,2023-24,0.624113475177305,1610612744,4.0,9.0,0.444,4.0,8.0,0.5,23.0,69.0,0.333,8.0,17.0,0.471
1629623,Lindell Wigginton,26.0,MIL,5,2,0.0,2023-24,0.4,1610612749,0.0,0.0,0.0,0.0,0.0,0.0,0.0,2.0,0.0,0.0,0.0,0.0
1630322,Lindy Waters III,26.0,OKC,104,85,0.435,2023-24,0.8173076923076923,1610612760,6.0,13.0,0.462,7.0,12.0,0.583,24.0,60.0,0.4,13.0,25.0,0.52
1629022,Lonnie Walker IV,25.0,BKN,492,271,0.384,2023-24,0.5508130081300813,1610612751,16.0,35.0,0.457,12.0,28.0,0.429,76.0,207.0,0.367,28.0,63.0,0.444
1629652,Luguentz Dort,25.0,OKC,657,396,0.394,2023-24,0.6027397260273972,1610612760,23.0,60.0,0.383,23.0,55.0,0.418,110.0,281.0,0.391,46.0,115.0,0.4
1629029,Luka Dončić,25.0,DAL,1652,744,0.382,2023-24,0.4503631961259079,1610612742,4.0,15.0,0.267,3.0,11.0,0.273,277.0,713.0,0.388,7.0,26.0,0.269
1630568,Luka Garza,25.0,MIN,75,32,0.281,2023-24,0.4266666666666667,1610612750,1.0,2.0,0.5,0.0,0.0,0.0,8.0,30.0,0.267,1.0,2.0,0.5
1629677,Luka Samanic,24.0,UTA,158,64,0.203,2023-24,0.4050632911392405,1610612762,5.0,17.0,0.294,2.0,9.0,0.222,6.0,38.0,0.158,7.0,26.0,0.269
1628379,Luke Kennard,28.0,MEM,315,238,0.45,2023-24,0.7555555555555555,1610612763,5.0,16.0,0.313,6.0,12.0,0.5,96.0,210.0,0.457,11.0,28.0,0.393
1628436,Luke Kornet,28.0,BOS,203,1,1.0,2023-24,0.0049261083743842,1610612738,0.0,0.0,0.0,0.0,0.0,0.0,1.0,1.0,1.0,0.0,0.0,0.0
1630201,Malachi Flynn,26.0,DET,325,169,0.331,2023-24,0.52,1610612765,5.0,17.0,0.294,7.0,10.0,0.7,44.0,142.0,0.31,12.0,27.0,0.444
1631103,Malaki Branham,21.0,SAS,628,268,0.347,2023-24,0.4267515923566879,1610612759,11.0,35.0,0.314,17.0,39.0,0.436,65.0,194.0,0.335,28.0,74.0,0.378
1627763,Malcolm Brogdon,31.0,POR,496,199,0.412,2023-24,0.4012096774193548,1610612757,6.0,16.0,0.375,6.0,10.0,0.6,70.0,173.0,0.405,12.0,26.0,0.462
1627736,Malik Beasley,27.0,MIL,722,542,0.413,2023-24,0.7506925207756233,1610612749,44.0,94.0,0.468,61.0,131.0,0.466,119.0,317.0,0.375,105.0,225.0,0.467
1628370,Malik Monk,26.0,SAC,893,423,0.35,2023-24,0.4736842105263157,1610612758,10.0,31.0,0.323,15.0,32.0,0.469,123.0,360.0,0.342,25.0,63.0,0.397
1642013,Malik Williams,25.0,TOR,34,5,0.2,2023-24,0.1470588235294117,1610612761,0.0,0.0,0.0,0.0,1.0,0.0,1.0,4.0,0.25,0.0,1.0,0.0
1629603,Mamadi Diakite,27.0,NYK,6,1,0.0,2023-24,0.1666666666666666,1610612752,0.0,0.0,0.0,0.0,0.0,0.0,0.0,1.0,0.0,0.0,0.0,0.0
1641970,Maozinha Pereira,23.0,MEM,35,13,0.385,2023-24,0.3714285714285714,1610612763,2.0,4.0,0.5,1.0,2.0,0.5,2.0,6.0,0.333,3.0,6.0,0.5
1630699,MarJon Beauchamp,23.0,MIL,166,75,0.4,2023-24,0.4518072289156626,1610612749,4.0,13.0,0.308,10.0,18.0,0.556,16.0,44.0,0.364,14.0,31.0,0.452
202694,Marcus Morris Sr.,34.0,CLE,264,119,0.403,2023-24,0.4507575757575757,1610612739,8.0,25.0,0.32,7.0,12.0,0.583,33.0,81.0,0.407,15.0,37.0,0.405
1631204,Marcus Sasser,23.0,DET,512,240,0.375,2023-24,0.46875,1610612765,12.0,20.0,0.6,4.0,17.0,0.235,74.0,203.0,0.365,16.0,37.0,0.432
203935,Marcus Smart,30.0,MEM,237,134,0.313,2023-24,0.5654008438818565,1610612763,7.0,20.0,0.35,4.0,14.0,0.286,31.0,98.0,0.316,11.0,34.0,0.324
1631109,Mark Williams,22.0,CHA,151,0,0.0,2023-24,0.0,1610612766,0.0,0.0,0.0,0.0,0.0,0.0,0.0,0.0,0.0,0.0,0.0,0.0
1628365,Markelle Fultz,26.0,ORL,326,18,0.222,2023-24,0.0552147239263803,1610612753,0.0,8.0,0.0,3.0,5.0,0.6,1.0,4.0,0.25,3.0,13.0,0.231
202693,Markieff Morris,34.0,DAL,68,42,0.357,2023-24,0.6176470588235294,1610612742,2.0,6.0,0.333,3.0,4.0,0.75,10.0,32.0,0.313,5.0,10.0,0.5
1641806,Markquis Nowell,24.0,TOR,1,0,0.0,2023-24,0.0,1610612761,0.0,0.0,0.0,,,,0.0,0.0,0.0,0.0,0.0,0.0
1629716,Marques Bolden,26.0,CHA,25,1,0.0,2023-24,0.04,1610612766,0.0,0.0,0.0,0.0,0.0,0.0,0.0,1.0,0.0,0.0,0.0,0.0
1628963,Marvin Bagley III,25.0,WAS,408,23,0.391,2023-24,0.0563725490196078,1610612764,2.0,2.0,1.0,1.0,5.0,0.2,6.0,16.0,0.375,3.0,7.0,0.429
1630222,Mason Jones,25.0,SAC,8,7,0.286,2023-24,0.875,1610612758,0.0,1.0,0.0,0.0,0.0,0.0,2.0,6.0,0.333,0.0,1.0,0.0
203486,Mason Plumlee,34.0,LAC,153,6,0.0,2023-24,0.0392156862745098,1610612746,0.0,2.0,0.0,0.0,2.0,0.0,0.0,2.0,0.0,0.0,4.0,0.0
1629680,Matisse Thybulle,27.0,POR,317,231,0.346,2023-24,0.7287066246056783,1610612757,18.0,51.0,0.353,18.0,44.0,0.409,44.0,135.0,0.326,36.0,95.0,0.379
1630562,Matt Hurt,24.0,MEM,34,20,0.25,2023-24,0.5882352941176471,1610612763,2.0,3.0,0.667,0.0,3.0,0.0,3.0,14.0,0.214,2.0,6.0,0.333
1630346,Matt Ryan,27.0,NOP,113,91,0.451,2023-24,0.8053097345132744,1610612740,7.0,13.0,0.538,9.0,16.0,0.563,25.0,62.0,0.403,16.0,29.0,0.552
1631108,Max Christie,21.0,LAL,241,118,0.356,2023-24,0.4896265560165975,1610612747,16.0,33.0,0.485,6.0,18.0,0.333,20.0,66.0,0.303,22.0,51.0,0.431
1629622,Max Strus,28.0,CLE,728,479,0.351,2023-24,0.657967032967033,1610612739,26.0,72.0,0.361,12.0,42.0,0.286,129.0,362.0,0.356,38.0,114.0,0.333
1628467,Maxi Kleber,32.0,DAL,146,92,0.348,2023-24,0.6301369863013698,1610612742,5.0,20.0,0.25,3.0,13.0,0.231,24.0,59.0,0.407,8.0,33.0,0.242
1641721,Maxwell Lewis,21.0,LAL,21,9,0.111,2023-24,0.4285714285714285,1610612747,1.0,2.0,0.5,0.0,0.0,0.0,0.0,6.0,0.0,1.0,2.0,0.5
1630695,Micah Potter,26.0,UTA,40,21,0.429,2023-24,0.525,1610612762,4.0,6.0,0.667,4.0,8.0,0.5,1.0,7.0,0.143,8.0,14.0,0.571
1629008,Michael Porter Jr.,26.0,DEN,1079,554,0.397,2023-24,0.5134383688600556,1610612743,36.0,87.0,0.414,17.0,35.0,0.486,167.0,431.0,0.387,53.0,122.0,0.434
1628969,Mikal Bridges,27.0,BKN,1294,592,0.372,2023-24,0.4574961360123648,1610612751,39.0,100.0,0.39,43.0,105.0,0.41,137.0,382.0,0.359,82.0,205.0,0.4
201144,Mike Conley,36.0,MIN,644,405,0.442,2023-24,0.6288819875776398,1610612750,24.0,47.0,0.511,24.0,51.0,0.471,131.0,307.0,0.427,48.0,98.0,0.49
203488,Mike Muscala,33.0,OKC,156,96,0.292,2023-24,0.6153846153846154,1610612760,2.0,10.0,0.2,8.0,14.0,0.571,18.0,71.0,0.254,10.0,24.0,0.417
1628970,Miles Bridges,26.0,CHA,1210,450,0.349,2023-24,0.371900826446281,1610612766,18.0,50.0,0.36,12.0,41.0,0.293,127.0,352.0,0.361,30.0,91.0,0.33
1630540,Miles McBride,23.0,NYK,454,266,0.41,2023-24,0.5859030837004405,1610612752,25.0,60.0,0.417,23.0,50.0,0.46,61.0,154.0,0.396,48.0,110.0,0.436
1629011,Mitchell Robinson,26.0,NYK,127,0,0.0,2023-24,0.0,1610612752,0.0,0.0,0.0,0.0,0.0,0.0,0.0,0.0,0.0,0.0,0.0,0.0
1628964,Mo Bamba,26.0,PHI,198,64,0.391,2023-24,0.3232323232323232,1610612755,0.0,3.0,0.0,1.0,5.0,0.2,24.0,56.0,0.429,1.0,8.0,0.125
1628420,Monte Morris,29.0,MIN,153,70,0.386,2023-24,0.457516339869281,1610612750,10.0,19.0,0.526,1.0,4.0,0.25,16.0,45.0,0.356,11.0,23.0,0.478
1629021,Moritz Wagner,27.0,ORL,552,115,0.33,2023-24,0.2083333333333333,1610612753,5.0,15.0,0.333,9.0,25.0,0.36,24.0,74.0,0.324,14.0,40.0,0.35
1629650,Moses Brown,24.0,POR,65,0,0.0,2023-24,0.0,1610612757,0.0,0.0,0.0,0.0,0.0,0.0,0.0,0.0,0.0,0.0,0.0,0.0
1630541,Moses Moody,22.0,GSW,420,200,0.36,2023-24,0.4761904761904761,1610612744,9.0,29.0,0.31,8.0,26.0,0.308,55.0,145.0,0.379,17.0,55.0,0.309
1631338,Mouhamadou Gueye,25.0,TOR,38,3,0.0,2023-24,0.0789473684210526,1610612761,0.0,0.0,0.0,0.0,0.0,0.0,0.0,3.0,0.0,0.0,0.0,0.0
1631243,Mouhamed Gueye,21.0,ATL,23,9,0.333,2023-24,0.391304347826087,1610612737,0.0,3.0,0.0,0.0,2.0,0.0,3.0,4.0,0.75,0.0,5.0,0.0
1631217,Moussa Diabaté,22.0,LAC,19,0,0.0,2023-24,0.0,1610612746,0.0,0.0,0.0,0.0,0.0,0.0,0.0,0.0,0.0,0.0,0.0,0.0
1626167,Myles Turner,28.0,IND,909,324,0.358,2023-24,0.3564356435643564,1610612754,3.0,9.0,0.333,10.0,32.0,0.313,103.0,282.0,0.365,13.0,41.0,0.317
1630230,Naji Marshall,26.0,NOP,367,150,0.387,2023-24,0.4087193460490463,1610612740,19.0,43.0,0.442,15.0,38.0,0.395,23.0,61.0,0.377,34.0,81.0,0.42
1629642,Nassir Little,24.0,PHX,124,70,0.3,2023-24,0.5645161290322581,1610612756,5.0,16.0,0.313,3.0,9.0,0.333,13.0,45.0,0.289,8.0,25.0,0.32
1630207,Nate Hinton,25.0,HOU,26,14,0.5,2023-24,0.5384615384615384,1610612745,0.0,1.0,0.0,0.0,1.0,0.0,7.0,12.0,0.583,0.0,2.0,0.0
1631466,Nate Williams,25.0,HOU,50,5,0.4,2023-24,0.1,1610612745,1.0,2.0,0.5,0.0,2.0,0.0,1.0,1.0,1.0,1.0,4.0,0.25
1641877,Nathan Mensah,26.0,CHA,28,0,0.0,2023-24,0.0,1610612766,0.0,0.0,0.0,0.0,0.0,0.0,0.0,0.0,0.0,0.0,0.0,0.0
1629675,Naz Reid,24.0,MIN,851,408,0.414,2023-24,0.4794359576968273,1610612750,25.0,60.0,0.417,23.0,56.0,0.411,121.0,290.0,0.417,48.0,116.0,0.414
1629674,Neemias Queta,24.0,BOS,104,0,0.0,2023-24,0.0,1610612738,0.0,0.0,0.0,0.0,0.0,0.0,0.0,0.0,0.0,0.0,0.0,0.0
1629651,Nic Claxton,25.0,BKN,582,5,0.2,2023-24,0.0085910652920962,1610612751,1.0,2.0,0.5,0.0,2.0,0.0,0.0,1.0,0.0,1.0,4.0,0.25
1630208,Nick Richards,26.0,CHA,376,1,0.0,2023-24,0.0026595744680851,1610612766,0.0,0.0,0.0,0.0,0.0,0.0,0.0,1.0,0.0,0.0,0.0,0.0
1641733,Nick Smith Jr.,20.0,CHA,289,146,0.432,2023-24,0.5051903114186851,1610612766,11.0,22.0,0.5,9.0,15.0,0.6,43.0,108.0,0.398,20.0,37.0,0.541
1629638,Nickeil Alexander-Walker,25.0,MIN,538,335,0.391,2023-24,0.6226765799256505,1610612750,35.0,88.0,0.398,38.0,76.0,0.5,58.0,169.0,0.343,73.0,164.0,0.445
201587,Nicolas Batum,35.0,PHI,256,185,0.395,2023-24,0.72265625,1610612755,23.0,51.0,0.451,21.0,52.0,0.404,29.0,81.0,0.358,44.0,103.0,0.427
203999,Nikola Jokić,29.0,DEN,1411,231,0.359,2023-24,0.1637136782423812,1610612743,2.0,5.0,0.4,0.0,3.0,0.0,81.0,215.0,0.377,2.0,8.0,0.25
1631107,Nikola Jović,21.0,MIA,281,163,0.399,2023-24,0.5800711743772242,1610612748,11.0,24.0,0.458,12.0,25.0,0.48,42.0,114.0,0.368,23.0,49.0,0.469
202696,Nikola Vučević,33.0,CHI,1211,313,0.294,2023-24,0.2584640792733278,1610612741,2.0,9.0,0.222,5.0,11.0,0.455,85.0,293.0,0.29,7.0,20.0,0.35
1641730,Noah Clowney,19.0,BKN,93,33,0.364,2023-24,0.3548387096774194,1610612751,5.0,8.0,0.625,5.0,13.0,0.385,2.0,12.0,0.167,10.0,21.0,0.476
1626181,Norman Powell,31.0,LAC,768,384,0.435,2023-24,0.5,1610612746,45.0,90.0,0.5,25.0,38.0,0.658,97.0,254.0,0.382,70.0,128.0,0.547
1628384,OG Anunoby,26.0,NYK,577,267,0.382,2023-24,0.462738301559792,1610612752,38.0,82.0,0.463,22.0,54.0,0.407,42.0,131.0,0.321,60.0,136.0,0.441
1630167,Obi Toppin,26.0,IND,579,253,0.403,2023-24,0.4369602763385147,1610612754,31.0,72.0,0.431,12.0,32.0,0.375,59.0,146.0,0.404,43.0,104.0,0.413
1630534,Ochai Agbaji,24.0,TOR,433,211,0.294,2023-24,0.48729792147806,1610612761,18.0,50.0,0.36,19.0,49.0,0.388,25.0,111.0,0.225,37.0,99.0,0.374
1630846,Olivier Sarr,25.0,OKC,19,6,0.333,2023-24,0.3157894736842105,1610612760,1.0,2.0,0.5,1.0,1.0,1.0,0.0,3.0,0.0,2.0,3.0,0.667
1641765,Olivier-Maxence Prosper,21.0,DAL,104,45,0.289,2023-24,0.4326923076923077,1610612742,6.0,20.0,0.3,0.0,5.0,0.0,7.0,20.0,0.35,6.0,25.0,0.24
1630209,Omer Yurtseven,26.0,UTA,184,24,0.208,2023-24,0.1304347826086956,1610612762,1.0,3.0,0.333,2.0,8.0,0.25,2.0,13.0,0.154,3.0,11.0,0.273
1641931,Onuralp Bitim,25.0,CHI,84,44,0.273,2023-24,0.5238095238095238,1610612741,2.0,10.0,0.2,2.0,5.0,0.4,8.0,29.0,0.276,4.0,15.0,0.267
1630168,Onyeka Okongwu,23.0,ATL,365,69,0.333,2023-24,0.1890410958904109,1610612737,6.0,19.0,0.316,16.0,32.0,0.5,1.0,17.0,0.059,22.0,51.0,0.431
1631115,Orlando Robinson,23.0,MIA,72,15,0.533,2023-24,0.2083333333333333,1610612748,2.0,2.0,1.0,2.0,2.0,1.0,4.0,11.0,0.364,4.0,4.0,1.0
1631131,Oscar Tshiebwe,24.0,IND,20,0,0.0,2023-24,0.0,1610612754,0.0,0.0,0.0,0.0,0.0,0.0,0.0,0.0,0.0,0.0,0.0,0.0
1629052,Oshae Brissett,26.0,BOS,153,55,0.273,2023-24,0.3594771241830065,1610612738,4.0,15.0,0.267,4.0,10.0,0.4,7.0,30.0,0.233,8.0,25.0,0.32
203490,Otto Porter Jr.,31.0,TOR,33,23,0.348,2023-24,0.696969696969697,1610612761,1.0,1.0,1.0,3.0,8.0,0.375,4.0,14.0,0.286,4.0,9.0,0.444
1631172,Ousmane Dieng,21.0,OKC,116,70,0.3,2023-24,0.603448275862069,1610612760,7.0,11.0,0.636,4.0,11.0,0.364,10.0,48.0,0.208,11.0,22.0,0.5
200782,P.J. Tucker,39.0,LAC,50,35,0.371,2023-24,0.7,1610612746,5.0,15.0,0.333,8.0,20.0,0.4,0.0,0.0,0.0,13.0,35.0,0.371
1629023,P.J. Washington,25.0,DAL,811,413,0.32,2023-24,0.5092478421701603,1610612742,16.0,66.0,0.242,12.0,50.0,0.24,104.0,295.0,0.353,28.0,116.0,0.241
1631094,Paolo Banchero,21.0,ORL,1407,351,0.339,2023-24,0.2494669509594882,1610612753,1.0,11.0,0.091,6.0,16.0,0.375,112.0,322.0,0.348,7.0,27.0,0.259
1627783,Pascal Siakam,30.0,IND,1271,246,0.346,2023-24,0.1935483870967742,1610612754,15.0,33.0,0.455,19.0,42.0,0.452,51.0,171.0,0.298,34.0,75.0,0.453
1626192,Pat Connaughton,31.0,MIL,347,238,0.345,2023-24,0.6858789625360231,1610612749,19.0,41.0,0.463,20.0,58.0,0.345,43.0,139.0,0.309,39.0,99.0,0.394
1630311,Pat Spencer,27.0,GSW,4,2,0.0,2023-24,0.5,1610612744,0.0,0.0,0.0,0.0,0.0,0.0,0.0,2.0,0.0,0.0,0.0,0.0
1631116,Patrick Baldwin Jr.,21.0,WAS,155,97,0.32,2023-24,0.6258064516129033,1610612764,2.0,7.0,0.286,5.0,11.0,0.455,24.0,79.0,0.304,7.0,18.0,0.389
201976,Patrick Beverley,35.0,MIL,379,181,0.337,2023-24,0.4775725593667546,1610612749,14.0,26.0,0.538,13.0,33.0,0.394,34.0,122.0,0.279,27.0,59.0,0.458
1630172,Patrick Williams,22.0,CHI,359,148,0.399,2023-24,0.4122562674094707,1610612741,8.0,21.0,0.381,13.0,27.0,0.481,38.0,100.0,0.38,21.0,48.0,0.438
201988,Patty Mills,35.0,MIA,131,87,0.276,2023-24,0.6641221374045801,1610612748,5.0,14.0,0.357,4.0,13.0,0.308,15.0,60.0,0.25,9.0,27.0,0.333
202331,Paul George,34.0,LAC,1236,588,0.413,2023-24,0.4757281553398058,1610612746,21.0,39.0,0.538,19.0,53.0,0.358,203.0,495.0,0.41,40.0,92.0,0.435
1630194,Paul Reed,25.0,PHI,480,57,0.368,2023-24,0.11875,1610612755,4.0,11.0,0.364,1.0,7.0,0.143,16.0,39.0,0.41,5.0,18.0,0.278
1630202,Payton Pritchard,26.0,BOS,635,382,0.385,2023-24,0.6015748031496063,1610612738,23.0,56.0,0.411,21.0,48.0,0.438,102.0,273.0,0.374,44.0,104.0,0.423
1631250,Pete Nance,24.0,CLE,6,1,1.0,2023-24,0.1666666666666666,1610612739,0.0,0.0,0.0,0.0,0.0,0.0,1.0,1.0,1.0,0.0,0.0,0.0
1631212,Peyton Watson,21.0,DEN,447,152,0.296,2023-24,0.3400447427293065,1610612743,9.0,32.0,0.281,11.0,37.0,0.297,25.0,77.0,0.325,20.0,69.0,0.29
1630173,Precious Achiuwa,24.0,NYK,469,97,0.268,2023-24,0.2068230277185501,1610612752,7.0,30.0,0.233,7.0,16.0,0.438,12.0,51.0,0.235,14.0,46.0,0.304
1629656,Quentin Grimes,24.0,DET,328,240,0.338,2023-24,0.7317073170731707,1610612765,24.0,64.0,0.375,4.0,19.0,0.211,53.0,157.0,0.338,28.0,83.0,0.337
1631245,Quenton Jackson,25.0,IND,1,0,0.0,2023-24,0.0,1610612754,0.0,0.0,0.0,0.0,0.0,0.0,0.0,0.0,0.0,0.0,0.0,0.0
1630181,R.J. Hampton,23.0,MIA,14,8,0.125,2023-24,0.5714285714285714,1610612748,0.0,2.0,0.0,0.0,1.0,0.0,1.0,5.0,0.2,0.0,3.0,0.0
1629628,RJ Barrett,24.0,TOR,880,250,0.36,2023-24,0.2840909090909091,1610612761,9.0,28.0,0.321,27.0,63.0,0.429,54.0,159.0,0.34,36.0,91.0,0.396
1630564,RaiQuan Gray,24.0,SAS,17,7,0.429,2023-24,0.4117647058823529,1610612759,0.0,1.0,0.0,0.0,0.0,0.0,3.0,6.0,0.5,0.0,1.0,0.0
1641712,Rayan Rupert,20.0,POR,161,78,0.359,2023-24,0.484472049689441,1610612757,7.0,20.0,0.35,3.0,7.0,0.429,18.0,51.0,0.353,10.0,27.0,0.37
203493,Reggie Bullock Jr.,33.0,HOU,82,67,0.403,2023-24,0.8170731707317073,1610612745,9.0,17.0,0.529,7.0,12.0,0.583,11.0,38.0,0.289,16.0,29.0,0.552
202704,Reggie Jackson,34.0,DEN,756,284,0.359,2023-24,0.3756613756613756,1610612743,10.0,29.0,0.345,14.0,31.0,0.452,78.0,220.0,0.355,24.0,60.0,0.4
1626158,Richaun Holmes,30.0,WAS,147,3,0.333,2023-24,0.0204081632653061,1610612764,1.0,2.0,0.5,0.0,0.0,0.0,0.0,1.0,0.0,1.0,2.0,0.5
1641741,Ricky Council IV,22.0,PHI,112,32,0.375,2023-24,0.2857142857142857,1610612755,2.0,6.0,0.333,2.0,4.0,0.5,8.0,22.0,0.364,4.0,10.0,0.4
203496,Robert Covington,33.0,PHI,98,56,0.339,2023-24,0.5714285714285714,1610612755,2.0,6.0,0.333,5.0,10.0,0.5,12.0,40.0,0.3,7.0,16.0,0.438
1629057,Robert Williams III,26.0,POR,26,0,0.0,2023-24,0.0,1610612757,0.0,0.0,0.0,0.0,0.0,0.0,0.0,0.0,0.0,0.0,0.0,0.0
201577,Robin Lopez,36.0,MIL,19,8,0.25,2023-24,0.4210526315789473,1610612749,1.0,4.0,0.25,1.0,1.0,1.0,0.0,3.0,0.0,2.0,5.0,0.4
1626220,Royce O'Neale,31.0,PHX,539,422,0.37,2023-24,0.7829313543599258,1610612756,23.0,50.0,0.46,10.0,26.0,0.385,123.0,339.0,0.363,33.0,76.0,0.434
203497,Rudy Gobert,32.0,MIN,614,3,0.0,2023-24,0.004885993485342,1610612750,0.0,0.0,0.0,0.0,0.0,0.0,0.0,2.0,0.0,0.0,0.0,0.0
1629060,Rui Hachimura,26.0,LAL,676,232,0.422,2023-24,0.3431952662721893,1610612747,32.0,67.0,0.478,17.0,42.0,0.405,49.0,123.0,0.398,49.0,109.0,0.45
201566,Russell Westbrook,35.0,LAC,663,154,0.273,2023-24,0.2322775263951734,1610612746,8.0,31.0,0.258,11.0,37.0,0.297,23.0,86.0,0.267,19.0,68.0,0.279
1627853,Ryan Arcidiacono,30.0,NYK,6,6,0.0,2023-24,1.0,1610612752,0.0,0.0,0.0,0.0,1.0,0.0,0.0,5.0,0.0,0.0,1.0,0.0
1631157,Ryan Rollins,21.0,MIL,27,4,0.75,2023-24,0.1481481481481481,1610612749,1.0,1.0,1.0,0.0,0.0,0.0,2.0,3.0,0.667,1.0,1.0,1.0
1630240,Saben Lee,25.0,PHX,55,16,0.125,2023-24,0.2909090909090909,1610612756,1.0,6.0,0.167,0.0,4.0,0.0,1.0,6.0,0.167,1.0,10.0,0.1
1630180,Saddiq Bey,25.0,ATL,697,358,0.316,2023-24,0.5136298421807748,1610612737,39.0,128.0,0.305,14.0,49.0,0.286,60.0,180.0,0.333,53.0,177.0,0.299
1630573,Sam Hauser,26.0,BOS,558,465,0.424,2023-24,0.8333333333333334,1610612738,23.0,51.0,0.451,37.0,72.0,0.514,137.0,340.0,0.403,60.0,123.0,0.488
1630241,Sam Merrill,28.0,CLE,393,354,0.404,2023-24,0.900763358778626,1610612739,18.0,43.0,0.419,13.0,29.0,0.448,112.0,281.0,0.399,31.0,72.0,0.431
1630572,Sandro Mamukelashvili,25.0,SAS,155,64,0.297,2023-24,0.4129032258064516,1610612759,1.0,8.0,0.125,4.0,11.0,0.364,14.0,42.0,0.333,5.0,19.0,0.263
1630583,Santi Aldama,23.0,MEM,568,304,0.349,2023-24,0.5352112676056338,1610612763,18.0,46.0,0.391,10.0,49.0,0.204,78.0,209.0,0.373,28.0,95.0,0.295
1628426,Sasha Vezenkov,28.0,SAC,191,120,0.375,2023-24,0.6282722513089005,1610612758,9.0,20.0,0.45,7.0,18.0,0.389,29.0,81.0,0.358,16.0,38.0,0.421
1630703,Scoot Henderson,20.0,POR,797,268,0.325,2023-24,0.3362609786700125,1610612757,7.0,20.0,0.35,4.0,14.0,0.286,76.0,230.0,0.33,11.0,34.0,0.324
1630567,Scottie Barnes,22.0,TOR,942,296,0.341,2023-24,0.3142250530785562,1610612761,6.0,25.0,0.24,10.0,23.0,0.435,86.0,248.0,0.347,16.0,48.0,0.333
1630590,Scotty Pippen Jr.,23.0,MEM,203,72,0.417,2023-24,0.354679802955665,1610612763,1.0,3.0,0.333,3.0,5.0,0.6,26.0,64.0,0.406,4.0,8.0,0.5
203552,Seth Curry,33.0,CHA,204,108,0.352,2023-24,0.5294117647058824,1610612766,13.0,21.0,0.619,5.0,19.0,0.263,20.0,67.0,0.299,18.0,40.0,0.45
1641754,Seth Lundy,24.0,ATL,17,13,0.231,2023-24,0.7647058823529411,1610612737,0.0,2.0,0.0,2.0,3.0,0.667,1.0,8.0,0.125,2.0,5.0,0.4
1631101,Shaedon Sharpe,21.0,POR,434,180,0.333,2023-24,0.4147465437788018,1610612757,8.0,20.0,0.4,3.0,13.0,0.231,49.0,144.0,0.34,11.0,33.0,0.333
1628983,Shai Gilgeous-Alexander,25.0,OKC,1487,269,0.353,2023-24,0.1809011432414257,1610612760,8.0,13.0,0.615,1.0,4.0,0.25,86.0,252.0,0.341,9.0,17.0,0.529
1629003,Shake Milton,27.0,NYK,195,64,0.281,2023-24,0.3282051282051282,1610612752,5.0,11.0,0.455,6.0,16.0,0.375,7.0,36.0,0.194,11.0,27.0,0.407
1627885,Shaquille Harrison,30.0,MEM,2,0,0.0,2023-24,0.0,1610612763,,,,,,,0.0,0.0,0.0,,,
1631321,Sidy Cissoko,20.0,SAS,33,12,0.083,2023-24,0.3636363636363636,1610612759,0.0,2.0,0.0,1.0,5.0,0.2,0.0,5.0,0.0,1.0,7.0,0.143
1631323,Simone Fontecchio,28.0,DET,548,334,0.401,2023-24,0.6094890510948905,1610612765,29.0,73.0,0.397,36.0,77.0,0.468,69.0,184.0,0.375,65.0,150.0,0.433
1630219,Skylar Mays,26.0,LAL,159,54,0.296,2023-24,0.3396226415094339,1610612747,2.0,4.0,0.5,0.0,4.0,0.0,14.0,46.0,0.304,2.0,8.0,0.25
203915,Spencer Dinwiddie,31.0,LAL,640,368,0.337,2023-24,0.575,1610612747,20.0,38.0,0.526,28.0,56.0,0.5,76.0,272.0,0.279,48.0,94.0,0.511
1630649,Stanley Umude,25.0,DET,84,53,0.453,2023-24,0.6309523809523809,1610612765,4.0,13.0,0.308,10.0,16.0,0.625,10.0,24.0,0.417,14.0,29.0,0.483
201939,Stephen Curry,36.0,GSW,1445,876,0.408,2023-24,0.6062283737024221,1610612744,22.0,42.0,0.524,20.0,36.0,0.556,315.0,796.0,0.396,42.0,78.0,0.538
1629004,Svi Mykhailiuk,27.0,BOS,137,108,0.389,2023-24,0.7883211678832117,1610612738,14.0,23.0,0.609,2.0,7.0,0.286,26.0,77.0,0.338,16.0,30.0,0.533
204456,T.J. McConnell,32.0,IND,593,44,0.409,2023-24,0.0741989881956155,1610612754,2.0,4.0,0.5,4.0,5.0,0.8,12.0,34.0,0.353,6.0,9.0,0.667
203933,T.J. Warren,30.0,MIN,41,13,0.154,2023-24,0.3170731707317073,1610612750,1.0,2.0,0.5,0.0,3.0,0.0,1.0,8.0,0.125,1.0,5.0,0.2
201959,Taj Gibson,39.0,DET,37,10,0.2,2023-24,0.2702702702702703,1610612765,1.0,6.0,0.167,0.0,2.0,0.0,1.0,2.0,0.5,1.0,8.0,0.125
1629659,Talen Horton-Tucker,23.0,UTA,465,182,0.33,2023-24,0.3913978494623656,1610612762,9.0,22.0,0.409,4.0,16.0,0.25,47.0,142.0,0.331,13.0,38.0,0.342
1631106,Tari Eason,23.0,HOU,189,50,0.36,2023-24,0.2645502645502645,1610612745,2.0,4.0,0.5,3.0,12.0,0.25,13.0,34.0,0.382,5.0,16.0,0.313
1627752,Taurean Prince,30.0,LAL,572,356,0.396,2023-24,0.6223776223776224,1610612747,32.0,83.0,0.386,26.0,76.0,0.342,83.0,194.0,0.428,58.0,159.0,0.365
1641707,Taylor Hendricks,20.0,UTA,240,140,0.379,2023-24,0.5833333333333334,1610612762,15.0,33.0,0.455,18.0,43.0,0.419,20.0,64.0,0.313,33.0,76.0,0.434
1631386,Taze Moore,26.0,POR,19,7,0.143,2023-24,0.3684210526315789,1610612757,0.0,2.0,0.0,0.0,0.0,0.0,1.0,5.0,0.2,0.0,2.0,0.0
1629611,Terance Mann,27.0,LAC,493,204,0.348,2023-24,0.4137931034482758,1610612746,26.0,65.0,0.4,17.0,45.0,0.378,28.0,93.0,0.301,43.0,110.0,0.391
1631173,Terquavion Smith,21.0,PHI,46,35,0.371,2023-24,0.7608695652173914,1610612755,1.0,2.0,0.5,0.0,2.0,0.0,12.0,31.0,0.387,1.0,4.0,0.25
1626179,Terry Rozier,30.0,MIA,998,410,0.363,2023-24,0.4108216432865731,1610612748,30.0,78.0,0.385,16.0,52.0,0.308,103.0,278.0,0.371,46.0,130.0,0.354
1630678,Terry Taylor,24.0,CHI,39,9,0.222,2023-24,0.2307692307692307,1610612741,1.0,4.0,0.25,1.0,3.0,0.333,0.0,2.0,0.0,2.0,7.0,0.286
201152,Thaddeus Young,36.0,PHX,108,7,0.143,2023-24,0.0648148148148148,1610612756,1.0,4.0,0.25,0.0,0.0,0.0,0.0,3.0,0.0,1.0,4.0,0.25
203648,Thanasis Antetokounmpo,31.0,MIL,30,1,0.0,2023-24,0.0333333333333333,1610612749,0.0,0.0,0.0,0.0,1.0,0.0,0.0,0.0,0.0,0.0,1.0,0.0
1630177,Theo Maledon,23.0,PHX,70,30,0.167,2023-24,0.4285714285714285,1610612756,1.0,4.0,0.25,1.0,4.0,0.25,3.0,20.0,0.15,2.0,8.0,0.25
1628418,Thomas Bryant,26.0,MIA,149,22,0.182,2023-24,0.1476510067114094,1610612748,1.0,2.0,0.5,1.0,5.0,0.2,2.0,15.0,0.133,2.0,7.0,0.286
203501,Tim Hardaway Jr.,32.0,DAL,976,597,0.353,2023-24,0.6116803278688525,1610612742,25.0,73.0,0.342,36.0,82.0,0.439,150.0,439.0,0.342,61.0,155.0,0.394
1641851,Timmy Allen,24.0,MEM,23,7,0.0,2023-24,0.3043478260869565,1610612763,0.0,4.0,0.0,0.0,1.0,0.0,0.0,2.0,0.0,0.0,5.0,0.0
202699,Tobias Harris,31.0,PHI,951,258,0.353,2023-24,0.2712933753943217,1610612755,8.0,35.0,0.229,20.0,35.0,0.571,63.0,188.0,0.335,28.0,70.0,0.4
1628470,Torrey Craig,33.0,CHI,251,153,0.392,2023-24,0.6095617529880478,1610612741,16.0,41.0,0.39,9.0,31.0,0.29,35.0,81.0,0.432,25.0,72.0,0.347
1641787,Tosan Evbuomwan,23.0,DET,71,32,0.375,2023-24,0.4507042253521127,1610612765,7.0,15.0,0.467,4.0,10.0,0.4,1.0,7.0,0.143,11.0,25.0,0.44
1641739,Toumani Camara,24.0,POR,438,172,0.337,2023-24,0.3926940639269406,1610612757,14.0,40.0,0.35,13.0,39.0,0.333,31.0,93.0,0.333,27.0,79.0,0.342
1629027,Trae Young,25.0,ATL,1008,469,0.373,2023-24,0.4652777777777778,1610612737,5.0,12.0,0.417,7.0,15.0,0.467,163.0,437.0,0.373,12.0,27.0,0.444
1631218,Trayce Jackson-Davis,24.0,GSW,332,1,0.0,2023-24,0.003012048192771,1610612744,0.0,0.0,0.0,0.0,0.0,0.0,0.0,1.0,0.0,0.0,0.0,0.0
1630200,Tre Jones,24.0,SAS,600,191,0.335,2023-24,0.3183333333333333,1610612759,13.0,37.0,0.351,16.0,41.0,0.39,34.0,110.0,0.309,29.0,78.0,0.372
1630544,Tre Mann,23.0,CHA,316,126,0.373,2023-24,0.3987341772151899,1610612766,6.0,15.0,0.4,7.0,12.0,0.583,34.0,99.0,0.343,13.0,27.0,0.481
1630570,Trendon Watford,23.0,BKN,311,68,0.397,2023-24,0.2186495176848874,1610612751,5.0,13.0,0.385,2.0,11.0,0.182,20.0,44.0,0.455,7.0,24.0,0.292
1630235,Trent Forrest,26.0,ATL,90,10,0.2,2023-24,0.1111111111111111,1610612737,1.0,4.0,0.25,0.0,1.0,0.0,1.0,5.0,0.2,1.0,5.0,0.2
1630243,Trevelin Queen,27.0,ORL,38,17,0.176,2023-24,0.4473684210526316,1610612753,1.0,4.0,0.25,0.0,2.0,0.0,2.0,11.0,0.182,1.0,6.0,0.167
1641998,Trey Jemison III,24.0,MEM,136,0,0.0,2023-24,0.0,1610612763,0.0,0.0,0.0,0.0,0.0,0.0,0.0,0.0,0.0,0.0,0.0,0.0
1626168,Trey Lyles,28.0,SAC,321,219,0.384,2023-24,0.6822429906542056,1610612758,18.0,47.0,0.383,14.0,38.0,0.368,52.0,131.0,0.397,32.0,85.0,0.376
1630530,Trey Murphy III,24.0,NOP,621,445,0.38,2023-24,0.71658615136876,1610612740,21.0,47.0,0.447,16.0,48.0,0.333,132.0,349.0,0.378,37.0,95.0,0.389
202684,Tristan Thompson,33.0,CLE,119,1,0.0,2023-24,0.0084033613445378,1610612739,0.0,0.0,0.0,0.0,0.0,0.0,0.0,0.0,0.0,0.0,0.0,0.0
1641774,Tristan Vukcevic,21.0,WAS,67,36,0.278,2023-24,0.5373134328358209,1610612764,0.0,1.0,0.0,0.0,2.0,0.0,10.0,33.0,0.303,0.0,3.0,0.0
1628972,Troy Brown Jr.,24.0,DET,226,141,0.333,2023-24,0.6238938053097345,1610612765,7.0,25.0,0.28,7.0,24.0,0.292,33.0,90.0,0.367,14.0,49.0,0.286
1629660,Ty Jerome,26.0,CLE,4,1,0.0,2023-24,0.25,1610612739,0.0,0.0,0.0,0.0,0.0,0.0,0.0,1.0,0.0,0.0,0.0,0.0
1631102,TyTy Washington Jr.,22.0,MIL,20,6,0.333,2023-24,0.3,1610612749,0.0,0.0,0.0,1.0,1.0,1.0,1.0,5.0,0.2,1.0,1.0,1.0
1629639,Tyler Herro,24.0,MIA,735,333,0.396,2023-24,0.4530612244897959,1610612748,2.0,10.0,0.2,17.0,32.0,0.531,113.0,290.0,0.39,19.0,42.0,0.452
1630169,Tyrese Haliburton,24.0,IND,1048,535,0.364,2023-24,0.5104961832061069,1610612754,4.0,14.0,0.286,11.0,33.0,0.333,180.0,484.0,0.372,15.0,47.0,0.319
1630178,Tyrese Maxey,23.0,PHI,1419,569,0.373,2023-24,0.4009866102889359,1610612755,13.0,24.0,0.542,12.0,21.0,0.571,187.0,521.0,0.359,25.0,45.0,0.556
1626145,Tyus Jones,28.0,WAS,666,256,0.414,2023-24,0.3843843843843844,1610612764,18.0,43.0,0.419,12.0,22.0,0.545,76.0,191.0,0.398,30.0,65.0,0.462
1628962,Udoka Azubuike,24.0,PHX,23,0,0.0,2023-24,0.0,1610612756,0.0,0.0,0.0,0.0,0.0,0.0,0.0,0.0,0.0,0.0,0.0,0.0
1630586,Usman Garuba,22.0,GSW,6,1,0.0,2023-24,0.1666666666666666,1610612744,0.0,0.0,0.0,0.0,0.0,0.0,0.0,1.0,0.0,0.0,0.0,0.0
203995,Vasilije Micic,30.0,CHA,370,154,0.279,2023-24,0.4162162162162162,1610612766,2.0,11.0,0.182,0.0,3.0,0.0,41.0,140.0,0.293,2.0,14.0,0.143
1641705,Victor Wembanyama,20.0,SAS,1186,394,0.325,2023-24,0.3322091062394603,1610612759,7.0,11.0,0.636,5.0,11.0,0.455,116.0,371.0,0.313,12.0,22.0,0.545
1631246,Vince Williams Jr.,23.0,MEM,379,209,0.378,2023-24,0.5514511873350924,1610612763,17.0,43.0,0.395,9.0,32.0,0.281,53.0,134.0,0.396,26.0,75.0,0.347
1630249,Vít Krejčí,24.0,ATL,104,68,0.412,2023-24,0.6538461538461539,1610612737,4.0,13.0,0.308,3.0,6.0,0.5,21.0,49.0,0.429,7.0,19.0,0.368
1631117,Walker Kessler,22.0,UTA,350,19,0.211,2023-24,0.0542857142857142,1610612762,2.0,12.0,0.167,2.0,7.0,0.286,0.0,0.0,0.0,4.0,19.0,0.211
1628976,Wendell Carter Jr.,25.0,ORL,425,171,0.374,2023-24,0.4023529411764706,1610612753,11.0,35.0,0.314,13.0,37.0,0.351,40.0,99.0,0.404,24.0,72.0,0.333
1631111,Wendell Moore Jr.,22.0,MIN,18,6,0.0,2023-24,0.3333333333333333,1610612750,0.0,0.0,0.0,0.0,2.0,0.0,0.0,4.0,0.0,0.0,2.0,0.0
1629117,Wenyen Gabriel,27.0,BOS,22,6,0.167,2023-24,0.2727272727272727,1610612738,0.0,1.0,0.0,1.0,2.0,0.5,0.0,3.0,0.0,1.0,3.0,0.333
202083,Wesley Matthews,37.0,ATL,97,69,0.348,2023-24,0.711340206185567,1610612737,7.0,12.0,0.583,5.0,17.0,0.294,12.0,40.0,0.3,12.0,29.0,0.414
1629875,Xavier Moon,29.0,LAC,46,17,0.118,2023-24,0.3695652173913043,1610612746,0.0,1.0,0.0,0.0,1.0,0.0,2.0,15.0,0.133,0.0,2.0,0.0
1630214,Xavier Tillman,25.0,BOS,279,81,0.247,2023-24,0.2903225806451613,1610612738,5.0,31.0,0.161,5.0,20.0,0.25,10.0,30.0,0.333,10.0,51.0,0.196
1629139,Yuta Watanabe,29.0,MEM,116,85,0.294,2023-24,0.7327586206896551,1610612763,5.0,19.0,0.263,5.0,18.0,0.278,15.0,48.0,0.313,10.0,37.0,0.27
1628380,Zach Collins,26.0,SAS,616,181,0.32,2023-24,0.2938311688311688,1610612759,4.0,13.0,0.308,2.0,6.0,0.333,52.0,162.0,0.321,6.0,19.0,0.316
203897,Zach LaVine,29.0,CHI,376,169,0.349,2023-24,0.449468085106383,1610612741,9.0,17.0,0.529,5.0,14.0,0.357,45.0,138.0,0.326,14.0,31.0,0.452
1630285,Zavier Simpson,27.0,DET,54,17,0.294,2023-24,0.3148148148148148,1610612765,0.0,1.0,0.0,0.0,1.0,0.0,5.0,15.0,0.333,0.0,2.0,0.0
1630192,Zeke Nnaji,23.0,DEN,149,23,0.261,2023-24,0.1543624161073825,1610612743,0.0,3.0,0.0,2.0,6.0,0.333,4.0,14.0,0.286,2.0,9.0,0.222
1630533,Ziaire Williams,22.0,MEM,378,189,0.307,2023-24,0.5,1610612763,10.0,36.0,0.278,17.0,41.0,0.415,31.0,110.0,0.282,27.0,77.0,0.351
1629627,Zion Williamson,23.0,NOP,1094,18,0.333,2023-24,0.016453382084095,1610612740,1.0,1.0,1.0,1.0,1.0,1.0,4.0,16.0,0.25,2.0,2.0,1.0
1630639,A.J. Lawson,24.0,TOR,190,101,0.327,2024-25,0.531578947368421,1610612761,8.0,21.0,0.381,3.0,15.0,0.2,22.0,65.0,0.338,11.0,36.0,0.306
1631260,AJ Green,25.0,MIL,424,363,0.427,2024-25,0.8561320754716981,1610612749,23.0,48.0,0.479,36.0,64.0,0.563,95.0,248.0,0.383,59.0,112.0,0.527
1642358,AJ Johnson,20.0,WAS,213,90,0.267,2024-25,0.4225352112676056,1610612764,2.0,6.0,0.333,3.0,6.0,0.5,19.0,76.0,0.25,5.0,12.0,0.417
203932,Aaron Gordon,29.0,DEN,497,172,0.436,2024-25,0.3460764587525151,1610612743,17.0,38.0,0.447,14.0,27.0,0.519,44.0,106.0,0.415,31.0,65.0,0.477
1628988,Aaron Holiday,28.0,HOU,268,181,0.398,2024-25,0.6753731343283582,1610612745,13.0,24.0,0.542,4.0,12.0,0.333,55.0,144.0,0.382,17.0,36.0,0.472
1630174,Aaron Nesmith,25.0,IND,379,195,0.431,2024-25,0.5145118733509235,1610612754,16.0,36.0,0.444,23.0,42.0,0.548,45.0,117.0,0.385,39.0,78.0,0.5
1630598,Aaron Wiggins,26.0,OKC,728,339,0.383,2024-25,0.4656593406593406,1610612760,24.0,72.0,0.333,17.0,44.0,0.386,89.0,222.0,0.401,41.0,116.0,0.353
1641745,Adam Flagler,25.0,OKC,96,72,0.194,2024-25,0.75,1610612760,0.0,5.0,0.0,0.0,4.0,0.0,14.0,63.0,0.222,0.0,9.0,0.0
1641766,Adama Sanogo,23.0,CHI,7,0,0.0,2024-25,0.0,1610612741,0.0,0.0,0.0,0.0,0.0,0.0,0.0,0.0,0.0,0.0,0.0,0.0
1641737,Adem Bona,22.0,PHI,192,1,0.0,2024-25,0.0052083333333333,1610612755,0.0,1.0,0.0,0.0,0.0,0.0,0.0,0.0,0.0,0.0,1.0,0.0
1642349,Ajay Mitchell,23.0,OKC,184,60,0.383,2024-25,0.3260869565217391,1610612760,5.0,13.0,0.385,2.0,5.0,0.4,16.0,41.0,0.39,7.0,18.0,0.389
201143,Al Horford,39.0,BOS,461,314,0.363,2024-25,0.6811279826464208,1610612738,18.0,44.0,0.409,22.0,62.0,0.355,74.0,207.0,0.357,40.0,106.0,0.377
202692,Alec Burks,33.0,MIA,271,207,0.425,2024-25,0.7638376383763837,1610612748,29.0,71.0,0.408,13.0,32.0,0.406,46.0,103.0,0.447,42.0,103.0,0.408
1627936,Alex Caruso,31.0,OKC,314,170,0.353,2024-25,0.5414012738853503,1610612760,11.0,28.0,0.393,15.0,35.0,0.429,34.0,107.0,0.318,26.0,63.0,0.413
1642505,Alex Ducas,24.0,OKC,30,21,0.476,2024-25,0.7,1610612760,3.0,5.0,0.6,2.0,4.0,0.5,5.0,12.0,0.417,5.0,9.0,0.556
203458,Alex Len,32.0,LAL,63,9,0.222,2024-25,0.1428571428571428,1610612747,1.0,2.0,0.5,0.0,2.0,0.0,1.0,5.0,0.2,1.0,4.0,0.25
1642024,Alex Reese,26.0,PHI,54,41,0.366,2024-25,0.7592592592592593,1610612755,1.0,2.0,0.5,2.0,13.0,0.154,12.0,25.0,0.48,3.0,15.0,0.2
1642259,Alex Sarr,20.0,WAS,828,341,0.308,2024-25,0.4118357487922705,1610612764,12.0,35.0,0.343,7.0,18.0,0.389,86.0,288.0,0.299,19.0,53.0,0.358
1631214,Alondes Williams,26.0,LAC,2,1,1.0,2024-25,0.5,1610612746,,,,,,,1.0,1.0,1.0,,,
1630578,Alperen Sengun,22.0,HOU,1143,90,0.233,2024-25,0.0787401574803149,1610612745,2.0,2.0,1.0,0.0,4.0,0.0,19.0,84.0,0.226,2.0,6.0,0.333
1641708,Amen Thompson,22.0,HOU,697,91,0.275,2024-25,0.1305595408895265,1610612745,8.0,17.0,0.471,12.0,37.0,0.324,5.0,35.0,0.143,20.0,54.0,0.37
1629599,Amir Coffey,28.0,LAC,510,247,0.409,2024-25,0.4843137254901961,1610612746,16.0,44.0,0.364,27.0,50.0,0.54,58.0,153.0,0.379,43.0,94.0,0.457
203083,Andre Drummond,31.0,PHI,234,20,0.15,2024-25,0.0854700854700854,1610612755,2.0,5.0,0.4,0.0,3.0,0.0,1.0,10.0,0.1,2.0,8.0,0.25
1641748,Andre Jackson Jr.,23.0,MIL,197,76,0.395,2024-25,0.3857868020304568,1610612749,6.0,17.0,0.353,10.0,26.0,0.385,14.0,33.0,0.424,16.0,43.0,0.372
1629614,Andrew Nembhard,25.0,IND,539,175,0.291,2024-25,0.3246753246753247,1610612754,8.0,26.0,0.308,6.0,21.0,0.286,37.0,127.0,0.291,14.0,47.0,0.298
203952,Andrew Wiggins,30.0,MIA,839,348,0.374,2024-25,0.4147794994040524,1610612748,14.0,36.0,0.389,11.0,24.0,0.458,105.0,288.0,0.365,25.0,60.0,0.417
1629014,Anfernee Simons,26.0,POR,1125,593,0.363,2024-25,0.5271111111111111,1610612757,13.0,38.0,0.342,8.0,21.0,0.381,194.0,529.0,0.367,21.0,59.0,0.356
1641710,Anthony Black,21.0,ORL,620,195,0.318,2024-25,0.314516129032258,1610612753,10.0,34.0,0.294,21.0,44.0,0.477,31.0,116.0,0.267,31.0,78.0,0.397
203076,Anthony Davis,32.0,DAL,910,124,0.282,2024-25,0.1362637362637362,1610612742,1.0,8.0,0.125,0.0,3.0,0.0,34.0,113.0,0.301,1.0,11.0,0.091
1630162,Anthony Edwards,23.0,MIN,1612,811,0.395,2024-25,0.5031017369727047,1610612750,26.0,61.0,0.426,17.0,39.0,0.436,277.0,701.0,0.395,43.0,100.0,0.43
1630264,Anthony Gill,32.0,WAS,88,31,0.323,2024-25,0.3522727272727273,1610612764,2.0,8.0,0.25,2.0,5.0,0.4,6.0,18.0,0.333,4.0,13.0,0.308
1641817,Anton Watson,24.0,NYK,9,1,0.0,2024-25,0.1111111111111111,1610612752,0.0,0.0,0.0,0.0,0.0,0.0,0.0,1.0,0.0,0.0,0.0,0.0
1641810,Antonio Reeves,24.0,NOP,248,129,0.395,2024-25,0.5201612903225806,1610612740,7.0,25.0,0.28,9.0,22.0,0.409,35.0,81.0,0.432,16.0,47.0,0.34
1630574,Ariel Hukporti,23.0,NYK,31,0,0.0,2024-25,0.0,1610612752,0.0,0.0,0.0,0.0,0.0,0.0,0.0,0.0,0.0,0.0,0.0,0.0
1642422,Armel Traore,22.0,LAL,19,7,0.0,2024-25,0.3684210526315789,1610612747,0.0,4.0,0.0,0.0,1.0,0.0,0.0,2.0,0.0,0.0,5.0,0.0
1641709,Ausar Thompson,22.0,DET,460,49,0.224,2024-25,0.1065217391304347,1610612765,3.0,13.0,0.231,4.0,13.0,0.308,4.0,19.0,0.211,7.0,26.0,0.269
1630559,Austin Reaves,27.0,LAL,1037,531,0.377,2024-25,0.5120540019286403,1610612747,15.0,39.0,0.385,17.0,30.0,0.567,168.0,455.0,0.369,32.0,69.0,0.464
1630245,Ayo Dosunmu,25.0,CHI,449,189,0.328,2024-25,0.4209354120267261,1610612741,12.0,35.0,0.343,15.0,42.0,0.357,35.0,112.0,0.313,27.0,77.0,0.351
1628389,Bam Adebayo,27.0,MIA,1113,221,0.357,2024-25,0.1985624438454627,1610612748,19.0,42.0,0.452,11.0,24.0,0.458,49.0,155.0,0.316,30.0,66.0,0.455
1631248,Baylor Scheierman,24.0,BOS,110,82,0.317,2024-25,0.7454545454545455,1610612738,4.0,13.0,0.308,4.0,12.0,0.333,18.0,57.0,0.316,8.0,25.0,0.32
1641767,Ben Sheppard,23.0,IND,287,199,0.342,2024-25,0.6933797909407665,1610612754,15.0,50.0,0.3,25.0,68.0,0.368,28.0,81.0,0.346,40.0,118.0,0.339
1627732,Ben Simmons,28.0,LAC,223,0,0.0,2024-25,0.0,1610612746,0.0,0.0,0.0,0.0,0.0,0.0,0.0,0.0,0.0,0.0,0.0,0.0
1631097,Bennedict Mathurin,23.0,IND,853,288,0.34,2024-25,0.3376318874560375,1610612754,5.0,11.0,0.455,13.0,34.0,0.382,80.0,240.0,0.333,18.0,45.0,0.4
1641731,Bilal Coulibaly,20.0,WAS,624,224,0.281,2024-25,0.358974358974359,1610612764,12.0,35.0,0.343,7.0,21.0,0.333,44.0,168.0,0.262,19.0,56.0,0.339
202687,Bismack Biyombo,32.0,SAS,114,0,0.0,2024-25,0.0,1610612759,0.0,0.0,0.0,0.0,0.0,0.0,0.0,0.0,0.0,0.0,0.0,0.0
1631104,Blake Wesley,22.0,SAS,186,58,0.293,2024-25,0.3118279569892473,1610612759,3.0,8.0,0.375,4.0,13.0,0.308,10.0,37.0,0.27,7.0,21.0,0.333
1626171,Bobby Portis,30.0,MIL,595,178,0.365,2024-25,0.2991596638655462,1610612749,8.0,20.0,0.4,13.0,28.0,0.464,44.0,130.0,0.338,21.0,48.0,0.438
1641752,Bobi Klintman,22.0,DET,10,5,0.4,2024-25,0.5,1610612765,0.0,1.0,0.0,1.0,1.0,1.0,1.0,3.0,0.333,1.0,2.0,0.5
203992,Bogdan Bogdanović,32.0,LAC,492,289,0.363,2024-25,0.5873983739837398,1610612746,11.0,30.0,0.367,12.0,32.0,0.375,82.0,226.0,0.363,23.0,62.0,0.371
1629626,Bol Bol,25.0,PHX,183,93,0.344,2024-25,0.5081967213114754,1610612756,9.0,26.0,0.346,9.0,25.0,0.36,14.0,42.0,0.333,18.0,51.0,0.353
1630538,Bones Hyland,24.0,MIN,118,82,0.39,2024-25,0.6949152542372882,1610612750,3.0,6.0,0.5,1.0,2.0,0.5,28.0,73.0,0.384,4.0,8.0,0.5
203078,Bradley Beal,32.0,PHX,694,264,0.386,2024-25,0.3804034582132565,1610612756,23.0,50.0,0.46,13.0,37.0,0.351,66.0,177.0,0.373,36.0,87.0,0.414
1642382,Branden Carlson,26.0,OKC,97,66,0.333,2024-25,0.6804123711340206,1610612760,2.0,9.0,0.222,5.0,11.0,0.455,15.0,46.0,0.326,7.0,20.0,0.35
1641764,Brandin Podziemski,22.0,GSW,629,309,0.372,2024-25,0.4912559618441971,1610612744,18.0,33.0,0.545,4.0,22.0,0.182,93.0,250.0,0.372,22.0,55.0,0.4
1630527,Brandon Boston,23.0,NOP,381,140,0.35,2024-25,0.3674540682414698,1610612740,3.0,12.0,0.25,7.0,20.0,0.35,39.0,108.0,0.361,10.0,32.0,0.313
1629634,Brandon Clarke,28.0,MEM,380,17,0.059,2024-25,0.0447368421052631,1610612763,0.0,9.0,0.0,1.0,5.0,0.2,0.0,3.0,0.0,1.0,14.0,0.071
1627742,Brandon Ingram,27.0,TOR,333,115,0.374,2024-25,0.3453453453453453,1610612761,2.0,6.0,0.333,1.0,5.0,0.2,40.0,104.0,0.385,3.0,11.0,0.273
1641706,Brandon Miller,22.0,CHA,491,293,0.355,2024-25,0.5967413441955194,1610612766,5.0,20.0,0.25,3.0,6.0,0.5,96.0,263.0,0.365,8.0,26.0,0.308
1630314,Brandon Williams,25.0,DAL,188,60,0.4,2024-25,0.3191489361702128,1610612742,2.0,5.0,0.4,4.0,8.0,0.5,18.0,45.0,0.4,6.0,13.0,0.462
1630296,Braxton Key,28.0,GSW,4,1,0.0,2024-25,0.25,1610612744,,,,,,,0.0,1.0,0.0,,,
1641729,Brice Sensabaugh,21.0,UTA,599,372,0.422,2024-25,0.6210350584307178,1610612762,33.0,66.0,0.5,28.0,55.0,0.509,96.0,250.0,0.384,61.0,121.0,0.504
1642355,Bronny James,20.0,LAL,67,32,0.281,2024-25,0.4776119402985074,1610612747,1.0,4.0,0.25,1.0,4.0,0.25,7.0,24.0,0.292,2.0,8.0,0.25
201572,Brook Lopez,37.0,MIL,774,373,0.373,2024-25,0.4819121447028424,1610612749,7.0,16.0,0.438,15.0,23.0,0.652,117.0,334.0,0.35,22.0,39.0,0.564
1628971,Bruce Brown,28.0,NOP,309,81,0.333,2024-25,0.2621359223300971,1610612740,1.0,6.0,0.167,16.0,36.0,0.444,10.0,38.0,0.263,17.0,42.0,0.405
1628981,Bruno Fernando,26.0,TOR,49,0,0.0,2024-25,0.0,1610612761,0.0,0.0,0.0,0.0,0.0,0.0,0.0,0.0,0.0,0.0,0.0,0.0
1631121,Bryce McGowens,22.0,POR,14,4,0.0,2024-25,0.2857142857142857,1610612757,0.0,0.0,0.0,0.0,1.0,0.0,0.0,3.0,0.0,0.0,1.0,0.0
1642267,Bub Carrington,19.0,WAS,748,407,0.339,2024-25,0.5441176470588235,1610612764,6.0,18.0,0.333,15.0,45.0,0.333,117.0,343.0,0.341,21.0,63.0,0.333
1627741,Buddy Hield,32.0,GSW,786,549,0.37,2024-25,0.6984732824427481,1610612744,27.0,81.0,0.333,25.0,54.0,0.463,151.0,413.0,0.366,52.0,135.0,0.385
203468,CJ McCollum,33.0,NOP,1000,459,0.373,2024-25,0.459,1610612740,13.0,27.0,0.481,11.0,41.0,0.268,147.0,391.0,0.376,24.0,68.0,0.353
1630595,Cade Cunningham,23.0,DET,1457,418,0.356,2024-25,0.2868908716540837,1610612765,4.0,12.0,0.333,4.0,9.0,0.444,142.0,394.0,0.36,8.0,21.0,0.381
1631216,Caleb Houstan,22.0,ORL,190,160,0.4,2024-25,0.8421052631578947,1610612753,11.0,33.0,0.333,7.0,23.0,0.304,46.0,104.0,0.442,18.0,56.0,0.321
1628997,Caleb Martin,29.0,DAL,304,103,0.359,2024-25,0.3388157894736842,1610612742,10.0,19.0,0.526,11.0,25.0,0.44,16.0,57.0,0.281,21.0,44.0,0.477
1642353,Cam Christie,19.0,LAC,24,13,0.154,2024-25,0.5416666666666666,1610612746,0.0,3.0,0.0,0.0,0.0,0.0,2.0,10.0,0.2,0.0,3.0,0.0
1629629,Cam Reddish,25.0,LAL,94,47,0.277,2024-25,0.5,1610612747,5.0,14.0,0.357,2.0,9.0,0.222,6.0,24.0,0.25,7.0,23.0,0.304
1642285,Cam Spencer,25.0,MEM,82,52,0.365,2024-25,0.6341463414634146,1610612763,2.0,5.0,0.4,0.0,1.0,0.0,17.0,46.0,0.37,2.0,6.0,0.333
1630560,Cam Thomas,23.0,BKN,454,195,0.349,2024-25,0.4295154185022026,1610612751,4.0,16.0,0.25,2.0,8.0,0.25,62.0,170.0,0.365,6.0,24.0,0.25
1641715,Cam Whitmore,20.0,HOU,403,183,0.355,2024-25,0.4540942928039702,1610612745,8.0,21.0,0.381,9.0,21.0,0.429,48.0,141.0,0.34,17.0,42.0,0.405
1629661,Cameron Johnson,29.0,BKN,747,408,0.39,2024-25,0.5461847389558233,1610612751,22.0,54.0,0.407,18.0,39.0,0.462,119.0,315.0,0.378,40.0,93.0,0.43
1626166,Cameron Payne,30.0,NYK,446,256,0.363,2024-25,0.5739910313901345,1610612752,4.0,11.0,0.364,5.0,17.0,0.294,84.0,228.0,0.368,9.0,28.0,0.321
1627747,Caris LeVert,30.0,ATL,599,284,0.373,2024-25,0.4741235392320534,1610612737,20.0,46.0,0.435,18.0,44.0,0.409,68.0,194.0,0.351,38.0,90.0,0.422
1641717,Cason Wallace,21.0,OKC,489,208,0.356,2024-25,0.4253578732106339,1610612760,19.0,58.0,0.328,13.0,38.0,0.342,42.0,112.0,0.375,32.0,96.0,0.333
1629646,Charles Bassey,24.0,SAS,117,0,0.0,2024-25,0.0,1610612759,0.0,0.0,0.0,0.0,0.0,0.0,0.0,0.0,0.0,0.0,0.0,0.0
1631096,Chet Holmgren,23.0,OKC,341,116,0.379,2024-25,0.3401759530791788,1610612760,6.0,13.0,0.462,3.0,7.0,0.429,35.0,95.0,0.368,9.0,20.0,0.45
1628449,Chris Boucher,32.0,TOR,370,193,0.363,2024-25,0.5216216216216216,1610612761,16.0,38.0,0.421,18.0,49.0,0.367,36.0,106.0,0.34,34.0,87.0,0.391
1630537,Chris Duarte,28.0,CHI,26,15,0.4,2024-25,0.5769230769230769,1610612741,1.0,1.0,1.0,0.0,0.0,0.0,4.0,13.0,0.308,1.0,1.0,1.0
1641753,Chris Livingston,21.0,MIL,27,8,0.0,2024-25,0.2962962962962963,1610612749,0.0,0.0,0.0,0.0,3.0,0.0,0.0,5.0,0.0,0.0,3.0,0.0
101108,Chris Paul,40.0,SAS,583,371,0.377,2024-25,0.6363636363636364,1610612759,7.0,24.0,0.292,10.0,25.0,0.4,123.0,320.0,0.384,17.0,49.0,0.347
1631128,Christian Braun,24.0,DEN,821,224,0.397,2024-25,0.2728380024360536,1610612743,20.0,46.0,0.435,6.0,28.0,0.214,63.0,149.0,0.423,26.0,74.0,0.351
1631132,Christian Koloko,25.0,LAL,66,4,0.0,2024-25,0.0606060606060606,1610612747,0.0,2.0,0.0,0.0,0.0,0.0,0.0,2.0,0.0,0.0,2.0,0.0
1629643,Chuma Okeke,26.0,CLE,40,28,0.393,2024-25,0.7,1610612739,3.0,5.0,0.6,3.0,8.0,0.375,5.0,15.0,0.333,6.0,13.0,0.462
203991,Clint Capela,31.0,ATL,390,1,0.0,2024-25,0.0025641025641025,1610612737,0.0,0.0,0.0,0.0,0.0,0.0,0.0,1.0,0.0,0.0,0.0,0.0
1629632,Coby White,25.0,CHI,1121,584,0.37,2024-25,0.5209634255129348,1610612741,23.0,54.0,0.426,8.0,27.0,0.296,185.0,495.0,0.374,31.0,81.0,0.383
1628998,Cody Martin,29.0,PHX,325,151,0.285,2024-25,0.4646153846153846,1610612756,14.0,41.0,0.341,9.0,40.0,0.225,20.0,70.0,0.286,23.0,81.0,0.284
1642262,Cody Williams,20.0,UTA,257,135,0.259,2024-25,0.5252918287937743,1610612762,14.0,44.0,0.318,6.0,36.0,0.167,15.0,55.0,0.273,20.0,80.0,0.25
1641732,Colby Jones,23.0,WAS,129,49,0.327,2024-25,0.3798449612403101,1610612764,3.0,7.0,0.429,1.0,6.0,0.167,12.0,36.0,0.333,4.0,13.0,0.308
1630175,Cole Anthony,25.0,MEM,543,218,0.353,2024-25,0.4014732965009208,1610612763,9.0,23.0,0.391,6.0,11.0,0.545,62.0,182.0,0.341,15.0,34.0,0.441
1631306,Cole Swider,26.0,IND,63,47,0.319,2024-25,0.746031746031746,1610612754,5.0,13.0,0.385,2.0,7.0,0.286,8.0,27.0,0.296,7.0,20.0,0.35
1630658,Colin Castleton,25.0,TOR,98,16,0.125,2024-25,0.1632653061224489,1610612761,0.0,5.0,0.0,2.0,6.0,0.333,0.0,5.0,0.0,2.0,11.0,0.182
1631221,Collin Gillespie,26.0,PHX,158,90,0.433,2024-25,0.569620253164557,1610612756,7.0,13.0,0.538,4.0,8.0,0.5,28.0,67.0,0.418,11.0,21.0,0.524
1629012,Collin Sexton,26.0,UTA,867,271,0.406,2024-25,0.3125720876585928,1610612762,15.0,33.0,0.455,13.0,28.0,0.464,82.0,209.0,0.392,28.0,61.0,0.459
1630557,Corey Kispert,26.0,WAS,565,330,0.364,2024-25,0.584070796460177,1610612764,11.0,28.0,0.393,10.0,29.0,0.345,99.0,268.0,0.369,21.0,57.0,0.368
202709,Cory Joseph,33.0,ORL,154,107,0.364,2024-25,0.6948051948051948,1610612753,4.0,9.0,0.444,5.0,16.0,0.313,30.0,81.0,0.37,9.0,25.0,0.36
1641854,Craig Porter Jr.,25.0,CLE,140,48,0.438,2024-25,0.3428571428571428,1610612739,2.0,7.0,0.286,3.0,6.0,0.5,15.0,33.0,0.455,5.0,13.0,0.385
1642385,Cui Cui,22.0,BKN,7,3,0.0,2024-25,0.4285714285714285,1610612751,,,,0.0,2.0,0.0,0.0,1.0,0.0,0.0,2.0,0.0
1626156,D'Angelo Russell,29.0,BKN,638,360,0.314,2024-25,0.5642633228840125,1610612751,5.0,15.0,0.333,4.0,18.0,0.222,104.0,325.0,0.32,9.0,33.0,0.273
1630618,D.J. Carton,24.0,TOR,7,3,0.0,2024-25,0.4285714285714285,1610612761,0.0,1.0,0.0,0.0,0.0,0.0,0.0,2.0,0.0,0.0,1.0,0.0
1629610,DaQuan Jeffries,27.0,CHA,291,164,0.335,2024-25,0.563573883161512,1610612766,17.0,51.0,0.333,14.0,29.0,0.483,24.0,83.0,0.289,31.0,80.0,0.388
1631342,Daeqwon Plowden,26.0,ATL,25,17,0.529,2024-25,0.68,1610612737,2.0,4.0,0.5,1.0,3.0,0.333,6.0,10.0,0.6,3.0,7.0,0.429
1630227,Daishen Nix,23.0,MIN,1,1,0.0,2024-25,1.0,1610612750,0.0,0.0,0.0,0.0,1.0,0.0,0.0,0.0,0.0,0.0,1.0,0.0
1630625,Dalano Banton,25.0,POR,507,222,0.324,2024-25,0.4378698224852071,1610612757,8.0,22.0,0.364,11.0,26.0,0.423,53.0,172.0,0.308,19.0,48.0,0.396
1631207,Dalen Terry,22.0,CHI,268,104,0.356,2024-25,0.3880597014925373,1610612741,11.0,26.0,0.423,6.0,21.0,0.286,20.0,57.0,0.351,17.0,47.0,0.362
1642261,Dalton Knecht,24.0,LAL,557,340,0.376,2024-25,0.6104129263913824,1610612747,25.0,57.0,0.439,18.0,41.0,0.439,85.0,240.0,0.354,43.0,98.0,0.439
203081,Damian Lillard,34.0,MIL,992,524,0.376,2024-25,0.5282258064516129,1610612749,9.0,20.0,0.45,8.0,22.0,0.364,180.0,478.0,0.377,17.0,42.0,0.405
1641878,Damion Baugh,24.0,CHA,130,56,0.214,2024-25,0.4307692307692308,1610612766,0.0,13.0,0.0,2.0,6.0,0.333,10.0,37.0,0.27,2.0,19.0,0.105
1627814,Damion Lee,32.0,PHX,74,37,0.243,2024-25,0.5,1610612756,3.0,7.0,0.429,1.0,6.0,0.167,5.0,24.0,0.208,4.0,13.0,0.308
1629655,Daniel Gafford,26.0,DAL,403,0,0.0,2024-25,0.0,1610612742,0.0,0.0,0.0,0.0,0.0,0.0,0.0,0.0,0.0,0.0,0.0,0.0
1628464,Daniel Theis,33.0,NOP,129,37,0.243,2024-25,0.2868217054263566,1610612740,0.0,5.0,0.0,0.0,4.0,0.0,9.0,28.0,0.321,0.0,9.0,0.0
1642450,Daniss Jenkins,23.0,DET,10,7,0.143,2024-25,0.7,1610612765,0.0,1.0,0.0,0.0,1.0,0.0,1.0,5.0,0.2,0.0,2.0,0.0
203957,Dante Exum,29.0,DAL,134,53,0.434,2024-25,0.3955223880597014,1610612742,8.0,11.0,0.727,2.0,6.0,0.333,13.0,35.0,0.371,10.0,17.0,0.588
203967,Dario Saric,31.0,DEN,58,26,0.269,2024-25,0.4482758620689655,1610612743,1.0,2.0,0.5,1.0,2.0,0.5,5.0,22.0,0.227,2.0,4.0,0.5
1641727,Dariq Whitehead,20.0,BKN,96,74,0.446,2024-25,0.7708333333333334,1610612751,5.0,13.0,0.385,4.0,7.0,0.571,24.0,55.0,0.436,9.0,20.0,0.45
1629636,Darius Garland,25.0,CLE,1174,529,0.401,2024-25,0.4505962521294719,1610612739,17.0,43.0,0.395,15.0,41.0,0.366,180.0,444.0,0.405,32.0,84.0,0.381
1630561,David Duke Jr.,25.0,SAS,14,6,0.5,2024-25,0.4285714285714285,1610612759,1.0,3.0,0.333,2.0,2.0,1.0,0.0,1.0,0.0,3.0,5.0,0.6
1631223,David Roddy,24.0,HOU,125,61,0.311,2024-25,0.488,1610612745,3.0,7.0,0.429,4.0,10.0,0.4,12.0,44.0,0.273,7.0,17.0,0.412
1630558,Davion Mitchell,26.0,MIA,476,211,0.398,2024-25,0.4432773109243697,1610612748,9.0,27.0,0.333,9.0,16.0,0.563,66.0,164.0,0.402,18.0,43.0,0.419
1630549,Day'Ron Sharpe,23.0,BKN,317,45,0.244,2024-25,0.1419558359621451,1610612751,1.0,4.0,0.25,4.0,9.0,0.444,6.0,32.0,0.188,5.0,13.0,0.385
1628368,De'Aaron Fox,27.0,SAS,1163,381,0.31,2024-25,0.3276010318142734,1610612759,19.0,47.0,0.404,4.0,19.0,0.211,95.0,313.0,0.304,23.0,66.0,0.348
1629631,De'Andre Hunter,27.0,CLE,762,388,0.405,2024-25,0.5091863517060368,1610612739,21.0,55.0,0.382,22.0,61.0,0.361,114.0,270.0,0.422,43.0,116.0,0.371
1629001,De'Anthony Melton,27.0,BKN,54,35,0.371,2024-25,0.6481481481481481,1610612751,2.0,2.0,1.0,1.0,2.0,0.5,10.0,31.0,0.323,3.0,4.0,0.75
201599,DeAndre Jordan,36.0,DEN,140,0,0.0,2024-25,0.0,1610612743,0.0,0.0,0.0,0.0,0.0,0.0,0.0,0.0,0.0,0.0,0.0,0.0
201942,DeMar DeRozan,35.0,SAC,1308,256,0.328,2024-25,0.1957186544342507,1610612758,23.0,65.0,0.354,8.0,20.0,0.4,53.0,165.0,0.321,31.0,85.0,0.365
1629731,Dean Wade,28.0,CLE,271,222,0.36,2024-25,0.8191881918819188,1610612739,18.0,48.0,0.375,20.0,43.0,0.465,42.0,131.0,0.321,38.0,91.0,0.418
1629028,Deandre Ayton,26.0,POR,468,32,0.188,2024-25,0.0683760683760683,1610612757,0.0,8.0,0.0,1.0,8.0,0.125,5.0,16.0,0.313,1.0,16.0,0.063
1627749,Dejounte Murray,28.0,NOP,494,174,0.299,2024-25,0.3522267206477733,1610612740,8.0,21.0,0.381,2.0,8.0,0.25,42.0,145.0,0.29,10.0,29.0,0.345
1626153,Delon Wright,33.0,NYK,131,73,0.274,2024-25,0.5572519083969466,1610612752,3.0,6.0,0.5,6.0,15.0,0.4,11.0,52.0,0.212,9.0,21.0,0.429
1630166,Deni Avdija,24.0,POR,844,342,0.365,2024-25,0.4052132701421801,1610612757,10.0,31.0,0.323,11.0,37.0,0.297,104.0,273.0,0.381,21.0,68.0,0.309
203471,Dennis Schröder,31.0,DET,827,371,0.342,2024-25,0.4486094316807739,1610612765,10.0,23.0,0.435,8.0,13.0,0.615,109.0,332.0,0.328,18.0,36.0,0.5
1641726,Dereck Lively II,21.0,DAL,191,0,0.0,2024-25,0.0,1610612742,0.0,0.0,0.0,0.0,0.0,0.0,0.0,0.0,0.0,0.0,0.0,0.0
1627884,Derrick Jones Jr.,28.0,LAC,589,219,0.356,2024-25,0.3718166383701188,1610612746,17.0,59.0,0.288,26.0,60.0,0.433,35.0,99.0,0.354,43.0,119.0,0.361
1628401,Derrick White,30.0,BOS,959,691,0.384,2024-25,0.7205422314911366,1610612738,29.0,63.0,0.46,24.0,60.0,0.4,212.0,568.0,0.373,53.0,123.0,0.431
1630217,Desmond Bane,27.0,ORL,1018,418,0.392,2024-25,0.4106090373280943,1610612753,16.0,50.0,0.32,10.0,33.0,0.303,138.0,335.0,0.412,26.0,83.0,0.313
1626164,Devin Booker,28.0,PHX,1420,551,0.332,2024-25,0.3880281690140845,1610612756,11.0,32.0,0.344,15.0,43.0,0.349,157.0,476.0,0.33,26.0,75.0,0.347
1642269,Devin Carter,23.0,SAC,127,61,0.295,2024-25,0.4803149606299212,1610612758,3.0,7.0,0.429,2.0,9.0,0.222,13.0,45.0,0.289,5.0,16.0,0.313
1630170,Devin Vassell,24.0,SAS,889,429,0.368,2024-25,0.4825646794150731,1610612759,24.0,60.0,0.4,22.0,46.0,0.478,112.0,323.0,0.347,46.0,106.0,0.434
1628415,Dillon Brooks,29.0,HOU,895,469,0.397,2024-25,0.524022346368715,1610612745,22.0,59.0,0.373,23.0,59.0,0.39,141.0,350.0,0.403,45.0,118.0,0.381
1641794,Dillon Jones,23.0,OKC,133,63,0.254,2024-25,0.4736842105263157,1610612760,3.0,10.0,0.3,0.0,4.0,0.0,13.0,49.0,0.265,3.0,14.0,0.214
1627734,Domantas Sabonis,29.0,SAC,893,156,0.417,2024-25,0.1746920492721164,1610612758,1.0,1.0,1.0,3.0,7.0,0.429,61.0,148.0,0.412,4.0,8.0,0.5
1631230,Dominick Barlow,22.0,ATL,113,27,0.259,2024-25,0.2389380530973451,1610612737,1.0,11.0,0.091,3.0,11.0,0.273,3.0,5.0,0.6,4.0,22.0,0.182
1642270,Donovan Clingan,21.0,POR,334,49,0.286,2024-25,0.1467065868263473,1610612757,2.0,4.0,0.5,0.0,1.0,0.0,12.0,44.0,0.273,2.0,5.0,0.4
1628378,Donovan Mitchell,28.0,CLE,1320,633,0.368,2024-25,0.4795454545454545,1610612739,19.0,36.0,0.528,11.0,29.0,0.379,203.0,565.0,0.359,30.0,65.0,0.462
1628978,Donte DiVincenzo,28.0,MIN,593,438,0.397,2024-25,0.7386172006745363,1610612750,29.0,57.0,0.509,9.0,32.0,0.281,136.0,347.0,0.392,38.0,89.0,0.427
1627827,Dorian Finney-Smith,32.0,LAL,435,314,0.411,2024-25,0.7218390804597701,1610612747,30.0,69.0,0.435,24.0,56.0,0.429,75.0,188.0,0.399,54.0,125.0,0.432
203926,Doug McDermott,33.0,SAC,117,101,0.436,2024-25,0.8632478632478633,1610612758,10.0,20.0,0.5,3.0,8.0,0.375,31.0,73.0,0.425,13.0,28.0,0.464
203110,Draymond Green,35.0,GSW,509,246,0.325,2024-25,0.4833005893909626,1610612744,10.0,52.0,0.192,24.0,49.0,0.49,46.0,144.0,0.319,34.0,101.0,0.337
1629234,Drew Eubanks,28.0,LAC,194,6,0.5,2024-25,0.0309278350515463,1610612746,1.0,2.0,0.5,2.0,3.0,0.667,0.0,1.0,0.0,3.0,5.0,0.6
1641809,Drew Peterson,25.0,BOS,41,33,0.394,2024-25,0.8048780487804879,1610612738,3.0,8.0,0.375,0.0,2.0,0.0,10.0,23.0,0.435,3.0,10.0,0.3
1631166,Drew Timme,24.0,BKN,102,35,0.257,2024-25,0.3431372549019608,1610612751,2.0,4.0,0.5,0.0,2.0,0.0,7.0,28.0,0.25,2.0,6.0,0.333
1630696,Dru Smith,27.0,MIA,61,30,0.533,2024-25,0.4918032786885246,1610612748,4.0,7.0,0.571,3.0,4.0,0.75,9.0,19.0,0.474,7.0,11.0,0.636
1629130,Duncan Robinson,31.0,MIA,663,483,0.393,2024-25,0.7285067873303167,1610612748,19.0,45.0,0.422,22.0,54.0,0.407,149.0,384.0,0.388,41.0,99.0,0.414
1641871,Duop Reath,29.0,POR,166,106,0.321,2024-25,0.6385542168674698,1610612757,1.0,8.0,0.125,7.0,17.0,0.412,26.0,81.0,0.321,8.0,25.0,0.32
203939,Dwight Powell,33.0,DAL,61,5,0.4,2024-25,0.081967213114754,1610612742,1.0,1.0,1.0,1.0,3.0,0.333,0.0,1.0,0.0,2.0,4.0,0.5
1630700,Dyson Daniels,22.0,ATL,923,235,0.34,2024-25,0.2546045503791982,1610612737,6.0,21.0,0.286,19.0,36.0,0.528,55.0,172.0,0.32,25.0,57.0,0.439
1630604,E.J. Liddell,24.0,CHI,15,10,0.3,2024-25,0.6666666666666666,1610612741,0.0,0.0,0.0,0.0,0.0,0.0,3.0,10.0,0.3,0.0,0.0,0.0
203901,Elfrid Payton,31.0,NOP,122,6,0.167,2024-25,0.0491803278688524,1610612740,0.0,0.0,0.0,0.0,1.0,0.0,1.0,5.0,0.2,0.0,1.0,0.0
1641989,Elijah Harkless,25.0,UTA,35,25,0.28,2024-25,0.7142857142857143,1610612762,3.0,5.0,0.6,0.0,3.0,0.0,4.0,17.0,0.235,3.0,8.0,0.375
1641801,Emanuel Miller,25.0,CHI,8,1,0.0,2024-25,0.125,1610612741,0.0,0.0,0.0,0.0,0.0,0.0,0.0,1.0,0.0,0.0,0.0,0.0
1641734,Emoni Bates,21.0,CLE,38,30,0.367,2024-25,0.7894736842105263,1610612739,0.0,1.0,0.0,2.0,2.0,1.0,9.0,27.0,0.333,2.0,3.0,0.667
1642402,Enrique Freeman,24.0,IND,37,10,0.1,2024-25,0.2702702702702703,1610612754,0.0,5.0,0.0,1.0,3.0,0.333,0.0,2.0,0.0,1.0,8.0,0.125
201569,Eric Gordon,36.0,PHI,204,137,0.409,2024-25,0.6715686274509803,1610612755,5.0,11.0,0.455,5.0,8.0,0.625,46.0,116.0,0.397,10.0,19.0,0.526
1630596,Evan Mobley,24.0,CLE,906,230,0.37,2024-25,0.2538631346578366,1610612739,9.0,24.0,0.375,11.0,24.0,0.458,65.0,181.0,0.359,20.0,48.0,0.417
1630532,Franz Wagner,23.0,ORL,1161,352,0.295,2024-25,0.3031869078380706,1610612753,10.0,25.0,0.4,9.0,18.0,0.5,85.0,306.0,0.278,19.0,43.0,0.442
1627832,Fred VanVleet,31.0,HOU,759,461,0.345,2024-25,0.6073781291172595,1610612745,8.0,28.0,0.286,8.0,21.0,0.381,143.0,404.0,0.354,16.0,49.0,0.327
1641713,GG Jackson,20.0,MEM,199,95,0.337,2024-25,0.4773869346733668,1610612763,5.0,17.0,0.294,3.0,10.0,0.3,24.0,68.0,0.353,8.0,27.0,0.296
1629216,Gabe Vincent,29.0,LAL,420,309,0.353,2024-25,0.7357142857142858,1610612747,21.0,65.0,0.323,23.0,47.0,0.489,65.0,196.0,0.332,44.0,112.0,0.393
202066,Garrett Temple,39.0,TOR,60,28,0.214,2024-25,0.4666666666666667,1610612761,1.0,5.0,0.2,1.0,4.0,0.25,4.0,19.0,0.211,2.0,9.0,0.222
1629726,Garrison Mathews,28.0,ATL,257,218,0.39,2024-25,0.8482490272373541,1610612737,15.0,25.0,0.6,25.0,44.0,0.568,45.0,149.0,0.302,40.0,69.0,0.58
203914,Gary Harris,30.0,ORL,133,101,0.356,2024-25,0.7593984962406015,1610612753,11.0,27.0,0.407,5.0,16.0,0.313,20.0,58.0,0.345,16.0,43.0,0.372
1627780,Gary Payton II,32.0,GSW,298,95,0.326,2024-25,0.3187919463087248,1610612744,9.0,23.0,0.391,13.0,31.0,0.419,9.0,41.0,0.22,22.0,54.0,0.407
1629018,Gary Trent Jr.,26.0,MIL,657,433,0.416,2024-25,0.6590563165905632,1610612749,29.0,62.0,0.468,22.0,45.0,0.489,129.0,326.0,0.396,51.0,107.0,0.477
1627777,Georges Niang,32.0,ATL,620,409,0.406,2024-25,0.6596774193548387,1610612737,41.0,91.0,0.451,25.0,70.0,0.357,100.0,248.0,0.403,66.0,161.0,0.41
203507,Giannis Antetokounmpo,30.0,MIL,1319,63,0.222,2024-25,0.0477634571645185,1610612749,0.0,1.0,0.0,0.0,2.0,0.0,14.0,59.0,0.237,0.0,3.0,0.0
1629048,Goga Bitadze,25.0,ORL,339,28,0.107,2024-25,0.0825958702064896,1610612753,0.0,1.0,0.0,0.0,5.0,0.0,3.0,21.0,0.143,0.0,6.0,0.0
1641711,Gradey Dick,21.0,TOR,647,326,0.35,2024-25,0.5038639876352395,1610612761,12.0,42.0,0.286,18.0,46.0,0.391,84.0,237.0,0.354,30.0,88.0,0.341
1629684,Grant Williams,26.0,CHA,123,74,0.365,2024-25,0.6016260162601627,1610612766,3.0,8.0,0.375,2.0,8.0,0.25,22.0,58.0,0.379,5.0,16.0,0.313
1628960,Grayson Allen,29.0,PHX,489,350,0.426,2024-25,0.7157464212678937,1610612756,31.0,60.0,0.517,18.0,39.0,0.462,100.0,251.0,0.398,49.0,99.0,0.495
1627824,Guerschon Yabusele,29.0,PHI,563,274,0.38,2024-25,0.4866785079928952,1610612755,11.0,32.0,0.344,14.0,39.0,0.359,79.0,200.0,0.395,25.0,71.0,0.352
1630611,Gui Santos,23.0,GSW,179,103,0.33,2024-25,0.5754189944134078,1610612744,4.0,13.0,0.308,11.0,26.0,0.423,19.0,63.0,0.302,15.0,39.0,0.385
203084,Harrison Barnes,33.0,SAS,683,360,0.433,2024-25,0.527086383601757,1610612759,46.0,102.0,0.451,51.0,103.0,0.495,59.0,153.0,0.386,97.0,205.0,0.473
1631127,Harrison Ingram,22.0,SAS,4,1,0.0,2024-25,0.25,1610612759,0.0,0.0,0.0,0.0,0.0,0.0,0.0,1.0,0.0,0.0,0.0,0.0
1629312,Haywood Highsmith,28.0,MIA,391,233,0.382,2024-25,0.5959079283887468,1610612748,26.0,59.0,0.441,24.0,53.0,0.453,39.0,121.0,0.322,50.0,112.0,0.446
1630529,Herbert Jones,26.0,NOP,172,72,0.306,2024-25,0.4186046511627907,1610612740,9.0,21.0,0.429,5.0,16.0,0.313,8.0,34.0,0.235,14.0,37.0,0.378
1641816,Hunter Tyson,25.0,DEN,120,74,0.311,2024-25,0.6166666666666667,1610612743,4.0,11.0,0.364,2.0,12.0,0.167,17.0,51.0,0.333,6.0,23.0,0.261
1630193,Immanuel Quickley,26.0,TOR,438,225,0.378,2024-25,0.5136986301369864,1610612761,2.0,10.0,0.2,8.0,15.0,0.533,75.0,199.0,0.377,10.0,25.0,0.4
1642403,Isaac Jones,24.0,SAC,83,8,0.375,2024-25,0.0963855421686747,1610612758,2.0,4.0,0.5,1.0,2.0,0.5,0.0,2.0,0.0,3.0,6.0,0.5
1630171,Isaac Okoro,24.0,CLE,267,151,0.371,2024-25,0.5655430711610487,1610612739,21.0,45.0,0.467,15.0,48.0,0.313,20.0,58.0,0.345,36.0,93.0,0.387
1642268,Isaiah Collier,20.0,UTA,555,169,0.249,2024-25,0.3045045045045045,1610612762,11.0,35.0,0.314,4.0,9.0,0.444,26.0,120.0,0.217,15.0,44.0,0.341
1642384,Isaiah Crawford,23.0,SAC,11,5,0.2,2024-25,0.4545454545454545,1610612758,1.0,1.0,1.0,0.0,0.0,0.0,0.0,4.0,0.0,1.0,1.0,1.0
1628392,Isaiah Hartenstein,27.0,OKC,480,19,0.0,2024-25,0.0395833333333333,1610612760,0.0,2.0,0.0,0.0,1.0,0.0,0.0,16.0,0.0,0.0,3.0,0.0
1630543,Isaiah Jackson,23.0,IND,23,0,0.0,2024-25,0.0,1610612754,0.0,0.0,0.0,0.0,0.0,0.0,0.0,0.0,0.0,0.0,0.0,0.0
1630198,Isaiah Joe,25.0,OKC,588,466,0.412,2024-25,0.7925170068027211,1610612760,32.0,53.0,0.604,18.0,36.0,0.5,142.0,377.0,0.377,50.0,89.0,0.562
1630600,Isaiah Mobley,25.0,PHI,7,3,0.333,2024-25,0.4285714285714285,1610612755,0.0,1.0,0.0,,,,1.0,2.0,0.5,0.0,1.0,0.0
1641815,Isaiah Stevens,24.0,MIA,2,1,0.0,2024-25,0.5,1610612748,0.0,0.0,0.0,,,,0.0,1.0,0.0,0.0,0.0,0.0
1630191,Isaiah Stewart,24.0,DET,315,53,0.321,2024-25,0.1682539682539682,1610612765,1.0,6.0,0.167,2.0,3.0,0.667,14.0,44.0,0.318,3.0,9.0,0.333
1631209,Isaiah Wong,24.0,CHA,105,33,0.394,2024-25,0.3142857142857143,1610612766,0.0,2.0,0.0,1.0,2.0,0.5,12.0,28.0,0.429,1.0,4.0,0.25
1627826,Ivica Zubac,28.0,LAC,942,0,0.0,2024-25,0.0,1610612746,0.0,0.0,0.0,0.0,0.0,0.0,0.0,0.0,0.0,0.0,0.0,0.0
1631120,JD Davison,22.0,BOS,34,18,0.222,2024-25,0.5294117647058824,1610612738,0.0,0.0,0.0,1.0,3.0,0.333,3.0,15.0,0.2,1.0,3.0,0.333
1630550,JT Thor,22.0,WAS,59,21,0.286,2024-25,0.3559322033898305,1610612764,1.0,7.0,0.143,0.0,4.0,0.0,5.0,10.0,0.5,1.0,11.0,0.091
1629630,Ja Morant,25.0,MEM,889,285,0.309,2024-25,0.3205849268841395,1610612763,12.0,33.0,0.364,5.0,20.0,0.25,71.0,227.0,0.313,17.0,53.0,0.321
1642266,Ja'Kobe Walter,20.0,TOR,393,186,0.349,2024-25,0.4732824427480916,1610612761,11.0,39.0,0.282,8.0,19.0,0.421,46.0,126.0,0.365,19.0,58.0,0.328
1631095,Jabari Smith Jr.,22.0,HOU,566,277,0.354,2024-25,0.489399293286219,1610612745,9.0,21.0,0.429,14.0,44.0,0.318,75.0,212.0,0.354,23.0,65.0,0.354
1631133,Jabari Walker,22.0,POR,229,72,0.389,2024-25,0.314410480349345,1610612757,7.0,13.0,0.538,10.0,22.0,0.455,11.0,36.0,0.306,17.0,35.0,0.486
1629098,Jack McVeigh,29.0,HOU,17,13,0.308,2024-25,0.7647058823529411,1610612745,1.0,3.0,0.333,2.0,3.0,0.667,1.0,7.0,0.143,3.0,6.0,0.5
1642050,Jackson Rowe,28.0,GSW,17,10,0.3,2024-25,0.5882352941176471,1610612744,2.0,4.0,0.5,0.0,0.0,0.0,1.0,6.0,0.167,2.0,4.0,0.5
1631210,Jacob Toppin,25.0,ATL,22,10,0.5,2024-25,0.4545454545454545,1610612737,2.0,3.0,0.667,2.0,3.0,0.667,1.0,4.0,0.25,4.0,6.0,0.667
1630702,Jaden Hardy,22.0,DAL,414,197,0.386,2024-25,0.4758454106280193,1610612742,7.0,19.0,0.368,12.0,30.0,0.4,57.0,147.0,0.388,19.0,49.0,0.388
1631093,Jaden Ivey,23.0,DET,413,154,0.409,2024-25,0.3728813559322034,1610612765,3.0,16.0,0.188,9.0,17.0,0.529,51.0,118.0,0.432,12.0,33.0,0.364
1630183,Jaden McDaniels,24.0,MIN,834,303,0.33,2024-25,0.3633093525179856,1610612750,28.0,91.0,0.308,24.0,72.0,0.333,48.0,137.0,0.35,52.0,163.0,0.319
1630531,Jaden Springer,22.0,UTA,90,48,0.25,2024-25,0.5333333333333333,1610612762,2.0,15.0,0.133,2.0,8.0,0.25,8.0,24.0,0.333,4.0,23.0,0.174
203109,Jae Crowder,34.0,SAC,22,15,0.267,2024-25,0.6818181818181818,1610612758,1.0,4.0,0.25,1.0,4.0,0.25,2.0,7.0,0.286,2.0,8.0,0.25
1630256,Jae'Sean Tate,29.0,HOU,148,46,0.348,2024-25,0.3108108108108108,1610612745,7.0,15.0,0.467,7.0,16.0,0.438,2.0,15.0,0.133,14.0,31.0,0.452
1642443,Jahmir Young,24.0,CHI,5,2,0.5,2024-25,0.4,1610612741,0.0,0.0,0.0,0.0,0.0,0.0,1.0,2.0,0.5,0.0,0.0,0.0
1631170,Jaime Jaquez Jr.,24.0,MIA,462,119,0.311,2024-25,0.2575757575757575,1610612748,13.0,36.0,0.361,5.0,28.0,0.179,19.0,53.0,0.358,18.0,64.0,0.281
1631222,Jake LaRavia,23.0,SAC,337,142,0.423,2024-25,0.4213649851632047,1610612758,8.0,21.0,0.381,6.0,17.0,0.353,45.0,102.0,0.441,14.0,38.0,0.368
1627751,Jakob Poeltl,29.0,TOR,579,3,0.333,2024-25,0.005181347150259,1610612761,0.0,0.0,0.0,1.0,1.0,1.0,0.0,1.0,0.0,1.0,1.0,1.0
1641779,Jalen Bridges,24.0,PHX,7,7,0.286,2024-25,1.0,1610612756,1.0,2.0,0.5,1.0,1.0,1.0,0.0,4.0,0.0,2.0,3.0,0.667
1628973,Jalen Brunson,28.0,NYK,1200,397,0.383,2024-25,0.3308333333333333,1610612752,7.0,25.0,0.28,17.0,34.0,0.5,128.0,338.0,0.379,24.0,59.0,0.407
1631105,Jalen Duren,21.0,DET,546,0,0.0,2024-25,0.0,1610612765,0.0,0.0,0.0,0.0,0.0,0.0,0.0,0.0,0.0,0.0,0.0,0.0
1630224,Jalen Green,23.0,HOU,1437,661,0.354,2024-25,0.4599860821155184,1610612745,8.0,30.0,0.267,20.0,44.0,0.455,206.0,587.0,0.351,28.0,74.0,0.378
1641720,Jalen Hood-Schifino,22.0,PHI,98,46,0.304,2024-25,0.4693877551020408,1610612755,2.0,3.0,0.667,1.0,3.0,0.333,11.0,40.0,0.275,3.0,6.0,0.5
1630552,Jalen Johnson,23.0,ATL,542,141,0.312,2024-25,0.2601476014760147,1610612737,5.0,17.0,0.294,9.0,27.0,0.333,30.0,95.0,0.316,14.0,44.0,0.318
1629618,Jalen Pickett,25.0,DEN,180,101,0.396,2024-25,0.5611111111111111,1610612743,8.0,18.0,0.444,9.0,20.0,0.45,23.0,62.0,0.371,17.0,38.0,0.447
1630188,Jalen Smith,25.0,CHI,408,222,0.324,2024-25,0.5441176470588235,1610612741,7.0,22.0,0.318,6.0,16.0,0.375,58.0,183.0,0.317,13.0,38.0,0.342
1630591,Jalen Suggs,24.0,ORL,481,242,0.314,2024-25,0.5031185031185031,1610612753,12.0,28.0,0.429,4.0,8.0,0.5,60.0,202.0,0.297,16.0,36.0,0.444
1631114,Jalen Williams,24.0,OKC,1168,340,0.365,2024-25,0.2910958904109589,1610612760,10.0,23.0,0.435,3.0,12.0,0.25,111.0,305.0,0.364,13.0,35.0,0.371
1630592,Jalen Wilson,24.0,BKN,620,362,0.337,2024-25,0.5838709677419355,1610612751,15.0,48.0,0.313,23.0,65.0,0.354,84.0,248.0,0.339,38.0,113.0,0.336
1631288,Jamal Cain,26.0,NOP,158,80,0.325,2024-25,0.5063291139240507,1610612740,6.0,20.0,0.3,6.0,19.0,0.316,14.0,41.0,0.341,12.0,39.0,0.308
1627750,Jamal Murray,28.0,DEN,1121,397,0.393,2024-25,0.3541480820695807,1610612743,10.0,27.0,0.37,5.0,13.0,0.385,141.0,354.0,0.398,15.0,40.0,0.375
1642347,Jamal Shead,22.0,TOR,504,223,0.323,2024-25,0.4424603174603174,1610612761,9.0,20.0,0.45,5.0,15.0,0.333,58.0,184.0,0.315,14.0,35.0,0.4
1631123,Jamaree Bouyea,26.0,MIL,12,5,0.2,2024-25,0.4166666666666667,1610612749,0.0,0.0,0.0,0.0,0.0,0.0,1.0,5.0,0.2,0.0,0.0,0.0
201935,James Harden,35.0,LAC,1295,668,0.352,2024-25,0.5158301158301158,1610612746,4.0,9.0,0.444,8.0,21.0,0.381,223.0,638.0,0.35,12.0,30.0,0.4
201949,James Johnson,38.0,IND,11,3,0.0,2024-25,0.2727272727272727,1610612754,0.0,0.0,0.0,0.0,0.0,0.0,0.0,3.0,0.0,0.0,0.0,0.0
1630164,James Wiseman,24.0,IND,4,1,0.0,2024-25,0.25,1610612754,0.0,0.0,0.0,,,,0.0,1.0,0.0,0.0,0.0,0.0
1642419,Jamison Battle,24.0,TOR,347,259,0.405,2024-25,0.7463976945244957,1610612761,28.0,64.0,0.438,16.0,44.0,0.364,61.0,151.0,0.404,44.0,108.0,0.407
1641716,Jarace Walker,21.0,IND,360,185,0.405,2024-25,0.5138888888888888,1610612754,9.0,23.0,0.391,10.0,23.0,0.435,56.0,138.0,0.406,19.0,46.0,0.413
1630215,Jared Butler,24.0,PHI,453,169,0.355,2024-25,0.3730684326710817,1610612755,10.0,22.0,0.455,7.0,16.0,0.438,43.0,131.0,0.328,17.0,38.0,0.447
1642272,Jared McCain,21.0,PHI,274,133,0.383,2024-25,0.4854014598540146,1610612755,5.0,17.0,0.294,5.0,13.0,0.385,41.0,103.0,0.398,10.0,30.0,0.333
1631197,Jared Rhoden,25.0,TOR,87,39,0.308,2024-25,0.4482758620689655,1610612761,5.0,10.0,0.5,3.0,8.0,0.375,4.0,21.0,0.19,8.0,18.0,0.444
1628991,Jaren Jackson Jr.,25.0,MEM,1213,389,0.375,2024-25,0.3206924979389942,1610612763,15.0,40.0,0.375,18.0,44.0,0.409,113.0,300.0,0.377,33.0,84.0,0.393
1629020,Jarred Vanderbilt,26.0,LAL,121,32,0.281,2024-25,0.2644628099173554,1610612747,2.0,9.0,0.222,7.0,17.0,0.412,0.0,5.0,0.0,9.0,26.0,0.346
1628386,Jarrett Allen,27.0,CLE,640,5,0.0,2024-25,0.0078125,1610612739,0.0,0.0,0.0,0.0,2.0,0.0,0.0,3.0,0.0,0.0,2.0,0.0
1629750,Javonte Green,31.0,CLE,287,141,0.326,2024-25,0.4912891986062718,1610612739,6.0,28.0,0.214,16.0,42.0,0.381,24.0,71.0,0.338,22.0,70.0,0.314
1629637,Jaxson Hayes,25.0,LAL,223,3,0.0,2024-25,0.0134529147982062,1610612747,0.0,1.0,0.0,0.0,0.0,0.0,0.0,2.0,0.0,0.0,1.0,0.0
1630643,Jay Huff,27.0,MEM,305,200,0.405,2024-25,0.6557377049180327,1610612763,8.0,26.0,0.308,10.0,24.0,0.417,62.0,149.0,0.416,18.0,50.0,0.36
1627759,Jaylen Brown,28.0,BOS,1118,358,0.324,2024-25,0.3202146690518783,1610612738,13.0,33.0,0.394,18.0,38.0,0.474,85.0,287.0,0.296,31.0,71.0,0.437
1641740,Jaylen Clark,23.0,MIN,120,51,0.431,2024-25,0.425,1610612750,9.0,17.0,0.529,3.0,12.0,0.25,10.0,20.0,0.5,12.0,29.0,0.414
1641798,Jaylen Martin,21.0,WAS,74,23,0.304,2024-25,0.3108108108108108,1610612764,0.0,5.0,0.0,1.0,2.0,0.5,6.0,16.0,0.375,1.0,7.0,0.143
1629669,Jaylen Nowell,25.0,WAS,73,27,0.296,2024-25,0.3698630136986301,1610612764,3.0,3.0,1.0,0.0,3.0,0.0,5.0,21.0,0.238,3.0,6.0,0.5
1631301,Jaylen Sims,26.0,CHA,28,15,0.4,2024-25,0.5357142857142857,1610612766,0.0,1.0,0.0,1.0,2.0,0.5,5.0,12.0,0.417,1.0,3.0,0.333
1642377,Jaylen Wells,21.0,MEM,676,392,0.352,2024-25,0.5798816568047337,1610612763,35.0,100.0,0.35,21.0,54.0,0.389,82.0,238.0,0.345,56.0,154.0,0.364
1631119,Jaylin Williams,23.0,OKC,221,153,0.399,2024-25,0.6923076923076923,1610612760,7.0,10.0,0.7,7.0,13.0,0.538,47.0,129.0,0.364,14.0,23.0,0.609
1642281,Jaylon Tyson,22.0,CLE,149,58,0.345,2024-25,0.3892617449664429,1610612739,1.0,13.0,0.077,8.0,14.0,0.571,11.0,31.0,0.355,9.0,27.0,0.333
1628369,Jayson Tatum,27.0,BOS,1465,728,0.343,2024-25,0.4969283276450512,1610612738,13.0,34.0,0.382,7.0,11.0,0.636,230.0,683.0,0.337,20.0,45.0,0.444
1641789,Jazian Gortman,22.0,DAL,23,11,0.364,2024-25,0.4782608695652174,1610612742,0.0,3.0,0.0,2.0,2.0,1.0,2.0,6.0,0.333,2.0,5.0,0.4
1630288,Jeff Dowtin Jr.,28.0,PHI,230,70,0.4,2024-25,0.3043478260869565,1610612755,4.0,11.0,0.364,3.0,6.0,0.5,21.0,53.0,0.396,7.0,17.0,0.412
201145,Jeff Green,38.0,HOU,121,79,0.367,2024-25,0.6528925619834711,1610612745,7.0,22.0,0.318,9.0,21.0,0.429,13.0,36.0,0.361,16.0,43.0,0.372
203924,Jerami Grant,31.0,POR,574,296,0.365,2024-25,0.5156794425087108,1610612757,15.0,39.0,0.385,28.0,76.0,0.368,65.0,180.0,0.361,43.0,115.0,0.374
1630526,Jeremiah Robinson-Earl,24.0,NOP,347,164,0.341,2024-25,0.4726224783861671,1610612740,20.0,42.0,0.476,20.0,50.0,0.4,16.0,72.0,0.222,40.0,92.0,0.435
1631110,Jeremy Sochan,22.0,SAS,469,91,0.308,2024-25,0.1940298507462686,1610612759,6.0,15.0,0.4,5.0,23.0,0.217,17.0,53.0,0.321,11.0,38.0,0.289
1630579,Jericho Sims,26.0,MIL,71,0,0.0,2024-25,0.0,1610612749,0.0,0.0,0.0,0.0,0.0,0.0,0.0,0.0,0.0,0.0,0.0,0.0
1641724,Jett Howard,21.0,ORL,262,186,0.296,2024-25,0.7099236641221374,1610612753,10.0,27.0,0.37,7.0,19.0,0.368,38.0,138.0,0.275,17.0,46.0,0.37
1628975,Jevon Carter,29.0,CHI,146,105,0.333,2024-25,0.7191780821917808,1610612741,6.0,19.0,0.316,4.0,6.0,0.667,25.0,80.0,0.313,10.0,25.0,0.4
202710,Jimmy Butler III,35.0,GSW,597,104,0.308,2024-25,0.1742043551088777,1610612744,7.0,22.0,0.318,14.0,33.0,0.424,11.0,47.0,0.234,21.0,55.0,0.382
1629111,Jock Landale,29.0,HOU,152,26,0.423,2024-25,0.1710526315789473,1610612745,0.0,1.0,0.0,0.0,1.0,0.0,11.0,24.0,0.458,0.0,2.0,0.0
204060,Joe Ingles,37.0,MIN,23,15,0.2,2024-25,0.6521739130434783,1610612750,0.0,0.0,0.0,0.0,2.0,0.0,3.0,13.0,0.231,0.0,2.0,0.0
203954,Joel Embiid,31.0,PHI,315,77,0.299,2024-25,0.2444444444444444,1610612755,0.0,0.0,0.0,0.0,0.0,0.0,23.0,77.0,0.299,0.0,0.0,0.0
1628381,John Collins,27.0,UTA,531,148,0.399,2024-25,0.2787193973634652,1610612762,8.0,24.0,0.333,17.0,34.0,0.5,34.0,90.0,0.378,25.0,58.0,0.431
1629723,John Konchar,29.0,MEM,91,62,0.371,2024-25,0.6813186813186813,1610612763,9.0,24.0,0.375,3.0,9.0,0.333,11.0,28.0,0.393,12.0,33.0,0.364
1631098,Johnny Davis,23.0,WAS,78,29,0.241,2024-25,0.3717948717948718,1610612764,1.0,5.0,0.2,1.0,7.0,0.143,5.0,17.0,0.294,2.0,12.0,0.167
1642277,Johnny Furphy,20.0,IND,92,50,0.3,2024-25,0.5434782608695652,1610612754,4.0,14.0,0.286,4.0,8.0,0.5,7.0,28.0,0.25,8.0,22.0,0.364
1630548,Johnny Juzang,24.0,UTA,475,314,0.376,2024-25,0.6610526315789473,1610612762,23.0,61.0,0.377,30.0,68.0,0.441,65.0,185.0,0.351,53.0,129.0,0.411
202685,Jonas Valančiūnas,33.0,SAC,627,37,0.216,2024-25,0.0590111642743221,1610612758,0.0,1.0,0.0,0.0,2.0,0.0,8.0,34.0,0.235,0.0,3.0,0.0
1628371,Jonathan Isaac,27.0,ORL,324,151,0.258,2024-25,0.4660493827160494,1610612753,8.0,36.0,0.222,22.0,61.0,0.361,9.0,54.0,0.167,30.0,97.0,0.309
1630228,Jonathan Kuminga,22.0,GSW,568,151,0.305,2024-25,0.2658450704225352,1610612744,8.0,26.0,0.308,5.0,20.0,0.25,33.0,103.0,0.32,13.0,46.0,0.283
1642367,Jonathan Mogbo,23.0,TOR,356,70,0.243,2024-25,0.196629213483146,1610612761,3.0,15.0,0.2,7.0,18.0,0.389,7.0,35.0,0.2,10.0,33.0,0.303
203903,Jordan Clarkson,33.0,UTA,493,232,0.362,2024-25,0.4705882352941176,1610612762,6.0,12.0,0.5,6.0,14.0,0.429,72.0,203.0,0.355,12.0,26.0,0.462
1630692,Jordan Goodwin,26.0,LAL,144,68,0.382,2024-25,0.4722222222222222,1610612747,4.0,16.0,0.25,9.0,17.0,0.529,13.0,35.0,0.371,13.0,33.0,0.394
1641722,Jordan Hawkins,23.0,NOP,556,332,0.331,2024-25,0.5971223021582733,1610612740,18.0,52.0,0.346,17.0,35.0,0.486,75.0,245.0,0.306,35.0,87.0,0.402
1629162,Jordan McLaughlin,29.0,SAS,72,46,0.413,2024-25,0.6388888888888888,1610612759,0.0,8.0,0.0,3.0,5.0,0.6,16.0,32.0,0.5,3.0,13.0,0.231
1641757,Jordan Miller,25.0,LAC,134,38,0.211,2024-25,0.2835820895522388,1610612746,1.0,9.0,0.111,1.0,4.0,0.25,6.0,25.0,0.24,2.0,13.0,0.154
1629673,Jordan Poole,26.0,WAS,1057,622,0.378,2024-25,0.5884578997161779,1610612764,12.0,23.0,0.522,7.0,34.0,0.206,216.0,562.0,0.384,19.0,57.0,0.333
1641775,Jordan Walsh,21.0,BOS,83,55,0.273,2024-25,0.6626506024096386,1610612738,3.0,14.0,0.214,3.0,10.0,0.3,9.0,31.0,0.29,6.0,24.0,0.25
1630631,Jose Alvarado,27.0,NOP,521,309,0.359,2024-25,0.5930902111324377,1610612740,12.0,25.0,0.48,11.0,39.0,0.282,88.0,244.0,0.361,23.0,64.0,0.359
1630528,Josh Christopher,23.0,MIA,31,11,0.182,2024-25,0.3548387096774194,1610612748,0.0,1.0,0.0,0.0,1.0,0.0,2.0,9.0,0.222,0.0,2.0,0.0
1630581,Josh Giddey,22.0,CHI,798,278,0.378,2024-25,0.3483709273182957,1610612741,19.0,46.0,0.413,12.0,33.0,0.364,73.0,198.0,0.369,31.0,79.0,0.392
1630182,Josh Green,24.0,CHA,421,248,0.391,2024-25,0.5890736342042755,1610612766,32.0,76.0,0.421,31.0,77.0,0.403,34.0,94.0,0.362,63.0,153.0,0.412
1628404,Josh Hart,30.0,NYK,770,252,0.333,2024-25,0.3272727272727272,1610612752,10.0,35.0,0.286,10.0,31.0,0.323,64.0,186.0,0.344,20.0,66.0,0.303
1631169,Josh Minott,22.0,MIN,90,43,0.326,2024-25,0.4777777777777778,1610612750,6.0,20.0,0.3,3.0,6.0,0.5,5.0,17.0,0.294,9.0,26.0,0.346
1629006,Josh Okogie,26.0,CHA,212,92,0.348,2024-25,0.4339622641509434,1610612766,9.0,27.0,0.333,10.0,22.0,0.455,13.0,43.0,0.302,19.0,49.0,0.388
1626196,Josh Richardson,31.0,MIA,38,22,0.273,2024-25,0.5789473684210527,1610612748,0.0,2.0,0.0,1.0,4.0,0.25,5.0,16.0,0.313,1.0,6.0,0.167
201950,Jrue Holiday,35.0,BOS,573,306,0.353,2024-25,0.5340314136125655,1610612738,18.0,60.0,0.3,13.0,42.0,0.31,77.0,204.0,0.377,31.0,102.0,0.304
1630577,Julian Champagnie,24.0,SAS,665,480,0.371,2024-25,0.7218045112781954,1610612759,37.0,84.0,0.44,25.0,68.0,0.368,116.0,328.0,0.354,62.0,152.0,0.408
1641763,Julian Phillips,21.0,CHI,287,153,0.327,2024-25,0.5331010452961672,1610612741,20.0,50.0,0.4,21.0,53.0,0.396,9.0,50.0,0.18,41.0,103.0,0.398
1631124,Julian Strawther,23.0,DEN,486,269,0.349,2024-25,0.5534979423868313,1610612743,14.0,26.0,0.538,7.0,16.0,0.438,73.0,227.0,0.322,21.0,42.0,0.5
203944,Julius Randle,30.0,MIN,939,314,0.344,2024-25,0.3343982960596379,1610612750,9.0,38.0,0.237,13.0,36.0,0.361,86.0,239.0,0.36,22.0,74.0,0.297
1630551,Justin Champagnie,24.0,WAS,411,193,0.383,2024-25,0.4695863746958637,1610612764,13.0,42.0,0.31,10.0,22.0,0.455,51.0,128.0,0.398,23.0,64.0,0.359
1642348,Justin Edwards,21.0,PHI,378,190,0.363,2024-25,0.5026455026455027,1610612755,11.0,33.0,0.333,9.0,17.0,0.529,49.0,140.0,0.35,20.0,50.0,0.4
1631303,Justin Minaya,26.0,POR,21,10,0.2,2024-25,0.4761904761904761,1610612757,1.0,2.0,0.5,0.0,1.0,0.0,1.0,7.0,0.143,1.0,3.0,0.333
203994,Jusuf Nurkić,30.0,CHA,352,105,0.305,2024-25,0.2982954545454545,1610612766,2.0,4.0,0.5,3.0,8.0,0.375,27.0,92.0,0.293,5.0,12.0,0.417
1630231,KJ Martin,24.0,UTA,201,58,0.259,2024-25,0.2885572139303483,1610612762,11.0,27.0,0.407,3.0,17.0,0.176,1.0,14.0,0.071,14.0,44.0,0.318
1642354,KJ Simpson,22.0,CHA,301,130,0.254,2024-25,0.4318936877076412,1610612766,3.0,10.0,0.3,2.0,9.0,0.222,28.0,111.0,0.252,5.0,19.0,0.263
1630539,Kai Jones,24.0,DAL,109,5,0.2,2024-25,0.0458715596330275,1610612742,0.0,1.0,0.0,0.0,0.0,0.0,1.0,4.0,0.25,0.0,1.0,0.0
1626157,Karl-Anthony Towns,29.0,NYK,1215,338,0.42,2024-25,0.2781893004115226,1610612752,3.0,11.0,0.273,4.0,11.0,0.364,135.0,316.0,0.427,7.0,22.0,0.318
1631255,Karlo Matković,24.0,NOP,235,66,0.318,2024-25,0.2808510638297872,1610612740,5.0,15.0,0.333,8.0,21.0,0.381,8.0,30.0,0.267,13.0,36.0,0.361
202695,Kawhi Leonard,34.0,LAC,623,190,0.411,2024-25,0.304975922953451,1610612746,8.0,17.0,0.471,3.0,11.0,0.273,67.0,162.0,0.414,11.0,28.0,0.393
1630811,Keaton Wallace,26.0,ATL,162,82,0.329,2024-25,0.5061728395061729,1610612737,2.0,5.0,0.4,2.0,5.0,0.4,23.0,71.0,0.324,4.0,10.0,0.4
1631099,Keegan Murray,24.0,SAC,820,449,0.343,2024-25,0.5475609756097561,1610612758,34.0,81.0,0.42,17.0,54.0,0.315,103.0,313.0,0.329,51.0,135.0,0.378
1631232,Keion Brooks Jr.,24.0,NOP,109,43,0.326,2024-25,0.3944954128440367,1610612740,4.0,12.0,0.333,3.0,5.0,0.6,7.0,26.0,0.269,7.0,17.0,0.412
1642276,Kel'el Ware,21.0,MIA,464,111,0.315,2024-25,0.2392241379310344,1610612748,3.0,13.0,0.231,1.0,8.0,0.125,31.0,88.0,0.352,4.0,21.0,0.19
1629640,Keldon Johnson,25.0,SAS,770,274,0.318,2024-25,0.3558441558441558,1610612759,9.0,47.0,0.191,18.0,52.0,0.346,60.0,175.0,0.343,27.0,99.0,0.273
203482,Kelly Olynyk,34.0,NOP,268,79,0.418,2024-25,0.2947761194029851,1610612740,3.0,3.0,1.0,3.0,7.0,0.429,27.0,69.0,0.391,6.0,10.0,0.6
1626162,Kelly Oubre Jr.,29.0,PHI,741,242,0.293,2024-25,0.3265856950067476,1610612755,14.0,40.0,0.35,16.0,45.0,0.356,41.0,157.0,0.261,30.0,85.0,0.353
1629026,Kenrich Williams,30.0,OKC,354,171,0.386,2024-25,0.4830508474576271,1610612760,10.0,24.0,0.417,9.0,22.0,0.409,47.0,125.0,0.376,19.0,46.0,0.413
203484,Kentavious Caldwell-Pope,32.0,MEM,544,330,0.342,2024-25,0.6066176470588235,1610612763,20.0,67.0,0.299,21.0,52.0,0.404,72.0,211.0,0.341,41.0,119.0,0.345
1631165,Keon Ellis,25.0,SAC,464,321,0.433,2024-25,0.6918103448275862,1610612758,36.0,69.0,0.522,18.0,39.0,0.462,85.0,213.0,0.399,54.0,108.0,0.5
1630553,Keon Johnson,23.0,BKN,779,401,0.314,2024-25,0.5147625160462131,1610612751,20.0,56.0,0.357,19.0,66.0,0.288,87.0,277.0,0.314,39.0,122.0,0.32
1642352,Keshad Johnson,24.0,MIA,26,7,0.429,2024-25,0.2692307692307692,1610612748,0.0,1.0,0.0,0.0,0.0,0.0,3.0,6.0,0.5,0.0,1.0,0.0
1630556,Kessler Edwards,24.0,DAL,135,54,0.407,2024-25,0.4,1610612742,6.0,17.0,0.353,4.0,11.0,0.364,12.0,26.0,0.462,10.0,28.0,0.357
201142,Kevin Durant,36.0,PHX,1124,372,0.43,2024-25,0.3309608540925267,1610612756,22.0,42.0,0.524,22.0,46.0,0.478,116.0,284.0,0.408,44.0,88.0,0.5
1628989,Kevin Huerter,26.0,CHI,604,391,0.338,2024-25,0.6473509933774835,1610612741,17.0,45.0,0.378,22.0,51.0,0.431,93.0,294.0,0.316,39.0,96.0,0.406
1628995,Kevin Knox II,25.0,GSW,36,15,0.267,2024-25,0.4166666666666667,1610612744,1.0,3.0,0.333,0.0,3.0,0.0,3.0,9.0,0.333,1.0,6.0,0.167
201567,Kevin Love,36.0,MIA,115,67,0.358,2024-25,0.5826086956521739,1610612748,3.0,11.0,0.273,2.0,3.0,0.667,19.0,52.0,0.365,5.0,14.0,0.357
1641755,Kevin McCullar Jr.,24.0,NYK,7,1,0.0,2024-25,0.1428571428571428,1610612752,0.0,0.0,0.0,0.0,0.0,0.0,0.0,1.0,0.0,0.0,0.0,0.0
1629645,Kevin Porter Jr.,25.0,MIL,652,177,0.311,2024-25,0.2714723926380368,1610612749,3.0,9.0,0.333,7.0,15.0,0.467,45.0,153.0,0.294,10.0,24.0,0.417
1626172,Kevon Looney,29.0,GSW,278,5,0.4,2024-25,0.0179856115107913,1610612744,1.0,1.0,1.0,1.0,1.0,1.0,0.0,2.0,0.0,2.0,2.0,1.0
1641718,Keyonte George,21.0,UTA,919,507,0.343,2024-25,0.5516866158868335,1610612762,16.0,32.0,0.5,20.0,42.0,0.476,138.0,433.0,0.319,36.0,74.0,0.486
203114,Khris Middleton,33.0,WAS,337,133,0.361,2024-25,0.3946587537091988,1610612764,4.0,15.0,0.267,3.0,7.0,0.429,41.0,110.0,0.373,7.0,22.0,0.318
1630165,Killian Hayes,23.0,BKN,43,21,0.381,2024-25,0.4883720930232558,1610612751,1.0,3.0,0.333,0.0,0.0,0.0,7.0,18.0,0.389,1.0,3.0,0.333
202691,Klay Thompson,35.0,DAL,877,553,0.391,2024-25,0.6305587229190421,1610612742,17.0,57.0,0.298,43.0,99.0,0.434,156.0,397.0,0.393,60.0,156.0,0.385
1641738,Kobe Brown,25.0,LAC,72,26,0.231,2024-25,0.3611111111111111,1610612746,2.0,4.0,0.5,1.0,2.0,0.5,3.0,20.0,0.15,3.0,6.0,0.5
1641723,Kobe Bufkin,21.0,ATL,47,19,0.211,2024-25,0.4042553191489361,1610612737,1.0,2.0,0.5,0.0,4.0,0.0,3.0,12.0,0.25,1.0,6.0,0.167
1627739,Kris Dunn,31.0,LAC,437,224,0.335,2024-25,0.5125858123569794,1610612746,19.0,55.0,0.345,20.0,57.0,0.351,36.0,111.0,0.324,39.0,112.0,0.348
1631200,Kris Murray,24.0,POR,279,120,0.225,2024-25,0.4301075268817204,1610612757,5.0,29.0,0.172,12.0,32.0,0.375,10.0,59.0,0.169,17.0,61.0,0.279
204001,Kristaps Porziņģis,29.0,BOS,574,250,0.412,2024-25,0.4355400696864111,1610612738,2.0,7.0,0.286,4.0,10.0,0.4,97.0,233.0,0.416,6.0,17.0,0.353
203937,Kyle Anderson,31.0,MIA,303,70,0.357,2024-25,0.231023102310231,1610612748,8.0,21.0,0.381,6.0,12.0,0.5,11.0,33.0,0.333,14.0,33.0,0.424
1642271,Kyle Filipowski,21.0,UTA,518,220,0.35,2024-25,0.4247104247104247,1610612762,14.0,34.0,0.412,15.0,43.0,0.349,48.0,142.0,0.338,29.0,77.0,0.377
1628398,Kyle Kuzma,29.0,MIL,848,313,0.307,2024-25,0.3691037735849056,1610612749,21.0,46.0,0.457,8.0,39.0,0.205,66.0,225.0,0.293,29.0,85.0,0.341
200768,Kyle Lowry,39.0,PHI,117,88,0.33,2024-25,0.7521367521367521,1610612755,2.0,10.0,0.2,5.0,10.0,0.5,22.0,66.0,0.333,7.0,20.0,0.35
1630283,Kylor Kelley,27.0,LAL,22,0,0.0,2024-25,0.0,1610612747,0.0,0.0,0.0,0.0,0.0,0.0,0.0,0.0,0.0,0.0,0.0,0.0
202681,Kyrie Irving,33.0,DAL,945,359,0.401,2024-25,0.3798941798941799,1610612742,16.0,36.0,0.444,14.0,24.0,0.583,114.0,298.0,0.383,30.0,60.0,0.5
1642273,Kyshawn George,21.0,WAS,546,354,0.322,2024-25,0.6483516483516484,1610612764,17.0,48.0,0.354,9.0,26.0,0.346,88.0,277.0,0.318,26.0,74.0,0.351
1630163,LaMelo Ball,23.0,CHA,1003,528,0.339,2024-25,0.5264207377866401,1610612766,7.0,23.0,0.304,9.0,27.0,0.333,163.0,471.0,0.346,16.0,50.0,0.32
1630205,Lamar Stevens,27.0,MEM,63,27,0.296,2024-25,0.4285714285714285,1610612763,1.0,4.0,0.25,1.0,6.0,0.167,6.0,16.0,0.375,2.0,10.0,0.2
1629013,Landry Shamet,28.0,NYK,230,156,0.397,2024-25,0.6782608695652174,1610612752,9.0,24.0,0.375,20.0,40.0,0.5,33.0,91.0,0.363,29.0,64.0,0.453
1626204,Larry Nance Jr.,32.0,ATL,155,76,0.447,2024-25,0.4903225806451612,1610612737,5.0,11.0,0.455,8.0,17.0,0.471,21.0,46.0,0.457,13.0,28.0,0.464
1628374,Lauri Markkanen,28.0,UTA,700,399,0.346,2024-25,0.57,1610612762,16.0,39.0,0.41,14.0,34.0,0.412,108.0,325.0,0.332,30.0,73.0,0.411
2544,LeBron James,40.0,LAL,1270,396,0.376,2024-25,0.3118110236220472,1610612747,8.0,23.0,0.348,5.0,14.0,0.357,136.0,357.0,0.381,13.0,37.0,0.351
1631159,Leonard Miller,21.0,MIN,15,5,0.0,2024-25,0.3333333333333333,1610612750,0.0,0.0,0.0,0.0,0.0,0.0,0.0,5.0,0.0,0.0,0.0,0.0
1631311,Lester Quinones,24.0,NOP,78,44,0.295,2024-25,0.5641025641025641,1610612740,1.0,4.0,0.25,1.0,3.0,0.333,11.0,37.0,0.297,2.0,7.0,0.286
1641857,Liam Robbins,25.0,MIL,8,2,0.0,2024-25,0.25,1610612749,0.0,0.0,0.0,0.0,0.0,0.0,0.0,2.0,0.0,0.0,0.0,0.0
1630322,Lindy Waters III,27.0,DET,249,186,0.344,2024-25,0.7469879518072289,1610612765,11.0,29.0,0.379,8.0,29.0,0.276,45.0,128.0,0.352,19.0,58.0,0.328
1629022,Lonnie Walker IV,26.0,PHI,212,127,0.354,2024-25,0.5990566037735849,1610612755,1.0,9.0,0.111,5.0,10.0,0.5,39.0,105.0,0.371,6.0,19.0,0.316
1628366,Lonzo Ball,27.0,CHI,243,195,0.344,2024-25,0.8024691358024691,1610612741,12.0,24.0,0.5,5.0,20.0,0.25,50.0,147.0,0.34,17.0,44.0,0.386
1629652,Luguentz Dort,26.0,OKC,593,413,0.412,2024-25,0.6964586846543002,1610612760,20.0,52.0,0.385,27.0,60.0,0.45,123.0,301.0,0.409,47.0,112.0,0.42
1629029,Luka Dončić,26.0,LAL,1025,481,0.368,2024-25,0.4692682926829268,1610612747,7.0,18.0,0.389,3.0,7.0,0.429,167.0,454.0,0.368,10.0,25.0,0.4
1630568,Luka Garza,26.0,MIN,105,36,0.278,2024-25,0.3428571428571428,1610612750,0.0,2.0,0.0,0.0,1.0,0.0,10.0,33.0,0.303,0.0,3.0,0.0
1628379,Luke Kennard,29.0,MEM,431,261,0.433,2024-25,0.605568445475638,1610612763,19.0,30.0,0.633,15.0,36.0,0.417,80.0,196.0,0.408,34.0,66.0,0.515
1628436,Luke Kornet,29.0,BOS,280,3,0.0,2024-25,0.0107142857142857,1610612738,0.0,0.0,0.0,0.0,1.0,0.0,0.0,2.0,0.0,0.0,1.0,0.0
1631247,Luke Travers,23.0,CLE,20,9,0.0,2024-25,0.45,1610612739,0.0,2.0,0.0,0.0,3.0,0.0,0.0,4.0,0.0,0.0,5.0,0.0
1630644,Mac McClung,26.0,ORL,2,1,0.0,2024-25,0.5,1610612753,0.0,0.0,0.0,0.0,0.0,0.0,0.0,1.0,0.0,0.0,0.0,0.0
1630201,Malachi Flynn,27.0,SAS,13,4,0.25,2024-25,0.3076923076923077,1610612759,0.0,0.0,0.0,0.0,0.0,0.0,1.0,4.0,0.25,0.0,0.0,0.0
1631103,Malaki Branham,22.0,SAS,190,84,0.405,2024-25,0.4421052631578947,1610612759,4.0,11.0,0.364,4.0,6.0,0.667,26.0,67.0,0.388,8.0,17.0,0.471
1627763,Malcolm Brogdon,32.0,WAS,240,56,0.286,2024-25,0.2333333333333333,1610612764,1.0,4.0,0.25,1.0,1.0,1.0,14.0,50.0,0.28,2.0,5.0,0.4
1642502,Malevy Leons,25.0,OKC,2,1,0.0,2024-25,0.5,1610612760,0.0,0.0,0.0,0.0,1.0,0.0,0.0,0.0,0.0,0.0,1.0,0.0
1627736,Malik Beasley,28.0,DET,1071,766,0.416,2024-25,0.715219421101774,1610612765,47.0,87.0,0.54,41.0,80.0,0.513,231.0,597.0,0.387,88.0,167.0,0.527
1628370,Malik Monk,27.0,SAC,939,428,0.325,2024-25,0.4558040468583599,1610612758,13.0,33.0,0.394,11.0,20.0,0.55,115.0,373.0,0.308,24.0,53.0,0.453
1630699,MarJon Beauchamp,24.0,NYK,65,29,0.345,2024-25,0.4461538461538462,1610612752,3.0,7.0,0.429,0.0,3.0,0.0,7.0,19.0,0.368,3.0,10.0,0.3
1630542,Marcus Bagley,23.0,PHI,69,32,0.156,2024-25,0.463768115942029,1610612755,1.0,5.0,0.2,3.0,8.0,0.375,1.0,19.0,0.053,4.0,13.0,0.308
1630585,Marcus Garrett,26.0,CHA,27,8,0.375,2024-25,0.2962962962962963,1610612766,0.0,1.0,0.0,1.0,2.0,0.5,2.0,5.0,0.4,1.0,3.0,0.333
1631204,Marcus Sasser,24.0,DET,296,152,0.382,2024-25,0.5135135135135135,1610612765,3.0,13.0,0.231,6.0,10.0,0.6,49.0,129.0,0.38,9.0,23.0,0.391
203935,Marcus Smart,31.0,WAS,257,141,0.348,2024-25,0.5486381322957199,1610612764,8.0,24.0,0.333,5.0,16.0,0.313,36.0,98.0,0.367,13.0,40.0,0.325
1631109,Mark Williams,23.0,CHA,447,4,0.0,2024-25,0.0089485458612975,1610612766,0.0,1.0,0.0,0.0,0.0,0.0,0.0,3.0,0.0,0.0,1.0,0.0
1628365,Markelle Fultz,27.0,SAC,67,8,0.5,2024-25,0.1194029850746268,1610612758,2.0,4.0,0.5,1.0,2.0,0.5,1.0,2.0,0.5,3.0,6.0,0.5
202693,Markieff Morris,35.0,LAL,70,36,0.25,2024-25,0.5142857142857142,1610612747,1.0,7.0,0.143,0.0,4.0,0.0,8.0,24.0,0.333,1.0,11.0,0.091
1628963,Marvin Bagley III,26.0,MEM,106,19,0.158,2024-25,0.1792452830188679,1610612763,1.0,4.0,0.25,0.0,2.0,0.0,2.0,13.0,0.154,1.0,6.0,0.167
1630222,Mason Jones,26.0,SAC,18,8,0.125,2024-25,0.4444444444444444,1610612758,0.0,0.0,0.0,0.0,1.0,0.0,1.0,7.0,0.143,0.0,1.0,0.0
203486,Mason Plumlee,35.0,PHX,202,4,0.0,2024-25,0.0198019801980198,1610612756,0.0,2.0,0.0,0.0,0.0,0.0,0.0,1.0,0.0,0.0,2.0,0.0
1641824,Matas Buzelis,20.0,CHI,555,266,0.361,2024-25,0.4792792792792792,1610612741,35.0,81.0,0.432,14.0,54.0,0.259,47.0,131.0,0.359,49.0,135.0,0.363
1629680,Matisse Thybulle,28.0,POR,88,48,0.438,2024-25,0.5454545454545454,1610612757,5.0,14.0,0.357,6.0,12.0,0.5,10.0,22.0,0.455,11.0,26.0,0.423
1630346,Matt Ryan,28.0,NOP,31,19,0.316,2024-25,0.6129032258064516,1610612740,1.0,5.0,0.2,1.0,3.0,0.333,4.0,11.0,0.364,2.0,8.0,0.25
1631108,Max Christie,22.0,DAL,590,314,0.366,2024-25,0.5322033898305085,1610612742,27.0,63.0,0.429,18.0,54.0,0.333,70.0,195.0,0.359,45.0,117.0,0.385
1629622,Max Strus,29.0,CLE,373,293,0.386,2024-25,0.7855227882037533,1610612739,22.0,54.0,0.407,15.0,39.0,0.385,76.0,199.0,0.382,37.0,93.0,0.398
1628467,Maxi Kleber,33.0,LAL,96,49,0.265,2024-25,0.5104166666666666,1610612747,1.0,5.0,0.2,3.0,12.0,0.25,9.0,32.0,0.281,4.0,17.0,0.235
1641721,Maxwell Lewis,22.0,BKN,108,50,0.38,2024-25,0.4629629629629629,1610612751,4.0,13.0,0.308,3.0,7.0,0.429,12.0,30.0,0.4,7.0,20.0,0.35
1630695,Micah Potter,27.0,UTA,135,98,0.316,2024-25,0.725925925925926,1610612762,11.0,27.0,0.407,8.0,31.0,0.258,12.0,40.0,0.3,19.0,58.0,0.328
1629008,Michael Porter Jr.,27.0,DEN,1048,489,0.395,2024-25,0.4666030534351145,1610612743,17.0,31.0,0.548,15.0,32.0,0.469,161.0,418.0,0.385,32.0,63.0,0.508
1628969,Mikal Bridges,28.0,NYK,1183,463,0.354,2024-25,0.3913778529163144,1610612752,38.0,98.0,0.388,55.0,121.0,0.455,71.0,233.0,0.305,93.0,219.0,0.425
201144,Mike Conley,37.0,MIN,468,310,0.41,2024-25,0.6623931623931624,1610612750,19.0,40.0,0.475,25.0,48.0,0.521,83.0,221.0,0.376,44.0,88.0,0.5
1628970,Miles Bridges,27.0,CHA,1089,450,0.313,2024-25,0.4132231404958678,1610612766,18.0,55.0,0.327,24.0,56.0,0.429,99.0,333.0,0.297,42.0,111.0,0.378
1630540,Miles McBride,24.0,NYK,547,312,0.369,2024-25,0.5703839122486288,1610612752,21.0,51.0,0.412,13.0,40.0,0.325,81.0,218.0,0.372,34.0,91.0,0.374
1641936,Miles Norris,25.0,BOS,9,7,0.286,2024-25,0.7777777777777778,1610612738,0.0,0.0,0.0,0.0,0.0,0.0,2.0,7.0,0.286,0.0,0.0,0.0
1629011,Mitchell Robinson,27.0,NYK,56,0,0.0,2024-25,0.0,1610612752,0.0,0.0,0.0,0.0,0.0,0.0,0.0,0.0,0.0,0.0,0.0,0.0
1628964,Mo Bamba,27.0,NOP,112,54,0.278,2024-25,0.4821428571428571,1610612740,5.0,10.0,0.5,0.0,9.0,0.0,10.0,35.0,0.286,5.0,19.0,0.263
1628420,Monte Morris,30.0,PHX,195,86,0.36,2024-25,0.441025641025641,1610612756,4.0,19.0,0.211,11.0,22.0,0.5,16.0,45.0,0.356,15.0,41.0,0.366
1629021,Moritz Wagner,28.0,ORL,249,75,0.36,2024-25,0.3012048192771084,1610612753,5.0,12.0,0.417,4.0,12.0,0.333,18.0,51.0,0.353,9.0,24.0,0.375
1629650,Moses Brown,25.0,DAL,49,0,0.0,2024-25,0.0,1610612742,0.0,0.0,0.0,0.0,0.0,0.0,0.0,0.0,0.0,0.0,0.0,0.0
1630541,Moses Moody,23.0,GSW,568,337,0.374,2024-25,0.5933098591549296,1610612744,27.0,61.0,0.443,28.0,67.0,0.418,71.0,209.0,0.34,55.0,128.0,0.43
1631243,Mouhamed Gueye,22.0,ATL,171,81,0.259,2024-25,0.4736842105263157,1610612737,6.0,22.0,0.273,6.0,27.0,0.222,9.0,32.0,0.281,12.0,49.0,0.245
1631217,Moussa Diabaté,23.0,CHA,280,6,0.0,2024-25,0.0214285714285714,1610612766,0.0,1.0,0.0,0.0,1.0,0.0,0.0,4.0,0.0,0.0,2.0,0.0
1626167,Myles Turner,29.0,IND,811,394,0.396,2024-25,0.4858199753390875,1610612754,9.0,15.0,0.6,19.0,41.0,0.463,128.0,338.0,0.379,28.0,56.0,0.5
1642368,N'Faly Dante,23.0,HOU,13,0,0.0,2024-25,0.0,1610612745,0.0,0.0,0.0,0.0,0.0,0.0,0.0,0.0,0.0,0.0,0.0,0.0
1641772,Nae'Qwan Tomlin,24.0,CLE,32,10,0.2,2024-25,0.3125,1610612739,0.0,0.0,0.0,0.0,1.0,0.0,2.0,9.0,0.222,0.0,1.0,0.0
1630230,Naji Marshall,27.0,DAL,712,218,0.275,2024-25,0.3061797752808989,1610612742,21.0,58.0,0.362,10.0,48.0,0.208,29.0,104.0,0.279,31.0,106.0,0.292
1631466,Nate Williams,26.0,HOU,62,26,0.231,2024-25,0.4193548387096774,1610612745,0.0,6.0,0.0,3.0,7.0,0.429,3.0,13.0,0.231,3.0,13.0,0.231
1629675,Naz Reid,25.0,MIN,923,462,0.379,2024-25,0.5005417118093174,1610612750,25.0,63.0,0.397,17.0,48.0,0.354,133.0,349.0,0.381,42.0,111.0,0.378
1629674,Neemias Queta,25.0,BOS,203,3,0.0,2024-25,0.0147783251231527,1610612738,0.0,0.0,0.0,0.0,1.0,0.0,0.0,1.0,0.0,0.0,1.0,0.0
1629651,Nic Claxton,26.0,BKN,568,21,0.238,2024-25,0.0369718309859154,1610612751,1.0,4.0,0.25,1.0,4.0,0.25,3.0,13.0,0.231,2.0,8.0,0.25
1630208,Nick Richards,27.0,PHX,347,2,0.0,2024-25,0.0057636887608069,1610612756,0.0,0.0,0.0,0.0,2.0,0.0,0.0,0.0,0.0,0.0,2.0,0.0
1641733,Nick Smith Jr.,21.0,CHA,568,306,0.34,2024-25,0.5387323943661971,1610612766,15.0,42.0,0.357,8.0,22.0,0.364,81.0,241.0,0.336,23.0,64.0,0.359
1629638,Nickeil Alexander-Walker,26.0,MIN,616,370,0.381,2024-25,0.6006493506493507,1610612750,29.0,56.0,0.518,36.0,81.0,0.444,76.0,229.0,0.332,65.0,137.0,0.474
201587,Nicolas Batum,36.0,LAC,238,203,0.433,2024-25,0.8529411764705882,1610612746,22.0,48.0,0.458,25.0,54.0,0.463,41.0,101.0,0.406,47.0,102.0,0.461
203999,Nikola Jokić,30.0,DEN,1364,331,0.417,2024-25,0.2426686217008797,1610612743,4.0,5.0,0.8,4.0,10.0,0.4,128.0,294.0,0.435,8.0,15.0,0.533
1631107,Nikola Jović,22.0,MIA,377,210,0.371,2024-25,0.5570291777188329,1610612748,20.0,37.0,0.541,18.0,43.0,0.419,40.0,130.0,0.308,38.0,80.0,0.475
202696,Nikola Vučević,34.0,CHI,1038,321,0.402,2024-25,0.3092485549132948,1610612741,7.0,16.0,0.438,4.0,11.0,0.364,118.0,293.0,0.403,11.0,27.0,0.407
1641730,Noah Clowney,20.0,BKN,372,261,0.333,2024-25,0.7016129032258065,1610612751,12.0,36.0,0.333,12.0,33.0,0.364,63.0,191.0,0.33,24.0,69.0,0.348
1626181,Norman Powell,32.0,LAC,945,428,0.418,2024-25,0.4529100529100529,1610612746,13.0,35.0,0.371,13.0,31.0,0.419,153.0,359.0,0.426,26.0,66.0,0.394
1628384,OG Anunoby,27.0,NYK,1027,460,0.372,2024-25,0.4479065238558909,1610612752,49.0,128.0,0.383,33.0,88.0,0.375,89.0,243.0,0.366,82.0,216.0,0.38
1630167,Obi Toppin,27.0,IND,599,301,0.365,2024-25,0.5025041736227045,1610612754,35.0,78.0,0.449,19.0,42.0,0.452,56.0,176.0,0.318,54.0,120.0,0.45
1630534,Ochai Agbaji,25.0,TOR,534,253,0.399,2024-25,0.4737827715355805,1610612761,29.0,68.0,0.426,30.0,76.0,0.395,42.0,109.0,0.385,59.0,144.0,0.41
1641765,Olivier-Maxence Prosper,22.0,DAL,174,51,0.235,2024-25,0.293103448275862,1610612742,3.0,14.0,0.214,6.0,21.0,0.286,3.0,16.0,0.188,9.0,35.0,0.257
1630168,Onyeka Okongwu,24.0,ATL,684,148,0.324,2024-25,0.2163742690058479,1610612737,7.0,15.0,0.467,21.0,66.0,0.318,20.0,66.0,0.303,28.0,81.0,0.346
1631115,Orlando Robinson,24.0,TOR,261,52,0.327,2024-25,0.1992337164750957,1610612761,0.0,1.0,0.0,2.0,6.0,0.333,15.0,45.0,0.333,2.0,7.0,0.286
1631131,Oscar Tshiebwe,25.0,UTA,70,0,0.0,2024-25,0.0,1610612762,0.0,0.0,0.0,0.0,0.0,0.0,0.0,0.0,0.0,0.0,0.0,0.0
1629052,Oshae Brissett,27.0,PHI,39,18,0.333,2024-25,0.4615384615384615,1610612755,0.0,1.0,0.0,2.0,5.0,0.4,4.0,12.0,0.333,2.0,6.0,0.333
1642345,Oso Ighodaro,22.0,PHX,187,2,0.0,2024-25,0.0106951871657754,1610612756,0.0,0.0,0.0,0.0,0.0,0.0,0.0,1.0,0.0,0.0,0.0,0.0
1631172,Ousmane Dieng,22.0,OKC,125,71,0.324,2024-25,0.568,1610612760,0.0,6.0,0.0,7.0,16.0,0.438,16.0,49.0,0.327,7.0,22.0,0.318
200782,P.J. Tucker,40.0,NYK,7,6,0.5,2024-25,0.8571428571428571,1610612752,2.0,3.0,0.667,1.0,2.0,0.5,0.0,1.0,0.0,3.0,5.0,0.6
1629023,P.J. Washington,26.0,DAL,665,239,0.381,2024-25,0.3593984962406015,1610612742,21.0,54.0,0.389,11.0,31.0,0.355,59.0,154.0,0.383,32.0,85.0,0.376
1628408,PJ Dozier,28.0,MIN,3,3,0.667,2024-25,1.0,1610612750,1.0,1.0,1.0,0.0,0.0,0.0,1.0,2.0,0.5,1.0,1.0,1.0
1641790,PJ Hall,23.0,DEN,24,8,0.25,2024-25,0.3333333333333333,1610612743,0.0,0.0,0.0,0.0,0.0,0.0,2.0,8.0,0.25,0.0,0.0,0.0
1642359,Pacôme Dadiet,19.0,NYK,31,19,0.316,2024-25,0.6129032258064516,1610612752,0.0,3.0,0.0,1.0,5.0,0.2,5.0,11.0,0.455,1.0,8.0,0.125
1631094,Paolo Banchero,22.0,ORL,911,272,0.32,2024-25,0.2985729967069154,1610612753,2.0,9.0,0.222,5.0,17.0,0.294,80.0,241.0,0.332,7.0,26.0,0.269
1627783,Pascal Siakam,31.0,IND,1182,324,0.389,2024-25,0.2741116751269035,1610612754,18.0,41.0,0.439,21.0,56.0,0.375,87.0,226.0,0.385,39.0,97.0,0.402
1626192,Pat Connaughton,32.0,MIL,177,81,0.321,2024-25,0.4576271186440678,1610612749,1.0,8.0,0.125,3.0,12.0,0.25,22.0,61.0,0.361,4.0,20.0,0.2
1630311,Pat Spencer,28.0,GSW,101,22,0.227,2024-25,0.2178217821782178,1610612744,1.0,3.0,0.333,0.0,0.0,0.0,4.0,19.0,0.211,1.0,3.0,0.333
1631116,Patrick Baldwin Jr.,22.0,LAC,35,23,0.565,2024-25,0.6571428571428571,1610612746,1.0,1.0,1.0,2.0,3.0,0.667,10.0,19.0,0.526,3.0,4.0,0.75
1630172,Patrick Williams,23.0,CHI,516,272,0.353,2024-25,0.5271317829457365,1610612741,12.0,28.0,0.429,11.0,33.0,0.333,73.0,211.0,0.346,23.0,61.0,0.377
201988,Patty Mills,36.0,LAC,96,75,0.347,2024-25,0.78125,1610612746,3.0,6.0,0.5,3.0,6.0,0.5,20.0,63.0,0.317,6.0,12.0,0.5
202331,Paul George,35.0,PHI,570,268,0.358,2024-25,0.4701754385964912,1610612755,7.0,21.0,0.333,7.0,28.0,0.25,82.0,218.0,0.376,14.0,49.0,0.286
1630194,Paul Reed,26.0,DET,142,28,0.286,2024-25,0.1971830985915492,1610612765,0.0,0.0,0.0,1.0,5.0,0.2,7.0,23.0,0.304,1.0,5.0,0.2
1630202,Payton Pritchard,27.0,BOS,866,626,0.407,2024-25,0.7228637413394919,1610612738,16.0,39.0,0.41,32.0,65.0,0.492,207.0,514.0,0.403,48.0,104.0,0.462
1641796,Pelle Larsson,24.0,MIA,203,95,0.337,2024-25,0.4679802955665024,1610612748,6.0,16.0,0.375,7.0,17.0,0.412,19.0,62.0,0.306,13.0,33.0,0.394
1631250,Pete Nance,25.0,MIL,32,24,0.375,2024-25,0.75,1610612749,0.0,1.0,0.0,1.0,1.0,1.0,8.0,21.0,0.381,1.0,2.0,0.5
1631212,Peyton Watson,22.0,DEN,428,136,0.353,2024-25,0.3177570093457944,1610612743,22.0,49.0,0.449,12.0,27.0,0.444,14.0,59.0,0.237,34.0,76.0,0.447
1630762,Phillip Wheeler,23.0,PHI,21,10,0.0,2024-25,0.4761904761904761,1610612755,0.0,0.0,0.0,0.0,3.0,0.0,0.0,7.0,0.0,0.0,3.0,0.0
1630173,Precious Achiuwa,25.0,NYK,327,36,0.278,2024-25,0.110091743119266,1610612752,7.0,22.0,0.318,1.0,6.0,0.167,2.0,8.0,0.25,8.0,28.0,0.286
1629656,Quentin Grimes,25.0,PHI,823,421,0.385,2024-25,0.511543134872418,1610612755,33.0,66.0,0.5,16.0,35.0,0.457,113.0,320.0,0.353,49.0,101.0,0.485
1631245,Quenton Jackson,26.0,IND,122,40,0.375,2024-25,0.3278688524590163,1610612754,3.0,9.0,0.333,1.0,4.0,0.25,11.0,27.0,0.407,4.0,13.0,0.308
1642439,Quincy Olivari,24.0,LAL,5,5,0.2,2024-25,1.0,1610612747,0.0,0.0,0.0,0.0,1.0,0.0,1.0,4.0,0.25,0.0,1.0,0.0
1642366,Quinten Post,25.0,GSW,274,179,0.408,2024-25,0.6532846715328468,1610612744,9.0,23.0,0.391,12.0,26.0,0.462,52.0,129.0,0.403,21.0,49.0,0.429
1629628,RJ Barrett,25.0,TOR,982,306,0.35,2024-25,0.3116089613034623,1610612761,12.0,32.0,0.375,17.0,39.0,0.436,78.0,234.0,0.333,29.0,71.0,0.408
1642484,RayJ Dennis,24.0,IND,33,21,0.286,2024-25,0.6363636363636364,1610612754,0.0,1.0,0.0,0.0,2.0,0.0,6.0,17.0,0.353,0.0,3.0,0.0
1641712,Rayan Rupert,21.0,POR,142,59,0.271,2024-25,0.4154929577464789,1610612757,5.0,15.0,0.333,4.0,8.0,0.5,7.0,36.0,0.194,9.0,23.0,0.391
1641736,Reece Beekman,23.0,BKN,107,40,0.175,2024-25,0.3738317757009345,1610612751,2.0,9.0,0.222,2.0,7.0,0.286,3.0,24.0,0.125,4.0,16.0,0.25
1642263,Reed Sheppard,21.0,HOU,239,142,0.338,2024-25,0.5941422594142259,1610612745,4.0,12.0,0.333,2.0,12.0,0.167,42.0,118.0,0.356,6.0,24.0,0.25
202704,Reggie Jackson,35.0,PHI,133,74,0.338,2024-25,0.556390977443609,1610612755,2.0,8.0,0.25,4.0,7.0,0.571,19.0,58.0,0.328,6.0,15.0,0.4
1626158,Richaun Holmes,31.0,WAS,139,3,0.0,2024-25,0.0215827338129496,1610612764,0.0,1.0,0.0,0.0,1.0,0.0,0.0,1.0,0.0,0.0,2.0,0.0
1641741,Ricky Council IV,23.0,PHI,463,213,0.258,2024-25,0.4600431965442764,1610612755,11.0,23.0,0.478,7.0,21.0,0.333,37.0,165.0,0.224,18.0,44.0,0.409
1642434,Riley Minix,24.0,SAS,1,1,0.0,2024-25,1.0,1610612759,,,,0.0,0.0,0.0,0.0,1.0,0.0,0.0,0.0,0.0
1642265,Rob Dillingham,20.0,MIN,211,74,0.338,2024-25,0.3507109004739336,1610612750,4.0,7.0,0.571,2.0,5.0,0.4,19.0,62.0,0.306,6.0,12.0,0.5
1629057,Robert Williams III,27.0,POR,78,3,0.333,2024-25,0.0384615384615384,1610612757,0.0,1.0,0.0,1.0,1.0,1.0,0.0,1.0,0.0,1.0,2.0,0.5
1631199,Ron Harper Jr.,25.0,DET,8,6,0.0,2024-25,0.75,1610612765,0.0,1.0,0.0,0.0,2.0,0.0,0.0,3.0,0.0,0.0,3.0,0.0
1641842,Ronald Holland II,19.0,DET,416,151,0.238,2024-25,0.3629807692307692,1610612765,6.0,28.0,0.214,9.0,47.0,0.191,21.0,73.0,0.288,15.0,75.0,0.2
1626220,Royce O'Neale,32.0,PHX,570,441,0.406,2024-25,0.7736842105263158,1610612756,30.0,63.0,0.476,27.0,49.0,0.551,122.0,326.0,0.374,57.0,112.0,0.509
203497,Rudy Gobert,33.0,MIN,510,0,0.0,2024-25,0.0,1610612750,0.0,0.0,0.0,0.0,0.0,0.0,0.0,0.0,0.0,0.0,0.0,0.0
1629060,Rui Hachimura,27.0,LAL,576,247,0.413,2024-25,0.4288194444444444,1610612747,22.0,57.0,0.386,27.0,53.0,0.509,53.0,137.0,0.387,49.0,110.0,0.445
201566,Russell Westbrook,36.0,DEN,831,291,0.323,2024-25,0.3501805054151624,1610612743,18.0,50.0,0.36,27.0,56.0,0.482,49.0,184.0,0.266,45.0,106.0,0.425
1642346,Ryan Dunn,22.0,PHX,477,264,0.311,2024-25,0.5534591194968553,1610612756,25.0,73.0,0.342,26.0,81.0,0.321,31.0,110.0,0.282,51.0,154.0,0.331
1631157,Ryan Rollins,22.0,MIL,271,120,0.408,2024-25,0.4428044280442804,1610612749,16.0,31.0,0.516,9.0,21.0,0.429,24.0,68.0,0.353,25.0,52.0,0.481
1630573,Sam Hauser,27.0,BOS,474,399,0.416,2024-25,0.8417721518987342,1610612738,25.0,57.0,0.439,26.0,56.0,0.464,115.0,285.0,0.404,51.0,113.0,0.451
1630241,Sam Merrill,29.0,CLE,424,368,0.372,2024-25,0.8679245283018868,1610612739,22.0,55.0,0.4,11.0,29.0,0.379,104.0,284.0,0.366,33.0,84.0,0.393
1630572,Sandro Mamukelashvili,26.0,SAS,281,161,0.373,2024-25,0.5729537366548043,1610612759,4.0,14.0,0.286,6.0,21.0,0.286,50.0,125.0,0.4,10.0,35.0,0.286
1630583,Santi Aldama,24.0,MEM,648,326,0.368,2024-25,0.5030864197530864,1610612763,22.0,52.0,0.423,14.0,38.0,0.368,84.0,232.0,0.362,36.0,90.0,0.4
1630703,Scoot Henderson,21.0,POR,685,297,0.354,2024-25,0.4335766423357664,1610612757,10.0,23.0,0.435,8.0,22.0,0.364,86.0,248.0,0.347,18.0,45.0,0.4
1630567,Scottie Barnes,23.0,TOR,1063,280,0.271,2024-25,0.2634054562558796,1610612761,11.0,32.0,0.344,3.0,9.0,0.333,62.0,234.0,0.265,14.0,41.0,0.341
1630590,Scotty Pippen Jr.,24.0,MEM,594,219,0.397,2024-25,0.3686868686868687,1610612763,8.0,26.0,0.308,16.0,21.0,0.762,63.0,171.0,0.368,24.0,47.0,0.511
203552,Seth Curry,34.0,CHA,343,182,0.456,2024-25,0.5306122448979592,1610612766,16.0,29.0,0.552,16.0,30.0,0.533,51.0,123.0,0.415,32.0,59.0,0.542
1631101,Shaedon Sharpe,22.0,POR,1104,472,0.311,2024-25,0.427536231884058,1610612757,18.0,45.0,0.4,12.0,39.0,0.308,117.0,384.0,0.305,30.0,84.0,0.357
1628983,Shai Gilgeous-Alexander,26.0,OKC,1656,435,0.375,2024-25,0.2626811594202898,1610612760,4.0,12.0,0.333,1.0,3.0,0.333,158.0,419.0,0.377,5.0,15.0,0.333
1629003,Shake Milton,28.0,LAL,254,106,0.358,2024-25,0.4173228346456692,1610612747,5.0,18.0,0.278,7.0,18.0,0.389,26.0,69.0,0.377,12.0,36.0,0.333
1631321,Sidy Cissoko,21.0,POR,30,13,0.231,2024-25,0.4333333333333333,1610612757,1.0,2.0,0.5,1.0,3.0,0.333,1.0,8.0,0.125,2.0,5.0,0.4
1631323,Simone Fontecchio,29.0,DET,373,227,0.335,2024-25,0.6085790884718498,1610612765,12.0,39.0,0.308,12.0,46.0,0.261,52.0,140.0,0.371,24.0,85.0,0.282
1627746,Skal Labissiere,29.0,SAC,4,1,1.0,2024-25,0.25,1610612758,0.0,0.0,0.0,0.0,0.0,0.0,1.0,1.0,1.0,0.0,0.0,0.0
203915,Spencer Dinwiddie,32.0,DAL,682,326,0.334,2024-25,0.4780058651026393,1610612742,14.0,29.0,0.483,12.0,34.0,0.353,83.0,263.0,0.316,26.0,63.0,0.413
1642461,Spencer Jones,24.0,DEN,34,17,0.059,2024-25,0.5,1610612743,0.0,7.0,0.0,0.0,4.0,0.0,1.0,6.0,0.167,0.0,11.0,0.0
1630649,Stanley Umude,26.0,MIL,26,15,0.2,2024-25,0.5769230769230769,1610612749,1.0,5.0,0.2,1.0,5.0,0.2,1.0,5.0,0.2,2.0,10.0,0.2
201939,Stephen Curry,37.0,GSW,1258,784,0.397,2024-25,0.6232114467408585,1610612744,24.0,55.0,0.436,17.0,30.0,0.567,269.0,693.0,0.388,41.0,85.0,0.482
1642264,Stephon Castle,20.0,SAS,988,333,0.285,2024-25,0.3370445344129554,1610612759,5.0,16.0,0.313,12.0,34.0,0.353,78.0,279.0,0.28,17.0,50.0,0.34
203500,Steven Adams,31.0,HOU,167,2,0.0,2024-25,0.0119760479041916,1610612745,0.0,0.0,0.0,0.0,0.0,0.0,0.0,0.0,0.0,0.0,0.0,0.0
1629004,Svi Mykhailiuk,28.0,UTA,302,203,0.345,2024-25,0.6721854304635762,1610612762,10.0,32.0,0.313,8.0,19.0,0.421,52.0,150.0,0.347,18.0,51.0,0.353
204456,T.J. McConnell,33.0,IND,624,49,0.306,2024-25,0.078525641025641,1610612754,4.0,10.0,0.4,2.0,6.0,0.333,9.0,32.0,0.281,6.0,16.0,0.375
201959,Taj Gibson,40.0,CHA,95,2,0.5,2024-25,0.0210526315789473,1610612766,1.0,1.0,1.0,0.0,1.0,0.0,0.0,0.0,0.0,1.0,2.0,0.5
1629659,Talen Horton-Tucker,24.0,CHI,291,122,0.336,2024-25,0.4192439862542955,1610612741,8.0,15.0,0.533,3.0,12.0,0.25,30.0,95.0,0.316,11.0,27.0,0.407
1631106,Tari Eason,24.0,HOU,559,184,0.342,2024-25,0.3291592128801431,1610612745,9.0,26.0,0.346,17.0,45.0,0.378,37.0,112.0,0.33,26.0,71.0,0.366
1627752,Taurean Prince,31.0,MIL,514,335,0.439,2024-25,0.6517509727626459,1610612749,48.0,94.0,0.511,30.0,79.0,0.38,69.0,160.0,0.431,78.0,173.0,0.451
1641707,Taylor Hendricks,21.0,UTA,18,12,0.25,2024-25,0.6666666666666666,1610612762,1.0,3.0,0.333,2.0,4.0,0.5,0.0,5.0,0.0,3.0,7.0,0.429
1631386,Taze Moore,27.0,POR,10,4,0.25,2024-25,0.4,1610612757,0.0,0.0,0.0,0.0,0.0,0.0,1.0,3.0,0.333,0.0,0.0,0.0
1629611,Terance Mann,28.0,ATL,413,163,0.368,2024-25,0.3946731234866828,1610612737,10.0,34.0,0.294,23.0,44.0,0.523,27.0,85.0,0.318,33.0,78.0,0.423
1629056,Terence Davis,28.0,SAC,2,1,0.0,2024-25,0.5,1610612758,,,,,,,0.0,1.0,0.0,,,
1630545,Terrence Shannon Jr.,24.0,MIN,114,31,0.355,2024-25,0.2719298245614035,1610612750,4.0,7.0,0.571,4.0,14.0,0.286,3.0,10.0,0.3,8.0,21.0,0.381
1626179,Terry Rozier,31.0,MIA,635,308,0.295,2024-25,0.4850393700787401,1610612748,24.0,84.0,0.286,14.0,55.0,0.255,53.0,165.0,0.321,38.0,139.0,0.273
1630678,Terry Taylor,25.0,SAC,1,0,0.0,2024-25,0.0,1610612758,0.0,0.0,0.0,,,,0.0,0.0,0.0,0.0,0.0,0.0
1628418,Thomas Bryant,27.0,IND,321,148,0.324,2024-25,0.4610591900311526,1610612754,9.0,25.0,0.36,13.0,28.0,0.464,26.0,95.0,0.274,22.0,53.0,0.415
1642275,Tidjane Salaün,19.0,CHA,345,205,0.283,2024-25,0.5942028985507246,1610612766,12.0,26.0,0.462,4.0,20.0,0.2,42.0,159.0,0.264,16.0,46.0,0.348
203501,Tim Hardaway Jr.,33.0,DET,680,457,0.368,2024-25,0.6720588235294118,1610612765,18.0,43.0,0.419,25.0,70.0,0.357,125.0,344.0,0.363,43.0,113.0,0.381
202699,Tobias Harris,32.0,DET,805,264,0.345,2024-25,0.3279503105590062,1610612765,13.0,42.0,0.31,34.0,80.0,0.425,44.0,142.0,0.31,47.0,122.0,0.385
1642449,Tolu Smith,24.0,DET,9,0,0.0,2024-25,0.0,1610612765,0.0,0.0,0.0,0.0,0.0,0.0,0.0,0.0,0.0,0.0,0.0,0.0
1628396,Tony Bradley,27.0,IND,45,3,0.333,2024-25,0.0666666666666666,1610612754,1.0,2.0,0.5,0.0,1.0,0.0,0.0,0.0,0.0,1.0,3.0,0.333
1628470,Torrey Craig,34.0,BOS,90,66,0.364,2024-25,0.7333333333333333,1610612738,5.0,16.0,0.313,4.0,13.0,0.308,15.0,37.0,0.405,9.0,29.0,0.31
1641787,Tosan Evbuomwan,24.0,BKN,220,77,0.312,2024-25,0.35,1610612751,3.0,15.0,0.2,7.0,19.0,0.368,14.0,43.0,0.326,10.0,34.0,0.294
1641739,Toumani Camara,25.0,POR,716,360,0.375,2024-25,0.5027932960893855,1610612757,28.0,78.0,0.359,29.0,83.0,0.349,78.0,198.0,0.394,57.0,161.0,0.354
1629027,Trae Young,26.0,ATL,1376,642,0.34,2024-25,0.4665697674418604,1610612737,8.0,19.0,0.421,14.0,32.0,0.438,195.0,586.0,0.333,22.0,51.0,0.431
1631218,Trayce Jackson-Davis,25.0,GSW,302,3,0.0,2024-25,0.009933774834437,1610612744,0.0,0.0,0.0,0.0,2.0,0.0,0.0,1.0,0.0,0.0,2.0,0.0
1630200,Tre Jones,25.0,CHI,238,48,0.396,2024-25,0.2016806722689075,1610612741,5.0,13.0,0.385,6.0,11.0,0.545,8.0,24.0,0.333,11.0,24.0,0.458
1630544,Tre Mann,24.0,CHA,161,60,0.4,2024-25,0.3726708074534161,1610612766,4.0,7.0,0.571,2.0,8.0,0.25,18.0,45.0,0.4,6.0,15.0,0.4
1630570,Trendon Watford,24.0,BKN,350,88,0.33,2024-25,0.2514285714285714,1610612751,2.0,13.0,0.154,5.0,11.0,0.455,22.0,63.0,0.349,7.0,24.0,0.292
1642280,Trentyn Flowers,20.0,LAC,11,2,0.0,2024-25,0.1818181818181818,1610612746,0.0,1.0,0.0,0.0,0.0,0.0,0.0,1.0,0.0,0.0,1.0,0.0
1630243,Trevelin Queen,28.0,ORL,147,77,0.286,2024-25,0.5238095238095238,1610612753,3.0,10.0,0.3,5.0,9.0,0.556,14.0,54.0,0.259,8.0,19.0,0.421
1641725,Trey Alexander,22.0,DEN,41,17,0.176,2024-25,0.4146341463414634,1610612743,1.0,2.0,0.5,1.0,3.0,0.333,1.0,12.0,0.083,2.0,5.0,0.4
1641998,Trey Jemison III,25.0,LAL,74,0,0.0,2024-25,0.0,1610612747,0.0,0.0,0.0,0.0,0.0,0.0,0.0,0.0,0.0,0.0,0.0,0.0
1626168,Trey Lyles,29.0,SAC,374,238,0.34,2024-25,0.6363636363636364,1610612758,21.0,44.0,0.477,7.0,31.0,0.226,53.0,163.0,0.325,28.0,75.0,0.373
1630530,Trey Murphy III,25.0,NOP,839,438,0.361,2024-25,0.5220500595947557,1610612740,21.0,41.0,0.512,13.0,32.0,0.406,124.0,364.0,0.341,34.0,73.0,0.466
202684,Tristan Thompson,34.0,CLE,71,3,0.0,2024-25,0.0422535211267605,1610612739,0.0,0.0,0.0,0.0,1.0,0.0,0.0,2.0,0.0,0.0,1.0,0.0
1641774,Tristan Vukcevic,22.0,WAS,242,102,0.373,2024-25,0.4214876033057851,1610612764,3.0,9.0,0.333,1.0,3.0,0.333,34.0,88.0,0.386,4.0,12.0,0.333
1641783,Tristan da Silva,24.0,ORL,483,239,0.335,2024-25,0.494824016563147,1610612753,15.0,44.0,0.341,20.0,53.0,0.377,45.0,141.0,0.319,35.0,97.0,0.361
1641803,Tristen Newton,24.0,MIN,8,3,0.0,2024-25,0.375,1610612750,0.0,0.0,0.0,0.0,0.0,0.0,0.0,3.0,0.0,0.0,0.0,0.0
1629660,Ty Jerome,27.0,CLE,618,253,0.439,2024-25,0.4093851132686084,1610612739,13.0,22.0,0.591,6.0,17.0,0.353,92.0,212.0,0.434,19.0,39.0,0.487
1631102,TyTy Washington Jr.,23.0,PHX,45,21,0.19,2024-25,0.4666666666666667,1610612756,2.0,4.0,0.5,0.0,4.0,0.0,2.0,13.0,0.154,2.0,8.0,0.25
1629639,Tyler Herro,25.0,MIA,1378,670,0.375,2024-25,0.4862119013062409,1610612748,17.0,36.0,0.472,20.0,45.0,0.444,214.0,587.0,0.365,37.0,81.0,0.457
1642278,Tyler Kolek,24.0,NYK,82,47,0.298,2024-25,0.573170731707317,1610612752,1.0,4.0,0.25,3.0,7.0,0.429,10.0,35.0,0.286,4.0,11.0,0.364
1641890,Tyler Smith,20.0,MIL,50,30,0.433,2024-25,0.6,1610612749,1.0,2.0,0.5,3.0,8.0,0.375,9.0,20.0,0.45,4.0,10.0,0.4
1630169,Tyrese Haliburton,25.0,IND,1006,562,0.388,2024-25,0.558648111332008,1610612754,9.0,17.0,0.529,10.0,27.0,0.37,199.0,509.0,0.391,19.0,44.0,0.432
1631213,Tyrese Martin,26.0,BKN,465,282,0.351,2024-25,0.6064516129032258,1610612751,18.0,46.0,0.391,18.0,46.0,0.391,63.0,188.0,0.335,36.0,92.0,0.391
1630178,Tyrese Maxey,24.0,PHI,1091,478,0.337,2024-25,0.4381301558203483,1610612755,6.0,18.0,0.333,8.0,27.0,0.296,147.0,430.0,0.342,14.0,45.0,0.311
1630623,Tyson Etienne,25.0,BKN,52,44,0.295,2024-25,0.8461538461538461,1610612751,3.0,5.0,0.6,3.0,9.0,0.333,7.0,30.0,0.233,6.0,14.0,0.429
1626145,Tyus Jones,29.0,PHX,683,401,0.414,2024-25,0.5871156661786238,1610612756,44.0,83.0,0.53,27.0,66.0,0.409,95.0,252.0,0.377,71.0,149.0,0.477
1642279,Ulrich Chomche,19.0,TOR,5,0,0.0,2024-25,0.0,1610612761,0.0,0.0,0.0,0.0,0.0,0.0,0.0,0.0,0.0,0.0,0.0,0.0
203995,Vasilije Micic,31.0,PHX,273,125,0.36,2024-25,0.4578754578754578,1610612756,0.0,1.0,0.0,1.0,3.0,0.333,44.0,121.0,0.364,1.0,4.0,0.25
1641705,Victor Wembanyama,21.0,SAS,857,403,0.352,2024-25,0.47024504084014,1610612759,5.0,20.0,0.25,4.0,7.0,0.571,133.0,370.0,0.359,9.0,27.0,0.333
1631246,Vince Williams Jr.,24.0,MEM,167,95,0.274,2024-25,0.5688622754491018,1610612763,8.0,17.0,0.471,4.0,12.0,0.333,14.0,65.0,0.215,12.0,29.0,0.414
1628427,Vlatko Čančar,28.0,DEN,26,15,0.267,2024-25,0.5769230769230769,1610612743,0.0,1.0,0.0,2.0,3.0,0.667,2.0,11.0,0.182,2.0,4.0,0.5
1630249,Vít Krejčí,25.0,ATL,292,206,0.437,2024-25,0.7054794520547946,1610612737,9.0,24.0,0.375,16.0,22.0,0.727,65.0,160.0,0.406,25.0,46.0,0.543
1631117,Walker Kessler,23.0,UTA,419,34,0.176,2024-25,0.081145584725537,1610612762,4.0,7.0,0.571,0.0,1.0,0.0,2.0,25.0,0.08,4.0,8.0,0.5
1628976,Wendell Carter Jr.,26.0,ORL,491,158,0.234,2024-25,0.3217922606924643,1610612753,10.0,37.0,0.27,5.0,21.0,0.238,22.0,100.0,0.22,15.0,58.0,0.259
1631111,Wendell Moore Jr.,23.0,CHA,126,41,0.341,2024-25,0.3253968253968254,1610612766,5.0,10.0,0.5,4.0,12.0,0.333,5.0,19.0,0.263,9.0,22.0,0.409
1630214,Xavier Tillman,26.0,BOS,53,32,0.156,2024-25,0.6037735849056604,1610612738,0.0,8.0,0.0,1.0,5.0,0.2,4.0,19.0,0.211,1.0,13.0,0.077
1642530,Yuki Kawamura,24.0,MEM,30,23,0.304,2024-25,0.7666666666666667,1610612763,0.0,0.0,0.0,1.0,3.0,0.333,6.0,20.0,0.3,1.0,3.0,0.333
1641879,Yuri Collins,24.0,GSW,3,0,0.0,2024-25,0.0,1610612744,0.0,0.0,0.0,0.0,0.0,0.0,0.0,0.0,0.0,0.0,0.0,0.0
1642274,Yves Missi,21.0,NOP,492,1,0.0,2024-25,0.0020325203252032,1610612740,0.0,0.0,0.0,0.0,0.0,0.0,0.0,0.0,0.0,0.0,0.0,0.0
1642258,Zaccharie Risacher,20.0,ATL,779,344,0.355,2024-25,0.441591784338896,1610612737,34.0,73.0,0.466,30.0,73.0,0.411,58.0,198.0,0.293,64.0,146.0,0.438
1628380,Zach Collins,27.0,CHI,302,106,0.302,2024-25,0.3509933774834437,1610612741,4.0,11.0,0.364,3.0,14.0,0.214,25.0,81.0,0.309,7.0,25.0,0.28
1641744,Zach Edey,23.0,MEM,433,52,0.346,2024-25,0.1200923787528868,1610612763,2.0,9.0,0.222,2.0,7.0,0.286,14.0,36.0,0.389,4.0,16.0,0.25
203897,Zach LaVine,30.0,SAC,1223,536,0.446,2024-25,0.4382665576451349,1610612758,26.0,50.0,0.52,18.0,44.0,0.409,195.0,442.0,0.441,44.0,94.0,0.468
1630192,Zeke Nnaji,24.0,DEN,141,52,0.327,2024-25,0.3687943262411347,1610612743,3.0,12.0,0.25,6.0,16.0,0.375,8.0,24.0,0.333,9.0,28.0,0.321
1630533,Ziaire Williams,23.0,BKN,520,302,0.341,2024-25,0.5807692307692308,1610612751,18.0,54.0,0.333,22.0,75.0,0.293,63.0,171.0,0.368,40.0,129.0,0.31
1629627,Zion Williamson,24.0,NOP,508,13,0.231,2024-25,0.0255905511811023,1610612740,0.0,1.0,0.0,0.0,0.0,0.0,3.0,11.0,0.273,0.0,1.0,0.0
1642389,Zyon Pullin,24.0,MEM,1,0,0.0,2024-25,0.0,1610612763,,,,0.0,0.0,0.0,0.0,0.0,0.0,0.0,0.0,0.0
