PLAYER_ID,NAME,AGE,TEAM,FGA,3PA,3P_PCT,SEASON,SHOT_FREQUENCY_PCT
201985,AJ Price,28.0,CLE,137,57,0.263,2014-15,0.41605839416058393
201166,Aaron Brooks,30.0,CHI,817,313,0.387,2014-15,0.38310893512851896
203932,Aaron Gordon,19.0,ORL,208,48,0.271,2014-15,0.23076923076923078
203940,Adreian Payne,24.0,MIN,220,9,0.111,2014-15,0.04090909090909091
201143,Al Horford,29.0,ATL,965,36,0.306,2014-15,0.03730569948186528
2744,Al Jefferson,30.0,CHA,1010,5,0.4,2014-15,0.0049504950495049506
202329,Al-Farouq Aminu,24.0,DAL,357,124,0.274,2014-15,0.3473389355742297
101187,Alan Anderson,32.0,BKN,440,210,0.348,2014-15,0.4772727272727273
202692,Alec Burks,23.0,UTA,300,68,0.382,2014-15,0.22666666666666666
203945,Alex Kirk,23.0,CLE,4,0,0.0,2014-15,0.0
203458,Alex Len,22.0,PHX,353,3,0.333,2014-15,0.0084985835694051
203144,Alexey Shved,26.0,NYK,335,139,0.338,2014-15,0.41492537313432837
201582,Alexis Ajinca,27.0,NOP,329,0,0.0,2014-15,0.0
203459,Allen Crabbe,23.0,POR,153,85,0.353,2014-15,0.5555555555555556
202087,Alonzo Gee,28.0,POR,186,35,0.371,2014-15,0.1881720430107527
2405,Amar'e Stoudemire,32.0,DAL,490,4,0.0,2014-15,0.00816326530612245
101161,Amir Johnson,28.0,TOR,519,46,0.413,2014-15,0.08863198458574181
2760,Anderson Varejao,32.0,CLE,200,2,0.0,2014-15,0.01
203958,Andre Dawkins,23.0,MIA,6,6,0.167,2014-15,1.0
203083,Andre Drummond,21.0,DET,961,2,0.0,2014-15,0.002081165452653486
2738,Andre Iguodala,31.0,GSW,496,212,0.349,2014-15,0.4274193548387097
1889,Andre Miller,39.0,SAC,290,34,0.206,2014-15,0.11724137931034483
203460,Andre Roberson,23.0,OKC,201,85,0.247,2014-15,0.4228855721393035
200745,Andrea Bargnani,29.0,NYK,361,41,0.366,2014-15,0.11357340720221606
1905,Andrei Kirilenko,34.0,BKN,5,0,0.0,2014-15,0.0
101106,Andrew Bogut,30.0,GSW,355,0,0.0,2014-15,0.0
203094,Andrew Nicholson,25.0,ORL,190,41,0.317,2014-15,0.21578947368421053
203952,Andrew Wiggins,20.0,MIN,1137,126,0.31,2014-15,0.11081794195250659
203461,Anthony Bennett,22.0,MIN,297,23,0.304,2014-15,0.07744107744107744
203076,Anthony Davis,22.0,NOP,1199,12,0.083,2014-15,0.010008340283569641
201627,Anthony Morrow,29.0,OKC,615,325,0.434,2014-15,0.5284552845528455
201229,Anthony Tolliver,30.0,DET,393,290,0.366,2014-15,0.7379134860050891
203462,Archie Goodwin,20.0,PHX,201,41,0.293,2014-15,0.20398009950248755
202620,Arinze Onuaku,27.0,MIN,14,0,0.0,2014-15,0.0
203382,Aron Baynes,28.0,SAS,327,4,0.25,2014-15,0.012232415902140673
201167,Arron Afflalo,29.0,POR,884,333,0.354,2014-15,0.3766968325791855
201948,Austin Daye,27.0,ATL,141,71,0.338,2014-15,0.5035460992907801
203085,Austin Rivers,22.0,LAC,496,131,0.298,2014-15,0.26411290322580644
202340,Avery Bradley,24.0,BOS,1013,352,0.352,2014-15,0.3474827245804541
2732,Ben Gordon,32.0,ORL,295,97,0.361,2014-15,0.3288135593220339
203463,Ben McLemore,22.0,SAC,831,391,0.358,2014-15,0.470517448856799
2757,Beno Udrih,32.0,MEM,505,97,0.268,2014-15,0.19207920792079208
203108,Bernard James,30.0,DAL,27,0,0.0,2014-15,0.0
202687,Bismack Biyombo,22.0,CHA,186,0,0.0,2014-15,0.0
201933,Blake Griffin,26.0,LAC,1144,25,0.4,2014-15,0.021853146853146852
202711,Bojan Bogdanovic,26.0,BKN,576,256,0.355,2014-15,0.4444444444444444
2564,Boris Diaw,33.0,SAS,632,169,0.32,2014-15,0.2674050632911392
203078,Bradley Beal,22.0,WAS,851,259,0.409,2014-15,0.30434782608695654
201148,Brandan Wright,27.0,PHX,363,3,0.0,2014-15,0.008264462809917356
101138,Brandon Bass,30.0,BOS,683,32,0.281,2014-15,0.04685212298682284
203561,Brandon Davies,23.0,PHI,137,34,0.235,2014-15,0.24817518248175183
201943,Brandon Jennings,25.0,DET,543,211,0.36,2014-15,0.3885819521178637
202688,Brandon Knight,23.0,PHX,888,321,0.389,2014-15,0.3614864864864865
201575,Brandon Rush,29.0,GSW,54,27,0.111,2014-15,0.5
2217,Brendan Haywood,35.0,CLE,30,0,0.0,2014-15,0.0
203148,Brian Roberts,29.0,CHA,452,193,0.321,2014-15,0.4269911504424779
201572,Brook Lopez,27.0,BKN,987,10,0.1,2014-15,0.010131712259371834
203998,Bruno Caboclo,19.0,TOR,12,3,0.667,2014-15,0.25
203955,Bryce Cotton,22.0,UTA,69,20,0.35,2014-15,0.2898550724637681
201228,C.J. Watson,31.0,IND,417,175,0.4,2014-15,0.4196642685851319
203912,C.J. Wilcox,24.0,LAC,38,19,0.368,2014-15,0.5
203468,CJ McCollum,23.0,POR,365,139,0.396,2014-15,0.38082191780821917
101139,CJ Miles,28.0,IND,827,446,0.345,2014-15,0.5392986698911729
203946,Cameron Bairstow,24.0,CHI,14,0,0.0,2014-15,0.0
201171,Carl Landry,31.0,SAC,369,0,0.0,2014-15,0.0
2430,Carlos Boozer,33.0,LAL,743,0,0.0,2014-15,0.0
2546,Carmelo Anthony,31.0,NYK,806,179,0.341,2014-15,0.22208436724565755
2406,Caron Butler,35.0,DET,396,219,0.379,2014-15,0.553030303030303
201858,Cartier Martin,30.0,DET,53,33,0.182,2014-15,0.6226415094339622
202718,Chandler Parsons,26.0,DAL,829,347,0.38,2014-15,0.41857659831121835
101112,Channing Frye,32.0,ORL,487,346,0.393,2014-15,0.7104722792607803
101111,Charlie Villanueva,30.0,DAL,362,221,0.376,2014-15,0.6104972375690608
201978,Chase Budinger,27.0,MIN,390,143,0.364,2014-15,0.36666666666666664
2365,Chris Andersen,36.0,MIA,207,13,0.308,2014-15,0.06280193236714976
2547,Chris Bosh,31.0,MIA,745,168,0.375,2014-15,0.22550335570469798
203142,Chris Copeland,31.0,IND,310,167,0.311,2014-15,0.5387096774193548
201604,Chris Douglas-Roberts,28.0,LAC,21,7,0.143,2014-15,0.3333333333333333
203187,Chris Johnson,25.0,UTA,154,95,0.295,2014-15,0.6168831168831169
2549,Chris Kaman,33.0,POR,549,0,0.0,2014-15,0.0
101108,Chris Paul,30.0,LAC,1170,349,0.398,2014-15,0.2982905982905983
101236,Chuck Hayes,32.0,TOR,46,0,0.0,2014-15,0.0
203921,Cleanthony Early,24.0,NYK,214,84,0.262,2014-15,0.3925233644859813
203991,Clint Capela,21.0,HOU,29,0,0.0,2014-15,0.0
203469,Cody Zeller,22.0,CHA,373,1,1.0,2014-15,0.002680965147453083
202332,Cole Aldrich,26.0,NYK,301,0,0.0,2014-15,0.0
201147,Corey Brewer,29.0,HOU,805,235,0.268,2014-15,0.2919254658385093
203928,Cory Jefferson,24.0,BKN,167,15,0.133,2014-15,0.08982035928143713
202709,Cory Joseph,23.0,SAS,411,44,0.364,2014-15,0.1070559610705596
201584,Courtney Lee,29.0,MEM,643,224,0.402,2014-15,0.3483670295489891
201571,D.J. Augustin,27.0,OKC,647,246,0.337,2014-15,0.3802163833075734
2563,Dahntay Jones,34.0,LAC,21,4,0.0,2014-15,0.19047619047619047
203081,Damian Lillard,24.0,POR,1360,572,0.343,2014-15,0.42058823529411765
204014,Damjan Rudez,29.0,IND,263,170,0.406,2014-15,0.6463878326996197
201568,Danilo Gallinari,26.0,DEN,568,301,0.355,2014-15,0.5299295774647887
101122,Danny Granger,32.0,PHX,162,84,0.357,2014-15,0.5185185185185185
201980,Danny Green,28.0,SAS,738,457,0.418,2014-15,0.6192411924119241
201967,Dante Cunningham,28.0,NOP,339,10,0.1,2014-15,0.029498525073746312
203957,Dante Exum,19.0,UTA,416,264,0.314,2014-15,0.6346153846153846
203121,Darius Miller,25.0,NOP,7,1,0.0,2014-15,0.14285714285714285
202721,Darius Morris,24.0,BKN,106,33,0.212,2014-15,0.3113207547169811
201589,Darrell Arthur,27.0,DEN,384,110,0.236,2014-15,0.2864583333333333
201954,Darren Collison,27.0,SAC,550,161,0.373,2014-15,0.2927272727272727
101135,David Lee,32.0,GSW,313,2,0.0,2014-15,0.006389776357827476
204065,David Stockton,24.0,SAC,6,2,0.5,2014-15,0.3333333333333333
204033,David Wear,24.0,SAC,2,1,0.0,2014-15,0.5
2561,David West,34.0,IND,686,20,0.2,2014-15,0.029154518950437316
201599,DeAndre Jordan,26.0,LAC,534,4,0.25,2014-15,0.00749063670411985
201971,DeJuan Blair,26.0,WAS,57,0,0.0,2014-15,0.0
201942,DeMar DeRozan,25.0,TOR,990,88,0.284,2014-15,0.08888888888888889
202326,DeMarcus Cousins,24.0,SAC,1066,8,0.25,2014-15,0.0075046904315197
201960,DeMarre Carroll,28.0,ATL,653,304,0.395,2014-15,0.4655436447166922
203471,Dennis Schröder,21.0,ATL,665,148,0.351,2014-15,0.22255639097744362
101114,Deron Williams,31.0,BKN,771,237,0.367,2014-15,0.30739299610894943
202324,Derrick Favors,23.0,UTA,918,6,0.167,2014-15,0.006535947712418301
201565,Derrick Rose,26.0,CHI,835,271,0.28,2014-15,0.32455089820359284
202682,Derrick Williams,24.0,SAC,485,156,0.314,2014-15,0.3216494845360825
2734,Devin Harris,32.0,DAL,524,266,0.357,2014-15,0.5076335877862596
203906,Devyn Marble,22.0,ORL,44,22,0.182,2014-15,0.5
203473,Dewayne Dedmon,25.0,ORL,162,1,0.0,2014-15,0.006172839506172839
203079,Dion Waiters,23.0,OKC,946,246,0.297,2014-15,0.26004228329809725
1717,Dirk Nowitzki,37.0,DAL,1062,274,0.38,2014-15,0.2580037664783427
202388,Donald Sloan,27.0,IND,355,131,0.313,2014-15,0.36901408450704226
202700,Donatas Motiejunas,24.0,HOU,700,133,0.368,2014-15,0.19
2748,Dorell Wright,29.0,POR,190,108,0.38,2014-15,0.5684210526315789
203926,Doug McDermott,23.0,CHI,107,41,0.317,2014-15,0.38317757009345793
203110,Draymond Green,25.0,GSW,765,329,0.337,2014-15,0.4300653594771242
2400,Drew Gooden,33.0,WAS,276,59,0.39,2014-15,0.213768115942029
204079,Drew Gordon,24.0,PHI,19,3,0.0,2014-15,0.15789473684210525
202779,Dwight Buycks,26.0,LAL,40,11,0.636,2014-15,0.275
2730,Dwight Howard,29.0,HOU,423,2,0.5,2014-15,0.004728132387706856
203939,Dwight Powell,23.0,DAL,67,11,0.273,2014-15,0.16417910447761194
2548,Dwyane Wade,33.0,MIA,1084,102,0.284,2014-15,0.0940959409594096
202734,E'Twaun Moore,26.0,CHI,139,38,0.342,2014-15,0.2733812949640288
2853,Earl Barron,33.0,PHX,39,4,0.5,2014-15,0.10256410256410256
201947,Earl Clark,27.0,BKN,30,14,0.286,2014-15,0.4666666666666667
202334,Ed Davis,26.0,LAL,469,0,0.0,2014-15,0.0
202327,Ekpe Udoh,28.0,LAC,24,0,0.0,2014-15,0.0
203901,Elfrid Payton,21.0,ORL,708,42,0.262,2014-15,0.059322033898305086
202407,Elijah Millsap,27.0,UTA,238,90,0.311,2014-15,0.37815126050420167
202343,Elliot Williams,26.0,PHI,37,18,0.444,2014-15,0.4864864864864865
1882,Elton Brand,36.0,ATL,95,1,0.0,2014-15,0.010526315789473684
202683,Enes Freedom,23.0,OKC,928,45,0.356,2014-15,0.04849137931034483
202339,Eric Bledsoe,25.0,PHX,1046,272,0.324,2014-15,0.26003824091778205
201569,Eric Gordon,26.0,NOP,694,315,0.448,2014-15,0.4538904899135447
203961,Eric Moreland,23.0,SAC,1,0,0.0,2014-15,0.0
203475,Erick Green,24.0,DEN,162,47,0.298,2014-15,0.29012345679012347
101141,Ersan Ilyasova,28.0,MIL,557,190,0.389,2014-15,0.34111310592459604
203095,Evan Fournier,22.0,ORL,575,225,0.378,2014-15,0.391304347826087
202323,Evan Turner,26.0,BOS,746,119,0.277,2014-15,0.15951742627345844
203105,Festus Ezeli,25.0,GSW,139,0,0.0,2014-15,0.0
101128,Francisco Garcia,33.0,HOU,63,45,0.222,2014-15,0.7142857142857143
203128,Furkan Aldemir,23.0,PHI,78,5,0.0,2014-15,0.0641025641025641
203539,Gal Mekel,27.0,DAL,20,3,0.0,2014-15,0.15
202066,Garrett Temple,29.0,WAS,170,88,0.375,2014-15,0.5176470588235295
203914,Gary Harris,20.0,DEN,217,103,0.204,2014-15,0.47465437788018433
202390,Gary Neal,30.0,MIN,503,164,0.305,2014-15,0.3260437375745527
201588,George Hill,29.0,IND,535,193,0.358,2014-15,0.36074766355140186
101123,Gerald Green,29.0,PHX,778,387,0.354,2014-15,0.4974293059125964
201945,Gerald Henderson,27.0,CHA,847,136,0.331,2014-15,0.16056670602125148
2222,Gerald Wallace,32.0,BOS,34,3,0.333,2014-15,0.08823529411764706
203507,Giannis Antetokounmpo,20.0,MIL,780,44,0.159,2014-15,0.05641025641025641
203540,Gigi Datome,27.0,BOS,89,40,0.45,2014-15,0.449438202247191
201175,Glen Davis,29.0,LAC,255,4,0.0,2014-15,0.01568627450980392
203318,Glen Rice,24.0,WAS,15,7,0.143,2014-15,0.4666666666666667
203922,Glenn Robinson III,21.0,PHI,67,19,0.263,2014-15,0.2835820895522388
201609,Goran Dragic,29.0,MIA,1002,259,0.347,2014-15,0.25848303393213573
202330,Gordon Hayward,25.0,UTA,1087,330,0.364,2014-15,0.30358785648574055
203476,Gorgui Dieng,25.0,MIN,512,6,0.167,2014-15,0.01171875
203511,Grant Jerrett,21.0,UTA,26,15,0.067,2014-15,0.5769230769230769
202328,Greg Monroe,25.0,DET,853,0,0.0,2014-15,0.0
202962,Greg Smith,24.0,DAL,49,0,0.0,2014-15,0.0
201880,Greg Stiemsma,29.0,TOR,8,0,0.0,2014-15,0.0
202349,Greivis Vasquez,28.0,TOR,725,351,0.379,2014-15,0.48413793103448277
203084,Harrison Barnes,23.0,GSW,656,215,0.405,2014-15,0.3277439024390244
202355,Hassan Whiteside,26.0,MIA,387,0,0.0,2014-15,0.0
2045,Hedo Turkoglu,36.0,LAC,188,139,0.432,2014-15,0.7393617021276596
203156,Henry Sims,25.0,PHI,502,22,0.182,2014-15,0.043824701195219126
201611,Henry Walker,27.0,MIA,168,132,0.341,2014-15,0.7857142857142857
203138,Hollis Thompson,24.0,PHI,543,287,0.401,2014-15,0.5285451197053407
203546,Ian Clark,24.0,DEN,55,30,0.333,2014-15,0.5454545454545454
101133,Ian Mahinmi,28.0,IND,212,0,0.0,2014-15,0.0
202697,Iman Shumpert,25.0,CLE,471,196,0.342,2014-15,0.416135881104034
203477,Isaiah Canaan,24.0,PHI,378,246,0.37,2014-15,0.6507936507936508
202738,Isaiah Thomas,26.0,BOS,796,346,0.373,2014-15,0.43467336683417085
202397,Ish Smith,26.0,PHI,367,60,0.3,2014-15,0.16348773841961853
200826,J.J. Barea,31.0,DAL,536,167,0.323,2014-15,0.31156716417910446
201581,JJ Hickson,26.0,DEN,459,2,0.0,2014-15,0.004357298474945534
200755,JJ Redick,31.0,LAC,938,458,0.437,2014-15,0.488272921108742
2747,JR Smith,29.0,CLE,755,426,0.383,2014-15,0.5642384105960265
203960,JaKarr Sampson,22.0,PHI,346,127,0.244,2014-15,0.3670520231213873
203210,JaMychal Green,25.0,MEM,47,6,0.0,2014-15,0.1276595744680851
201580,JaVale McGee,27.0,DEN,79,0,0.0,2014-15,0.0
203913,Jabari Brown,22.0,LAL,170,62,0.371,2014-15,0.36470588235294116
203953,Jabari Parker,20.0,MIL,263,16,0.25,2014-15,0.060836501901140684
204022,Jack Cooley,24.0,UTA,22,0,0.0,2014-15,0.0
203109,Jae Crowder,24.0,BOS,545,208,0.293,2014-15,0.381651376146789
203479,Jamaal Franklin,23.0,DEN,2,2,0.5,2014-15,1.0
2037,Jamal Crawford,35.0,LAC,839,364,0.327,2014-15,0.433849821215733
2749,Jameer Nelson,33.0,DEN,504,258,0.345,2014-15,0.5119047619047619
203516,James Ennis III,24.0,MIA,247,95,0.326,2014-15,0.38461538461538464
201935,James Harden,25.0,HOU,1470,555,0.375,2014-15,0.37755102040816324
201949,James Johnson,28.0,TOR,404,51,0.216,2014-15,0.12623762376237624
2592,James Jones,34.0,CLE,201,175,0.36,2014-15,0.8706467661691543
203949,James Michael McAdoo,22.0,GSW,44,0,0.0,2014-15,0.0
203923,James Young,19.0,BOS,102,66,0.258,2014-15,0.6470588235294118
2457,Jannero Pargo,35.0,CHA,35,22,0.409,2014-15,0.6285714285714286
203099,Jared Cunningham,24.0,LAC,33,13,0.308,2014-15,0.3939393939393939
201162,Jared Dudley,29.0,MIL,423,192,0.385,2014-15,0.45390070921985815
203096,Jared Sullinger,23.0,BOS,708,184,0.283,2014-15,0.2598870056497175
203950,Jarnell Stokes,21.0,MEM,37,0,0.0,2014-15,0.0
101127,Jarrett Jack,31.0,BKN,817,146,0.267,2014-15,0.17870257037943696
101131,Jason Maxiell,32.0,CHA,192,0,0.0,2014-15,0.0
2202,Jason Richardson,34.0,PHI,178,96,0.323,2014-15,0.5393258426966292
201160,Jason Smith,29.0,NYK,592,42,0.357,2014-15,0.07094594594594594
1891,Jason Terry,37.0,HOU,446,323,0.39,2014-15,0.7242152466367713
201574,Jason Thompson,28.0,SAC,428,1,0.0,2014-15,0.002336448598130841
202399,Jeff Adrien,29.0,HOU,44,0,0.0,2014-15,0.0
201965,Jeff Ayres,28.0,SAS,95,0,0.0,2014-15,0.0
201145,Jeff Green,28.0,MEM,967,292,0.332,2014-15,0.3019648397104447
201952,Jeff Teague,27.0,ATL,887,207,0.343,2014-15,0.23337091319052988
203481,Jeff Withey,25.0,NOP,64,0,0.0,2014-15,0.0
203106,Jeffery Taylor,26.0,CHA,114,36,0.306,2014-15,0.3157894736842105
203924,Jerami Grant,21.0,PHI,352,156,0.314,2014-15,0.4431818181818182
202077,Jerel McNeal,28.0,PHX,11,2,0.5,2014-15,0.18181818181818182
202379,Jeremy Evans,27.0,UTA,58,5,0.4,2014-15,0.08620689655172414
203087,Jeremy Lamb,23.0,OKC,250,111,0.342,2014-15,0.444
202391,Jeremy Lin,26.0,LAL,654,176,0.369,2014-15,0.2691131498470948
202366,Jerome Jordan,28.0,BKN,94,0,0.0,2014-15,0.0
201573,Jerryd Bayless,26.0,MIL,516,120,0.308,2014-15,0.23255813953488372
202690,Jimmer Fredette,26.0,NOP,166,48,0.188,2014-15,0.2891566265060241
202710,Jimmy Butler III,25.0,CHI,912,193,0.378,2014-15,0.21162280701754385
201149,Joakim Noah,30.0,CHI,427,2,0.0,2014-15,0.00468384074941452
201975,Jodie Meeks,27.0,DET,534,212,0.349,2014-15,0.3970037453183521
203925,Joe Harris,23.0,CLE,120,84,0.369,2014-15,0.7
204060,Joe Ingles,27.0,UTA,354,202,0.356,2014-15,0.5706214689265536
2207,Joe Johnson,34.0,BKN,1025,337,0.359,2014-15,0.32878048780487806
201202,Joel Anthony,32.0,DET,62,0,0.0,2014-15,0.0
200777,Joel Freeland,28.0,POR,151,0,0.0,2014-15,0.0
201595,Joey Dorsey,31.0,HOU,145,1,0.0,2014-15,0.006896551724137931
203530,Joffrey Lauvergne,23.0,DEN,89,16,0.188,2014-15,0.1797752808988764
203089,John Henson,24.0,MIL,346,0,0.0,2014-15,0.0
203098,John Jenkins,24.0,ATL,99,52,0.404,2014-15,0.5252525252525253
101249,John Lucas III,32.0,DET,104,29,0.31,2014-15,0.27884615384615385
2422,John Salmons,35.0,NOP,48,26,0.308,2014-15,0.5416666666666666
202322,John Wall,24.0,WAS,1166,217,0.3,2014-15,0.18610634648370497
203948,Johnny O'Bryant III,22.0,MIL,120,0,0.0,2014-15,0.0
202720,Jon Leuer,26.0,MEM,273,29,0.241,2014-15,0.10622710622710622
201973,Jonas Jerebko,28.0,BOS,379,140,0.386,2014-15,0.36939313984168864
202685,Jonas Valančiūnas,23.0,TOR,652,1,0.0,2014-15,0.0015337423312883436
203919,Jordan Adams,20.0,MEM,86,25,0.4,2014-15,0.29069767441860467
203903,Jordan Clarkson,23.0,LAL,596,121,0.314,2014-15,0.20302013422818793
200770,Jordan Farmar,28.0,LAC,158,97,0.361,2014-15,0.6139240506329114
202706,Jordan Hamilton,24.0,LAC,35,21,0.476,2014-15,0.6
201941,Jordan Hill,27.0,LAL,777,11,0.273,2014-15,0.014157014157014158
203268,Jorge Gutierrez,26.0,MIL,41,3,0.0,2014-15,0.07317073170731707
101181,Jose Calderon,33.0,NYK,354,142,0.415,2014-15,0.4011299435028249
201177,Josh McRoberts,28.0,MIA,53,19,0.421,2014-15,0.3584905660377358
2746,Josh Smith,29.0,HOU,987,228,0.316,2014-15,0.23100303951367782
201950,Jrue Holiday,25.0,NOP,534,135,0.378,2014-15,0.25280898876404495
203944,Julius Randle,20.0,LAL,3,0,0.0,2014-15,0.0
203120,Justin Hamilton,25.0,MIN,178,31,0.323,2014-15,0.17415730337078653
203200,Justin Holiday,26.0,GSW,235,109,0.321,2014-15,0.46382978723404256
203994,Jusuf Nurkić,20.0,DEN,383,2,0.0,2014-15,0.005221932114882507
203909,KJ McDaniels,22.0,HOU,434,150,0.287,2014-15,0.3456221198156682
203564,Kalin Lucas,26.0,MEM,1,0,0.0,2014-15,0.0
202695,Kawhi Leonard,24.0,SAS,822,192,0.349,2014-15,0.23357664233576642
203482,Kelly Olynyk,24.0,BOS,528,175,0.349,2014-15,0.3314393939393939
202689,Kemba Walker,25.0,CHA,981,280,0.304,2014-15,0.2854230377166157
203088,Kendall Marshall,23.0,MIL,101,46,0.391,2014-15,0.45544554455445546
2570,Kendrick Perkins,30.0,CLE,227,1,0.0,2014-15,0.004405286343612335
202702,Kenneth Faried,25.0,DEN,736,8,0.125,2014-15,0.010869565217391304
203145,Kent Bazemore,25.0,ATL,331,132,0.364,2014-15,0.3987915407854985
203484,Kentavious Caldwell-Pope,22.0,DET,972,444,0.345,2014-15,0.4567901234567901
2030,Kenyon Martin,37.0,MIL,22,0,0.0,2014-15,0.0
201142,Kevin Durant,26.0,OKC,467,159,0.403,2014-15,0.3404710920770878
708,Kevin Garnett,39.0,MIN,306,7,0.143,2014-15,0.02287581699346405
201567,Kevin Love,26.0,CLE,952,392,0.367,2014-15,0.4117647058823529
2755,Kevin Martin,32.0,MIN,625,191,0.393,2014-15,0.3056
202338,Kevin Seraphin,25.0,WAS,450,2,0.0,2014-15,0.0044444444444444444
203114,Khris Middleton,23.0,MIL,869,268,0.407,2014-15,0.3084004602991945
2550,Kirk Hinrich,34.0,CHI,381,168,0.345,2014-15,0.4409448818897638
202691,Klay Thompson,25.0,GSW,1299,545,0.439,2014-15,0.4195535026943803
977,Kobe Bryant,36.0,LAL,713,184,0.293,2014-15,0.25806451612903225
201585,Kosta Koufos,26.0,MEM,358,0,0.0,2014-15,0.0
203123,Kostas Papanikolaou,24.0,HOU,197,106,0.292,2014-15,0.5380710659898477
2743,Kris Humphries,30.0,WAS,446,7,0.0,2014-15,0.01569506726457399
203937,Kyle Anderson,21.0,SAS,89,11,0.273,2014-15,0.12359550561797752
2594,Kyle Korver,34.0,ATL,600,449,0.492,2014-15,0.7483333333333333
200768,Kyle Lowry,29.0,TOR,1043,391,0.338,2014-15,0.37488015340364333
203124,Kyle O'Quinn,25.0,ORL,242,43,0.279,2014-15,0.17768595041322313
202713,Kyle Singler,27.0,OKC,446,241,0.398,2014-15,0.5403587443946188
202681,Kyrie Irving,23.0,CLE,1235,378,0.415,2014-15,0.3060728744939271
200746,LaMarcus Aldridge,29.0,POR,1415,105,0.352,2014-15,0.07420494699646643
202362,Lance Stephenson,24.0,CHA,550,105,0.171,2014-15,0.19090909090909092
202498,Lance Thomas,27.0,NYK,442,22,0.318,2014-15,0.049773755656108594
202361,Landry Fields,27.0,TOR,41,2,0.5,2014-15,0.04878048780487805
204038,Langston Galloway,23.0,NYK,511,176,0.352,2014-15,0.34442270058708413
203580,Larry Drew II,25.0,PHI,58,26,0.154,2014-15,0.4482758620689655
202336,Larry Sanders,26.0,MIL,172,0,0.0,2014-15,0.0
202730,Lavoy Allen,26.0,IND,299,0,0.0,2014-15,0.0
2544,LeBron James,30.0,CLE,1279,339,0.354,2014-15,0.2650508209538702
2571,Leandro Barbosa,32.0,GSW,386,112,0.384,2014-15,0.29015544041450775
201991,Lester Hudson,30.0,LAC,14,6,0.5,2014-15,0.42857142857142855
203485,Lorenzo Brown,24.0,MIN,122,28,0.214,2014-15,0.22950819672131148
200811,Lou Amundson,32.0,NYK,255,1,0.0,2014-15,0.00392156862745098
101150,Lou Williams,28.0,TOR,928,447,0.34,2014-15,0.4816810344827586
201601,Luc Mbah a Moute,28.0,PHI,636,202,0.307,2014-15,0.31761006289308175
203512,Lucas Nogueira,22.0,TOR,8,0,0.0,2014-15,0.0
2449,Luis Scola,35.0,IND,642,20,0.25,2014-15,0.03115264797507788
202337,Luke Babbitt,26.0,NOP,192,115,0.513,2014-15,0.5989583333333334
2557,Luke Ridnour,34.0,ORL,176,63,0.317,2014-15,0.35795454545454547
2736,Luol Deng,30.0,MIA,787,220,0.355,2014-15,0.2795425667090216
202723,Malcolm Lee,25.0,PHI,1,0,0.0,2014-15,0.0
202952,Malcolm Thomas,26.0,PHI,40,7,0.0,2014-15,0.175
1938,Manu Ginobili,37.0,SAS,589,258,0.345,2014-15,0.4380305602716469
201188,Marc Gasol,30.0,MEM,1072,17,0.176,2014-15,0.01585820895522388
101162,Marcin Gortat,31.0,WAS,775,3,0.0,2014-15,0.003870967741935484
201158,Marco Belinelli,29.0,SAS,470,230,0.374,2014-15,0.48936170212765956
202694,Marcus Morris Sr.,25.0,PHX,763,313,0.358,2014-15,0.41022280471821754
203935,Marcus Smart,21.0,BOS,477,272,0.335,2014-15,0.570230607966457
201977,Marcus Thornton,28.0,PHX,345,143,0.378,2014-15,0.4144927536231884
201596,Mario Chalmers,29.0,MIA,663,248,0.294,2014-15,0.3740573152337858
203900,Markel Brown,23.0,BKN,210,64,0.266,2014-15,0.3047619047619048
202693,Markieff Morris,25.0,PHX,1100,179,0.318,2014-15,0.16272727272727272
201578,Marreese Speights,27.0,GSW,646,18,0.278,2014-15,0.02786377708978328
101110,Martell Webster,28.0,WAS,91,43,0.233,2014-15,0.4725274725274725
101107,Marvin Williams,29.0,CHA,495,265,0.358,2014-15,0.5353535353535354
203486,Mason Plumlee,25.0,BKN,489,3,0.0,2014-15,0.006134969325153374
2440,Matt Barnes,35.0,LAC,624,376,0.362,2014-15,0.6025641025641025
2588,Matt Bonner,35.0,SAS,230,126,0.365,2014-15,0.5478260869565217
203521,Matthew Dellavedova,24.0,CLE,307,167,0.407,2014-15,0.5439739413680782
203090,Maurice Harkless,22.0,ORL,158,56,0.179,2014-15,0.35443037974683544
203086,Meyers Leonard,23.0,POR,245,112,0.42,2014-15,0.45714285714285713
201563,Michael Beasley,26.0,MIA,212,34,0.235,2014-15,0.16037735849056603
203487,Michael Carter-Williams,23.0,MIL,919,153,0.235,2014-15,0.16648531011969533
203077,Michael Kidd-Gilchrist,21.0,CHA,482,0,0.0,2014-15,0.0
201144,Mike Conley,27.0,MEM,882,277,0.386,2014-15,0.31405895691609975
2399,Mike Dunleavy,34.0,CHI,481,263,0.407,2014-15,0.5467775467775468
2034,Mike Miller,35.0,CLE,114,98,0.327,2014-15,0.8596491228070176
203488,Mike Muscala,23.0,ATL,151,22,0.409,2014-15,0.1456953642384106
203118,Mike Scott,26.0,ATL,453,192,0.344,2014-15,0.423841059602649
203101,Miles Plumlee,26.0,MIL,254,0,0.0,2014-15,0.0
203545,Miroslav Raduljica,27.0,MIN,8,0,0.0,2014-15,0.0
203141,Mirza Teletovic,29.0,BKN,319,193,0.321,2014-15,0.6050156739811913
203956,Mitch McGary,23.0,OKC,165,2,0.0,2014-15,0.012121212121212121
2590,Mo Williams,32.0,CHA,860,348,0.342,2014-15,0.4046511627906977
101145,Monta Ellis,29.0,DAL,1354,284,0.285,2014-15,0.20974889217134415
101126,Nate Robinson,31.0,DEN,255,112,0.277,2014-15,0.4392156862745098
203489,Nate Wolters,24.0,MIL,57,7,0.0,2014-15,0.12280701754385964
1737,Nazr Mohammed,37.0,CHI,30,0,0.0,2014-15,0.0
2403,Nene,32.0,WAS,601,5,0.2,2014-15,0.008319467554076539
203457,Nerlens Noel,21.0,PHI,653,0,0.0,2014-15,0.0
201979,Nick Calathes,26.0,MEM,247,43,0.256,2014-15,0.17408906882591094
2555,Nick Collison,34.0,OKC,253,60,0.267,2014-15,0.23715415019762845
203910,Nick Johnson,22.0,HOU,75,21,0.238,2014-15,0.28
201156,Nick Young,30.0,LAL,476,225,0.369,2014-15,0.4726890756302521
201587,Nicolas Batum,26.0,POR,600,309,0.324,2014-15,0.515
203917,Nik Stauskas,21.0,SAC,296,149,0.322,2014-15,0.5033783783783784
202703,Nikola Mirotic,24.0,CHI,624,313,0.316,2014-15,0.5016025641025641
201593,Nikola Pekovic,29.0,MIN,328,0,0.0,2014-15,0.0
202696,Nikola Vučević,24.0,ORL,1206,6,0.333,2014-15,0.004975124378109453
203943,Noah Vonleh,19.0,CHA,76,13,0.385,2014-15,0.17105263157894737
202708,Norris Cole,26.0,NOP,558,176,0.313,2014-15,0.3154121863799283
201564,O.J. Mayo,27.0,MIL,701,277,0.357,2014-15,0.39514978601997147
203136,Ognjen Kuzmic,25.0,GSW,12,0,0.0,2014-15,0.0
201600,Omer Asik,28.0,NOP,412,0,0.0,2014-15,0.0
201956,Omri Casspi,27.0,SAC,427,87,0.402,2014-15,0.20374707259953162
203490,Otto Porter Jr.,22.0,WAS,391,104,0.337,2014-15,0.2659846547314578
200782,P.J. Tucker,30.0,PHX,596,252,0.345,2014-15,0.4228187919463087
203798,PJ Hairston,22.0,CHA,269,163,0.301,2014-15,0.6059479553903345
203143,Pablo Prigioni,38.0,HOU,228,166,0.343,2014-15,0.7280701754385965
201976,Patrick Beverley,26.0,HOU,532,323,0.356,2014-15,0.6071428571428571
203565,Patrick Christopher,27.0,MEM,12,4,0.0,2014-15,0.3333333333333333
202335,Patrick Patterson,26.0,TOR,535,283,0.371,2014-15,0.5289719626168224
201988,Patty Mills,26.0,SAS,336,182,0.341,2014-15,0.5416666666666666
2200,Pau Gasol,34.0,CHI,1153,26,0.462,2014-15,0.022549869904596703
202331,Paul George,25.0,IND,49,22,0.409,2014-15,0.4489795918367347
200794,Paul Millsap,30.0,ATL,930,216,0.356,2014-15,0.23225806451612904
1718,Paul Pierce,37.0,WAS,656,303,0.389,2014-15,0.46189024390243905
203544,Pero Antic,32.0,ATL,296,173,0.301,2014-15,0.5844594594594594
203103,Perry Jones III,23.0,OKC,184,60,0.233,2014-15,0.32608695652173914
203515,Phil Pressey,24.0,BOS,174,65,0.246,2014-15,0.3735632183908046
203112,Quincy Acy,24.0,NYK,331,60,0.3,2014-15,0.18126888217522658
203113,Quincy Miller,22.0,DET,38,18,0.167,2014-15,0.47368421052631576
202347,Quincy Pondexter,27.0,NOP,447,244,0.373,2014-15,0.5458612975391499
200765,Rajon Rondo,29.0,DAL,645,86,0.314,2014-15,0.13333333333333333
201196,Ramon Sessions,29.0,WAS,334,60,0.317,2014-15,0.17964071856287425
200751,Randy Foye,31.0,DEN,402,263,0.357,2014-15,0.654228855721393
2446,Rasual Butler,36.0,WAS,517,235,0.387,2014-15,0.45454545454545453
203492,Ray McCallum,24.0,SAC,470,111,0.306,2014-15,0.23617021276595745
101109,Raymond Felton,31.0,DAL,106,34,0.294,2014-15,0.32075471698113206
203493,Reggie Bullock Jr.,24.0,PHX,70,46,0.326,2014-15,0.6571428571428571
2501,Reggie Evans,35.0,SAC,137,2,0.0,2014-15,0.014598540145985401
202704,Reggie Jackson,25.0,DET,996,241,0.299,2014-15,0.2419678714859438
202130,Reggie Williams,28.0,SAS,39,19,0.158,2014-15,0.48717948717948717
2210,Richard Jefferson,35.0,DAL,324,155,0.426,2014-15,0.4783950617283951
203495,Ricky Ledo,22.0,NYK,96,27,0.37,2014-15,0.28125
201937,Ricky Rubio,24.0,MIN,219,51,0.255,2014-15,0.2328767123287671
203133,Robbie Hummel,26.0,MIN,172,51,0.314,2014-15,0.29651162790697677
203496,Robert Covington,24.0,PHI,756,446,0.374,2014-15,0.58994708994709
203135,Robert Sacre,26.0,LAL,306,1,0.0,2014-15,0.0032679738562091504
201577,Robin Lopez,27.0,POR,437,1,0.0,2014-15,0.002288329519450801
203918,Rodney Hood,22.0,UTA,374,170,0.365,2014-15,0.45454545454545453
201155,Rodney Stuckey,29.0,IND,754,141,0.39,2014-15,0.1870026525198939
101179,Ronnie Price,32.0,LAL,223,109,0.284,2014-15,0.48878923766816146
201579,Roy Hibbert,28.0,IND,710,2,0.0,2014-15,0.0028169014084507044
200752,Rudy Gay,28.0,SAC,1116,220,0.359,2014-15,0.1971326164874552
203497,Rudy Gobert,23.0,UTA,427,2,0.0,2014-15,0.00468384074941452
203893,Russ Smith,24.0,MEM,25,11,0.182,2014-15,0.44
201566,Russell Westbrook,26.0,OKC,1471,288,0.299,2014-15,0.19578518014955812
201583,Ryan Anderson,27.0,NOP,729,359,0.34,2014-15,0.4924554183813443
200797,Ryan Hollins,30.0,SAC,82,0,0.0,2014-15,0.0
203527,Ryan Kelly,24.0,LAL,309,134,0.336,2014-15,0.4336569579288026
2223,Samuel Dalembert,35.0,NYK,130,0,0.0,2014-15,0.0
203930,Sean Kilpatrick,25.0,MIN,20,13,0.308,2014-15,0.65
2742,Sebastian Telfair,30.0,OKC,125,60,0.3,2014-15,0.48
201586,Serge Ibaka,25.0,OKC,786,205,0.376,2014-15,0.2608142493638677
203508,Sergey Karasev,21.0,BKN,134,54,0.296,2014-15,0.40298507462686567
203552,Seth Curry,24.0,PHX,3,1,0.0,2014-15,0.3333333333333333
203498,Shabazz Muhammad,22.0,MIN,397,51,0.392,2014-15,0.12846347607052896
203894,Shabazz Napier,23.0,MIA,228,118,0.364,2014-15,0.5175438596491229
203499,Shane Larkin,22.0,NYK,432,116,0.302,2014-15,0.26851851851851855
200769,Shannon Brown,29.0,MIA,19,7,0.429,2014-15,0.3684210526315789
2733,Shaun Livingston,29.0,GSW,396,2,0.0,2014-15,0.005050505050505051
101183,Shavlik Randolph,31.0,PHX,35,5,0.0,2014-15,0.14285714285714285
1890,Shawn Marion,37.0,CLE,267,46,0.261,2014-15,0.17228464419475656
200761,Shawne Williams,29.0,DET,300,178,0.36,2014-15,0.5933333333333334
203963,Shayne Whittington,24.0,IND,42,6,0.167,2014-15,0.14285714285714285
202714,Shelvin Mack,25.0,ATL,292,127,0.315,2014-15,0.4349315068493151
204021,Sim Bhullar,22.0,SAC,2,0,0.0,2014-15,0.0
203524,Solomon Hill,24.0,IND,634,208,0.327,2014-15,0.3280757097791798
203915,Spencer Dinwiddie,22.0,DET,169,65,0.185,2014-15,0.38461538461538464
201150,Spencer Hawes,27.0,LAC,415,176,0.313,2014-15,0.42409638554216866
201939,Stephen Curry,27.0,GSW,1341,646,0.443,2014-15,0.4817300521998509
2581,Steve Blake,35.0,POR,327,219,0.352,2014-15,0.6697247706422018
200779,Steve Novak,32.0,OKC,56,48,0.396,2014-15,0.8571428571428571
203500,Steven Adams,21.0,OKC,399,2,0.0,2014-15,0.005012531328320802
203933,T.J. Warren,21.0,PHX,214,21,0.238,2014-15,0.09813084112149532
201959,Taj Gibson,30.0,CHI,506,0,0.0,2014-15,0.0
204028,Tarik Black,23.0,LAL,273,1,0.0,2014-15,0.003663003663003663
2419,Tayshaun Prince,35.0,DET,402,67,0.463,2014-15,0.16666666666666666
203093,Terrence Jones,23.0,HOU,299,37,0.351,2014-15,0.12374581939799331
203082,Terrence Ross,24.0,TOR,753,390,0.372,2014-15,0.5179282868525896
200757,Thabo Sefolosha,31.0,ATL,249,78,0.321,2014-15,0.3132530120481928
201152,Thaddeus Young,27.0,BKN,968,115,0.33,2014-15,0.11880165289256199
203080,Thomas Robinson,24.0,PHI,260,2,0.0,2014-15,0.007692307692307693
201168,Tiago Splitter,30.0,SAS,303,0,0.0,2014-15,0.0
1495,Tim Duncan,39.0,SAS,819,7,0.286,2014-15,0.008547008547008548
204025,Tim Frazier,24.0,POR,61,17,0.294,2014-15,0.2786885245901639
203501,Tim Hardaway Jr.,23.0,NYK,717,354,0.342,2014-15,0.49372384937238495
202389,Timofey Mozgov,28.0,CLE,566,6,0.333,2014-15,0.01060070671378092
202699,Tobias Harris,22.0,ORL,949,239,0.364,2014-15,0.2518440463645943
201962,Toney Douglas,29.0,NOP,51,18,0.278,2014-15,0.35294117647058826
2754,Tony Allen,33.0,MEM,455,29,0.345,2014-15,0.06373626373626373
2225,Tony Parker,33.0,SAS,832,89,0.427,2014-15,0.10697115384615384
203503,Tony Snell,23.0,CHI,371,197,0.371,2014-15,0.5309973045822103
203100,Tony Wroten,22.0,PHI,434,142,0.261,2014-15,0.3271889400921659
203315,Toure' Murry,25.0,UTA,5,0,0.0,2014-15,0.0
204037,Travis Wear,24.0,NYK,209,30,0.367,2014-15,0.14354066985645933
2772,Trevor Ariza,29.0,HOU,910,555,0.35,2014-15,0.6098901098901099
202344,Trevor Booker,27.0,UTA,464,84,0.345,2014-15,0.1810344827586207
203504,Trey Burke,22.0,UTA,1005,390,0.318,2014-15,0.3880597014925373
202684,Tristan Thompson,24.0,CLE,488,0,0.0,2014-15,0.0
203584,Troy Daniels,23.0,CHA,165,118,0.364,2014-15,0.7151515151515152
201951,Ty Lawson,27.0,DEN,926,205,0.341,2014-15,0.22138228941684665
203898,Tyler Ennis,20.0,MIL,144,43,0.279,2014-15,0.2986111111111111
201946,Tyler Hansbrough,29.0,TOR,165,7,0.143,2014-15,0.04242424242424243
204020,Tyler Johnson,23.0,MIA,167,48,0.375,2014-15,0.2874251497005988
203092,Tyler Zeller,25.0,BOS,619,0,0.0,2014-15,0.0
201936,Tyreke Evans,25.0,NOP,1165,227,0.304,2014-15,0.19484978540772532
200748,Tyrus Thomas,28.0,MEM,1,0,0.0,2014-15,0.0
2199,Tyson Chandler,32.0,DAL,440,0,0.0,2014-15,0.0
2617,Udonis Haslem,35.0,MIA,239,10,0.2,2014-15,0.04184100418410042
203505,Vander Blue,22.0,LAL,30,10,0.2,2014-15,0.3333333333333333
201964,Victor Claver,26.0,POR,20,11,0.545,2014-15,0.55
203506,Victor Oladipo,23.0,ORL,1086,248,0.339,2014-15,0.2283609576427256
1713,Vince Carter,38.0,MEM,406,232,0.297,2014-15,0.5714285714285714
201961,Wayne Ellington,27.0,LAL,617,243,0.37,2014-15,0.39384116693679094
202325,Wesley Johnson,27.0,LAL,691,259,0.351,2014-15,0.3748191027496382
202083,Wesley Matthews,28.0,POR,752,445,0.389,2014-15,0.5917553191489362
203115,Will Barton,24.0,DEN,353,85,0.271,2014-15,0.24079320113314448
101198,Will Bynum,32.0,WAS,31,9,0.0,2014-15,0.2903225806451613
203805,Will Cherry,24.0,TOR,19,9,0.222,2014-15,0.47368421052631576
2584,Willie Green,33.0,ORL,306,121,0.347,2014-15,0.3954248366013072
201163,Wilson Chandler,28.0,DEN,975,406,0.342,2014-15,0.4164102564102564
202333,Xavier Henry,24.0,LAL,13,0,0.0,2014-15,0.0
203897,Zach LaVine,20.0,MIN,677,167,0.341,2014-15,0.2466765140324963
2216,Zach Randolph,33.0,MEM,932,20,0.35,2014-15,0.02145922746781116
2585,Zaza Pachulia,31.0,MIL,529,3,0.0,2014-15,0.005671077504725898
204054,Zoran Dragic,26.0,MIA,30,14,0.214,2014-15,0.4666666666666667
201166,Aaron Brooks,31.0,CHI,469,185,0.357,2015-16,0.39445628997867804
203932,Aaron Gordon,20.0,ORL,579,142,0.296,2015-16,0.2452504317789292
1626151,Aaron Harrison,21.0,CHA,19,10,0.3,2015-16,0.5263157894736842
203940,Adreian Payne,25.0,MIN,145,32,0.281,2015-16,0.2206896551724138
201143,Al Horford,30.0,ATL,1048,256,0.344,2015-16,0.24427480916030533
2744,Al Jefferson,31.0,CHA,505,0,0.0,2015-16,0.0
202329,Al-Farouq Aminu,25.0,POR,719,349,0.361,2015-16,0.4853963838664812
101187,Alan Anderson,33.0,WAS,59,37,0.324,2015-16,0.6271186440677966
1626210,Alan Williams,23.0,PHX,24,0,0.0,2015-16,0.0
202692,Alec Burks,24.0,UTA,334,79,0.405,2015-16,0.23652694610778444
203458,Alex Len,23.0,PHX,624,7,0.143,2015-16,0.011217948717948718
1627293,Alex Stepheson,28.0,MEM,27,0,0.0,2015-16,0.0
201582,Alexis Ajinca,28.0,NOP,315,1,0.0,2015-16,0.0031746031746031746
203459,Allen Crabbe,24.0,POR,678,285,0.393,2015-16,0.42035398230088494
202087,Alonzo Gee,29.0,NOP,255,60,0.283,2015-16,0.23529411764705882
2405,Amar'e Stoudemire,33.0,MIA,221,0,0.0,2015-16,0.0
101161,Amir Johnson,29.0,BOS,426,43,0.233,2015-16,0.10093896713615023
2760,Anderson Varejao,33.0,GSW,124,1,0.0,2015-16,0.008064516129032258
203083,Andre Drummond,22.0,DET,1060,6,0.333,2015-16,0.005660377358490566
2738,Andre Iguodala,32.0,GSW,368,154,0.351,2015-16,0.41847826086956524
1889,Andre Miller,40.0,SAS,106,8,0.25,2015-16,0.07547169811320754
203460,Andre Roberson,24.0,OKC,274,103,0.311,2015-16,0.3759124087591241
200745,Andrea Bargnani,30.0,BKN,279,16,0.188,2015-16,0.05734767025089606
101106,Andrew Bogut,31.0,GSW,279,1,1.0,2015-16,0.0035842293906810036
202726,Andrew Goudelock,27.0,HOU,20,9,0.111,2015-16,0.45
203094,Andrew Nicholson,26.0,ORL,310,114,0.36,2015-16,0.36774193548387096
203952,Andrew Wiggins,21.0,MIN,1294,190,0.3,2015-16,0.14683153013910355
203461,Anthony Bennett,23.0,TOR,27,14,0.214,2015-16,0.5185185185185185
1626148,Anthony Brown,23.0,LAL,126,70,0.286,2015-16,0.5555555555555556
203076,Anthony Davis,23.0,NOP,1136,108,0.324,2015-16,0.09507042253521127
201627,Anthony Morrow,30.0,OKC,333,204,0.387,2015-16,0.6126126126126126
201229,Anthony Tolliver,31.0,DET,332,272,0.36,2015-16,0.8192771084337349
203462,Archie Goodwin,21.0,PHX,422,99,0.232,2015-16,0.23459715639810427
203382,Aron Baynes,29.0,DET,384,2,0.0,2015-16,0.005208333333333333
201167,Arron Afflalo,30.0,NYK,799,238,0.382,2015-16,0.2978723404255319
203085,Austin Rivers,23.0,LAC,516,185,0.335,2015-16,0.35852713178294576
202340,Avery Bradley,25.0,BOS,1019,407,0.361,2015-16,0.3994111874386654
1626253,Axel Toupane,23.0,DEN,70,40,0.325,2015-16,0.5714285714285714
203463,Ben McLemore,23.0,SAC,455,185,0.362,2015-16,0.4065934065934066
2757,Beno Udrih,33.0,MEM,198,44,0.341,2015-16,0.2222222222222222
202687,Bismack Biyombo,23.0,TOR,288,1,0.0,2015-16,0.003472222222222222
201933,Blake Griffin,27.0,LAC,603,18,0.333,2015-16,0.029850746268656716
1626246,Boban Marjanovic,27.0,SAS,174,0,0.0,2015-16,0.0
1626171,Bobby Portis,21.0,CHI,436,52,0.308,2015-16,0.11926605504587157
202711,Bojan Bogdanovic,27.0,BKN,749,338,0.382,2015-16,0.4512683578104139
2564,Boris Diaw,34.0,SAS,383,69,0.362,2015-16,0.1801566579634465
203078,Bradley Beal,23.0,WAS,799,271,0.387,2015-16,0.33917396745932415
201148,Brandan Wright,28.0,MEM,52,0,0.0,2015-16,0.0
1626183,Branden Dawson,23.0,LAC,5,0,0.0,2015-16,0.0
101138,Brandon Bass,31.0,LAL,317,2,0.0,2015-16,0.006309148264984227
201943,Brandon Jennings,26.0,ORL,304,155,0.329,2015-16,0.5098684210526315
202688,Brandon Knight,24.0,PHX,895,351,0.342,2015-16,0.39217877094972065
201575,Brandon Rush,30.0,GSW,260,157,0.414,2015-16,0.6038461538461538
203148,Brian Roberts,30.0,POR,165,42,0.357,2015-16,0.2545454545454545
1627362,Briante Weber,23.0,MIA,39,5,0.0,2015-16,0.1282051282051282
201572,Brook Lopez,28.0,BKN,1157,14,0.143,2015-16,0.012100259291270527
203998,Bruno Caboclo,20.0,TOR,12,7,0.143,2015-16,0.5833333333333334
203955,Bryce Cotton,23.0,MEM,10,3,0.0,2015-16,0.3
1626214,Bryce Dejean-Jones,23.0,NOP,69,32,0.375,2015-16,0.463768115942029
201228,C.J. Watson,32.0,ORL,137,48,0.292,2015-16,0.35036496350364965
203912,C.J. Wilcox,25.0,LAC,66,23,0.391,2015-16,0.3484848484848485
203468,CJ McCollum,24.0,POR,1431,472,0.417,2015-16,0.32983927323549966
101139,CJ Miles,29.0,IND,634,387,0.367,2015-16,0.610410094637224
203946,Cameron Bairstow,25.0,DET,40,5,0.2,2015-16,0.125
1626166,Cameron Payne,21.0,OKC,278,111,0.324,2015-16,0.39928057553956836
201171,Carl Landry,32.0,PHI,250,13,0.462,2015-16,0.052
2546,Carmelo Anthony,32.0,NYK,1307,310,0.339,2015-16,0.23718439173680184
2406,Caron Butler,36.0,SAC,59,18,0.167,2015-16,0.3050847457627119
202718,Chandler Parsons,27.0,DAL,651,251,0.414,2015-16,0.38556067588325654
101112,Channing Frye,33.0,CLE,347,235,0.387,2015-16,0.6772334293948127
101111,Charlie Villanueva,31.0,DAL,327,172,0.273,2015-16,0.5259938837920489
201978,Chase Budinger,28.0,PHX,239,86,0.279,2015-16,0.3598326359832636
2365,Chris Andersen,37.0,MEM,72,14,0.286,2015-16,0.19444444444444445
2547,Chris Bosh,32.0,MIA,767,222,0.365,2015-16,0.2894393741851369
203142,Chris Copeland,32.0,MIL,51,36,0.278,2015-16,0.7058823529411765
203187,Chris Johnson,26.0,UTA,194,99,0.273,2015-16,0.5103092783505154
2549,Chris Kaman,34.0,POR,43,4,0.25,2015-16,0.09302325581395349
1626191,Chris McCullough,21.0,BKN,109,34,0.382,2015-16,0.3119266055045872
101108,Chris Paul,31.0,LAC,1114,329,0.371,2015-16,0.29533213644524237
1626174,Christian Wood,20.0,PHI,53,11,0.364,2015-16,0.20754716981132076
101236,Chuck Hayes,33.0,LAC,2,0,0.0,2015-16,0.0
203921,Cleanthony Early,25.0,NYK,40,15,0.267,2015-16,0.375
1626146,Cliff Alexander,20.0,POR,10,0,0.0,2015-16,0.0
203991,Clint Capela,22.0,HOU,397,1,0.0,2015-16,0.0025188916876574307
203469,Cody Zeller,23.0,CHA,437,10,0.1,2015-16,0.02288329519450801
202332,Cole Aldrich,27.0,LAC,225,0,0.0,2015-16,0.0
201147,Corey Brewer,30.0,HOU,552,224,0.272,2015-16,0.4057971014492754
203928,Cory Jefferson,25.0,PHX,22,1,0.0,2015-16,0.045454545454545456
202709,Cory Joseph,24.0,TOR,585,110,0.273,2015-16,0.18803418803418803
1626262,Coty Clarke,23.0,BOS,4,2,1.0,2015-16,0.5
201584,Courtney Lee,30.0,CHA,639,217,0.378,2015-16,0.3395931142410016
1626245,Cristiano Felicio,23.0,CHI,72,4,0.0,2015-16,0.05555555555555555
1626156,D'Angelo Russell,20.0,LAL,956,370,0.351,2015-16,0.38702928870292885
201571,D.J. Augustin,28.0,DEN,350,168,0.405,2015-16,0.48
2563,Dahntay Jones,35.0,CLE,14,2,0.5,2015-16,0.14285714285714285
203081,Damian Lillard,25.0,POR,1474,610,0.375,2015-16,0.41383989145183175
203996,Damien Inglis,21.0,MIL,37,13,0.231,2015-16,0.35135135135135137
204014,Damjan Rudez,30.0,MIN,62,50,0.34,2015-16,0.8064516129032258
201568,Danilo Gallinari,27.0,DEN,700,239,0.364,2015-16,0.3414285714285714
201980,Danny Green,29.0,SAS,561,349,0.332,2015-16,0.6221033868092691
201967,Dante Cunningham,29.0,NOP,412,174,0.316,2015-16,0.4223300970873786
201589,Darrell Arthur,28.0,DEN,489,117,0.385,2015-16,0.2392638036809816
201954,Darren Collison,28.0,SAC,776,217,0.401,2015-16,0.27963917525773196
1626199,Darrun Hilliard,23.0,DET,131,50,0.38,2015-16,0.3816793893129771
101135,David Lee,33.0,DAL,335,1,0.0,2015-16,0.0029850746268656717
2561,David West,35.0,SAS,448,7,0.429,2015-16,0.015625
201599,DeAndre Jordan,27.0,LAC,508,1,0.0,2015-16,0.001968503937007874
201971,DeJuan Blair,27.0,WAS,68,1,0.0,2015-16,0.014705882352941176
201942,DeMar DeRozan,26.0,TOR,1377,139,0.338,2015-16,0.1009440813362382
202326,DeMarcus Cousins,25.0,SAC,1332,210,0.333,2015-16,0.15765765765765766
201960,DeMarre Carroll,29.0,TOR,270,118,0.39,2015-16,0.43703703703703706
1626153,Delon Wright,24.0,TOR,80,13,0.385,2015-16,0.1625
203471,Dennis Schröder,22.0,ATL,781,239,0.322,2015-16,0.3060179257362356
101114,Deron Williams,32.0,DAL,775,282,0.344,2015-16,0.3638709677419355
202324,Derrick Favors,24.0,UTA,811,4,0.0,2015-16,0.004932182490752158
201565,Derrick Rose,27.0,CHI,1048,150,0.293,2015-16,0.1431297709923664
202682,Derrick Williams,25.0,NYK,565,150,0.293,2015-16,0.26548672566371684
1626164,Devin Booker,19.0,PHX,867,289,0.343,2015-16,0.3333333333333333
2734,Devin Harris,33.0,DAL,374,158,0.329,2015-16,0.42245989304812837
203906,Devyn Marble,23.0,ORL,71,32,0.25,2015-16,0.4507042253521127
203473,Dewayne Dedmon,26.0,ORL,177,0,0.0,2015-16,0.0
203079,Dion Waiters,24.0,OKC,706,240,0.358,2015-16,0.33994334277620397
1717,Dirk Nowitzki,38.0,DAL,1112,342,0.368,2015-16,0.30755395683453235
202388,Donald Sloan,28.0,BKN,350,99,0.384,2015-16,0.28285714285714286
202700,Donatas Motiejunas,25.0,HOU,205,57,0.281,2015-16,0.2780487804878049
203926,Doug McDermott,24.0,CHI,644,259,0.425,2015-16,0.40217391304347827
203110,Draymond Green,26.0,GSW,819,258,0.388,2015-16,0.315018315018315
2400,Drew Gooden,34.0,WAS,103,41,0.171,2015-16,0.39805825242718446
1626251,Duje Dukan,24.0,SAC,10,5,0.4,2015-16,0.5
2730,Dwight Howard,30.0,HOU,600,6,0.0,2015-16,0.01
203939,Dwight Powell,24.0,DAL,296,16,0.125,2015-16,0.05405405405405406
2548,Dwyane Wade,34.0,MIA,1183,44,0.159,2015-16,0.037193575655114115
202734,E'Twaun Moore,27.0,CHI,389,104,0.452,2015-16,0.26735218508997427
202334,Ed Davis,27.0,POR,337,0,0.0,2015-16,0.0
204002,Edy Tavares,24.0,ATL,19,0,0.0,2015-16,0.0
203901,Elfrid Payton,22.0,ORL,730,92,0.326,2015-16,0.12602739726027398
202407,Elijah Millsap,28.0,UTA,39,12,0.083,2015-16,0.3076923076923077
202343,Elliot Williams,27.0,CHA,10,4,0.25,2015-16,0.4
1882,Elton Brand,37.0,PHI,72,1,0.0,2015-16,0.013888888888888888
1626144,Emmanuel Mudiay,20.0,DEN,905,232,0.319,2015-16,0.256353591160221
202683,Enes Freedom,24.0,OKC,719,21,0.476,2015-16,0.02920723226703755
202339,Eric Bledsoe,26.0,PHX,492,129,0.372,2015-16,0.2621951219512195
201569,Eric Gordon,27.0,NOP,552,294,0.384,2015-16,0.532608695652174
203961,Eric Moreland,24.0,SAC,6,0,0.0,2015-16,0.0
203475,Erick Green,25.0,DEN,13,5,0.2,2015-16,0.38461538461538464
101141,Ersan Ilyasova,29.0,ORL,661,259,0.371,2015-16,0.3918305597579425
203095,Evan Fournier,23.0,ORL,929,390,0.4,2015-16,0.41980624327233584
202323,Evan Turner,27.0,BOS,753,83,0.241,2015-16,0.1102257636122178
203105,Festus Ezeli,26.0,GSW,228,0,0.0,2015-16,0.0
1626163,Frank Kaminsky,23.0,CHA,525,202,0.337,2015-16,0.38476190476190475
202066,Garrett Temple,30.0,WAS,505,258,0.345,2015-16,0.5108910891089109
203914,Gary Harris,21.0,DEN,765,297,0.354,2015-16,0.38823529411764707
202390,Gary Neal,31.0,WAS,325,100,0.41,2015-16,0.3076923076923077
201588,George Hill,30.0,IND,739,314,0.408,2015-16,0.4248985115020298
101123,Gerald Green,30.0,MIA,587,260,0.323,2015-16,0.44293015332197616
201945,Gerald Henderson,28.0,POR,529,136,0.353,2015-16,0.2570888468809074
203507,Giannis Antetokounmpo,21.0,MIL,1013,109,0.257,2015-16,0.10760118460019744
203922,Glenn Robinson III,22.0,IND,151,37,0.378,2015-16,0.24503311258278146
201609,Goran Dragic,30.0,MIA,875,205,0.312,2015-16,0.2342857142857143
202330,Gordon Hayward,26.0,UTA,1202,410,0.349,2015-16,0.3410981697171381
203476,Gorgui Dieng,26.0,MIN,579,20,0.3,2015-16,0.03454231433506045
202328,Greg Monroe,26.0,MIL,941,1,0.0,2015-16,0.0010626992561105207
202962,Greg Smith,25.0,MIN,32,0,0.0,2015-16,0.0
202349,Greivis Vasquez,29.0,MIL,138,73,0.247,2015-16,0.5289855072463768
203084,Harrison Barnes,24.0,GSW,633,214,0.383,2015-16,0.3380726698262243
202355,Hassan Whiteside,27.0,MIA,682,0,0.0,2015-16,0.0
203156,Henry Sims,26.0,BKN,77,0,0.0,2015-16,0.0
203138,Hollis Thompson,25.0,PHI,680,392,0.38,2015-16,0.5764705882352941
203546,Ian Clark,25.0,GSW,202,84,0.357,2015-16,0.4158415841584158
101133,Ian Mahinmi,29.0,IND,448,0,0.0,2015-16,0.0
202697,Iman Shumpert,26.0,CLE,305,146,0.295,2015-16,0.4786885245901639
203477,Isaiah Canaan,25.0,PHI,722,485,0.363,2015-16,0.6717451523545707
202738,Isaiah Thomas,27.0,BOS,1382,465,0.359,2015-16,0.33646888567293776
202397,Ish Smith,27.0,PHI,967,170,0.329,2015-16,0.17580144777662876
200826,J.J. Barea,32.0,DAL,711,260,0.385,2015-16,0.3656821378340366
201581,JJ Hickson,27.0,WAS,155,1,0.0,2015-16,0.0064516129032258064
1626266,JJ O'Brien,24.0,UTA,1,0,0.0,2015-16,0.0
200755,JJ Redick,32.0,LAC,880,421,0.475,2015-16,0.4784090909090909
2747,JR Smith,30.0,CLE,850,510,0.4,2015-16,0.6
203960,JaKarr Sampson,23.0,DEN,317,63,0.222,2015-16,0.19873817034700317
203210,JaMychal Green,26.0,MEM,495,45,0.333,2015-16,0.09090909090909091
201580,JaVale McGee,28.0,DAL,134,1,0.0,2015-16,0.007462686567164179
203953,Jabari Parker,21.0,MIL,899,35,0.257,2015-16,0.0389321468298109
203109,Jae Crowder,25.0,BOS,813,363,0.336,2015-16,0.44649446494464945
1626143,Jahlil Okafor,20.0,PHI,781,6,0.167,2015-16,0.0076824583866837385
2037,Jamal Crawford,36.0,LAC,939,344,0.34,2015-16,0.3663471778487753
2749,Jameer Nelson,34.0,DEN,307,144,0.299,2015-16,0.46905537459283386
202341,James Anderson,27.0,SAC,178,86,0.267,2015-16,0.48314606741573035
203516,James Ennis III,25.0,NOP,113,58,0.448,2015-16,0.5132743362831859
201935,James Harden,26.0,HOU,1617,657,0.359,2015-16,0.40630797773654914
201949,James Johnson,29.0,TOR,240,66,0.303,2015-16,0.275
2592,James Jones,35.0,CLE,142,104,0.394,2015-16,0.7323943661971831
203949,James Michael McAdoo,23.0,GSW,84,2,0.5,2015-16,0.023809523809523808
203923,James Young,20.0,BOS,36,26,0.231,2015-16,0.7222222222222222
203099,Jared Cunningham,25.0,CLE,105,39,0.308,2015-16,0.37142857142857144
201162,Jared Dudley,30.0,WAS,487,238,0.42,2015-16,0.4887063655030801
203096,Jared Sullinger,24.0,BOS,806,103,0.282,2015-16,0.12779156327543426
204067,Jarell Eddie,24.0,WAS,65,47,0.319,2015-16,0.7230769230769231
1626185,Jarell Martin,22.0,MEM,116,2,0.0,2015-16,0.017241379310344827
203950,Jarnell Stokes,22.0,MEM,5,0,0.0,2015-16,0.0
101127,Jarrett Jack,32.0,BKN,358,102,0.304,2015-16,0.2849162011173184
201160,Jason Smith,30.0,ORL,503,16,0.25,2015-16,0.03180914512922465
1891,Jason Terry,38.0,HOU,376,261,0.356,2015-16,0.6941489361702128
201574,Jason Thompson,29.0,TOR,108,15,0.333,2015-16,0.1388888888888889
201965,Jeff Ayres,29.0,LAC,23,1,0.0,2015-16,0.043478260869565216
201145,Jeff Green,29.0,LAC,824,213,0.315,2015-16,0.25849514563106796
201952,Jeff Teague,28.0,ATL,988,274,0.401,2015-16,0.2773279352226721
203481,Jeff Withey,26.0,UTA,162,2,0.0,2015-16,0.012345679012345678
203924,Jerami Grant,22.0,PHI,599,146,0.24,2015-16,0.24373956594323873
202379,Jeremy Evans,28.0,DAL,48,16,0.25,2015-16,0.3333333333333333
203087,Jeremy Lamb,24.0,CHA,510,181,0.309,2015-16,0.35490196078431374
202391,Jeremy Lin,27.0,CHA,728,226,0.336,2015-16,0.31043956043956045
1626170,Jerian Grant,23.0,NYK,391,100,0.22,2015-16,0.2557544757033248
201573,Jerryd Bayless,27.0,MIL,437,231,0.437,2015-16,0.528604118993135
202690,Jimmer Fredette,27.0,SAS,5,2,0.5,2015-16,0.4
202710,Jimmy Butler III,26.0,CHI,1035,205,0.312,2015-16,0.19806763285024154
201149,Joakim Noah,31.0,CHI,133,1,0.0,2015-16,0.007518796992481203
201975,Jodie Meeks,28.0,DET,20,9,0.444,2015-16,0.45
203925,Joe Harris,24.0,CLE,4,4,0.25,2015-16,1.0
204060,Joe Ingles,28.0,UTA,291,210,0.386,2015-16,0.7216494845360825
2207,Joe Johnson,35.0,MIA,859,313,0.383,2015-16,0.36437718277066355
1626202,Joe Young,24.0,IND,169,46,0.217,2015-16,0.27218934911242604
201202,Joel Anthony,33.0,DET,10,0,0.0,2015-16,0.0
203530,Joffrey Lauvergne,24.0,DEN,380,53,0.245,2015-16,0.1394736842105263
203089,John Henson,25.0,MIL,291,1,0.0,2015-16,0.003436426116838488
203098,John Jenkins,25.0,PHX,160,51,0.314,2015-16,0.31875
202322,John Wall,25.0,WAS,1349,328,0.351,2015-16,0.24314306893995552
203948,Johnny O'Bryant III,23.0,MIL,209,1,1.0,2015-16,0.004784688995215311
202720,Jon Leuer,27.0,PHX,466,110,0.382,2015-16,0.23605150214592274
201973,Jonas Jerebko,29.0,BOS,286,108,0.398,2015-16,0.3776223776223776
202685,Jonas Valančiūnas,24.0,TOR,536,0,0.0,2015-16,0.0
203613,Jonathon Simmons,26.0,SAS,242,47,0.383,2015-16,0.19421487603305784
203919,Jordan Adams,21.0,MEM,6,1,0.0,2015-16,0.16666666666666666
203903,Jordan Clarkson,24.0,LAL,1098,320,0.347,2015-16,0.29143897996357016
200770,Jordan Farmar,29.0,MEM,100,45,0.356,2015-16,0.45
202706,Jordan Hamilton,25.0,NOP,116,45,0.289,2015-16,0.3879310344827586
201941,Jordan Hill,28.0,IND,549,1,0.0,2015-16,0.0018214936247723133
203895,Jordan McRae,25.0,CLE,78,22,0.455,2015-16,0.28205128205128205
1626175,Jordan Mickey,21.0,BOS,22,0,0.0,2015-16,0.0
203268,Jorge Gutierrez,27.0,CHA,11,2,0.0,2015-16,0.18181818181818182
101181,Jose Calderon,34.0,NYK,455,203,0.414,2015-16,0.4461538461538462
203962,Josh Huestis,24.0,OKC,12,6,0.667,2015-16,0.5
201177,Josh McRoberts,29.0,MIA,148,49,0.245,2015-16,0.3310810810810811
1626196,Josh Richardson,22.0,MIA,272,115,0.461,2015-16,0.4227941176470588
2746,Josh Smith,30.0,HOU,349,143,0.287,2015-16,0.40974212034383956
201950,Jrue Holiday,26.0,NOP,935,259,0.336,2015-16,0.27700534759358286
203944,Julius Randle,21.0,LAL,835,36,0.278,2015-16,0.04311377245508982
1626147,Justin Anderson,22.0,DAL,175,83,0.265,2015-16,0.4742857142857143
202712,Justin Harper,26.0,BKN,10,9,0.444,2015-16,0.9
203200,Justin Holiday,27.0,CHI,228,105,0.343,2015-16,0.4605263157894737
1626159,Justise Winslow,20.0,MIA,462,116,0.276,2015-16,0.2510822510822511
203994,Jusuf Nurkić,21.0,DEN,242,3,0.0,2015-16,0.012396694214876033
203909,KJ McDaniels,23.0,HOU,72,25,0.28,2015-16,0.3472222222222222
1626157,Karl-Anthony Towns,20.0,MIN,1153,88,0.341,2015-16,0.07632263660017347
202695,Kawhi Leonard,25.0,SAS,1090,291,0.443,2015-16,0.26697247706422017
203951,Keith Appling,24.0,ORL,8,3,0.0,2015-16,0.375
203482,Kelly Olynyk,25.0,BOS,556,210,0.405,2015-16,0.3776978417266187
1626162,Kelly Oubre Jr.,20.0,WAS,211,79,0.316,2015-16,0.3744075829383886
202689,Kemba Walker,26.0,CHA,1331,490,0.371,2015-16,0.3681442524417731
203088,Kendall Marshall,24.0,PHI,118,49,0.327,2015-16,0.4152542372881356
2570,Kendrick Perkins,31.0,NOP,75,0,0.0,2015-16,0.0
202702,Kenneth Faried,26.0,DEN,626,2,0.5,2015-16,0.003194888178913738
203145,Kent Bazemore,26.0,ATL,725,305,0.357,2015-16,0.4206896551724138
203484,Kentavious Caldwell-Pope,23.0,DET,960,369,0.309,2015-16,0.384375
201142,Kevin Durant,27.0,OKC,1381,481,0.387,2015-16,0.34829833454018827
708,Kevin Garnett,40.0,MIN,115,1,0.0,2015-16,0.008695652173913044
201567,Kevin Love,27.0,CLE,977,439,0.36,2015-16,0.44933469805527126
2755,Kevin Martin,33.0,SAS,419,136,0.36,2015-16,0.324582338902148
202338,Kevin Seraphin,26.0,NYK,205,2,0.0,2015-16,0.00975609756097561
1626172,Kevon Looney,20.0,GSW,7,2,0.5,2015-16,0.2857142857142857
203114,Khris Middleton,24.0,MIL,1142,361,0.396,2015-16,0.3161120840630473
2550,Kirk Hinrich,35.0,ATL,129,62,0.387,2015-16,0.4806201550387597
202691,Klay Thompson,26.0,GSW,1386,650,0.425,2015-16,0.468975468975469
977,Kobe Bryant,37.0,LAL,1113,467,0.285,2015-16,0.4195867026055705
201585,Kosta Koufos,27.0,SAC,444,0,0.0,2015-16,0.0
203123,Kostas Papanikolaou,25.0,DEN,66,32,0.313,2015-16,0.48484848484848486
2743,Kris Humphries,31.0,ATL,295,108,0.315,2015-16,0.36610169491525424
204001,Kristaps Porziņģis,20.0,NYK,886,243,0.333,2015-16,0.2742663656884876
203937,Kyle Anderson,22.0,SAS,295,37,0.324,2015-16,0.12542372881355932
2594,Kyle Korver,35.0,ATL,617,397,0.398,2015-16,0.6434359805510534
200768,Kyle Lowry,30.0,TOR,1198,547,0.388,2015-16,0.4565943238731219
203124,Kyle O'Quinn,26.0,NYK,271,22,0.227,2015-16,0.08118081180811808
202713,Kyle Singler,28.0,OKC,221,97,0.309,2015-16,0.43891402714932126
202681,Kyrie Irving,24.0,CLE,879,262,0.321,2015-16,0.29806598407281
200746,LaMarcus Aldridge,30.0,SAS,1045,16,0.0,2015-16,0.015311004784688996
203934,Lamar Patterson,24.0,ATL,80,49,0.245,2015-16,0.6125
202362,Lance Stephenson,25.0,MEM,474,78,0.385,2015-16,0.16455696202531644
202498,Lance Thomas,28.0,NYK,382,109,0.404,2015-16,0.28534031413612565
204038,Langston Galloway,24.0,NYK,588,224,0.344,2015-16,0.38095238095238093
1626204,Larry Nance Jr.,23.0,LAL,300,10,0.1,2015-16,0.03333333333333333
202730,Lavoy Allen,27.0,IND,370,0,0.0,2015-16,0.0
2544,LeBron James,31.0,CLE,1416,282,0.309,2015-16,0.19915254237288135
2571,Leandro Barbosa,33.0,GSW,370,110,0.355,2015-16,0.2972972972972973
203485,Lorenzo Brown,25.0,DET,25,8,0.125,2015-16,0.32
200811,Lou Amundson,33.0,NYK,53,0,0.0,2015-16,0.0
101150,Lou Williams,29.0,LAL,693,320,0.344,2015-16,0.46176046176046176
201601,Luc Mbah a Moute,29.0,LAC,207,40,0.325,2015-16,0.1932367149758454
203512,Lucas Nogueira,23.0,TOR,44,3,0.333,2015-16,0.06818181818181818
1626242,Luis Montero,23.0,POR,19,9,0.111,2015-16,0.47368421052631576
2449,Luis Scola,36.0,TOR,598,161,0.404,2015-16,0.2692307692307692
202337,Luke Babbitt,27.0,NOP,289,109,0.404,2015-16,0.3771626297577855
2736,Luol Deng,31.0,MIA,745,256,0.344,2015-16,0.3436241610738255
1938,Manu Ginobili,38.0,SAS,435,179,0.391,2015-16,0.4114942528735632
201188,Marc Gasol,31.0,MEM,707,3,0.667,2015-16,0.004243281471004243
1626273,Marcelo Huertas,33.0,LAL,230,61,0.262,2015-16,0.26521739130434785
101162,Marcin Gortat,32.0,WAS,764,1,0.0,2015-16,0.0013089005235602095
201158,Marco Belinelli,30.0,SAC,635,297,0.306,2015-16,0.46771653543307085
202694,Marcus Morris Sr.,26.0,DET,945,298,0.362,2015-16,0.31534391534391537
203935,Marcus Smart,22.0,BOS,529,241,0.253,2015-16,0.4555765595463138
201977,Marcus Thornton,29.0,WAS,542,270,0.337,2015-16,0.4981549815498155
201596,Mario Chalmers,30.0,MIA,444,149,0.309,2015-16,0.3355855855855856
1626209,Mario Hezonja,21.0,ORL,418,192,0.349,2015-16,0.45933014354066987
203900,Markel Brown,24.0,BKN,322,121,0.314,2015-16,0.37577639751552794
202693,Markieff Morris,26.0,WAS,718,155,0.303,2015-16,0.21587743732590528
201578,Marreese Speights,28.0,GSW,456,62,0.387,2015-16,0.13596491228070176
101107,Marvin Williams,30.0,CHA,747,378,0.402,2015-16,0.5060240963855421
203486,Mason Plumlee,26.0,POR,517,4,0.0,2015-16,0.007736943907156673
2440,Matt Barnes,36.0,MEM,693,370,0.322,2015-16,0.5339105339105339
2588,Matt Bonner,36.0,SAS,57,34,0.441,2015-16,0.5964912280701754
203521,Matthew Dellavedova,25.0,CLE,511,239,0.41,2015-16,0.46771037181996084
203090,Maurice Harkless,23.0,POR,411,140,0.279,2015-16,0.340632603406326
1897,Metta World Peace,36.0,LAL,177,84,0.31,2015-16,0.4745762711864407
203086,Meyers Leonard,24.0,POR,435,228,0.377,2015-16,0.5241379310344828
201563,Michael Beasley,27.0,HOU,205,9,0.333,2015-16,0.04390243902439024
203487,Michael Carter-Williams,24.0,MIL,555,55,0.273,2015-16,0.0990990990990991
203077,Michael Kidd-Gilchrist,22.0,CHA,61,7,0.429,2015-16,0.11475409836065574
201144,Mike Conley,28.0,MEM,696,215,0.363,2015-16,0.3089080459770115
2399,Mike Dunleavy,35.0,CHI,188,99,0.394,2015-16,0.526595744680851
2034,Mike Miller,36.0,DEN,62,52,0.365,2015-16,0.8387096774193549
203488,Mike Muscala,24.0,ATL,152,39,0.308,2015-16,0.2565789473684211
203118,Mike Scott,27.0,ATL,376,158,0.392,2015-16,0.42021276595744683
203101,Miles Plumlee,27.0,MIL,233,0,0.0,2015-16,0.0
203141,Mirza Teletovic,30.0,PHX,777,460,0.393,2015-16,0.592020592020592
203956,Mitch McGary,24.0,OKC,23,4,0.0,2015-16,0.17391304347826086
2590,Mo Williams,33.0,CLE,302,102,0.353,2015-16,0.33774834437086093
101145,Monta Ellis,30.0,IND,1021,282,0.309,2015-16,0.2761998041136141
1626149,Montrezl Harrell,22.0,HOU,90,1,0.0,2015-16,0.011111111111111112
1626167,Myles Turner,20.0,IND,530,14,0.214,2015-16,0.026415094339622643
101126,Nate Robinson,32.0,NOP,1,1,0.0,2015-16,1.0
1737,Nazr Mohammed,38.0,OKC,5,0,0.0,2015-16,0.0
202357,Nemanja Bjelica,28.0,MIN,235,125,0.384,2015-16,0.5319148936170213
2403,Nene,33.0,WAS,384,3,0.0,2015-16,0.0078125
203457,Nerlens Noel,22.0,PHI,587,2,0.5,2015-16,0.0034071550255536627
2555,Nick Collison,35.0,OKC,109,2,0.0,2015-16,0.01834862385321101
201156,Nick Young,31.0,LAL,372,237,0.325,2015-16,0.6370967741935484
201587,Nicolas Batum,27.0,CHA,873,399,0.348,2015-16,0.4570446735395189
203917,Nik Stauskas,22.0,PHI,545,325,0.326,2015-16,0.5963302752293578
203999,Nikola Jokić,21.0,DEN,600,84,0.333,2015-16,0.14
202703,Nikola Mirotic,25.0,CHI,609,346,0.39,2015-16,0.5681444991789819
201593,Nikola Pekovic,30.0,MIN,50,0,0.0,2015-16,0.0
202696,Nikola Vučević,25.0,ORL,1046,9,0.222,2015-16,0.008604206500956023
203943,Noah Vonleh,20.0,POR,278,46,0.239,2015-16,0.16546762589928057
1626181,Norman Powell,23.0,TOR,229,89,0.404,2015-16,0.388646288209607
202708,Norris Cole,27.0,NOP,484,102,0.324,2015-16,0.21074380165289255
201564,O.J. Mayo,28.0,MIL,321,162,0.321,2015-16,0.5046728971962616
201600,Omer Asik,29.0,NOP,195,0,0.0,2015-16,0.0
201956,Omri Casspi,28.0,SAC,622,274,0.409,2015-16,0.4405144694533762
203111,Orlando Johnson,27.0,NOP,34,10,0.2,2015-16,0.29411764705882354
203490,Otto Porter Jr.,23.0,WAS,717,267,0.367,2015-16,0.3723849372384937
200782,P.J. Tucker,31.0,PHX,582,206,0.33,2015-16,0.3539518900343643
203798,PJ Hairston,23.0,MEM,408,241,0.29,2015-16,0.5906862745098039
203143,Pablo Prigioni,39.0,LAC,147,95,0.295,2015-16,0.6462585034013606
1626192,Pat Connaughton,23.0,POR,49,21,0.238,2015-16,0.42857142857142855
201976,Patrick Beverley,27.0,HOU,594,310,0.4,2015-16,0.5218855218855218
202335,Patrick Patterson,27.0,TOR,493,293,0.362,2015-16,0.5943204868154158
201988,Patty Mills,27.0,SAS,612,320,0.384,2015-16,0.5228758169934641
2200,Pau Gasol,35.0,CHI,995,69,0.348,2015-16,0.06934673366834171
202331,Paul George,26.0,IND,1449,566,0.371,2015-16,0.39061421670117324
200794,Paul Millsap,31.0,ATL,1066,232,0.319,2015-16,0.2176360225140713
1718,Paul Pierce,38.0,LAC,397,242,0.31,2015-16,0.6095717884130982
203515,Phil Pressey,25.0,POR,78,18,0.222,2015-16,0.23076923076923078
203112,Quincy Acy,25.0,SAC,214,49,0.388,2015-16,0.22897196261682243
1626154,RJ Hunter,22.0,BOS,98,63,0.302,2015-16,0.6428571428571429
200765,Rajon Rondo,30.0,SAC,782,170,0.365,2015-16,0.21739130434782608
1626176,Rakeem Christmas,24.0,IND,2,0,0.0,2015-16,0.0
201196,Ramon Sessions,30.0,WAS,592,111,0.324,2015-16,0.1875
200751,Randy Foye,32.0,OKC,482,250,0.3,2015-16,0.5186721991701245
1626173,Rashad Vaughn,19.0,MIL,266,147,0.293,2015-16,0.5526315789473685
2446,Rasual Butler,37.0,SAS,104,49,0.306,2015-16,0.47115384615384615
203526,Raul Neto,24.0,UTA,418,162,0.395,2015-16,0.3875598086124402
203492,Ray McCallum,25.0,SAS,146,42,0.357,2015-16,0.2876712328767123
101109,Raymond Felton,32.0,DAL,682,213,0.282,2015-16,0.312316715542522
203493,Reggie Bullock Jr.,25.0,DET,98,53,0.415,2015-16,0.5408163265306123
202704,Reggie Jackson,26.0,DET,1244,334,0.353,2015-16,0.2684887459807074
2210,Richard Jefferson,36.0,CLE,312,173,0.382,2015-16,0.5544871794871795
1626158,Richaun Holmes,22.0,PHI,222,44,0.182,2015-16,0.1981981981981982
201937,Ricky Rubio,25.0,MIN,586,190,0.326,2015-16,0.3242320819112628
203496,Robert Covington,25.0,PHI,712,482,0.353,2015-16,0.6769662921348315
203135,Robert Sacre,27.0,LAL,75,0,0.0,2015-16,0.0
201577,Robin Lopez,28.0,NYK,662,1,0.0,2015-16,0.0015105740181268882
203918,Rodney Hood,23.0,UTA,972,449,0.359,2015-16,0.4619341563786008
201155,Rodney Stuckey,30.0,IND,443,83,0.241,2015-16,0.1873589164785553
1626178,Rondae Hollis-Jefferson,21.0,BKN,138,14,0.286,2015-16,0.10144927536231885
101179,Ronnie Price,33.0,PHX,302,196,0.347,2015-16,0.6490066225165563
201579,Roy Hibbert,29.0,LAL,411,2,0.0,2015-16,0.004866180048661801
200752,Rudy Gay,29.0,SAC,1007,215,0.344,2015-16,0.2135054617676266
203497,Rudy Gobert,24.0,UTA,354,0,0.0,2015-16,0.0
203893,Russ Smith,25.0,MEM,22,5,0.2,2015-16,0.22727272727272727
201566,Russell Westbrook,27.0,OKC,1444,341,0.296,2015-16,0.23614958448753462
201583,Ryan Anderson,28.0,NOP,929,358,0.366,2015-16,0.38536060279870826
200797,Ryan Hollins,31.0,MEM,79,0,0.0,2015-16,0.0
203527,Ryan Kelly,25.0,LAL,149,37,0.135,2015-16,0.2483221476510067
1626257,Salah Mejri,30.0,DAL,78,1,0.0,2015-16,0.01282051282051282
201619,Sasha Kaun,31.0,CLE,17,0,0.0,2015-16,0.0
2756,Sasha Vujacic,32.0,NYK,277,143,0.364,2015-16,0.516245487364621
203930,Sean Kilpatrick,26.0,BKN,270,114,0.342,2015-16,0.4222222222222222
201586,Serge Ibaka,26.0,OKC,869,184,0.326,2015-16,0.21173762945914845
203508,Sergey Karasev,22.0,BKN,74,37,0.297,2015-16,0.5
203552,Seth Curry,25.0,SAC,224,111,0.45,2015-16,0.4955357142857143
203498,Shabazz Muhammad,23.0,MIN,681,152,0.289,2015-16,0.22320117474302498
203894,Shabazz Napier,24.0,ORL,201,104,0.327,2015-16,0.5174129353233831
203499,Shane Larkin,23.0,BKN,502,108,0.361,2015-16,0.2151394422310757
2733,Shaun Livingston,30.0,GSW,379,12,0.167,2015-16,0.0316622691292876
203963,Shayne Whittington,25.0,IND,11,2,0.0,2015-16,0.18181818181818182
202714,Shelvin Mack,26.0,UTA,415,125,0.312,2015-16,0.30120481927710846
203524,Solomon Hill,25.0,IND,208,74,0.324,2015-16,0.3557692307692308
201603,Sonny Weems,29.0,PHX,110,41,0.366,2015-16,0.37272727272727274
203915,Spencer Dinwiddie,23.0,CHI,54,10,0.1,2015-16,0.18518518518518517
201150,Spencer Hawes,28.0,CHA,306,102,0.373,2015-16,0.3333333333333333
1626169,Stanley Johnson,20.0,DET,600,205,0.307,2015-16,0.3416666666666667
201939,Stephen Curry,28.0,GSW,1598,886,0.454,2015-16,0.5544430538172715
2581,Steve Blake,36.0,DET,240,151,0.344,2015-16,0.6291666666666667
200779,Steve Novak,33.0,MIL,18,15,0.467,2015-16,0.8333333333333334
203500,Steven Adams,22.0,OKC,426,0,0.0,2015-16,0.0
204456,T.J. McConnell,24.0,PHI,464,89,0.348,2015-16,0.19181034482758622
203933,T.J. Warren,22.0,PHX,441,70,0.4,2015-16,0.15873015873015872
201959,Taj Gibson,31.0,CHI,500,3,0.0,2015-16,0.006
204028,Tarik Black,24.0,LAL,104,0,0.0,2015-16,0.0
2419,Tayshaun Prince,36.0,MIN,229,23,0.174,2015-16,0.10043668122270742
203093,Terrence Jones,24.0,HOU,367,79,0.316,2015-16,0.21525885558583105
203082,Terrence Ross,25.0,TOR,626,339,0.386,2015-16,0.5415335463258786
1626179,Terry Rozier,22.0,BOS,106,27,0.222,2015-16,0.25471698113207547
200757,Thabo Sefolosha,32.0,ATL,371,123,0.341,2015-16,0.33153638814016173
201152,Thaddeus Young,28.0,BKN,963,30,0.233,2015-16,0.03115264797507788
203648,Thanasis Antetokounmpo,23.0,NYK,4,1,0.0,2015-16,0.25
203080,Thomas Robinson,25.0,BKN,291,1,0.0,2015-16,0.003436426116838488
201168,Tiago Splitter,31.0,ATL,155,2,0.0,2015-16,0.012903225806451613
202353,Tibor Pleiss,26.0,UTA,25,2,0.0,2015-16,0.08
1495,Tim Duncan,40.0,SAS,441,2,0.0,2015-16,0.0045351473922902496
204025,Tim Frazier,25.0,NOP,229,48,0.333,2015-16,0.2096069868995633
203501,Tim Hardaway Jr.,24.0,ATL,265,143,0.336,2015-16,0.539622641509434
202389,Timofey Mozgov,29.0,CLE,359,7,0.143,2015-16,0.019498607242339833
202699,Tobias Harris,23.0,DET,889,239,0.335,2015-16,0.2688413948256468
201962,Toney Douglas,30.0,NOP,445,203,0.399,2015-16,0.45617977528089887
2754,Tony Allen,34.0,MEM,469,42,0.357,2015-16,0.08955223880597014
2225,Tony Parker,34.0,SAS,710,65,0.415,2015-16,0.09154929577464789
203503,Tony Snell,24.0,CHI,339,155,0.361,2015-16,0.45722713864306785
203100,Tony Wroten,23.0,NYK,65,17,0.176,2015-16,0.26153846153846155
2772,Trevor Ariza,31.0,HOU,859,499,0.371,2015-16,0.580908032596042
202344,Trevor Booker,28.0,UTA,388,41,0.293,2015-16,0.1056701030927835
203504,Trey Burke,23.0,UTA,634,256,0.344,2015-16,0.4037854889589905
1626168,Trey Lyles,20.0,UTA,436,128,0.383,2015-16,0.29357798165137616
202684,Tristan Thompson,25.0,CLE,420,0,0.0,2015-16,0.0
203584,Troy Daniels,24.0,CHA,187,122,0.484,2015-16,0.6524064171122995
201951,Ty Lawson,28.0,IND,354,108,0.333,2015-16,0.3050847457627119
203898,Tyler Ennis,21.0,MIL,187,39,0.333,2015-16,0.20855614973262032
201946,Tyler Hansbrough,30.0,CHA,71,3,0.667,2015-16,0.04225352112676056
204020,Tyler Johnson,24.0,MIA,243,71,0.38,2015-16,0.29218106995884774
203092,Tyler Zeller,26.0,BOS,290,0,0.0,2015-16,0.0
201936,Tyreke Evans,26.0,NOP,314,85,0.388,2015-16,0.27070063694267515
2199,Tyson Chandler,33.0,PHX,314,1,0.0,2015-16,0.0031847133757961785
1626145,Tyus Jones,20.0,MIN,156,53,0.302,2015-16,0.33974358974358976
2617,Udonis Haslem,36.0,MIA,61,9,0.111,2015-16,0.14754098360655737
203506,Victor Oladipo,24.0,ORL,970,282,0.348,2015-16,0.2907216494845361
1713,Vince Carter,39.0,MEM,343,169,0.349,2015-16,0.49271137026239065
201961,Wayne Ellington,28.0,BKN,561,268,0.358,2015-16,0.47771836007130125
202325,Wesley Johnson,28.0,LAC,515,309,0.333,2015-16,0.6
202083,Wesley Matthews,29.0,DAL,854,525,0.36,2015-16,0.6147540983606558
203115,Will Barton,25.0,DEN,983,325,0.345,2015-16,0.3306205493387589
1626161,Willie Cauley-Stein,22.0,SAC,339,2,0.0,2015-16,0.0058997050147492625
203186,Willie Reed,26.0,BKN,133,0,0.0,2015-16,0.0
204098,Xavier Munford,24.0,MEM,77,23,0.391,2015-16,0.2987012987012987
203897,Zach LaVine,21.0,MIN,959,316,0.389,2015-16,0.3295099061522419
2216,Zach Randolph,34.0,MEM,907,26,0.231,2015-16,0.02866593164277839
2585,Zaza Pachulia,32.0,DAL,470,3,0.0,2015-16,0.006382978723404255
1627773,AJ Hammons,24.0,DAL,42,10,0.5,2016-17,0.23809523809523808
201166,Aaron Brooks,32.0,IND,300,128,0.375,2016-17,0.4266666666666667
203932,Aaron Gordon,21.0,ORL,865,267,0.288,2016-17,0.3086705202312139
1626151,Aaron Harrison,22.0,CHA,4,2,0.0,2016-17,0.5
203940,Adreian Payne,26.0,MIN,54,15,0.2,2016-17,0.2777777777777778
201143,Al Horford,31.0,BOS,801,242,0.355,2016-17,0.3021223470661673
2744,Al Jefferson,32.0,IND,471,1,0.0,2016-17,0.0021231422505307855
202329,Al-Farouq Aminu,26.0,POR,466,212,0.33,2016-17,0.45493562231759654
101187,Alan Anderson,34.0,LAC,80,44,0.318,2016-17,0.55
1626210,Alan Williams,24.0,PHX,267,1,0.0,2016-17,0.003745318352059925
202692,Alec Burks,25.0,UTA,248,76,0.329,2016-17,0.3064516129032258
203518,Alex Abrines,23.0,OKC,341,247,0.381,2016-17,0.7243401759530792
203458,Alex Len,24.0,PHX,463,12,0.25,2016-17,0.02591792656587473
1627816,Alex Poythress,23.0,PHI,54,19,0.316,2016-17,0.35185185185185186
201582,Alexis Ajinca,29.0,NOP,178,4,0.0,2016-17,0.02247191011235955
203459,Allen Crabbe,25.0,POR,647,302,0.444,2016-17,0.4667697063369397
202087,Alonzo Gee,30.0,DEN,14,3,0.0,2016-17,0.21428571428571427
101161,Amir Johnson,30.0,BOS,370,66,0.409,2016-17,0.1783783783783784
2760,Anderson Varejao,34.0,GSW,14,0,0.0,2016-17,0.0
203083,Andre Drummond,23.0,DET,911,7,0.286,2016-17,0.007683863885839737
2738,Andre Iguodala,33.0,GSW,415,177,0.362,2016-17,0.42650602409638555
203460,Andre Roberson,25.0,OKC,463,184,0.245,2016-17,0.39740820734341253
101106,Andrew Bogut,32.0,CLE,81,1,0.0,2016-17,0.012345679012345678
1626150,Andrew Harrison,22.0,MEM,360,156,0.276,2016-17,0.43333333333333335
203094,Andrew Nicholson,27.0,BKN,111,27,0.185,2016-17,0.24324324324324326
203952,Andrew Wiggins,22.0,MIN,1570,289,0.356,2016-17,0.1840764331210191
203461,Anthony Bennett,24.0,BKN,92,48,0.271,2016-17,0.5217391304347826
1626148,Anthony Brown,24.0,ORL,50,27,0.259,2016-17,0.54
203076,Anthony Davis,24.0,NOP,1526,134,0.299,2016-17,0.08781127129750983
201627,Anthony Morrow,31.0,CHI,252,133,0.308,2016-17,0.5277777777777778
201229,Anthony Tolliver,32.0,SAC,351,230,0.391,2016-17,0.6552706552706553
203462,Archie Goodwin,22.0,BKN,66,15,0.333,2016-17,0.22727272727272727
202620,Arinze Onuaku,29.0,ORL,4,0,0.0,2016-17,0.0
203382,Aron Baynes,30.0,DET,279,0,0.0,2016-17,0.0
201167,Arron Afflalo,31.0,SAC,420,151,0.411,2016-17,0.3595238095238095
203085,Austin Rivers,24.0,LAC,731,299,0.371,2016-17,0.40902872777017785
202340,Avery Bradley,26.0,BOS,775,277,0.39,2016-17,0.3574193548387097
1626253,Axel Toupane,24.0,NOP,9,4,0.25,2016-17,0.4444444444444444
1627791,Ben Bentil,22.0,DAL,3,1,0.0,2016-17,0.3333333333333333
203463,Ben McLemore,24.0,SAC,419,170,0.382,2016-17,0.40572792362768495
2757,Beno Udrih,34.0,DET,197,32,0.344,2016-17,0.16243654822335024
202687,Bismack Biyombo,24.0,ORL,339,0,0.0,2016-17,0.0
201933,Blake Griffin,28.0,LAC,971,113,0.336,2016-17,0.11637487126673532
1626246,Boban Marjanovic,28.0,DET,132,0,0.0,2016-17,0.0
201628,Bobby Brown,32.0,HOU,60,35,0.4,2016-17,0.5833333333333334
1626171,Bobby Portis,22.0,CHI,375,96,0.333,2016-17,0.256
202711,Bojan Bogdanovic,28.0,WAS,845,392,0.367,2016-17,0.463905325443787
2564,Boris Diaw,35.0,UTA,327,81,0.247,2016-17,0.24770642201834864
203078,Bradley Beal,24.0,WAS,1322,552,0.404,2016-17,0.4175491679273828
201148,Brandan Wright,29.0,MEM,135,1,0.0,2016-17,0.007407407407407408
101138,Brandon Bass,32.0,LAC,186,3,0.333,2016-17,0.016129032258064516
1627742,Brandon Ingram,19.0,LAL,686,187,0.294,2016-17,0.2725947521865889
201943,Brandon Jennings,27.0,WAS,535,252,0.313,2016-17,0.47102803738317756
202688,Brandon Knight,25.0,PHX,525,139,0.324,2016-17,0.26476190476190475
201575,Brandon Rush,31.0,MIN,187,114,0.386,2016-17,0.6096256684491979
203148,Brian Roberts,31.0,CHA,122,44,0.386,2016-17,0.36065573770491804
1627362,Briante Weber,24.0,CHA,60,10,0.1,2016-17,0.16666666666666666
1627744,Brice Johnson,23.0,LAC,7,0,0.0,2016-17,0.0
201572,Brook Lopez,29.0,BKN,1172,387,0.346,2016-17,0.3302047781569966
203998,Bruno Caboclo,21.0,TOR,16,6,0.333,2016-17,0.375
1627854,Bryn Forbes,23.0,SAS,99,53,0.321,2016-17,0.5353535353535354
1627741,Buddy Hield,24.0,SAC,767,379,0.391,2016-17,0.4941329856584094
201228,C.J. Watson,33.0,ORL,248,105,0.305,2016-17,0.42338709677419356
203912,C.J. Wilcox,26.0,ORL,31,15,0.2,2016-17,0.4838709677419355
203468,CJ McCollum,25.0,POR,1441,439,0.421,2016-17,0.3046495489243581
101139,CJ Miles,30.0,IND,647,409,0.413,2016-17,0.6321483771251932
1626166,Cameron Payne,22.0,CHI,193,86,0.314,2016-17,0.44559585492227977
1627747,Caris LeVert,22.0,BKN,380,184,0.321,2016-17,0.4842105263157895
2546,Carmelo Anthony,33.0,NYK,1389,421,0.359,2016-17,0.30309575233981284
202718,Chandler Parsons,28.0,MEM,222,93,0.269,2016-17,0.4189189189189189
101112,Channing Frye,34.0,CLE,520,335,0.409,2016-17,0.6442307692307693
1626184,Chasson Randle,24.0,NYK,98,47,0.34,2016-17,0.47959183673469385
1627767,Cheick Diallo,20.0,NOP,76,0,0.0,2016-17,0.0
1627778,Chinanu Onuaku,20.0,HOU,7,0,0.0,2016-17,0.0
2365,Chris Andersen,38.0,CLE,22,3,0.0,2016-17,0.13636363636363635
1626191,Chris McCullough,22.0,WAS,32,7,0.143,2016-17,0.21875
101108,Chris Paul,32.0,LAC,785,302,0.411,2016-17,0.38471337579617837
1626174,Christian Wood,21.0,CHA,23,5,0.0,2016-17,0.21739130434782608
203991,Clint Capela,23.0,HOU,563,0,0.0,2016-17,0.0
203469,Cody Zeller,24.0,CHA,443,1,0.0,2016-17,0.002257336343115124
202332,Cole Aldrich,28.0,MIN,86,0,0.0,2016-17,0.0
201147,Corey Brewer,31.0,LAL,348,118,0.229,2016-17,0.3390804597701149
202709,Cory Joseph,25.0,TOR,661,135,0.356,2016-17,0.2042360060514372
201584,Courtney Lee,31.0,NYK,704,269,0.401,2016-17,0.3821022727272727
1626245,Cristiano Felicio,24.0,CHI,221,0,0.0,2016-17,0.0
1626156,D'Angelo Russell,21.0,LAL,867,384,0.352,2016-17,0.4429065743944637
201571,D.J. Augustin,29.0,ORL,517,274,0.347,2016-17,0.5299806576402321
2563,Dahntay Jones,36.0,CLE,8,2,0.0,2016-17,0.25
1627745,Damian Jones,22.0,GSW,16,0,0.0,2016-17,0.0
203081,Damian Lillard,26.0,POR,1488,579,0.37,2016-17,0.38911290322580644
204014,Damjan Rudez,31.0,ORL,88,64,0.313,2016-17,0.7272727272727273
1627849,Daniel Ochefu,23.0,WAS,27,0,0.0,2016-17,0.0
201568,Danilo Gallinari,28.0,DEN,750,324,0.389,2016-17,0.432
201980,Danny Green,30.0,SAS,449,311,0.379,2016-17,0.6926503340757239
201967,Dante Cunningham,30.0,NOP,359,181,0.392,2016-17,0.5041782729805014
203957,Dante Exum,21.0,UTA,363,149,0.295,2016-17,0.41046831955922863
203967,Dario Saric,23.0,PHI,927,341,0.311,2016-17,0.36785329018338725
201589,Darrell Arthur,29.0,DEN,215,117,0.453,2016-17,0.5441860465116279
201954,Darren Collison,29.0,SAC,714,175,0.417,2016-17,0.24509803921568626
1626199,Darrun Hilliard,24.0,DET,126,46,0.261,2016-17,0.36507936507936506
101135,David Lee,34.0,SAS,420,0,0.0,2016-17,0.0
1628021,David Nwaba,24.0,LAL,81,5,0.2,2016-17,0.06172839506172839
2561,David West,36.0,GSW,252,8,0.375,2016-17,0.031746031746031744
202722,Davis Bertans,24.0,SAS,234,173,0.399,2016-17,0.7393162393162394
201599,DeAndre Jordan,28.0,LAC,577,2,0.0,2016-17,0.0034662045060658577
202732,DeAndre Liggins,29.0,DAL,142,46,0.37,2016-17,0.323943661971831
1627761,DeAndre' Bembry,22.0,ATL,98,18,0.056,2016-17,0.1836734693877551
201942,DeMar DeRozan,27.0,TOR,1545,124,0.266,2016-17,0.08025889967637541
202326,DeMarcus Cousins,26.0,NOP,1432,363,0.361,2016-17,0.2534916201117318
201960,DeMarre Carroll,30.0,TOR,550,320,0.341,2016-17,0.5818181818181818
1627749,Dejounte Murray,20.0,SAS,116,23,0.391,2016-17,0.19827586206896552
1626153,Delon Wright,25.0,TOR,116,30,0.333,2016-17,0.25862068965517243
1627743,Demetrius Jackson,22.0,BOS,4,1,1.0,2016-17,0.25
203471,Dennis Schröder,23.0,ATL,1214,294,0.34,2016-17,0.24217462932454695
1627756,Denzel Valentine,23.0,CHI,288,208,0.351,2016-17,0.7222222222222222
101114,Deron Williams,33.0,CLE,600,234,0.363,2016-17,0.39
202324,Derrick Favors,25.0,UTA,417,10,0.3,2016-17,0.023980815347721823
1627884,Derrick Jones Jr.,20.0,PHX,121,11,0.273,2016-17,0.09090909090909091
201565,Derrick Rose,28.0,NYK,977,60,0.217,2016-17,0.06141248720573183
202682,Derrick Williams,26.0,CLE,244,97,0.309,2016-17,0.3975409836065574
1626164,Devin Booker,20.0,PHX,1431,405,0.363,2016-17,0.2830188679245283
2734,Devin Harris,34.0,DAL,341,177,0.328,2016-17,0.5190615835777126
203473,Dewayne Dedmon,27.0,SAS,259,0,0.0,2016-17,0.0
1627738,Deyonta Davis,20.0,MEM,47,0,0.0,2016-17,0.0
1627754,Diamond Stone,20.0,LAC,13,0,0.0,2016-17,0.0
203079,Dion Waiters,25.0,MIA,663,215,0.395,2016-17,0.32428355957767724
1717,Dirk Nowitzki,39.0,DAL,678,209,0.378,2016-17,0.308259587020649
1627734,Domantas Sabonis,21.0,OKC,481,159,0.321,2016-17,0.3305613305613306
202700,Donatas Motiejunas,26.0,NOP,138,47,0.234,2016-17,0.34057971014492755
1627827,Dorian Finney-Smith,24.0,DAL,333,191,0.293,2016-17,0.5735735735735735
203926,Doug McDermott,25.0,OKC,497,208,0.37,2016-17,0.41851106639839036
1627733,Dragan Bender,19.0,PHX,161,101,0.277,2016-17,0.6273291925465838
203110,Draymond Green,27.0,GSW,650,263,0.308,2016-17,0.4046153846153846
2730,Dwight Howard,31.0,ATL,613,2,0.0,2016-17,0.0032626427406199023
203939,Dwight Powell,25.0,DAL,377,74,0.284,2016-17,0.1962864721485411
2548,Dwyane Wade,35.0,CHI,955,145,0.31,2016-17,0.1518324607329843
202734,E'Twaun Moore,28.0,NOP,619,208,0.37,2016-17,0.3360258481421648
202334,Ed Davis,28.0,POR,142,0,0.0,2016-17,0.0
204002,Edy Tavares,25.0,CLE,5,0,0.0,2016-17,0.0
203901,Elfrid Payton,23.0,ORL,912,146,0.274,2016-17,0.1600877192982456
202407,Elijah Millsap,29.0,PHX,7,2,0.0,2016-17,0.2857142857142857
1626144,Emmanuel Mudiay,21.0,DEN,551,178,0.315,2016-17,0.32304900181488205
202683,Enes Freedom,25.0,OKC,737,38,0.132,2016-17,0.051560379918588875
202339,Eric Bledsoe,27.0,PHX,1034,310,0.335,2016-17,0.29980657640232106
201569,Eric Gordon,28.0,HOU,1016,661,0.372,2016-17,0.6505905511811023
101141,Ersan Ilyasova,30.0,ATL,890,402,0.353,2016-17,0.451685393258427
203095,Evan Fournier,24.0,ORL,930,360,0.356,2016-17,0.3870967741935484
202323,Evan Turner,28.0,POR,552,118,0.263,2016-17,0.213768115942029
1626163,Frank Kaminsky,24.0,CHA,802,354,0.328,2016-17,0.44139650872817954
1627832,Fred VanVleet,23.0,TOR,111,29,0.379,2016-17,0.26126126126126126
202066,Garrett Temple,31.0,SAC,432,220,0.373,2016-17,0.5092592592592593
203914,Gary Harris,22.0,DEN,637,255,0.42,2016-17,0.4003139717425432
202390,Gary Neal,32.0,ATL,7,2,0.0,2016-17,0.2857142857142857
1627780,Gary Payton II,24.0,MIL,22,9,0.111,2016-17,0.4090909090909091
201588,George Hill,31.0,UTA,606,233,0.403,2016-17,0.3844884488448845
1627777,Georges Niang,24.0,IND,36,12,0.083,2016-17,0.3333333333333333
1627834,Georgios Papagiannis,19.0,SAC,102,2,0.0,2016-17,0.0196078431372549
101123,Gerald Green,31.0,BOS,232,111,0.351,2016-17,0.47844827586206895
201945,Gerald Henderson,29.0,PHI,553,173,0.353,2016-17,0.3128390596745027
203507,Giannis Antetokounmpo,22.0,MIL,1259,180,0.272,2016-17,0.14297061159650518
203922,Glenn Robinson III,23.0,IND,338,125,0.392,2016-17,0.3698224852071006
201609,Goran Dragic,31.0,MIA,1124,289,0.405,2016-17,0.2571174377224199
202330,Gordon Hayward,27.0,UTA,1156,374,0.398,2016-17,0.3235294117647059
203476,Gorgui Dieng,27.0,MIN,661,43,0.372,2016-17,0.06505295007564296
202328,Greg Monroe,27.0,MIL,726,4,0.0,2016-17,0.005509641873278237
202349,Greivis Vasquez,30.0,BKN,8,3,0.333,2016-17,0.375
203084,Harrison Barnes,25.0,DAL,1280,222,0.351,2016-17,0.1734375
202355,Hassan Whiteside,28.0,MIA,973,0,0.0,2016-17,0.0
1627740,Henry Ellenson,20.0,DET,64,35,0.286,2016-17,0.546875
203138,Hollis Thompson,26.0,NOP,200,95,0.337,2016-17,0.475
203546,Ian Clark,26.0,GSW,433,163,0.374,2016-17,0.37644341801385683
101133,Ian Mahinmi,30.0,WAS,111,0,0.0,2016-17,0.0
202697,Iman Shumpert,27.0,CLE,489,261,0.36,2016-17,0.5337423312883436
203477,Isaiah Canaan,26.0,CHI,173,94,0.266,2016-17,0.5433526011560693
1627819,Isaiah Taylor,22.0,HOU,7,2,0.0,2016-17,0.2857142857142857
202738,Isaiah Thomas,28.0,BOS,1473,646,0.379,2016-17,0.43856076035302105
1627785,Isaiah Whitehead,22.0,BKN,508,149,0.295,2016-17,0.2933070866141732
202397,Ish Smith,28.0,DET,749,105,0.267,2016-17,0.14018691588785046
1627826,Ivica Zubac,20.0,LAL,238,3,0.0,2016-17,0.012605042016806723
200826,J.J. Barea,33.0,DAL,343,148,0.358,2016-17,0.4314868804664723
200755,JJ Redick,33.0,LAC,890,468,0.429,2016-17,0.5258426966292135
2747,JR Smith,31.0,CLE,356,271,0.351,2016-17,0.7612359550561798
203210,JaMychal Green,27.0,MEM,500,145,0.379,2016-17,0.29
201580,JaVale McGee,29.0,GSW,319,3,0.0,2016-17,0.009404388714733543
203953,Jabari Parker,22.0,MIL,814,178,0.365,2016-17,0.21867321867321868
203109,Jae Crowder,26.0,BOS,720,394,0.398,2016-17,0.5472222222222223
1626143,Jahlil Okafor,21.0,PHI,471,0,0.0,2016-17,0.0
1627774,Jake Layman,23.0,POR,89,51,0.255,2016-17,0.5730337078651685
1627751,Jakob Poeltl,21.0,TOR,115,0,0.0,2016-17,0.0
2037,Jamal Crawford,37.0,LAC,870,322,0.36,2016-17,0.3701149425287356
1627750,Jamal Murray,20.0,DEN,730,344,0.334,2016-17,0.4712328767123288
2749,Jameer Nelson,35.0,DEN,604,273,0.388,2016-17,0.4519867549668874
203516,James Ennis III,26.0,MEM,321,137,0.372,2016-17,0.42679127725856697
201935,James Harden,27.0,HOU,1533,756,0.347,2016-17,0.4931506849315068
201949,James Johnson,30.0,MIA,769,256,0.34,2016-17,0.3328998699609883
2592,James Jones,36.0,CLE,92,66,0.47,2016-17,0.717391304347826
203949,James Michael McAdoo,24.0,GSW,117,8,0.25,2016-17,0.06837606837606838
203923,James Young,21.0,BOS,58,35,0.343,2016-17,0.603448275862069
201162,Jared Dudley,31.0,PHX,346,203,0.379,2016-17,0.5867052023121387
203096,Jared Sullinger,25.0,TOR,47,18,0.167,2016-17,0.3829787234042553
204067,Jarell Eddie,25.0,PHX,19,16,0.25,2016-17,0.8421052631578947
1626185,Jarell Martin,23.0,MEM,151,25,0.36,2016-17,0.16556291390728478
203950,Jarnell Stokes,23.0,DEN,1,0,0.0,2016-17,0.0
101127,Jarrett Jack,33.0,NOP,3,1,0.0,2016-17,0.3333333333333333
1627784,Jarrod Uthoff,24.0,DAL,38,9,0.333,2016-17,0.23684210526315788
201160,Jason Smith,31.0,WAS,329,78,0.474,2016-17,0.23708206686930092
1891,Jason Terry,39.0,MIL,243,171,0.427,2016-17,0.7037037037037037
1627759,Jaylen Brown,20.0,BOS,422,134,0.343,2016-17,0.3175355450236967
201145,Jeff Green,30.0,ORL,558,193,0.275,2016-17,0.34587813620071683
201952,Jeff Teague,29.0,IND,909,252,0.357,2016-17,0.27722772277227725
203481,Jeff Withey,27.0,UTA,103,1,0.0,2016-17,0.009708737864077669
203924,Jerami Grant,23.0,OKC,328,116,0.371,2016-17,0.35365853658536583
203087,Jeremy Lamb,25.0,CHA,491,146,0.281,2016-17,0.2973523421588595
202391,Jeremy Lin,28.0,BKN,400,156,0.372,2016-17,0.39
1626170,Jerian Grant,24.0,CHI,301,134,0.366,2016-17,0.44518272425249167
201573,Jerryd Bayless,28.0,PHI,32,5,0.4,2016-17,0.15625
202710,Jimmy Butler III,27.0,CHI,1252,248,0.367,2016-17,0.19808306709265175
201149,Joakim Noah,32.0,NYK,202,1,0.0,2016-17,0.0049504950495049506
201975,Jodie Meeks,29.0,ORL,256,137,0.409,2016-17,0.53515625
203925,Joe Harris,25.0,BKN,362,221,0.385,2016-17,0.6104972375690608
204060,Joe Ingles,29.0,UTA,451,279,0.441,2016-17,0.6186252771618626
2207,Joe Johnson,36.0,UTA,626,258,0.411,2016-17,0.41214057507987223
1626202,Joe Young,25.0,IND,72,23,0.217,2016-17,0.3194444444444444
201202,Joel Anthony,34.0,SAS,16,0,0.0,2016-17,0.0
1627762,Joel Bolomboy,23.0,UTA,16,4,0.25,2016-17,0.25
203954,Joel Embiid,23.0,PHI,429,98,0.367,2016-17,0.22843822843822845
203530,Joffrey Lauvergne,25.0,CHI,336,98,0.337,2016-17,0.2916666666666667
203089,John Henson,26.0,MIL,309,1,0.0,2016-17,0.003236245954692557
203098,John Jenkins,26.0,PHX,5,2,0.5,2016-17,0.4
101249,John Lucas III,34.0,MIN,4,1,0.0,2016-17,0.25
202322,John Wall,26.0,WAS,1435,272,0.327,2016-17,0.18954703832752615
203948,Johnny O'Bryant III,24.0,CHA,30,6,0.5,2016-17,0.2
202720,Jon Leuer,28.0,DET,646,167,0.293,2016-17,0.2585139318885449
201973,Jonas Jerebko,30.0,BOS,262,130,0.346,2016-17,0.4961832061068702
202685,Jonas Valančiūnas,25.0,TOR,702,2,0.5,2016-17,0.002849002849002849
1626780,Jonathan Gibson,29.0,DAL,95,45,0.333,2016-17,0.47368421052631576
203613,Jonathon Simmons,27.0,SAS,421,102,0.294,2016-17,0.24228028503562946
203903,Jordan Clarkson,25.0,LAL,1071,356,0.329,2016-17,0.33239962651727356
202348,Jordan Crawford,28.0,NOP,218,95,0.389,2016-17,0.43577981651376146
200770,Jordan Farmar,30.0,SAC,12,9,0.444,2016-17,0.75
201941,Jordan Hill,29.0,MIN,13,0,0.0,2016-17,0.0
203895,Jordan McRae,26.0,CLE,150,51,0.353,2016-17,0.34
1626175,Jordan Mickey,22.0,BOS,34,1,0.0,2016-17,0.029411764705882353
101181,Jose Calderon,35.0,ATL,134,64,0.313,2016-17,0.47761194029850745
203962,Josh Huestis,25.0,OKC,11,4,0.5,2016-17,0.36363636363636365
201177,Josh McRoberts,30.0,MIA,118,31,0.419,2016-17,0.2627118644067797
1626196,Josh Richardson,23.0,MIA,513,227,0.33,2016-17,0.442495126705653
201950,Jrue Holiday,27.0,NOP,893,281,0.356,2016-17,0.3146696528555431
1627823,Juancho Hernangomez,21.0,DEN,224,113,0.407,2016-17,0.5044642857142857
203944,Julius Randle,22.0,LAL,773,63,0.27,2016-17,0.0815006468305304
1626147,Justin Anderson,23.0,PHI,439,194,0.299,2016-17,0.4419134396355353
203120,Justin Hamilton,27.0,BKN,379,180,0.306,2016-17,0.47493403693931396
202712,Justin Harper,27.0,PHI,12,7,0.286,2016-17,0.5833333333333334
203200,Justin Holiday,28.0,NYK,538,273,0.355,2016-17,0.5074349442379182
1626159,Justise Winslow,21.0,MIA,225,35,0.2,2016-17,0.15555555555555556
203994,Jusuf Nurkić,22.0,POR,534,1,0.0,2016-17,0.0018726591760299626
203909,KJ McDaniels,24.0,BKN,169,66,0.303,2016-17,0.3905325443786982
1626157,Karl-Anthony Towns,21.0,MIN,1480,275,0.367,2016-17,0.1858108108108108
202695,Kawhi Leonard,26.0,SAS,1312,387,0.38,2016-17,0.29496951219512196
1627770,Kay Felder,22.0,CLE,158,22,0.318,2016-17,0.13924050632911392
203482,Kelly Olynyk,26.0,BOS,508,192,0.354,2016-17,0.3779527559055118
1626162,Kelly Oubre Jr.,21.0,WAS,442,188,0.287,2016-17,0.4253393665158371
202689,Kemba Walker,27.0,CHA,1449,602,0.399,2016-17,0.41545893719806765
202702,Kenneth Faried,27.0,DEN,416,6,0.0,2016-17,0.014423076923076924
203145,Kent Bazemore,27.0,ATL,721,266,0.346,2016-17,0.36893203883495146
203484,Kentavious Caldwell-Pope,24.0,DET,928,437,0.35,2016-17,0.4709051724137931
201142,Kevin Durant,28.0,GSW,1026,312,0.375,2016-17,0.30409356725146197
201567,Kevin Love,28.0,CLE,867,389,0.373,2016-17,0.4486735870818916
202338,Kevin Seraphin,27.0,IND,198,2,0.0,2016-17,0.010101010101010102
1626172,Kevon Looney,21.0,GSW,107,9,0.222,2016-17,0.08411214953271028
203114,Khris Middleton,25.0,MIL,333,104,0.433,2016-17,0.3123123123123123
202691,Klay Thompson,27.0,GSW,1376,647,0.414,2016-17,0.470203488372093
201585,Kosta Koufos,28.0,SAC,392,1,0.0,2016-17,0.002551020408163265
1627739,Kris Dunn,23.0,MIN,313,73,0.288,2016-17,0.23322683706070288
2743,Kris Humphries,32.0,ATL,214,54,0.352,2016-17,0.2523364485981308
204001,Kristaps Porziņģis,21.0,NYK,985,314,0.357,2016-17,0.3187817258883249
203937,Kyle Anderson,23.0,SAS,209,40,0.375,2016-17,0.19138755980861244
2594,Kyle Korver,36.0,CLE,515,359,0.451,2016-17,0.6970873786407767
200768,Kyle Lowry,31.0,TOR,918,468,0.412,2016-17,0.5098039215686274
203124,Kyle O'Quinn,27.0,NYK,413,17,0.118,2016-17,0.04116222760290557
202713,Kyle Singler,29.0,OKC,83,37,0.189,2016-17,0.4457831325301205
1627787,Kyle Wiltjer,24.0,HOU,14,13,0.308,2016-17,0.9285714285714286
202681,Kyrie Irving,25.0,CLE,1420,441,0.401,2016-17,0.3105633802816901
200746,LaMarcus Aldridge,31.0,SAS,1049,56,0.411,2016-17,0.05338417540514776
203934,Lamar Patterson,25.0,ATL,15,6,0.167,2016-17,0.4
202362,Lance Stephenson,26.0,IND,120,20,0.3,2016-17,0.16666666666666666
202498,Lance Thomas,29.0,NYK,244,85,0.447,2016-17,0.3483606557377049
204038,Langston Galloway,25.0,SAC,545,308,0.39,2016-17,0.5651376146788991
1626204,Larry Nance Jr.,24.0,LAL,361,36,0.278,2016-17,0.0997229916897507
202336,Larry Sanders,28.0,CLE,4,0,0.0,2016-17,0.0
202730,Lavoy Allen,28.0,IND,168,1,0.0,2016-17,0.005952380952380952
2544,LeBron James,32.0,CLE,1344,342,0.363,2016-17,0.2544642857142857
2571,Leandro Barbosa,34.0,PHX,392,98,0.357,2016-17,0.25
101150,Lou Williams,30.0,HOU,998,446,0.365,2016-17,0.4468937875751503
201601,Luc Mbah a Moute,30.0,LAC,378,110,0.391,2016-17,0.291005291005291
203512,Lucas Nogueira,24.0,TOR,156,12,0.25,2016-17,0.07692307692307693
2449,Luis Scola,37.0,BKN,151,50,0.34,2016-17,0.33112582781456956
202337,Luke Babbitt,28.0,MIA,281,210,0.414,2016-17,0.7473309608540926
2736,Luol Deng,32.0,LAL,424,165,0.309,2016-17,0.3891509433962264
1627781,Malachi Richardson,21.0,SAC,68,28,0.286,2016-17,0.4117647058823529
1627763,Malcolm Brogdon,24.0,MIL,635,193,0.404,2016-17,0.30393700787401573
1627098,Malcolm Delaney,28.0,ATL,388,110,0.236,2016-17,0.28350515463917525
1627736,Malik Beasley,20.0,DEN,73,28,0.321,2016-17,0.3835616438356164
202412,Manny Harris,27.0,DAL,15,2,0.0,2016-17,0.13333333333333333
1938,Manu Ginobili,39.0,SAS,439,227,0.392,2016-17,0.5170842824601367
201188,Marc Gasol,32.0,MEM,1160,268,0.388,2016-17,0.23103448275862068
1626273,Marcelo Huertas,34.0,LAL,68,19,0.211,2016-17,0.27941176470588236
101162,Marcin Gortat,33.0,WAS,674,2,0.0,2016-17,0.002967359050445104
201158,Marco Belinelli,31.0,CHA,615,283,0.36,2016-17,0.46016260162601624
1627875,Marcus Georges-Hunt,23.0,ORL,7,2,0.5,2016-17,0.2857142857142857
202694,Marcus Morris Sr.,27.0,DET,1007,357,0.331,2016-17,0.3545183714001986
203935,Marcus Smart,23.0,BOS,749,332,0.283,2016-17,0.4432576769025367
201977,Marcus Thornton,30.0,WAS,210,80,0.35,2016-17,0.38095238095238093
1626209,Mario Hezonja,22.0,ORL,330,144,0.299,2016-17,0.43636363636363634
202693,Markieff Morris,27.0,WAS,889,196,0.362,2016-17,0.2204724409448819
1627737,Marquese Chriss,19.0,PHX,632,224,0.321,2016-17,0.35443037974683544
201578,Marreese Speights,29.0,LAC,548,277,0.372,2016-17,0.5054744525547445
1627850,Marshall Plumlee,24.0,NYK,30,0,0.0,2016-17,0.0
101107,Marvin Williams,31.0,CHA,704,354,0.35,2016-17,0.5028409090909091
203486,Mason Plumlee,27.0,DEN,623,6,0.0,2016-17,0.009630818619582664
2440,Matt Barnes,37.0,GSW,473,263,0.331,2016-17,0.5560253699788583
203521,Matthew Dellavedova,26.0,MIL,534,215,0.367,2016-17,0.40262172284644193
203090,Maurice Harkless,24.0,POR,624,194,0.351,2016-17,0.3108974358974359
1626254,Maurice Ndour,25.0,NYK,86,7,0.143,2016-17,0.08139534883720931
1897,Metta World Peace,37.0,LAL,68,38,0.237,2016-17,0.5588235294117647
203086,Meyers Leonard,25.0,POR,378,213,0.347,2016-17,0.5634920634920635
201563,Michael Beasley,28.0,MIL,406,43,0.419,2016-17,0.10591133004926108
203487,Michael Carter-Williams,25.0,CHI,306,64,0.234,2016-17,0.20915032679738563
1627771,Michael Gbinije,25.0,DET,10,4,0.0,2016-17,0.4
203077,Michael Kidd-Gilchrist,23.0,CHA,618,9,0.111,2016-17,0.014563106796116505
201144,Mike Conley,29.0,MEM,1009,419,0.408,2016-17,0.41526263627353815
2399,Mike Dunleavy,36.0,ATL,220,134,0.396,2016-17,0.6090909090909091
2034,Mike Miller,37.0,DEN,23,20,0.4,2016-17,0.8695652173913043
203488,Mike Muscala,25.0,ATL,337,110,0.418,2016-17,0.3264094955489614
203118,Mike Scott,28.0,ATL,59,27,0.148,2016-17,0.4576271186440678
1627861,Mike Tobey,22.0,CHA,4,0,0.0,2016-17,0.0
203101,Miles Plumlee,28.0,CHA,92,0,0.0,2016-17,0.0
1627851,Mindaugas Kuzminskas,27.0,NYK,369,168,0.321,2016-17,0.45528455284552843
203141,Mirza Teletovic,31.0,MIL,418,305,0.341,2016-17,0.7296650717703349
101145,Monta Ellis,31.0,IND,557,135,0.319,2016-17,0.24236983842010773
1626149,Montrezl Harrell,23.0,HOU,345,7,0.143,2016-17,0.020289855072463767
1626167,Myles Turner,21.0,IND,869,115,0.348,2016-17,0.1323360184119678
202357,Nemanja Bjelica,29.0,MIN,356,177,0.316,2016-17,0.49719101123595505
2403,Nene,34.0,HOU,397,9,0.333,2016-17,0.022670025188916875
203457,Nerlens Noel,23.0,DAL,309,1,0.0,2016-17,0.003236245954692557
2555,Nick Collison,36.0,OKC,23,1,0.0,2016-17,0.043478260869565216
201156,Nick Young,32.0,LAL,633,421,0.404,2016-17,0.665086887835703
201587,Nicolas Batum,28.0,CHA,975,405,0.333,2016-17,0.4153846153846154
1627852,Nicolas Brussino,24.0,DAL,141,95,0.305,2016-17,0.6737588652482269
1627879,Nicolas Laprovittola,27.0,SAS,47,27,0.37,2016-17,0.574468085106383
203917,Nik Stauskas,23.0,PHI,634,359,0.368,2016-17,0.5662460567823344
203999,Nikola Jokić,22.0,DEN,854,139,0.324,2016-17,0.16276346604215455
202703,Nikola Mirotic,26.0,CHI,625,377,0.342,2016-17,0.6032
202696,Nikola Vučević,26.0,ORL,1031,75,0.307,2016-17,0.07274490785645005
203943,Noah Vonleh,21.0,POR,270,20,0.35,2016-17,0.07407407407407407
1626181,Norman Powell,24.0,TOR,506,173,0.324,2016-17,0.34189723320158105
202708,Norris Cole,28.0,OKC,52,13,0.231,2016-17,0.25
1627855,Okaro White,24.0,MIA,87,34,0.353,2016-17,0.39080459770114945
201600,Omer Asik,30.0,NOP,65,0,0.0,2016-17,0.0
201956,Omri Casspi,29.0,MIN,164,43,0.349,2016-17,0.2621951219512195
203490,Otto Porter Jr.,24.0,WAS,803,341,0.434,2016-17,0.4246575342465753
200782,P.J. Tucker,32.0,TOR,482,196,0.357,2016-17,0.4066390041493776
1627783,Pascal Siakam,23.0,TOR,205,7,0.143,2016-17,0.03414634146341464
1626192,Pat Connaughton,24.0,POR,72,33,0.515,2016-17,0.4583333333333333
1627868,Patricio Garino,24.0,ORL,7,5,0.0,2016-17,0.7142857142857143
201976,Patrick Beverley,28.0,HOU,543,288,0.382,2016-17,0.5303867403314917
1627775,Patrick McCaw,21.0,GSW,245,123,0.333,2016-17,0.5020408163265306
202335,Patrick Patterson,28.0,TOR,384,253,0.372,2016-17,0.6588541666666666
201988,Patty Mills,28.0,SAS,621,355,0.414,2016-17,0.571658615136876
2200,Pau Gasol,36.0,SAS,604,104,0.538,2016-17,0.17218543046357615
202331,Paul George,27.0,IND,1348,496,0.393,2016-17,0.36795252225519287
200794,Paul Millsap,32.0,ATL,972,241,0.311,2016-17,0.24794238683127573
1718,Paul Pierce,39.0,LAC,70,43,0.349,2016-17,0.6142857142857143
1627835,Paul Zipser,23.0,CHI,221,99,0.333,2016-17,0.4479638009049774
203510,Pierre Jackson,25.0,DAL,39,11,0.273,2016-17,0.28205128205128205
203112,Quincy Acy,26.0,BKN,170,90,0.411,2016-17,0.5294117647058824
1626188,Quinn Cook,24.0,NOP,66,26,0.423,2016-17,0.3939393939393939
1626154,RJ Hunter,23.0,CHI,1,1,0.0,2016-17,1.0
200765,Rajon Rondo,31.0,CHI,561,133,0.376,2016-17,0.23707664884135474
1626176,Rakeem Christmas,25.0,IND,43,0,0.0,2016-17,0.0
201196,Ramon Sessions,31.0,CHA,263,62,0.339,2016-17,0.23574144486692014
200751,Randy Foye,33.0,BKN,325,203,0.33,2016-17,0.6246153846153846
1626173,Rashad Vaughn,20.0,MIL,156,81,0.321,2016-17,0.5192307692307693
203526,Raul Neto,25.0,UTA,91,31,0.323,2016-17,0.34065934065934067
101109,Raymond Felton,33.0,LAC,514,144,0.319,2016-17,0.2801556420233463
203493,Reggie Bullock Jr.,26.0,DET,128,73,0.384,2016-17,0.5703125
202704,Reggie Jackson,27.0,DET,677,184,0.359,2016-17,0.2717872968980798
202130,Reggie Williams,30.0,NOP,23,11,0.455,2016-17,0.4782608695652174
2210,Richard Jefferson,37.0,CLE,343,186,0.333,2016-17,0.5422740524781341
1626158,Richaun Holmes,23.0,PHI,412,77,0.351,2016-17,0.18689320388349515
201937,Ricky Rubio,26.0,MIN,650,196,0.306,2016-17,0.30153846153846153
203496,Robert Covington,26.0,PHI,732,412,0.333,2016-17,0.5628415300546448
201577,Robin Lopez,29.0,CHI,775,2,0.0,2016-17,0.0025806451612903226
203918,Rodney Hood,24.0,UTA,666,307,0.371,2016-17,0.46096096096096095
203585,Rodney McGruder,25.0,MIA,460,220,0.332,2016-17,0.4782608695652174
201155,Rodney Stuckey,31.0,IND,244,60,0.317,2016-17,0.2459016393442623
1627758,Ron Baker,24.0,NYK,217,86,0.267,2016-17,0.39631336405529954
1626178,Rondae Hollis-Jefferson,22.0,BKN,542,67,0.224,2016-17,0.12361623616236163
101179,Ronnie Price,34.0,PHX,24,17,0.176,2016-17,0.7083333333333334
201579,Roy Hibbert,30.0,DEN,147,0,0.0,2016-17,0.0
200752,Rudy Gay,30.0,SAC,442,113,0.372,2016-17,0.25565610859728505
203497,Rudy Gobert,25.0,UTA,625,1,0.0,2016-17,0.0016
201566,Russell Westbrook,28.0,OKC,1941,583,0.343,2016-17,0.3003606388459557
201583,Ryan Anderson,29.0,HOU,773,506,0.403,2016-17,0.6545924967658473
203527,Ryan Kelly,26.0,ATL,28,10,0.4,2016-17,0.35714285714285715
1626257,Salah Mejri,31.0,DAL,137,3,0.333,2016-17,0.021897810218978103
1626155,Sam Dekker,23.0,HOU,429,187,0.321,2016-17,0.4358974358974359
2756,Sasha Vujacic,33.0,NYK,136,74,0.311,2016-17,0.5441176470588235
203930,Sean Kilpatrick,27.0,BKN,735,308,0.341,2016-17,0.41904761904761906
203902,Semaj Christon,24.0,OKC,223,63,0.19,2016-17,0.2825112107623318
201586,Serge Ibaka,27.0,TOR,982,317,0.391,2016-17,0.3228105906313646
200771,Sergio Rodriguez,31.0,PHI,536,252,0.365,2016-17,0.4701492537313433
203552,Seth Curry,26.0,DAL,703,322,0.425,2016-17,0.45803698435277385
203498,Shabazz Muhammad,24.0,MIN,598,145,0.338,2016-17,0.24247491638795987
203894,Shabazz Napier,25.0,POR,183,92,0.37,2016-17,0.5027322404371585
2733,Shaun Livingston,31.0,GSW,316,3,0.333,2016-17,0.00949367088607595
1627848,Shawn Long,24.0,PHI,109,19,0.368,2016-17,0.1743119266055046
1627815,Sheldon Mac,24.0,WAS,75,30,0.233,2016-17,0.4
202714,Shelvin Mack,27.0,UTA,381,120,0.308,2016-17,0.31496062992125984
1627746,Skal Labissiere,21.0,SAC,218,8,0.375,2016-17,0.03669724770642202
203524,Solomon Hill,26.0,NOP,478,270,0.348,2016-17,0.5648535564853556
203915,Spencer Dinwiddie,24.0,BKN,302,101,0.376,2016-17,0.3344370860927152
201150,Spencer Hawes,29.0,MIL,277,81,0.309,2016-17,0.2924187725631769
1626169,Stanley Johnson,21.0,DET,365,154,0.292,2016-17,0.42191780821917807
201939,Stephen Curry,29.0,GSW,1443,789,0.411,2016-17,0.5467775467775468
1627757,Stephen Zimmerman,20.0,ORL,31,0,0.0,2016-17,0.0
200779,Steve Novak,34.0,MIL,7,6,0.167,2016-17,0.8571428571428571
203500,Steven Adams,23.0,OKC,655,1,0.0,2016-17,0.0015267175572519084
204456,T.J. McConnell,25.0,PHI,512,55,0.2,2016-17,0.107421875
203933,T.J. Warren,23.0,PHX,814,98,0.265,2016-17,0.12039312039312039
201959,Taj Gibson,32.0,OKC,709,13,0.231,2016-17,0.018335684062059238
204028,Tarik Black,25.0,LAL,294,2,0.5,2016-17,0.006802721088435374
1627752,Taurean Prince,23.0,ATL,285,102,0.324,2016-17,0.35789473684210527
203093,Terrence Jones,25.0,MIL,492,75,0.253,2016-17,0.1524390243902439
203082,Terrence Ross,26.0,ORL,746,391,0.363,2016-17,0.5241286863270778
1626179,Terry Rozier,23.0,BOS,411,179,0.318,2016-17,0.43552311435523117
200757,Thabo Sefolosha,33.0,ATL,395,120,0.342,2016-17,0.3037974683544304
201152,Thaddeus Young,29.0,IND,687,118,0.381,2016-17,0.1717612809315866
203080,Thomas Robinson,26.0,LAL,196,1,0.0,2016-17,0.00510204081632653
1627748,Thon Maker,20.0,MIL,181,74,0.378,2016-17,0.4088397790055249
201168,Tiago Splitter,32.0,PHI,31,6,0.333,2016-17,0.1935483870967742
204025,Tim Frazier,26.0,NOP,404,128,0.313,2016-17,0.31683168316831684
203501,Tim Hardaway Jr.,25.0,ATL,912,417,0.357,2016-17,0.45723684210526316
1627817,Tim Quarterman,22.0,POR,29,13,0.385,2016-17,0.4482758620689655
202389,Timofey Mozgov,30.0,LAL,328,1,0.0,2016-17,0.003048780487804878
1627789,Timothe Luwawu-Cabarrot,22.0,PHI,361,161,0.311,2016-17,0.44598337950138506
202699,Tobias Harris,24.0,DET,1063,314,0.347,2016-17,0.2953904045155221
203107,Tomas Satoransky,25.0,WAS,147,37,0.243,2016-17,0.25170068027210885
201962,Toney Douglas,31.0,MEM,117,42,0.167,2016-17,0.358974358974359
2754,Tony Allen,35.0,MEM,595,54,0.278,2016-17,0.0907563025210084
2225,Tony Parker,35.0,SAS,569,69,0.333,2016-17,0.12126537785588752
203503,Tony Snell,25.0,MIL,541,355,0.406,2016-17,0.6561922365988909
1626203,Treveon Graham,23.0,CHA,40,15,0.6,2016-17,0.375
2772,Trevor Ariza,32.0,HOU,798,555,0.344,2016-17,0.6954887218045113
202344,Trevor Booker,29.0,BKN,591,78,0.321,2016-17,0.1319796954314721
203504,Trey Burke,24.0,WAS,255,70,0.443,2016-17,0.27450980392156865
1626168,Trey Lyles,21.0,UTA,439,204,0.319,2016-17,0.4646924829157175
202684,Tristan Thompson,26.0,CLE,437,3,0.0,2016-17,0.006864988558352402
203584,Troy Daniels,25.0,MEM,495,355,0.389,2016-17,0.7171717171717171
1627786,Troy Williams,22.0,HOU,167,62,0.29,2016-17,0.3712574850299401
201951,Ty Lawson,29.0,SAC,522,118,0.288,2016-17,0.2260536398467433
203898,Tyler Ennis,22.0,LAL,208,70,0.386,2016-17,0.33653846153846156
204020,Tyler Johnson,25.0,MIA,824,250,0.372,2016-17,0.30339805825242716
1627755,Tyler Ulis,21.0,PHX,437,79,0.266,2016-17,0.18077803203661327
203092,Tyler Zeller,27.0,BOS,158,1,0.0,2016-17,0.006329113924050633
201936,Tyreke Evans,27.0,SAC,370,118,0.356,2016-17,0.31891891891891894
2199,Tyson Chandler,34.0,PHX,228,0,0.0,2016-17,0.0
1626145,Tyus Jones,21.0,MIN,181,73,0.356,2016-17,0.40331491712707185
2617,Udonis Haslem,37.0,MIA,23,3,0.0,2016-17,0.13043478260869565
203506,Victor Oladipo,25.0,OKC,932,352,0.361,2016-17,0.3776824034334764
1713,Vince Carter,40.0,MEM,490,296,0.378,2016-17,0.6040816326530613
1627735,Wade Baldwin IV,21.0,MEM,115,22,0.136,2016-17,0.19130434782608696
201961,Wayne Ellington,29.0,MIA,555,394,0.378,2016-17,0.7099099099099099
1627782,Wayne Selden,22.0,MEM,58,28,0.25,2016-17,0.4827586206896552
202325,Wesley Johnson,29.0,LAC,200,118,0.246,2016-17,0.59
202083,Wesley Matthews,30.0,DAL,847,479,0.363,2016-17,0.5655253837072018
203115,Will Barton,26.0,DEN,666,235,0.37,2016-17,0.35285285285285284
1626161,Willie Cauley-Stein,23.0,SAC,481,2,0.0,2016-17,0.004158004158004158
203186,Willie Reed,27.0,MIA,285,4,0.25,2016-17,0.014035087719298246
1626195,Willy Hernangomez,23.0,NYK,465,15,0.267,2016-17,0.03225806451612903
201163,Wilson Chandler,30.0,DEN,939,326,0.337,2016-17,0.34717784877529284
1627812,Yogi Ferrell,24.0,DAL,394,176,0.386,2016-17,0.4467005076142132
203897,Zach LaVine,22.0,MIN,710,310,0.387,2016-17,0.43661971830985913
2216,Zach Randolph,35.0,MEM,964,94,0.223,2016-17,0.0975103734439834
2585,Zaza Pachulia,33.0,GSW,307,2,0.0,2016-17,0.006514657980456026
201166,Aaron Brooks,33.0,MIN,69,31,0.355,2017-18,0.4492753623188406
203932,Aaron Gordon,22.0,ORL,865,342,0.336,2017-18,0.3953757225433526
1626151,Aaron Harrison,23.0,DAL,69,43,0.209,2017-18,0.6231884057971014
1628935,Aaron Jackson,32.0,HOU,9,4,0.25,2017-18,0.4444444444444444
1627846,Abdel Nader,24.0,BOS,149,65,0.354,2017-18,0.436241610738255
203940,Adreian Payne,27.0,ORL,10,3,0.667,2017-18,0.3
201143,Al Horford,32.0,BOS,753,226,0.429,2017-18,0.300132802124834
2744,Al Jefferson,33.0,IND,208,3,0.0,2017-18,0.014423076923076924
202329,Al-Farouq Aminu,27.0,POR,582,339,0.369,2017-18,0.5824742268041238
1626210,Alan Williams,25.0,PHX,18,0,0.0,2017-18,0.0
202692,Alec Burks,26.0,UTA,414,142,0.331,2017-18,0.34299516908212563
1628409,Alec Peters,23.0,PHX,74,58,0.31,2017-18,0.7837837837837838
203518,Alex Abrines,24.0,OKC,291,221,0.38,2017-18,0.7594501718213058
1627936,Alex Caruso,24.0,LAL,116,43,0.302,2017-18,0.3706896551724138
203458,Alex Len,25.0,PHX,378,3,0.333,2017-18,0.007936507936507936
1627816,Alex Poythress,24.0,IND,26,11,0.364,2017-18,0.4230769230769231
1628035,Alfonzo McKinnie,25.0,TOR,15,9,0.333,2017-18,0.6
203459,Allen Crabbe,26.0,BKN,827,532,0.378,2017-18,0.6432889963724304
101161,Amir Johnson,31.0,PHI,260,32,0.313,2017-18,0.12307692307692308
203083,Andre Drummond,24.0,DET,881,11,0.0,2017-18,0.012485811577752554
2738,Andre Iguodala,34.0,GSW,320,117,0.282,2017-18,0.365625
201281,Andre Ingram,32.0,LAL,17,9,0.556,2017-18,0.5294117647058824
203460,Andre Roberson,26.0,OKC,162,36,0.222,2017-18,0.2222222222222222
101106,Andrew Bogut,33.0,LAL,25,0,0.0,2017-18,0.0
1626150,Andrew Harrison,23.0,MEM,429,142,0.331,2017-18,0.331002331002331
1628510,Andrew White III,25.0,ATL,73,49,0.367,2017-18,0.6712328767123288
203952,Andrew Wiggins,23.0,MIN,1300,338,0.331,2017-18,0.26
1627790,Ante Zizic,21.0,CLE,67,0,0.0,2017-18,0.0
1626148,Anthony Brown,25.0,MIN,1,1,1.0,2017-18,1.0
203076,Anthony Davis,25.0,NOP,1462,162,0.34,2017-18,0.11080711354309165
201229,Anthony Tolliver,33.0,DET,472,365,0.436,2017-18,0.7733050847457628
1628469,Antonio Blakeney,21.0,CHI,143,52,0.288,2017-18,0.36363636363636365
1628499,Antonius Cleveland,24.0,ATL,21,4,0.75,2017-18,0.19047619047619047
203382,Aron Baynes,31.0,BOS,446,21,0.143,2017-18,0.04708520179372197
201167,Arron Afflalo,32.0,ORL,162,70,0.386,2017-18,0.43209876543209874
203085,Austin Rivers,25.0,LAC,805,360,0.378,2017-18,0.4472049689440994
202340,Avery Bradley,27.0,LAC,625,203,0.369,2017-18,0.3248
1628389,Bam Adebayo,20.0,MIA,340,7,0.0,2017-18,0.020588235294117647
203463,Ben McLemore,25.0,MEM,373,159,0.346,2017-18,0.4262734584450402
1627732,Ben Simmons,21.0,PHI,998,11,0.0,2017-18,0.011022044088176353
202687,Bismack Biyombo,25.0,ORL,352,1,0.0,2017-18,0.002840909090909091
201933,Blake Griffin,29.0,DET,996,322,0.345,2017-18,0.3232931726907631
1626246,Boban Marjanovic,29.0,LAC,148,0,0.0,2017-18,0.0
201628,Bobby Brown,33.0,HOU,58,40,0.275,2017-18,0.6896551724137931
1626171,Bobby Portis,23.0,CHI,811,223,0.359,2017-18,0.2749691738594328
203992,Bogdan Bogdanović,25.0,SAC,772,329,0.392,2017-18,0.4261658031088083
202711,Bojan Bogdanovic,29.0,IND,852,386,0.402,2017-18,0.45305164319248825
203078,Bradley Beal,25.0,WAS,1484,530,0.375,2017-18,0.35714285714285715
201148,Brandan Wright,30.0,HOU,102,0,0.0,2017-18,0.0
1627742,Brandon Ingram,20.0,LAL,761,105,0.39,2017-18,0.13797634691195795
201943,Brandon Jennings,28.0,MIL,72,33,0.273,2017-18,0.4583333333333333
203464,Brandon Paul,27.0,SAS,127,54,0.278,2017-18,0.4251968503937008
1627362,Briante Weber,25.0,MEM,43,11,0.364,2017-18,0.2558139534883721
1627744,Brice Johnson,24.0,MEM,42,1,0.0,2017-18,0.023809523809523808
201572,Brook Lopez,30.0,LAL,793,325,0.345,2017-18,0.4098360655737705
203998,Bruno Caboclo,22.0,SAC,31,17,0.176,2017-18,0.5483870967741935
1627854,Bryn Forbes,24.0,SAS,497,228,0.39,2017-18,0.45875251509054327
1627741,Buddy Hield,25.0,SAC,933,408,0.431,2017-18,0.43729903536977494
203710,C.J. Williams,28.0,LAC,197,78,0.282,2017-18,0.39593908629441626
203468,CJ McCollum,26.0,POR,1505,476,0.397,2017-18,0.31627906976744186
101139,CJ Miles,31.0,TOR,599,454,0.361,2017-18,0.7579298831385642
1628403,Caleb Swanigan,21.0,POR,60,8,0.125,2017-18,0.13333333333333333
1626166,Cameron Payne,23.0,CHI,215,91,0.385,2017-18,0.4232558139534884
1627747,Caris LeVert,23.0,BKN,735,245,0.347,2017-18,0.3333333333333333
2546,Carmelo Anthony,34.0,OKC,1168,474,0.357,2017-18,0.4058219178082192
1626224,Cedi Osman,23.0,CLE,186,87,0.368,2017-18,0.46774193548387094
202718,Chandler Parsons,29.0,MEM,234,121,0.421,2017-18,0.5170940170940171
101112,Channing Frye,35.0,LAL,212,115,0.339,2017-18,0.5424528301886793
1628429,Charles Cooke,23.0,NOP,14,8,0.125,2017-18,0.5714285714285714
1627767,Cheick Diallo,21.0,NOP,176,0,0.0,2017-18,0.0
1627778,Chinanu Onuaku,21.0,HOU,5,0,0.0,2017-18,0.0
1628449,Chris Boucher,25.0,GSW,1,1,0.0,2017-18,1.0
1626191,Chris McCullough,23.0,WAS,42,8,0.125,2017-18,0.19047619047619047
101108,Chris Paul,33.0,HOU,798,379,0.38,2017-18,0.474937343358396
203991,Clint Capela,24.0,HOU,676,1,0.0,2017-18,0.0014792899408284023
203469,Cody Zeller,25.0,CHA,156,3,0.667,2017-18,0.019230769230769232
202332,Cole Aldrich,29.0,MIN,15,0,0.0,2017-18,0.0
201147,Corey Brewer,32.0,OKC,316,110,0.282,2017-18,0.34810126582278483
202709,Cory Joseph,26.0,IND,604,190,0.353,2017-18,0.31456953642384106
201584,Courtney Lee,32.0,NYK,755,278,0.406,2017-18,0.36821192052980134
1626245,Cristiano Felicio,25.0,CHI,215,2,0.0,2017-18,0.009302325581395349
1626156,D'Angelo Russell,22.0,BKN,672,278,0.324,2017-18,0.41369047619047616
201571,D.J. Augustin,30.0,ORL,540,272,0.419,2017-18,0.5037037037037037
1628391,D.J. Wilson,22.0,MIL,16,5,0.4,2017-18,0.3125
1626177,Dakari Johnson,22.0,OKC,39,0,0.0,2017-18,0.0
1627745,Damian Jones,23.0,GSW,22,0,0.0,2017-18,0.0
203081,Damian Lillard,27.0,POR,1415,629,0.361,2017-18,0.44452296819787984
2863,Damien Wilkins,38.0,IND,39,18,0.222,2017-18,0.46153846153846156
1627814,Damion Lee,25.0,ATL,152,60,0.25,2017-18,0.39473684210526316
1628422,Damyean Dotson,24.0,NYK,161,68,0.324,2017-18,0.422360248447205
1627772,Daniel Hamilton,22.0,OKC,11,5,0.4,2017-18,0.45454545454545453
1628464,Daniel Theis,26.0,BOS,233,58,0.31,2017-18,0.24892703862660945
201568,Danilo Gallinari,29.0,LAC,256,111,0.324,2017-18,0.43359375
201980,Danny Green,31.0,SAS,561,320,0.363,2017-18,0.5704099821746881
201967,Dante Cunningham,31.0,BKN,364,168,0.345,2017-18,0.46153846153846156
203957,Dante Exum,22.0,UTA,87,18,0.278,2017-18,0.20689655172413793
1627863,Danuel House Jr.,25.0,PHX,129,58,0.259,2017-18,0.4496124031007752
203967,Dario Saric,24.0,PHI,890,399,0.393,2017-18,0.44831460674157303
203121,Darius Miller,28.0,NOP,487,358,0.411,2017-18,0.7351129363449692
201589,Darrell Arthur,30.0,DEN,47,23,0.348,2017-18,0.48936170212765956
201954,Darren Collison,30.0,IND,638,205,0.468,2017-18,0.3213166144200627
1626199,Darrun Hilliard,25.0,SAS,19,6,0.0,2017-18,0.3157894736842105
1628021,David Nwaba,25.0,CHI,423,52,0.346,2017-18,0.12293144208037825
204065,David Stockton,27.0,UTA,3,3,0.667,2017-18,1.0
2561,David West,37.0,GSW,378,8,0.375,2017-18,0.021164021164021163
202722,Davis Bertans,25.0,SAS,366,252,0.373,2017-18,0.6885245901639344
1628432,Davon Reed,23.0,PHX,76,38,0.289,2017-18,0.5
1628368,De'Aaron Fox,20.0,SAC,797,153,0.307,2017-18,0.191969887076537
201599,DeAndre Jordan,29.0,LAC,578,0,0.0,2017-18,0.0
202732,DeAndre Liggins,30.0,NOP,106,53,0.358,2017-18,0.5
1627761,DeAndre' Bembry,23.0,ATL,128,30,0.367,2017-18,0.234375
201942,DeMar DeRozan,28.0,TOR,1413,287,0.31,2017-18,0.20311394196744514
202326,DeMarcus Cousins,27.0,NOP,864,294,0.354,2017-18,0.3402777777777778
201960,DeMarre Carroll,31.0,BKN,785,391,0.371,2017-18,0.4980891719745223
1627749,Dejounte Murray,21.0,SAS,609,34,0.265,2017-18,0.05582922824302135
1626153,Delon Wright,26.0,TOR,432,153,0.366,2017-18,0.3541666666666667
1627743,Demetrius Jackson,23.0,PHI,18,7,0.143,2017-18,0.3888888888888889
203471,Dennis Schröder,24.0,ATL,1146,262,0.29,2017-18,0.2286212914485166
1628372,Dennis Smith Jr.,20.0,DAL,1024,339,0.313,2017-18,0.3310546875
1627756,Denzel Valentine,24.0,CHI,721,370,0.386,2017-18,0.5131761442441054
202324,Derrick Favors,26.0,UTA,702,63,0.222,2017-18,0.08974358974358974
1627884,Derrick Jones Jr.,21.0,MIA,53,18,0.167,2017-18,0.33962264150943394
201565,Derrick Rose,29.0,MIN,186,30,0.233,2017-18,0.16129032258064516
1628476,Derrick Walton Jr.,23.0,MIA,25,17,0.412,2017-18,0.68
1628401,Derrick White,23.0,SAS,33,13,0.615,2017-18,0.3939393939393939
202682,Derrick Williams,27.0,LAL,4,2,0.0,2017-18,0.5
1626164,Devin Booker,21.0,PHX,1054,384,0.383,2017-18,0.36432637571157495
2734,Devin Harris,35.0,DEN,454,227,0.348,2017-18,0.5
1628421,Devin Robinson,23.0,WAS,3,0,0.0,2017-18,0.0
203473,Dewayne Dedmon,28.0,ATL,477,141,0.355,2017-18,0.29559748427672955
1627738,Deyonta Davis,21.0,MEM,265,0,0.0,2017-18,0.0
1628415,Dillon Brooks,22.0,MEM,772,264,0.356,2017-18,0.34196891191709844
203079,Dion Waiters,26.0,MIA,410,170,0.306,2017-18,0.4146341463414634
1717,Dirk Nowitzki,40.0,DAL,758,337,0.409,2017-18,0.4445910290237467
1627734,Domantas Sabonis,22.0,IND,661,37,0.351,2017-18,0.05597579425113464
1628378,Donovan Mitchell,21.0,UTA,1362,550,0.34,2017-18,0.40381791483113066
1627827,Dorian Finney-Smith,25.0,DAL,121,67,0.299,2017-18,0.5537190082644629
203926,Doug McDermott,26.0,DAL,508,216,0.426,2017-18,0.4251968503937008
1627733,Dragan Bender,20.0,PHX,484,322,0.366,2017-18,0.6652892561983471
203110,Draymond Green,28.0,GSW,619,256,0.301,2017-18,0.4135702746365105
1628407,Dwayne Bacon,22.0,CHA,192,43,0.256,2017-18,0.22395833333333334
202779,Dwight Buycks,29.0,DET,198,45,0.333,2017-18,0.22727272727272727
2730,Dwight Howard,32.0,CHA,911,7,0.143,2017-18,0.007683863885839737
203939,Dwight Powell,26.0,DAL,430,84,0.333,2017-18,0.19534883720930232
2548,Dwyane Wade,36.0,MIA,682,111,0.288,2017-18,0.1627565982404692
202734,E'Twaun Moore,29.0,NOP,832,301,0.425,2017-18,0.36177884615384615
202334,Ed Davis,29.0,POR,292,1,0.0,2017-18,0.003424657534246575
1628410,Edmond Sumner,22.0,IND,1,0,0.0,2017-18,0.0
202327,Ekpe Udoh,31.0,UTA,120,1,0.0,2017-18,0.008333333333333333
203901,Elfrid Payton,24.0,PHX,667,92,0.326,2017-18,0.13793103448275862
2731,Emeka Okafor,35.0,NOP,95,0,0.0,2017-18,0.0
1626144,Emmanuel Mudiay,22.0,NYK,526,148,0.318,2017-18,0.2813688212927757
202683,Enes Freedom,26.0,NYK,713,2,0.0,2017-18,0.002805049088359046
202339,Eric Bledsoe,28.0,MIL,989,360,0.347,2017-18,0.3640040444893832
201569,Eric Gordon,29.0,HOU,970,608,0.359,2017-18,0.6268041237113402
203961,Eric Moreland,26.0,DET,122,0,0.0,2017-18,0.0
1628571,Erik McCree,24.0,UTA,2,1,0.0,2017-18,0.5
101141,Ersan Ilyasova,31.0,PHI,613,253,0.36,2017-18,0.41272430668841764
203095,Evan Fournier,25.0,ORL,802,335,0.379,2017-18,0.4177057356608479
202323,Evan Turner,29.0,POR,577,132,0.318,2017-18,0.22876949740034663
1626163,Frank Kaminsky,25.0,CHA,716,274,0.38,2017-18,0.38268156424581007
1628412,Frank Mason III,24.0,SAC,380,86,0.36,2017-18,0.22631578947368422
1628373,Frank Ntilikina,19.0,NYK,500,157,0.318,2017-18,0.314
1627832,Fred VanVleet,24.0,TOR,545,261,0.414,2017-18,0.47889908256880737
1627788,Furkan Korkmaz,20.0,PHI,28,17,0.294,2017-18,0.6071428571428571
202066,Garrett Temple,32.0,SAC,476,227,0.392,2017-18,0.47689075630252103
203914,Gary Harris,23.0,DEN,908,394,0.396,2017-18,0.43392070484581496
1627780,Gary Payton II,25.0,LAL,74,25,0.24,2017-18,0.33783783783783783
201588,George Hill,32.0,CLE,513,205,0.415,2017-18,0.3996101364522417
1627777,Georges Niang,25.0,UTA,11,4,0.0,2017-18,0.36363636363636365
1627834,Georgios Papagiannis,20.0,POR,42,0,0.0,2017-18,0.0
101123,Gerald Green,32.0,HOU,413,298,0.369,2017-18,0.7215496368038741
1628492,Gian Clavell,24.0,DAL,18,15,0.4,2017-18,0.8333333333333334
203507,Giannis Antetokounmpo,23.0,MIL,1402,140,0.307,2017-18,0.09985734664764621
203922,Glenn Robinson III,24.0,IND,85,34,0.412,2017-18,0.4
201609,Goran Dragic,32.0,MIA,1075,300,0.37,2017-18,0.27906976744186046
202330,Gordon Hayward,28.0,BOS,2,1,0.0,2017-18,0.5
203476,Gorgui Dieng,28.0,MIN,388,61,0.311,2017-18,0.15721649484536082
202328,Greg Monroe,28.0,BOS,386,0,0.0,2017-18,0.0
1627824,Guerschon Yabusele,22.0,BOS,61,37,0.324,2017-18,0.6065573770491803
203084,Harrison Barnes,26.0,DAL,1208,333,0.357,2017-18,0.27566225165562913
202355,Hassan Whiteside,29.0,MIA,578,2,1.0,2017-18,0.0034602076124567475
1627740,Henry Ellenson,21.0,DET,146,60,0.333,2017-18,0.410958904109589
203546,Ian Clark,27.0,NOP,495,195,0.318,2017-18,0.3939393939393939
101133,Ian Mahinmi,31.0,WAS,248,2,0.0,2017-18,0.008064516129032258
1628387,Ike Anigbogu,19.0,IND,9,0,0.0,2017-18,0.0
202697,Iman Shumpert,28.0,SAC,58,26,0.269,2017-18,0.4482758620689655
203477,Isaiah Canaan,27.0,PHX,137,66,0.333,2017-18,0.48175182481751827
1628439,Isaiah Hicks,23.0,NYK,72,9,0.222,2017-18,0.125
1627819,Isaiah Taylor,23.0,ATL,390,80,0.25,2017-18,0.20512820512820512
202738,Isaiah Thomas,29.0,LAL,421,188,0.293,2017-18,0.44655581947743467
1627785,Isaiah Whitehead,23.0,BKN,86,18,0.389,2017-18,0.20930232558139536
202397,Ish Smith,29.0,DET,801,101,0.347,2017-18,0.12609238451935081
1628397,Ivan Rabb,21.0,MEM,152,0,0.0,2017-18,0.0
1627826,Ivica Zubac,21.0,LAL,122,1,0.0,2017-18,0.00819672131147541
200826,J.J. Barea,34.0,DAL,690,313,0.367,2017-18,0.45362318840579713
200755,JJ Redick,34.0,PHI,879,460,0.42,2017-18,0.5233219567690558
2747,JR Smith,32.0,CLE,595,381,0.375,2017-18,0.6403361344537815
203960,JaKarr Sampson,25.0,SAC,81,10,0.5,2017-18,0.12345679012345678
203210,JaMychal Green,28.0,MEM,488,127,0.339,2017-18,0.26024590163934425
201580,JaVale McGee,30.0,GSW,219,6,0.0,2017-18,0.0273972602739726
1628444,Jabari Bird,23.0,BOS,26,7,0.429,2017-18,0.2692307692307692
203953,Jabari Parker,23.0,MIL,332,81,0.383,2017-18,0.24397590361445784
204022,Jack Cooley,27.0,SAC,27,0,0.0,2017-18,0.0
1626643,Jacob Pullen,28.0,PHI,2,1,0.0,2017-18,0.5
1628451,Jacob Wiley,23.0,BKN,4,2,0.5,2017-18,0.5
203109,Jae Crowder,27.0,UTA,671,341,0.323,2017-18,0.5081967213114754
1626143,Jahlil Okafor,22.0,BKN,138,4,0.25,2017-18,0.028985507246376812
1627774,Jake Layman,24.0,POR,47,20,0.2,2017-18,0.425531914893617
1627751,Jakob Poeltl,22.0,TOR,384,2,0.5,2017-18,0.005208333333333333
1627883,Jalen Jones,25.0,DAL,68,26,0.385,2017-18,0.38235294117647056
2037,Jamal Crawford,38.0,MIN,742,314,0.331,2017-18,0.42318059299191374
1627750,Jamal Murray,21.0,DEN,1062,436,0.378,2017-18,0.4105461393596987
1627866,Jameel Warney,24.0,DAL,12,0,0.0,2017-18,0.0
2749,Jameer Nelson,36.0,DET,244,124,0.331,2017-18,0.5081967213114754
1628503,Jamel Artis,25.0,ORL,79,29,0.276,2017-18,0.3670886075949367
203516,James Ennis III,27.0,DET,384,153,0.333,2017-18,0.3984375
201935,James Harden,28.0,HOU,1449,722,0.367,2017-18,0.49827467218771565
201949,James Johnson,31.0,MIA,614,185,0.308,2017-18,0.30130293159609123
203949,James Michael McAdoo,25.0,PHI,7,7,0.286,2017-18,1.0
1627821,James Webb III,24.0,BKN,24,19,0.211,2017-18,0.7916666666666666
203923,James Young,22.0,PHI,14,10,0.3,2017-18,0.7142857142857143
203966,Jamil Wilson,27.0,LAC,81,63,0.429,2017-18,0.7777777777777778
201162,Jared Dudley,32.0,PHX,122,80,0.363,2017-18,0.6557377049180327
204067,Jarell Eddie,26.0,CHI,2,2,0.0,2017-18,1.0
1626185,Jarell Martin,24.0,MEM,496,98,0.347,2017-18,0.1975806451612903
1628386,Jarrett Allen,20.0,BKN,397,15,0.333,2017-18,0.037783375314861464
101127,Jarrett Jack,34.0,NYK,443,86,0.291,2017-18,0.19413092550790068
201160,Jason Smith,32.0,WAS,115,32,0.125,2017-18,0.2782608695652174
1891,Jason Terry,40.0,MIL,154,115,0.348,2017-18,0.7467532467532467
1628393,Jawun Evans,21.0,LAC,253,54,0.278,2017-18,0.2134387351778656
1627759,Jaylen Brown,21.0,BOS,803,306,0.395,2017-18,0.38107098381070986
1628537,Jaylen Morris,22.0,ATL,32,10,0.2,2017-18,0.3125
1628369,Jayson Tatum,20.0,BOS,835,242,0.434,2017-18,0.2898203592814371
201145,Jeff Green,31.0,CLE,618,170,0.312,2017-18,0.2750809061488673
201952,Jeff Teague,30.0,MIN,794,228,0.368,2017-18,0.2871536523929471
203481,Jeff Withey,28.0,DAL,16,10,0.2,2017-18,0.625
203924,Jerami Grant,24.0,OKC,456,110,0.291,2017-18,0.2412280701754386
202379,Jeremy Evans,30.0,ATL,1,0,0.0,2017-18,0.0
203087,Jeremy Lamb,26.0,CHA,832,254,0.37,2017-18,0.30528846153846156
202391,Jeremy Lin,29.0,BKN,12,2,0.5,2017-18,0.16666666666666666
1626170,Jerian Grant,25.0,CHI,503,187,0.326,2017-18,0.3717693836978131
201573,Jerryd Bayless,29.0,PHI,262,146,0.37,2017-18,0.5572519083969466
202710,Jimmy Butler III,28.0,MIN,921,200,0.35,2017-18,0.21715526601520088
201149,Joakim Noah,33.0,NYK,10,0,0.0,2017-18,0.0
201975,Jodie Meeks,30.0,WAS,393,210,0.343,2017-18,0.5343511450381679
203925,Joe Harris,26.0,BKN,621,358,0.419,2017-18,0.5764895330112721
204060,Joe Ingles,30.0,UTA,718,464,0.44,2017-18,0.6462395543175488
2207,Joe Johnson,37.0,HOU,360,145,0.276,2017-18,0.4027777777777778
1626202,Joe Young,26.0,IND,186,66,0.379,2017-18,0.3548387096774194
1627762,Joel Bolomboy,24.0,MIL,6,1,0.0,2017-18,0.16666666666666666
203954,Joel Embiid,24.0,PHI,1056,214,0.308,2017-18,0.20265151515151514
203530,Joffrey Lauvergne,26.0,SAS,190,5,0.0,2017-18,0.02631578947368421
1628381,John Collins,20.0,ATL,545,47,0.34,2017-18,0.08623853211009175
203089,John Henson,27.0,MIL,502,7,0.143,2017-18,0.013944223107569721
204066,John Holland,29.0,CLE,59,36,0.306,2017-18,0.6101694915254238
202322,John Wall,27.0,WAS,667,167,0.371,2017-18,0.25037481259370314
1628405,Johnathan Motley,23.0,DAL,75,6,0.167,2017-18,0.08
203948,Johnny O'Bryant III,25.0,CHA,171,43,0.326,2017-18,0.25146198830409355
202720,Jon Leuer,29.0,DET,36,3,0.0,2017-18,0.08333333333333333
201973,Jonas Jerebko,31.0,UTA,341,157,0.414,2017-18,0.4604105571847507
202685,Jonas Valančiūnas,26.0,TOR,687,74,0.405,2017-18,0.10771470160116449
1626780,Jonathan Gibson,30.0,BOS,23,12,0.5,2017-18,0.5217391304347826
1628371,Jonathan Isaac,20.0,ORL,145,46,0.348,2017-18,0.31724137931034485
203613,Jonathon Simmons,28.0,ORL,761,204,0.338,2017-18,0.2680683311432326
1628395,Jordan Bell,23.0,GSW,185,4,0.0,2017-18,0.021621621621621623
203903,Jordan Clarkson,26.0,CLE,954,318,0.352,2017-18,0.3333333333333333
202348,Jordan Crawford,29.0,NOP,27,14,0.571,2017-18,0.5185185185185185
1626175,Jordan Mickey,23.0,MIA,82,16,0.125,2017-18,0.1951219512195122
101181,Jose Calderon,36.0,CLE,185,97,0.464,2017-18,0.5243243243243243
1627982,Josh Gray,24.0,PHX,41,13,0.231,2017-18,0.3170731707317073
1628404,Josh Hart,23.0,LAL,375,197,0.396,2017-18,0.5253333333333333
203962,Josh Huestis,26.0,OKC,182,115,0.287,2017-18,0.6318681318681318
1628367,Josh Jackson,21.0,PHX,932,217,0.263,2017-18,0.23283261802575106
203705,Josh Magette,28.0,ATL,46,22,0.364,2017-18,0.4782608695652174
201177,Josh McRoberts,31.0,DAL,1,1,0.0,2017-18,1.0
1626196,Josh Richardson,24.0,MIA,885,336,0.378,2017-18,0.37966101694915255
2746,Josh Smith,32.0,NOP,4,0,0.0,2017-18,0.0
201950,Jrue Holiday,28.0,NOP,1244,356,0.337,2017-18,0.2861736334405145
1627823,Juancho Hernangomez,22.0,DEN,75,50,0.28,2017-18,0.6666666666666666
203944,Julius Randle,23.0,LAL,904,45,0.222,2017-18,0.049778761061946904
202933,Julyan Stone,29.0,CHA,13,13,0.462,2017-18,1.0
1626147,Justin Anderson,24.0,PHI,202,103,0.33,2017-18,0.5099009900990099
203200,Justin Holiday,29.0,CHI,782,449,0.359,2017-18,0.5741687979539642
1628382,Justin Jackson,23.0,SAC,419,185,0.308,2017-18,0.441527446300716
1628383,Justin Patton,21.0,MIN,2,0,0.0,2017-18,0.0
1626159,Justise Winslow,22.0,MIA,488,129,0.38,2017-18,0.26434426229508196
203994,Jusuf Nurkić,23.0,POR,951,7,0.0,2017-18,0.007360672975814932
1628443,Kadeem Allen,25.0,BOS,22,11,0.0,2017-18,0.5
1626157,Karl-Anthony Towns,22.0,MIN,1172,285,0.421,2017-18,0.2431740614334471
202695,Kawhi Leonard,27.0,SAS,111,35,0.314,2017-18,0.3153153153153153
1627770,Kay Felder,23.0,DET,70,19,0.211,2017-18,0.2714285714285714
203482,Kelly Olynyk,27.0,MIA,636,280,0.379,2017-18,0.44025157232704404
1626162,Kelly Oubre Jr.,22.0,WAS,790,369,0.341,2017-18,0.4670886075949367
202689,Kemba Walker,28.0,CHA,1363,601,0.384,2017-18,0.44093910491562727
2570,Kendrick Perkins,33.0,CLE,2,0,0.0,2017-18,0.0
202702,Kenneth Faried,28.0,DEN,148,1,0.0,2017-18,0.006756756756756757
203145,Kent Bazemore,28.0,ATL,676,274,0.394,2017-18,0.40532544378698226
203484,Kentavious Caldwell-Pope,25.0,LAL,798,415,0.383,2017-18,0.5200501253132832
201142,Kevin Durant,29.0,GSW,1222,413,0.419,2017-18,0.33797054009819966
201567,Kevin Love,29.0,CLE,729,330,0.415,2017-18,0.45267489711934156
1626172,Kevon Looney,22.0,GSW,193,5,0.2,2017-18,0.025906735751295335
203920,Khem Birch,25.0,ORL,126,0,0.0,2017-18,0.0
203114,Khris Middleton,26.0,MIL,1272,407,0.359,2017-18,0.3199685534591195
202691,Klay Thompson,28.0,GSW,1177,520,0.44,2017-18,0.44180118946474084
1628424,Kobi Simmons,20.0,MEM,189,39,0.282,2017-18,0.20634920634920634
201585,Kosta Koufos,29.0,SAC,389,0,0.0,2017-18,0.0
1627739,Kris Dunn,24.0,CHI,666,134,0.321,2017-18,0.2012012012012012
204001,Kristaps Porziņģis,22.0,NYK,889,228,0.395,2017-18,0.25646794150731156
203937,Kyle Anderson,24.0,SAS,438,57,0.333,2017-18,0.13013698630136986
1627858,Kyle Collinsworth,26.0,DAL,99,17,0.235,2017-18,0.1717171717171717
2594,Kyle Korver,37.0,CLE,484,376,0.436,2017-18,0.7768595041322314
1628398,Kyle Kuzma,22.0,LAL,1039,434,0.366,2017-18,0.4177093358999038
200768,Kyle Lowry,32.0,TOR,944,596,0.399,2017-18,0.6313559322033898
203124,Kyle O'Quinn,28.0,NYK,384,17,0.235,2017-18,0.044270833333333336
202713,Kyle Singler,30.0,OKC,21,5,0.4,2017-18,0.23809523809523808
202681,Kyrie Irving,26.0,BOS,1087,407,0.408,2017-18,0.37442502299908004
200746,LaMarcus Aldridge,32.0,SAS,1347,92,0.293,2017-18,0.06829992576095026
202362,Lance Stephenson,27.0,IND,709,232,0.289,2017-18,0.32722143864598024
202498,Lance Thomas,30.0,NYK,267,124,0.403,2017-18,0.46441947565543074
204038,Langston Galloway,26.0,DET,340,218,0.344,2017-18,0.6411764705882353
203580,Larry Drew II,28.0,NOP,24,9,0.333,2017-18,0.375
1626204,Larry Nance Jr.,25.0,CLE,413,12,0.167,2017-18,0.029055690072639227
1628374,Lauri Markkanen,21.0,CHI,862,401,0.362,2017-18,0.4651972157772622
2544,LeBron James,33.0,CLE,1580,406,0.367,2017-18,0.2569620253164557
1628506,London Perrantes,23.0,CLE,13,3,0.0,2017-18,0.23076923076923078
1628366,Lonzo Ball,20.0,LAL,564,295,0.305,2017-18,0.5230496453900709
203485,Lorenzo Brown,27.0,TOR,34,12,0.167,2017-18,0.35294117647058826
101150,Lou Williams,31.0,LAC,1337,518,0.359,2017-18,0.387434554973822
201601,Luc Mbah a Moute,31.0,HOU,345,173,0.364,2017-18,0.5014492753623189
203512,Lucas Nogueira,25.0,TOR,80,19,0.263,2017-18,0.2375
1626242,Luis Montero,25.0,DET,1,0,0.0,2017-18,0.0
202337,Luke Babbitt,29.0,MIA,215,156,0.385,2017-18,0.7255813953488373
1628379,Luke Kennard,22.0,DET,465,195,0.415,2017-18,0.41935483870967744
1628436,Luke Kornet,22.0,NYK,125,79,0.354,2017-18,0.632
2736,Luol Deng,33.0,LAL,2,0,0.0,2017-18,0.0
1627781,Malachi Richardson,22.0,TOR,90,40,0.3,2017-18,0.4444444444444444
1627763,Malcolm Brogdon,25.0,MIL,503,161,0.385,2017-18,0.32007952286282304
1627098,Malcolm Delaney,29.0,ATL,285,124,0.371,2017-18,0.43508771929824563
1626259,Malcolm Miller,25.0,TOR,28,21,0.381,2017-18,0.75
1627736,Malik Beasley,21.0,DEN,178,82,0.341,2017-18,0.4606741573033708
1628370,Malik Monk,20.0,CHA,425,243,0.342,2017-18,0.571764705882353
1628493,Mangok Mathiang,25.0,CHA,7,0,0.0,2017-18,0.0
1938,Manu Ginobili,40.0,SAS,463,192,0.333,2017-18,0.4146868250539957
202705,MarShon Brooks,29.0,MEM,102,32,0.594,2017-18,0.3137254901960784
201188,Marc Gasol,33.0,MEM,1033,320,0.341,2017-18,0.30977734753146174
101162,Marcin Gortat,34.0,WAS,560,0,0.0,2017-18,0.0
201158,Marco Belinelli,32.0,PHI,764,395,0.377,2017-18,0.5170157068062827
1627875,Marcus Georges-Hunt,24.0,MIN,48,15,0.267,2017-18,0.3125
202694,Marcus Morris Sr.,28.0,BOS,611,234,0.368,2017-18,0.3829787234042553
1627779,Marcus Paige,24.0,CHA,14,8,0.25,2017-18,0.5714285714285714
203935,Marcus Smart,24.0,BOS,515,249,0.301,2017-18,0.48349514563106794
201596,Mario Chalmers,32.0,MEM,443,191,0.277,2017-18,0.43115124153498874
1626209,Mario Hezonja,23.0,ORL,617,267,0.337,2017-18,0.4327390599675851
203900,Markel Brown,26.0,HOU,7,5,0.2,2017-18,0.7142857142857143
1628365,Markelle Fultz,20.0,PHI,111,1,0.0,2017-18,0.009009009009009009
202693,Markieff Morris,28.0,WAS,687,207,0.367,2017-18,0.30131004366812225
1627737,Marquese Chriss,20.0,PHX,477,190,0.295,2017-18,0.39832285115303984
203104,Marquis Teague,25.0,MEM,16,4,0.25,2017-18,0.25
201578,Marreese Speights,30.0,ORL,349,233,0.369,2017-18,0.667621776504298
1627850,Marshall Plumlee,25.0,MIL,3,0,0.0,2017-18,0.0
101107,Marvin Williams,32.0,CHA,563,305,0.413,2017-18,0.5417406749555951
203486,Mason Plumlee,28.0,DEN,368,1,0.0,2017-18,0.002717391304347826
1627856,Matt Costello,24.0,SAS,4,0,0.0,2017-18,0.0
1628475,Matt Williams Jr.,24.0,MIA,6,5,0.2,2017-18,0.8333333333333334
203521,Matthew Dellavedova,27.0,MIL,152,78,0.372,2017-18,0.5131578947368421
203090,Maurice Harkless,25.0,POR,297,118,0.415,2017-18,0.39730639730639733
1628467,Maxi Kleber,26.0,DAL,309,128,0.313,2017-18,0.41423948220064727
203086,Meyers Leonard,26.0,POR,78,26,0.423,2017-18,0.3333333333333333
201563,Michael Beasley,29.0,NYK,807,86,0.395,2017-18,0.10656753407682776
203487,Michael Carter-Williams,26.0,CHA,229,59,0.237,2017-18,0.2576419213973799
203077,Michael Kidd-Gilchrist,24.0,CHA,560,2,0.0,2017-18,0.0035714285714285713
201144,Mike Conley,30.0,MEM,168,77,0.312,2017-18,0.4583333333333333
1628455,Mike James,27.0,NOP,321,98,0.265,2017-18,0.3052959501557632
203488,Mike Muscala,26.0,ATL,312,167,0.371,2017-18,0.5352564102564102
203118,Mike Scott,29.0,WAS,524,163,0.405,2017-18,0.3110687022900763
203101,Miles Plumlee,29.0,ATL,180,0,0.0,2017-18,0.0
1628462,Milos Teodosic,31.0,LAC,360,232,0.379,2017-18,0.6444444444444445
1628495,Milton Doyle,24.0,BKN,47,23,0.174,2017-18,0.48936170212765956
1627851,Mindaugas Kuzminskas,28.0,NYK,2,0,0.0,2017-18,0.0
203141,Mirza Teletovic,32.0,MIL,57,45,0.467,2017-18,0.7894736842105263
1628420,Monte Morris,23.0,DEN,6,1,0.0,2017-18,0.16666666666666666
1626149,Montrezl Harrell,24.0,LAC,548,7,0.143,2017-18,0.012773722627737226
1627988,Myke Henry,25.0,MEM,109,58,0.328,2017-18,0.5321100917431193
1626167,Myles Turner,22.0,IND,639,157,0.357,2017-18,0.24569640062597808
203489,Nate Wolters,27.0,UTA,6,0,0.0,2017-18,0.0
1628513,Naz Mitrou-Long,24.0,UTA,1,1,1.0,2017-18,1.0
202357,Nemanja Bjelica,30.0,MIN,371,183,0.415,2017-18,0.49326145552560646
2403,Nene,35.0,HOU,239,2,0.0,2017-18,0.008368200836820083
203457,Nerlens Noel,24.0,DAL,105,1,0.0,2017-18,0.009523809523809525
2555,Nick Collison,37.0,OKC,19,0,0.0,2017-18,0.0
201156,Nick Young,33.0,GSW,488,326,0.377,2017-18,0.6680327868852459
201587,Nicolas Batum,29.0,CHA,650,274,0.336,2017-18,0.42153846153846153
1627852,Nicolas Brussino,25.0,ATL,2,2,0.0,2017-18,1.0
1628502,Nigel Hayes-Davis,23.0,SAC,33,16,0.25,2017-18,0.48484848484848486
203917,Nik Stauskas,24.0,BKN,154,100,0.4,2017-18,0.6493506493506493
203999,Nikola Jokić,23.0,DEN,1010,280,0.396,2017-18,0.27722772277227725
202703,Nikola Mirotic,27.0,NOP,684,358,0.377,2017-18,0.5233918128654971
202696,Nikola Vučević,27.0,ORL,840,204,0.314,2017-18,0.24285714285714285
203943,Noah Vonleh,22.0,CHI,234,66,0.303,2017-18,0.28205128205128205
1626181,Norman Powell,25.0,TOR,374,186,0.285,2017-18,0.49732620320855614
1628384,OG Anunoby,20.0,TOR,346,197,0.371,2017-18,0.569364161849711
1627855,Okaro White,25.0,CLE,16,11,0.364,2017-18,0.6875
204179,Omari Johnson,29.0,MEM,21,12,0.333,2017-18,0.5714285714285714
201600,Omer Asik,31.0,CHI,22,0,0.0,2017-18,0.0
201956,Omri Casspi,30.0,GSW,207,22,0.455,2017-18,0.10628019323671498
203490,Otto Porter Jr.,25.0,WAS,885,313,0.441,2017-18,0.3536723163841808
200782,P.J. Tucker,33.0,HOU,441,310,0.371,2017-18,0.7029478458049887
1628408,PJ Dozier,21.0,OKC,2,0,0.0,2017-18,0.0
1627783,Pascal Siakam,24.0,TOR,498,132,0.22,2017-18,0.26506024096385544
1626192,Pat Connaughton,25.0,POR,390,210,0.352,2017-18,0.5384615384615384
201976,Patrick Beverley,29.0,LAC,119,60,0.4,2017-18,0.5042016806722689
1627775,Patrick McCaw,22.0,GSW,225,80,0.238,2017-18,0.35555555555555557
202335,Patrick Patterson,29.0,OKC,266,171,0.386,2017-18,0.6428571428571429
201988,Patty Mills,29.0,SAS,682,414,0.372,2017-18,0.6070381231671554
2200,Pau Gasol,37.0,SAS,627,120,0.358,2017-18,0.19138755980861244
202331,Paul George,28.0,OKC,1340,609,0.401,2017-18,0.4544776119402985
200794,Paul Millsap,33.0,DEN,435,113,0.345,2017-18,0.2597701149425287
1627835,Paul Zipser,24.0,CHI,234,110,0.336,2017-18,0.4700854700854701
203112,Quincy Acy,27.0,BKN,365,292,0.349,2017-18,0.8
202347,Quincy Pondexter,30.0,CHI,49,22,0.136,2017-18,0.4489795918367347
1626188,Quinn Cook,25.0,GSW,252,104,0.442,2017-18,0.4126984126984127
1626154,RJ Hunter,24.0,HOU,20,14,0.214,2017-18,0.7
200765,Rajon Rondo,32.0,NOP,494,150,0.333,2017-18,0.30364372469635625
201196,Ramon Sessions,32.0,WAS,117,26,0.308,2017-18,0.2222222222222222
1626173,Rashad Vaughn,21.0,ORL,56,37,0.378,2017-18,0.6607142857142857
203526,Raul Neto,26.0,UTA,151,47,0.404,2017-18,0.31125827814569534
101109,Raymond Felton,34.0,OKC,552,230,0.352,2017-18,0.4166666666666667
203493,Reggie Bullock Jr.,27.0,DET,546,281,0.445,2017-18,0.5146520146520146
203687,Reggie Hearn,26.0,DET,2,2,0.5,2017-18,1.0
202704,Reggie Jackson,28.0,DET,577,169,0.308,2017-18,0.292894280762565
2210,Richard Jefferson,38.0,DEN,27,7,0.286,2017-18,0.25925925925925924
1626158,Richaun Holmes,24.0,PHI,241,31,0.129,2017-18,0.12863070539419086
201937,Ricky Rubio,27.0,UTA,827,273,0.352,2017-18,0.3301088270858525
203496,Robert Covington,27.0,PHI,836,550,0.369,2017-18,0.6578947368421053
201577,Robin Lopez,30.0,CHI,645,14,0.286,2017-18,0.021705426356589147
203918,Rodney Hood,25.0,CLE,751,333,0.381,2017-18,0.4434087882822903
203585,Rodney McGruder,26.0,MIA,73,35,0.429,2017-18,0.4794520547945205
1628681,Rodney Purvis,24.0,ORL,107,52,0.25,2017-18,0.48598130841121495
1627758,Ron Baker,25.0,NYK,59,33,0.333,2017-18,0.559322033898305
1626178,Rondae Hollis-Jefferson,23.0,BKN,724,54,0.241,2017-18,0.07458563535911603
1626220,Royce O'Neale,25.0,UTA,284,118,0.356,2017-18,0.4154929577464789
200752,Rudy Gay,31.0,SAS,537,118,0.314,2017-18,0.21973929236499068
203497,Rudy Gobert,26.0,UTA,444,0,0.0,2017-18,0.0
201566,Russell Westbrook,29.0,OKC,1687,326,0.298,2017-18,0.19324244220509781
201583,Ryan Anderson,30.0,HOU,480,339,0.386,2017-18,0.70625
1627853,Ryan Arcidiacono,24.0,CHI,41,31,0.29,2017-18,0.7560975609756098
1626257,Salah Mejri,32.0,DAL,137,3,0.0,2017-18,0.021897810218978103
1626155,Sam Dekker,24.0,LAC,259,60,0.167,2017-18,0.23166023166023167
203816,Scotty Hopson,28.0,DAL,1,0,0.0,2017-18,0.0
203930,Sean Kilpatrick,28.0,CHI,294,144,0.319,2017-18,0.4897959183673469
1628400,Semi Ojeleye,23.0,BOS,188,125,0.32,2017-18,0.6648936170212766
201586,Serge Ibaka,28.0,TOR,784,297,0.36,2017-18,0.3788265306122449
203498,Shabazz Muhammad,25.0,MIL,188,27,0.259,2017-18,0.14361702127659576
203894,Shabazz Napier,26.0,POR,531,218,0.376,2017-18,0.4105461393596987
203499,Shane Larkin,25.0,BOS,219,86,0.36,2017-18,0.3926940639269406
1627885,Shaquille Harrison,24.0,PHX,124,26,0.231,2017-18,0.20967741935483872
2733,Shaun Livingston,32.0,GSW,343,5,0.0,2017-18,0.014577259475218658
202714,Shelvin Mack,28.0,ORL,414,139,0.345,2017-18,0.3357487922705314
1628414,Sindarius Thornwell,23.0,LAC,233,61,0.377,2017-18,0.26180257510729615
1627746,Skal Labissiere,22.0,SAC,458,51,0.353,2017-18,0.11135371179039301
203524,Solomon Hill,27.0,NOP,41,21,0.19,2017-18,0.5121951219512195
203915,Spencer Dinwiddie,25.0,BKN,838,433,0.326,2017-18,0.5167064439140812
1626169,Stanley Johnson,22.0,DET,560,234,0.286,2017-18,0.41785714285714287
201939,Stephen Curry,30.0,GSW,864,501,0.423,2017-18,0.5798611111111112
1628425,Sterling Brown,23.0,MIL,205,91,0.352,2017-18,0.44390243902439025
203500,Steven Adams,24.0,OKC,712,2,0.0,2017-18,0.0028089887640449437
1628388,T.J. Leaf,21.0,IND,136,42,0.429,2017-18,0.3088235294117647
204456,T.J. McConnell,26.0,PHI,421,62,0.435,2017-18,0.14726840855106887
203933,T.J. Warren,24.0,PHX,1063,90,0.222,2017-18,0.08466603951081844
201959,Taj Gibson,33.0,MIN,737,35,0.2,2017-18,0.04748982360922659
204028,Tarik Black,26.0,HOU,127,11,0.091,2017-18,0.08661417322834646
1627752,Taurean Prince,24.0,ATL,975,457,0.385,2017-18,0.4687179487179487
1628390,Terrance Ferguson,20.0,OKC,169,120,0.333,2017-18,0.7100591715976331
203082,Terrence Ross,27.0,ORL,191,93,0.323,2017-18,0.4869109947643979
1626179,Terry Rozier,24.0,BOS,800,402,0.381,2017-18,0.5025
200757,Thabo Sefolosha,34.0,UTA,240,84,0.381,2017-18,0.35
201152,Thaddeus Young,30.0,IND,864,181,0.32,2017-18,0.20949074074074073
1628418,Thomas Bryant,20.0,LAL,21,10,0.1,2017-18,0.47619047619047616
1627748,Thon Maker,21.0,MIL,316,104,0.298,2017-18,0.3291139240506329
204025,Tim Frazier,27.0,WAS,172,56,0.304,2017-18,0.32558139534883723
203501,Tim Hardaway Jr.,26.0,NYK,856,410,0.317,2017-18,0.47897196261682246
1627817,Tim Quarterman,23.0,HOU,3,2,0.0,2017-18,0.6666666666666666
202389,Timofey Mozgov,31.0,BKN,93,18,0.222,2017-18,0.1935483870967742
1627789,Timothe Luwawu-Cabarrot,23.0,PHI,267,158,0.335,2017-18,0.5917602996254682
202699,Tobias Harris,25.0,LAC,1221,445,0.411,2017-18,0.36445536445536447
203107,Tomas Satoransky,26.0,WAS,384,101,0.465,2017-18,0.2630208333333333
2754,Tony Allen,36.0,NOP,91,12,0.333,2017-18,0.13186813186813187
1628396,Tony Bradley,20.0,UTA,11,1,0.0,2017-18,0.09090909090909091
2225,Tony Parker,36.0,SAS,388,37,0.27,2017-18,0.09536082474226804
203503,Tony Snell,26.0,MIL,425,268,0.403,2017-18,0.6305882352941177
1628470,Torrey Craig,27.0,DEN,137,58,0.293,2017-18,0.4233576642335766
204037,Travis Wear,27.0,LAL,72,47,0.362,2017-18,0.6527777777777778
1626203,Treveon Graham,24.0,CHA,221,97,0.412,2017-18,0.43891402714932126
2772,Trevor Ariza,33.0,HOU,651,462,0.368,2017-18,0.7096774193548387
202344,Trevor Booker,30.0,IND,343,33,0.242,2017-18,0.09620991253644315
203504,Trey Burke,25.0,NYK,384,105,0.362,2017-18,0.2734375
1626168,Trey Lyles,22.0,DEN,550,218,0.381,2017-18,0.39636363636363636
202684,Tristan Thompson,27.0,CLE,235,0,0.0,2017-18,0.0
203584,Troy Daniels,26.0,PHX,575,458,0.4,2017-18,0.7965217391304348
1627786,Troy Williams,23.0,NYK,109,38,0.289,2017-18,0.3486238532110092
1628463,Tyler Cavanaugh,24.0,ATL,152,89,0.36,2017-18,0.5855263157894737
1628416,Tyler Dorsey,22.0,ATL,382,199,0.362,2017-18,0.5209424083769634
203898,Tyler Ennis,23.0,LAL,224,56,0.25,2017-18,0.25
204020,Tyler Johnson,26.0,MIA,711,324,0.367,2017-18,0.45569620253164556
1627755,Tyler Ulis,22.0,PHX,551,146,0.288,2017-18,0.26497277676951
203092,Tyler Zeller,28.0,MIL,334,28,0.357,2017-18,0.08383233532934131
201936,Tyreke Evans,28.0,MEM,809,286,0.399,2017-18,0.3535228677379481
1627820,Tyrone Wallace,24.0,LAC,247,40,0.25,2017-18,0.16194331983805668
2199,Tyson Chandler,35.0,PHX,187,0,0.0,2017-18,0.0
1626145,Tyus Jones,22.0,MIN,328,129,0.349,2017-18,0.3932926829268293
2617,Udonis Haslem,38.0,MIA,15,8,0.125,2017-18,0.5333333333333333
203505,Vander Blue,25.0,LAL,5,2,0.0,2017-18,0.4
203506,Victor Oladipo,26.0,IND,1342,434,0.371,2017-18,0.323397913561848
1713,Vince Carter,41.0,SAC,283,165,0.345,2017-18,0.5830388692579506
1626205,Vincent Hunter,23.0,MEM,5,0,0.0,2017-18,0.0
1627735,Wade Baldwin IV,22.0,POR,21,5,0.8,2017-18,0.23809523809523808
1627215,Walt Lemon Jr.,25.0,NOP,16,1,1.0,2017-18,0.0625
201961,Wayne Ellington,30.0,MIA,700,579,0.392,2017-18,0.8271428571428572
1627782,Wayne Selden,23.0,MEM,269,122,0.402,2017-18,0.45353159851301117
1628411,Wes Iwundu,23.0,ORL,218,46,0.196,2017-18,0.21100917431192662
202325,Wesley Johnson,30.0,LAC,368,177,0.339,2017-18,0.48097826086956524
202083,Wesley Matthews,31.0,DAL,697,402,0.381,2017-18,0.5767575322812052
203115,Will Barton,27.0,DEN,1028,422,0.37,2017-18,0.41050583657587547
1626161,Willie Cauley-Stein,24.0,SAC,773,12,0.25,2017-18,0.015523932729624839
203186,Willie Reed,28.0,DET,121,2,0.5,2017-18,0.01652892561983471
1626195,Willy Hernangomez,24.0,CHA,164,12,0.417,2017-18,0.07317073170731707
201163,Wilson Chandler,31.0,DEN,631,246,0.358,2017-18,0.3898573692551506
204098,Xavier Munford,26.0,MIL,6,2,0.0,2017-18,0.3333333333333333
1628504,Xavier Rathan-Mayes,24.0,MEM,42,14,0.071,2017-18,0.3333333333333333
202918,Xavier Silas,30.0,BOS,3,2,0.0,2017-18,0.6666666666666666
1627812,Yogi Ferrell,25.0,DAL,730,359,0.373,2017-18,0.4917808219178082
1628380,Zach Collins,20.0,POR,289,113,0.31,2017-18,0.39100346020761245
203897,Zach LaVine,23.0,CHI,355,123,0.341,2017-18,0.3464788732394366
2216,Zach Randolph,36.0,SAC,763,147,0.347,2017-18,0.1926605504587156
2585,Zaza Pachulia,34.0,GSW,264,1,0.0,2017-18,0.003787878787878788
1627753,Zhou Qi,22.0,HOU,32,19,0.105,2017-18,0.59375
203932,Aaron Gordon,23.0,ORL,1046,347,0.349,2018-19,0.3317399617590822
1628988,Aaron Holiday,22.0,IND,262,127,0.339,2018-19,0.4847328244274809
1627846,Abdel Nader,25.0,OKC,215,100,0.32,2018-19,0.46511627906976744
201143,Al Horford,33.0,BOS,723,203,0.36,2018-19,0.28077455048409405
202329,Al-Farouq Aminu,28.0,POR,593,280,0.343,2018-19,0.47217537942664417
1626210,Alan Williams,26.0,BKN,13,1,0.0,2018-19,0.07692307692307693
202692,Alec Burks,27.0,SAC,474,168,0.363,2018-19,0.35443037974683544
203518,Alex Abrines,25.0,OKC,157,127,0.323,2018-19,0.8089171974522293
1627936,Alex Caruso,25.0,LAL,173,50,0.48,2018-19,0.28901734104046245
203458,Alex Len,26.0,ATL,648,204,0.363,2018-19,0.3148148148148148
1627816,Alex Poythress,25.0,ATL,81,23,0.391,2018-19,0.2839506172839506
1628035,Alfonzo McKinnie,26.0,GSW,275,118,0.356,2018-19,0.4290909090909091
1628993,Alize Johnson,23.0,IND,16,2,0.5,2018-19,0.125
203459,Allen Crabbe,27.0,BKN,373,259,0.378,2018-19,0.6943699731903485
1629019,Allonzo Trier,23.0,NYK,518,132,0.394,2018-19,0.2548262548262548
1628518,Amile Jefferson,26.0,ORL,16,0,0.0,2018-19,0.0
101161,Amir Johnson,32.0,PHI,157,40,0.3,2018-19,0.25477707006369427
203083,Andre Drummond,25.0,DET,1052,38,0.132,2018-19,0.03612167300380228
2738,Andre Iguodala,35.0,GSW,302,144,0.333,2018-19,0.4768211920529801
201281,Andre Ingram,33.0,LAL,6,3,0.0,2018-19,0.5
101106,Andrew Bogut,34.0,GSW,36,0,0.0,2018-19,0.0
1626150,Andrew Harrison,24.0,NOP,53,25,0.2,2018-19,0.4716981132075472
203952,Andrew Wiggins,24.0,MIN,1209,348,0.339,2018-19,0.2878411910669975
1629014,Anfernee Simons,20.0,POR,63,29,0.345,2018-19,0.4603174603174603
1629116,Angel Delgado,24.0,LAC,5,0,0.0,2018-19,0.0
1627790,Ante Zizic,22.0,CLE,331,0,0.0,2018-19,0.0
203076,Anthony Davis,26.0,NOP,1026,145,0.331,2018-19,0.14132553606237816
201229,Anthony Tolliver,34.0,MIN,259,215,0.377,2018-19,0.8301158301158301
1628469,Antonio Blakeney,22.0,CHI,396,91,0.396,2018-19,0.2297979797979798
203382,Aron Baynes,32.0,BOS,223,61,0.344,2018-19,0.273542600896861
203085,Austin Rivers,26.0,HOU,572,327,0.318,2018-19,0.5716783216783217
202340,Avery Bradley,28.0,MEM,608,245,0.351,2018-19,0.4029605263157895
1629168,BJ Johnson,23.0,SAC,18,7,0.429,2018-19,0.3888888888888889
1628389,Bam Adebayo,21.0,MIA,486,15,0.2,2018-19,0.030864197530864196
203463,Ben McLemore,26.0,SAC,64,41,0.415,2018-19,0.640625
1627732,Ben Simmons,22.0,PHI,960,6,0.0,2018-19,0.00625
1628656,Billy Garrett,24.0,NYK,27,8,0.0,2018-19,0.2962962962962963
202687,Bismack Biyombo,26.0,CHA,156,0,0.0,2018-19,0.0
201933,Blake Griffin,30.0,DET,1341,522,0.362,2018-19,0.38926174496644295
1626246,Boban Marjanovic,30.0,PHI,260,10,0.4,2018-19,0.038461538461538464
1626171,Bobby Portis,24.0,WAS,628,191,0.393,2018-19,0.304140127388535
203992,Bogdan Bogdanović,26.0,SAC,863,372,0.36,2018-19,0.43105446118192353
202711,Bojan Bogdanovic,30.0,IND,1051,386,0.425,2018-19,0.36726926736441484
1629045,Bonzie Colson,23.0,MIL,39,21,0.238,2018-19,0.5384615384615384
202954,Brad Wanamaker,29.0,BOS,105,39,0.41,2018-19,0.37142857142857144
203078,Bradley Beal,26.0,WAS,1609,596,0.351,2018-19,0.3704164077066501
1629164,Brandon Goodwin,23.0,DEN,23,6,0.333,2018-19,0.2608695652173913
1627742,Brandon Ingram,21.0,LAL,729,94,0.33,2018-19,0.1289437585733882
202688,Brandon Knight,27.0,CLE,260,129,0.318,2018-19,0.49615384615384617
1629102,Brandon Sampson,22.0,CHI,60,29,0.379,2018-19,0.48333333333333334
201572,Brook Lopez,31.0,MIL,786,512,0.365,2018-19,0.6513994910941476
1628971,Bruce Brown,22.0,DET,314,93,0.258,2018-19,0.2961783439490446
203998,Bruno Caboclo,23.0,MEM,225,130,0.369,2018-19,0.5777777777777777
1627854,Bryn Forbes,25.0,SAS,791,413,0.426,2018-19,0.5221238938053098
1627741,Buddy Hield,26.0,SAC,1360,651,0.427,2018-19,0.4786764705882353
203710,C.J. Williams,29.0,MIN,35,16,0.313,2018-19,0.45714285714285713
203468,CJ McCollum,27.0,POR,1243,445,0.375,2018-19,0.3580048270313757
101139,CJ Miles,32.0,MEM,311,203,0.33,2018-19,0.6527331189710611
1628403,Caleb Swanigan,22.0,SAC,53,7,0.143,2018-19,0.1320754716981132
1629244,Cam Reynolds,24.0,MIN,78,51,0.412,2018-19,0.6538461538461539
1626166,Cameron Payne,24.0,CLE,223,84,0.298,2018-19,0.37668161434977576
1627747,Caris LeVert,24.0,BKN,483,154,0.312,2018-19,0.3188405797101449
2546,Carmelo Anthony,35.0,HOU,121,64,0.328,2018-19,0.5289256198347108
1626224,Cedi Osman,24.0,CLE,844,374,0.348,2018-19,0.4431279620853081
1628990,Chandler Hutchison,23.0,CHI,209,50,0.28,2018-19,0.23923444976076555
202718,Chandler Parsons,30.0,MEM,182,94,0.309,2018-19,0.5164835164835165
101112,Channing Frye,36.0,CLE,117,79,0.405,2018-19,0.6752136752136753
1626184,Chasson Randle,26.0,WAS,217,115,0.4,2018-19,0.5299539170506913
1627767,Cheick Diallo,22.0,NOP,271,4,0.25,2018-19,0.014760147601476014
1629002,Chimezie Metu,22.0,SAS,58,2,0.0,2018-19,0.034482758620689655
1628449,Chris Boucher,26.0,TOR,76,37,0.324,2018-19,0.4868421052631579
1629185,Chris Chiozza,23.0,HOU,8,5,0.4,2018-19,0.625
101108,Chris Paul,34.0,HOU,720,355,0.358,2018-19,0.4930555555555556
1626174,Christian Wood,23.0,NOP,117,26,0.346,2018-19,0.2222222222222222
203991,Clint Capela,25.0,HOU,732,0,0.0,2018-19,0.0
203469,Cody Zeller,26.0,CHA,345,22,0.273,2018-19,0.06376811594202898
1629012,Collin Sexton,20.0,CLE,1206,296,0.402,2018-19,0.24543946932006633
201147,Corey Brewer,33.0,SAC,123,44,0.318,2018-19,0.35772357723577236
202709,Cory Joseph,27.0,IND,548,171,0.322,2018-19,0.31204379562043794
201584,Courtney Lee,33.0,DAL,129,55,0.291,2018-19,0.4263565891472868
1626245,Cristiano Felicio,26.0,CHI,179,4,0.0,2018-19,0.0223463687150838
1626156,D'Angelo Russell,23.0,BKN,1517,635,0.369,2018-19,0.4185893210283454
201571,D.J. Augustin,31.0,ORL,677,311,0.421,2018-19,0.45937961595273263
1628391,D.J. Wilson,23.0,MIL,251,127,0.362,2018-19,0.5059760956175299
203474,DJ Stephens,28.0,MEM,2,0,0.0,2018-19,0.0
1629541,Dairis Bertans,29.0,NOP,47,34,0.294,2018-19,0.723404255319149
1627745,Damian Jones,24.0,GSW,74,0,0.0,2018-19,0.0
203081,Damian Lillard,28.0,POR,1533,643,0.369,2018-19,0.41943900848010435
1627814,Damion Lee,26.0,GSW,127,68,0.397,2018-19,0.5354330708661418
1628422,Damyean Dotson,25.0,NYK,698,342,0.368,2018-19,0.4899713467048711
1627772,Daniel Hamilton,23.0,ATL,60,23,0.348,2018-19,0.38333333333333336
1628464,Daniel Theis,27.0,BOS,266,67,0.388,2018-19,0.2518796992481203
201568,Danilo Gallinari,30.0,LAC,884,372,0.433,2018-19,0.42081447963800905
201980,Danny Green,32.0,TOR,630,435,0.455,2018-19,0.6904761904761905
201967,Dante Cunningham,32.0,SAS,158,65,0.462,2018-19,0.41139240506329117
203957,Dante Exum,23.0,UTA,241,62,0.29,2018-19,0.2572614107883817
1627863,Danuel House Jr.,26.0,HOU,252,178,0.416,2018-19,0.7063492063492064
203967,Dario Saric,25.0,MIN,696,323,0.365,2018-19,0.4640804597701149
203121,Darius Miller,29.0,NOP,484,364,0.365,2018-19,0.7520661157024794
201954,Darren Collison,31.0,IND,659,194,0.407,2018-19,0.2943854324734446
1629133,Daryl Macon,23.0,DAL,27,11,0.455,2018-19,0.4074074074074074
1628021,David Nwaba,26.0,CLE,262,75,0.32,2018-19,0.2862595419847328
202722,Davis Bertans,26.0,SAS,453,338,0.429,2018-19,0.7461368653421634
1628432,Davon Reed,24.0,IND,12,4,0.5,2018-19,0.3333333333333333
1628368,De'Aaron Fox,21.0,SAC,1102,232,0.371,2018-19,0.21052631578947367
1629001,De'Anthony Melton,21.0,PHX,256,95,0.305,2018-19,0.37109375
201599,DeAndre Jordan,30.0,NYK,446,0,0.0,2018-19,0.0
1627761,DeAndre' Bembry,24.0,ATL,616,173,0.289,2018-19,0.28084415584415584
201942,DeMar DeRozan,29.0,SAS,1313,45,0.156,2018-19,0.03427265803503427
202326,DeMarcus Cousins,28.0,GSW,371,95,0.274,2018-19,0.2560646900269542
201960,DeMarre Carroll,32.0,BKN,575,310,0.342,2018-19,0.5391304347826087
1629152,DeVaughn Akoon-Purcell,26.0,DEN,10,4,0.0,2018-19,0.4
1629028,Deandre Ayton,20.0,PHX,870,4,0.0,2018-19,0.004597701149425287
1626153,Delon Wright,27.0,MEM,558,168,0.298,2018-19,0.3010752688172043
1627743,Demetrius Jackson,24.0,PHI,15,6,0.333,2018-19,0.4
1629061,Deng Adel,22.0,CLE,36,23,0.261,2018-19,0.6388888888888888
203471,Dennis Schröder,25.0,OKC,1104,364,0.341,2018-19,0.32971014492753625
1628372,Dennis Smith Jr.,21.0,NYK,650,208,0.322,2018-19,0.32
1629126,Deonte Burton,25.0,OKC,82,27,0.296,2018-19,0.32926829268292684
202324,Derrick Favors,27.0,UTA,619,78,0.218,2018-19,0.1260096930533118
1627884,Derrick Jones Jr.,22.0,MIA,324,91,0.308,2018-19,0.2808641975308642
201565,Derrick Rose,30.0,MIN,753,146,0.37,2018-19,0.19389110225763612
1628401,Derrick White,24.0,SAS,543,142,0.338,2018-19,0.26151012891344383
1626164,Devin Booker,22.0,PHX,1255,414,0.326,2018-19,0.3298804780876494
2734,Devin Harris,36.0,DAL,347,200,0.31,2018-19,0.5763688760806917
1628421,Devin Robinson,24.0,WAS,32,2,0.0,2018-19,0.0625
1628984,Devonte' Graham,24.0,CHA,216,121,0.281,2018-19,0.5601851851851852
203473,Dewayne Dedmon,29.0,ATL,526,217,0.382,2018-19,0.41254752851711024
1627738,Deyonta Davis,22.0,ATL,22,1,0.0,2018-19,0.045454545454545456
1628415,Dillon Brooks,23.0,MEM,122,40,0.375,2018-19,0.32786885245901637
203079,Dion Waiters,27.0,MIA,478,289,0.377,2018-19,0.604602510460251
1717,Dirk Nowitzki,41.0,DAL,376,205,0.312,2018-19,0.5452127659574468
1627734,Domantas Sabonis,23.0,IND,700,17,0.529,2018-19,0.024285714285714285
202700,Donatas Motiejunas,28.0,SAS,6,0,0.0,2018-19,0.0
1628378,Donovan Mitchell,22.0,UTA,1530,519,0.362,2018-19,0.3392156862745098
1628978,Donte DiVincenzo,22.0,MIL,124,83,0.265,2018-19,0.6693548387096774
1629055,Donte Grantham,24.0,OKC,2,2,0.0,2018-19,1.0
1627827,Dorian Finney-Smith,26.0,DAL,528,254,0.311,2018-19,0.4810606060606061
203926,Doug McDermott,27.0,IND,422,206,0.408,2018-19,0.4881516587677725
1627733,Dragan Bender,21.0,PHX,197,101,0.218,2018-19,0.5126903553299492
203110,Draymond Green,29.0,GSW,422,165,0.285,2018-19,0.3909952606635071
1629234,Drew Eubanks,22.0,SAS,26,0,0.0,2018-19,0.0
1629130,Duncan Robinson,25.0,MIA,46,35,0.286,2018-19,0.7608695652173914
1628605,Dusty Hannahs,25.0,MEM,12,5,0.0,2018-19,0.4166666666666667
1628407,Dwayne Bacon,23.0,CHA,257,87,0.437,2018-19,0.33852140077821014
2730,Dwight Howard,33.0,WAS,69,0,0.0,2018-19,0.0
203939,Dwight Powell,27.0,DAL,486,127,0.307,2018-19,0.2613168724279835
2548,Dwyane Wade,37.0,MIA,960,261,0.33,2018-19,0.271875
1629058,Dzanan Musa,20.0,BKN,22,10,0.1,2018-19,0.45454545454545453
202734,E'Twaun Moore,30.0,NOP,532,176,0.432,2018-19,0.3308270676691729
202334,Ed Davis,30.0,BKN,302,2,0.0,2018-19,0.006622516556291391
1628410,Edmond Sumner,23.0,IND,64,27,0.259,2018-19,0.421875
202327,Ekpe Udoh,32.0,UTA,72,0,0.0,2018-19,0.0
203901,Elfrid Payton,25.0,NOP,412,105,0.314,2018-19,0.25485436893203883
1629059,Elie Okobo,21.0,PHX,290,132,0.295,2018-19,0.45517241379310347
1629150,Emanuel Terry,22.0,MIA,7,0,0.0,2018-19,0.0
1626144,Emmanuel Mudiay,23.0,NYK,740,210,0.329,2018-19,0.28378378378378377
202683,Enes Freedom,27.0,POR,683,34,0.294,2018-19,0.04978038067349927
202339,Eric Bledsoe,29.0,MIL,971,377,0.329,2018-19,0.388259526261586
201569,Eric Gordon,30.0,HOU,938,600,0.36,2018-19,0.6396588486140725
203961,Eric Moreland,27.0,TOR,7,1,1.0,2018-19,0.14285714285714285
101141,Ersan Ilyasova,32.0,MIL,381,160,0.363,2018-19,0.4199475065616798
203095,Evan Fournier,26.0,ORL,1069,450,0.34,2018-19,0.42095416276894293
202323,Evan Turner,30.0,POR,443,52,0.212,2018-19,0.11738148984198646
1628402,Frank Jackson,21.0,NOP,447,169,0.314,2018-19,0.378076062639821
1626163,Frank Kaminsky,26.0,CHA,298,139,0.36,2018-19,0.4664429530201342
1628412,Frank Mason III,25.0,SAC,169,64,0.219,2018-19,0.378698224852071
1628373,Frank Ntilikina,20.0,NYK,282,115,0.287,2018-19,0.4078014184397163
1627832,Fred VanVleet,25.0,TOR,600,296,0.378,2018-19,0.49333333333333335
1627788,Furkan Korkmaz,21.0,PHI,245,144,0.326,2018-19,0.5877551020408164
202066,Garrett Temple,33.0,LAC,493,264,0.341,2018-19,0.5354969574036511
1629109,Gary Clark,24.0,HOU,151,138,0.297,2018-19,0.9139072847682119
203914,Gary Harris,24.0,DEN,637,242,0.339,2018-19,0.37990580847723704
1627780,Gary Payton II,26.0,WAS,8,2,0.5,2018-19,0.25
1629018,Gary Trent Jr.,20.0,POR,50,21,0.238,2018-19,0.42
201588,George Hill,33.0,MIL,376,153,0.314,2018-19,0.40691489361702127
1627777,Georges Niang,26.0,UTA,181,105,0.41,2018-19,0.580110497237569
101123,Gerald Green,33.0,HOU,578,441,0.354,2018-19,0.7629757785467128
203507,Giannis Antetokounmpo,24.0,MIL,1247,203,0.256,2018-19,0.16279069767441862
203922,Glenn Robinson III,25.0,DET,176,62,0.29,2018-19,0.3522727272727273
201609,Goran Dragic,33.0,MIA,433,164,0.348,2018-19,0.3787528868360277
202330,Gordon Hayward,29.0,BOS,635,231,0.333,2018-19,0.3637795275590551
203476,Gorgui Dieng,29.0,MIN,377,56,0.339,2018-19,0.14854111405835543
1628960,Grayson Allen,23.0,UTA,178,99,0.323,2018-19,0.5561797752808989
202328,Greg Monroe,29.0,PHI,189,5,0.2,2018-19,0.026455026455026454
1627824,Guerschon Yabusele,23.0,BOS,77,28,0.321,2018-19,0.36363636363636365
1628977,Hamidou Diallo,20.0,OKC,165,24,0.167,2018-19,0.14545454545454545
203084,Harrison Barnes,27.0,SAC,1027,441,0.395,2018-19,0.4294060370009737
1628385,Harry Giles III,21.0,SAC,348,6,0.0,2018-19,0.017241379310344827
202355,Hassan Whiteside,30.0,MIA,680,16,0.125,2018-19,0.023529411764705882
1629312,Haywood Highsmith,22.0,PHI,10,5,0.2,2018-19,0.5
1627740,Henry Ellenson,22.0,NYK,95,38,0.447,2018-19,0.4
203546,Ian Clark,28.0,NOP,383,202,0.327,2018-19,0.5274151436031331
101133,Ian Mahinmi,32.0,WAS,104,16,0.188,2018-19,0.15384615384615385
1628387,Ike Anigbogu,20.0,IND,3,0,0.0,2018-19,0.0
202697,Iman Shumpert,29.0,HOU,446,273,0.348,2018-19,0.6121076233183856
1629067,Isaac Bonga,19.0,LAL,33,8,0.0,2018-19,0.24242424242424243
1629353,Isaac Humphries,21.0,ATL,21,11,0.273,2018-19,0.5238095238095238
1628515,Isaiah Briscoe,23.0,ORL,138,34,0.324,2018-19,0.2463768115942029
203477,Isaiah Canaan,28.0,MIL,164,96,0.354,2018-19,0.5853658536585366
1628392,Isaiah Hartenstein,21.0,HOU,41,6,0.333,2018-19,0.14634146341463414
1628439,Isaiah Hicks,24.0,NYK,8,0,0.0,2018-19,0.0
202738,Isaiah Thomas,30.0,DEN,99,43,0.279,2018-19,0.43434343434343436
202397,Ish Smith,30.0,DET,489,135,0.326,2018-19,0.27607361963190186
1628397,Ivan Rabb,22.0,MEM,212,15,0.2,2018-19,0.07075471698113207
1627826,Ivica Zubac,22.0,LAC,379,0,0.0,2018-19,0.0
200826,J.J. Barea,35.0,DAL,385,128,0.297,2018-19,0.33246753246753247
1629122,J.P. Macura,24.0,CHA,9,4,0.0,2018-19,0.4444444444444444
200755,JJ Redick,35.0,PHI,1027,605,0.397,2018-19,0.5890944498539435
2747,JR Smith,33.0,CLE,79,39,0.308,2018-19,0.4936708860759494
203960,JaKarr Sampson,26.0,CHI,54,14,0.357,2018-19,0.25925925925925924
203210,JaMychal Green,29.0,LAC,476,176,0.403,2018-19,0.3697478991596639
201580,JaVale McGee,31.0,LAL,641,12,0.083,2018-19,0.0187207488299532
203953,Jabari Parker,24.0,WAS,749,195,0.313,2018-19,0.260347129506008
1628980,Jacob Evans,22.0,GSW,53,15,0.267,2018-19,0.2830188679245283
203109,Jae Crowder,28.0,UTA,797,522,0.331,2018-19,0.6549560853199499
1626143,Jahlil Okafor,23.0,NOP,362,5,0.2,2018-19,0.013812154696132596
1627774,Jake Layman,25.0,POR,424,181,0.326,2018-19,0.4268867924528302
1627751,Jakob Poeltl,23.0,SAS,290,0,0.0,2018-19,0.0
1628973,Jalen Brunson,22.0,DAL,565,181,0.348,2018-19,0.32035398230088497
1627883,Jalen Jones,26.0,CLE,62,28,0.357,2018-19,0.45161290322580644
2037,Jamal Crawford,39.0,PHX,438,202,0.332,2018-19,0.4611872146118721
1627750,Jamal Murray,22.0,DEN,1173,414,0.367,2018-19,0.35294117647058826
203516,James Ennis III,28.0,PHI,294,156,0.353,2018-19,0.5306122448979592
201935,James Harden,29.0,HOU,1909,1028,0.368,2018-19,0.5385018334206391
201949,James Johnson,32.0,MIA,379,149,0.336,2018-19,0.39313984168865435
203263,James Nunnally,28.0,HOU,34,25,0.32,2018-19,0.7352941176470589
201162,Jared Dudley,33.0,BKN,239,151,0.351,2018-19,0.6317991631799164
1629123,Jared Terrell,24.0,MIN,39,17,0.235,2018-19,0.4358974358974359
1626185,Jarell Martin,25.0,ORL,104,57,0.351,2018-19,0.5480769230769231
1628991,Jaren Jackson Jr.,19.0,MEM,589,142,0.359,2018-19,0.24108658743633277
1628417,Jaron Blossomgame,25.0,CLE,106,39,0.256,2018-19,0.36792452830188677
1629020,Jarred Vanderbilt,20.0,DEN,19,1,0.0,2018-19,0.05263157894736842
1628386,Jarrett Allen,21.0,BKN,568,45,0.133,2018-19,0.07922535211267606
201160,Jason Smith,33.0,NOP,59,26,0.346,2018-19,0.4406779661016949
1628393,Jawun Evans,22.0,OKC,14,3,0.0,2018-19,0.21428571428571427
1629121,Jaylen Adams,23.0,ATL,110,74,0.338,2018-19,0.6727272727272727
1627759,Jaylen Brown,22.0,BOS,792,276,0.344,2018-19,0.3484848484848485
1628537,Jaylen Morris,23.0,MIL,10,3,0.333,2018-19,0.3
1628369,Jayson Tatum,21.0,BOS,1036,311,0.373,2018-19,0.3001930501930502
201145,Jeff Green,32.0,WAS,687,320,0.347,2018-19,0.4657933042212518
201952,Jeff Teague,31.0,MIN,416,105,0.333,2018-19,0.25240384615384615
1629203,Jemerrio Jones,24.0,LAL,33,10,0.2,2018-19,0.30303030303030304
203924,Jerami Grant,25.0,OKC,823,293,0.392,2018-19,0.3560145808019441
203087,Jeremy Lamb,27.0,CHA,979,330,0.348,2018-19,0.33707865168539325
202391,Jeremy Lin,30.0,TOR,541,187,0.294,2018-19,0.3456561922365989
1626170,Jerian Grant,26.0,ORL,220,110,0.364,2018-19,0.5
1629010,Jerome Robinson,22.0,LAC,110,57,0.316,2018-19,0.5181818181818182
201573,Jerryd Bayless,30.0,MIN,230,98,0.296,2018-19,0.4260869565217391
1628975,Jevon Carter,23.0,MEM,185,102,0.333,2018-19,0.5513513513513514
202690,Jimmer Fredette,30.0,PHX,29,13,0.0,2018-19,0.4482758620689655
202710,Jimmy Butler III,29.0,PHI,904,193,0.347,2018-19,0.21349557522123894
201149,Joakim Noah,34.0,MEM,213,1,0.0,2018-19,0.004694835680751174
201975,Jodie Meeks,31.0,TOR,39,18,0.444,2018-19,0.46153846153846156
1629147,Joe Chealey,23.0,CHA,3,0,0.0,2018-19,0.0
203925,Joe Harris,27.0,BKN,748,386,0.474,2018-19,0.516042780748663
204060,Joe Ingles,31.0,UTA,802,483,0.391,2018-19,0.6022443890274314
203954,Joel Embiid,25.0,PHI,1199,263,0.3,2018-19,0.21934945788156798
1628381,John Collins,21.0,ATL,831,158,0.348,2018-19,0.1901323706377858
203089,John Henson,28.0,CLE,67,31,0.355,2018-19,0.4626865671641791
203098,John Jenkins,28.0,NYK,105,58,0.379,2018-19,0.5523809523809524
202322,John Wall,28.0,WAS,552,169,0.302,2018-19,0.3061594202898551
1628405,Johnathan Motley,24.0,LAC,73,3,0.0,2018-19,0.0410958904109589
1629140,Johnathan Williams,24.0,LAL,110,2,0.0,2018-19,0.01818181818181818
202720,Jon Leuer,30.0,DET,113,11,0.091,2018-19,0.09734513274336283
1628413,Jonah Bolden,23.0,PHI,162,96,0.354,2018-19,0.5925925925925926
201973,Jonas Jerebko,32.0,GSW,355,188,0.367,2018-19,0.5295774647887324
202685,Jonas Valančiūnas,27.0,MEM,538,48,0.292,2018-19,0.08921933085501858
1628371,Jonathan Isaac,21.0,ORL,611,266,0.323,2018-19,0.4353518821603928
203613,Jonathon Simmons,29.0,PHI,350,104,0.269,2018-19,0.29714285714285715
1628395,Jordan Bell,24.0,GSW,192,2,0.0,2018-19,0.010416666666666666
203903,Jordan Clarkson,27.0,CLE,1180,445,0.324,2018-19,0.3771186440677966
1628070,Jordan Loyd,25.0,TOR,18,8,0.5,2018-19,0.4444444444444444
203895,Jordan McRae,28.0,WAS,130,35,0.286,2018-19,0.2692307692307692
1626296,Jordan Sibert,26.0,ATL,1,1,1.0,2018-19,1.0
101181,Jose Calderon,37.0,DET,120,57,0.246,2018-19,0.475
1628404,Josh Hart,24.0,LAL,464,274,0.336,2018-19,0.5905172413793104
1628367,Josh Jackson,22.0,PHX,841,225,0.324,2018-19,0.267538644470868
1629006,Josh Okogie,20.0,MIN,508,215,0.279,2018-19,0.42322834645669294
1626196,Josh Richardson,25.0,MIA,1026,460,0.357,2018-19,0.44834307992202727
201950,Jrue Holiday,29.0,NOP,1159,363,0.325,2018-19,0.31320103537532357
1627823,Juancho Hernangomez,23.0,DEN,314,181,0.365,2018-19,0.5764331210191083
1627395,Julian Washburn,27.0,MEM,48,24,0.208,2018-19,0.5
203944,Julius Randle,24.0,NOP,1089,195,0.344,2018-19,0.1790633608815427
1626147,Justin Anderson,25.0,ATL,157,77,0.312,2018-19,0.49044585987261147
203200,Justin Holiday,30.0,MEM,777,465,0.348,2018-19,0.5984555984555985
1628382,Justin Jackson,24.0,DAL,485,245,0.355,2018-19,0.5051546391752577
1628383,Justin Patton,22.0,PHI,7,2,0.0,2018-19,0.2857142857142857
1626159,Justise Winslow,23.0,MIA,749,256,0.375,2018-19,0.3417890520694259
203994,Jusuf Nurkić,24.0,POR,826,29,0.103,2018-19,0.035108958837772396
1628443,Kadeem Allen,26.0,NYK,141,36,0.472,2018-19,0.2553191489361702
203564,Kalin Lucas,30.0,DET,1,1,0.0,2018-19,1.0
1626157,Karl-Anthony Towns,23.0,MIN,1314,355,0.4,2018-19,0.2701674277016743
202695,Kawhi Leonard,28.0,TOR,1129,302,0.371,2018-19,0.2674933569530558
1628966,Keita Bates-Diop,23.0,MIN,142,52,0.25,2018-19,0.36619718309859156
203482,Kelly Olynyk,28.0,MIA,564,319,0.354,2018-19,0.5656028368794326
1626162,Kelly Oubre Jr.,23.0,PHX,842,338,0.32,2018-19,0.4014251781472684
202689,Kemba Walker,29.0,CHA,1684,731,0.356,2018-19,0.4340855106888361
202702,Kenneth Faried,29.0,HOU,265,25,0.32,2018-19,0.09433962264150944
1629026,Kenrich Williams,24.0,NOP,279,156,0.333,2018-19,0.5591397849462365
203145,Kent Bazemore,29.0,ATL,691,300,0.32,2018-19,0.4341534008683068
203484,Kentavious Caldwell-Pope,26.0,LAL,756,435,0.347,2018-19,0.5753968253968254
201142,Kevin Durant,30.0,GSW,1383,388,0.353,2018-19,0.28054953000723065
1628989,Kevin Huerter,20.0,ATL,657,353,0.385,2018-19,0.5372907153729072
1628995,Kevin Knox II,19.0,NYK,914,364,0.343,2018-19,0.3982494529540481
201567,Kevin Love,30.0,CLE,283,147,0.361,2018-19,0.519434628975265
1626172,Kevon Looney,23.0,GSW,347,10,0.1,2018-19,0.02881844380403458
203920,Khem Birch,26.0,ORL,151,1,0.0,2018-19,0.006622516556291391
203114,Khris Middleton,27.0,MIL,1148,474,0.378,2018-19,0.41289198606271776
1629017,Khyri Thomas,23.0,DET,69,35,0.286,2018-19,0.5072463768115942
202691,Klay Thompson,29.0,GSW,1402,599,0.402,2018-19,0.427246790299572
201585,Kosta Koufos,30.0,SAC,153,0,0.0,2018-19,0.0
1628961,Kostas Antetokounmpo,21.0,DAL,3,0,0.0,2018-19,0.0
1627739,Kris Dunn,25.0,CHI,506,96,0.354,2018-19,0.18972332015810275
203937,Kyle Anderson,25.0,MEM,276,34,0.265,2018-19,0.12318840579710146
2594,Kyle Korver,38.0,UTA,483,348,0.397,2018-19,0.7204968944099379
1628398,Kyle Kuzma,23.0,LAL,1087,422,0.303,2018-19,0.38822447102115915
200768,Kyle Lowry,33.0,TOR,739,453,0.347,2018-19,0.6129905277401895
203124,Kyle O'Quinn,29.0,IND,136,12,0.083,2018-19,0.08823529411764706
202681,Kyrie Irving,27.0,BOS,1241,434,0.401,2018-19,0.34971796937953264
200746,LaMarcus Aldridge,33.0,SAS,1319,42,0.238,2018-19,0.03184230477634572
202362,Lance Stephenson,28.0,LAL,432,197,0.371,2018-19,0.45601851851851855
202498,Lance Thomas,31.0,NYK,197,79,0.278,2018-19,0.4010152284263959
1629013,Landry Shamet,22.0,LAC,557,396,0.422,2018-19,0.7109515260323159
204038,Langston Galloway,27.0,DET,587,380,0.355,2018-19,0.6473594548551959
1626204,Larry Nance Jr.,26.0,CLE,479,98,0.337,2018-19,0.2045929018789144
1628374,Lauri Markkanen,22.0,CHI,795,332,0.361,2018-19,0.4176100628930818
2544,LeBron James,34.0,LAL,1095,327,0.339,2018-19,0.29863013698630136
1629022,Lonnie Walker IV,20.0,SAS,46,13,0.385,2018-19,0.2826086956521739
1628366,Lonzo Ball,21.0,LAL,456,228,0.329,2018-19,0.5
203485,Lorenzo Brown,28.0,TOR,71,28,0.214,2018-19,0.39436619718309857
101150,Lou Williams,32.0,LAC,1138,291,0.361,2018-19,0.2557117750439367
201601,Luc Mbah a Moute,32.0,LAC,18,6,0.333,2018-19,0.3333333333333333
1629029,Luka Dončić,20.0,DAL,1186,514,0.327,2018-19,0.433389544688027
1628379,Luke Kennard,23.0,DET,520,269,0.394,2018-19,0.5173076923076924
1628436,Luke Kornet,23.0,NYK,283,193,0.363,2018-19,0.6819787985865724
2736,Luol Deng,34.0,MIN,118,44,0.318,2018-19,0.3728813559322034
1627781,Malachi Richardson,23.0,TOR,29,25,0.32,2018-19,0.8620689655172413
1627763,Malcolm Brogdon,26.0,MIL,748,244,0.426,2018-19,0.32620320855614976
1626259,Malcolm Miller,26.0,TOR,26,21,0.476,2018-19,0.8076923076923077
1627736,Malik Beasley,22.0,DEN,737,405,0.402,2018-19,0.5495251017639078
1628370,Malik Monk,21.0,CHA,586,330,0.33,2018-19,0.5631399317406144
202705,MarShon Brooks,30.0,MEM,169,54,0.278,2018-19,0.31952662721893493
201188,Marc Gasol,34.0,TOR,870,273,0.363,2018-19,0.3137931034482759
101162,Marcin Gortat,35.0,LAC,186,0,0.0,2018-19,0.0
201158,Marco Belinelli,33.0,SAS,690,395,0.372,2018-19,0.572463768115942
1629094,Marcus Derrickson,23.0,GSW,33,20,0.5,2018-19,0.6060606060606061
202694,Marcus Morris Sr.,29.0,BOS,844,389,0.375,2018-19,0.4609004739336493
203935,Marcus Smart,25.0,BOS,567,346,0.364,2018-19,0.6102292768959435
1626209,Mario Hezonja,24.0,NYK,464,152,0.276,2018-19,0.3275862068965517
1628365,Markelle Fultz,21.0,ORL,155,14,0.286,2018-19,0.09032258064516129
202693,Markieff Morris,29.0,OKC,484,203,0.335,2018-19,0.4194214876033058
1627737,Marquese Chriss,21.0,CLE,180,72,0.222,2018-19,0.4
1628963,Marvin Bagley III,20.0,SAC,706,96,0.313,2018-19,0.1359773371104816
101107,Marvin Williams,33.0,CHA,652,382,0.366,2018-19,0.5858895705521472
203486,Mason Plumlee,29.0,DEN,442,10,0.2,2018-19,0.02262443438914027
203521,Matthew Dellavedova,28.0,CLE,242,130,0.338,2018-19,0.5371900826446281
203090,Maurice Harkless,26.0,POR,388,120,0.275,2018-19,0.30927835051546393
1628467,Maxi Kleber,27.0,DAL,386,218,0.353,2018-19,0.5647668393782384
1628982,Melvin Frazier Jr.,22.0,ORL,21,6,0.0,2018-19,0.2857142857142857
203086,Meyers Leonard,27.0,POR,242,111,0.45,2018-19,0.45867768595041325
201563,Michael Beasley,30.0,LAL,153,17,0.176,2018-19,0.1111111111111111
203487,Michael Carter-Williams,27.0,ORL,123,38,0.263,2018-19,0.3089430894308943
203077,Michael Kidd-Gilchrist,25.0,CHA,332,47,0.34,2018-19,0.14156626506024098
1628969,Mikal Bridges,22.0,PHX,563,313,0.335,2018-19,0.5559502664298401
201144,Mike Conley,31.0,MEM,1120,426,0.364,2018-19,0.38035714285714284
203488,Mike Muscala,27.0,LAL,361,256,0.348,2018-19,0.7091412742382271
203118,Mike Scott,30.0,PHI,420,252,0.401,2018-19,0.6
1628970,Miles Bridges,21.0,CHA,511,200,0.325,2018-19,0.3913894324853229
203101,Miles Plumlee,30.0,ATL,48,0,0.0,2018-19,0.0
1628462,Milos Teodosic,32.0,LAC,40,27,0.37,2018-19,0.675
1628249,Mitchell Creek,27.0,MIN,16,2,0.0,2018-19,0.125
1629011,Mitchell Robinson,21.0,NYK,291,0,0.0,2018-19,0.0
1628964,Mo Bamba,21.0,ORL,243,70,0.3,2018-19,0.2880658436213992
1628420,Monte Morris,24.0,DEN,702,227,0.414,2018-19,0.32336182336182334
1626149,Montrezl Harrell,25.0,LAC,888,17,0.176,2018-19,0.019144144144144143
1629021,Moritz Wagner,22.0,LAL,171,77,0.286,2018-19,0.4502923976608187
1626167,Myles Turner,23.0,IND,780,196,0.388,2018-19,0.2512820512820513
1628513,Naz Mitrou-Long,25.0,UTA,20,11,0.182,2018-19,0.55
202357,Nemanja Bjelica,31.0,SAC,593,257,0.401,2018-19,0.433389544688027
2403,Nene,36.0,HOU,116,3,0.0,2018-19,0.02586206896551724
203457,Nerlens Noel,25.0,OKC,276,0,0.0,2018-19,0.0
201156,Nick Young,34.0,DEN,9,8,0.375,2018-19,0.8888888888888888
201587,Nicolas Batum,30.0,CHA,562,298,0.389,2018-19,0.5302491103202847
203917,Nik Stauskas,25.0,CLE,338,188,0.372,2018-19,0.5562130177514792
203999,Nikola Jokić,24.0,DEN,1206,270,0.307,2018-19,0.22388059701492538
202703,Nikola Mirotic,28.0,MIL,542,318,0.365,2018-19,0.5867158671586716
202696,Nikola Vučević,28.0,ORL,1354,231,0.364,2018-19,0.1706056129985229
203943,Noah Vonleh,23.0,NYK,440,137,0.336,2018-19,0.31136363636363634
1626181,Norman Powell,26.0,TOR,400,170,0.4,2018-19,0.425
1628384,OG Anunoby,21.0,TOR,404,202,0.332,2018-19,0.5
1627855,Okaro White,26.0,WAS,2,2,0.0,2018-19,1.0
1629016,Omari Spellman,21.0,ATL,244,128,0.344,2018-19,0.5245901639344263
201956,Omri Casspi,31.0,MEM,161,43,0.349,2018-19,0.2670807453416149
203490,Otto Porter Jr.,26.0,CHI,643,256,0.406,2018-19,0.39813374805598756
200782,P.J. Tucker,34.0,HOU,523,387,0.377,2018-19,0.739961759082218
1628408,PJ Dozier,22.0,BOS,21,8,0.25,2018-19,0.38095238095238093
1627783,Pascal Siakam,25.0,TOR,945,214,0.369,2018-19,0.22645502645502646
1626192,Pat Connaughton,26.0,MIL,350,200,0.33,2018-19,0.5714285714285714
201976,Patrick Beverley,30.0,LAC,477,282,0.397,2018-19,0.5911949685534591
1627775,Patrick McCaw,23.0,TOR,63,28,0.321,2018-19,0.4444444444444444
202335,Patrick Patterson,30.0,OKC,219,137,0.336,2018-19,0.6255707762557078
201988,Patty Mills,30.0,SAS,663,404,0.394,2018-19,0.6093514328808446
2200,Pau Gasol,38.0,MIL,94,13,0.462,2018-19,0.13829787234042554
202331,Paul George,29.0,OKC,1614,757,0.386,2018-19,0.46902106567534074
200794,Paul Millsap,34.0,DEN,665,159,0.365,2018-19,0.23909774436090225
203112,Quincy Acy,28.0,PHX,18,15,0.133,2018-19,0.8333333333333334
202347,Quincy Pondexter,31.0,SAS,58,18,0.333,2018-19,0.3103448275862069
1626188,Quinn Cook,26.0,GSW,439,200,0.405,2018-19,0.45558086560364464
1626154,RJ Hunter,25.0,BOS,13,10,0.4,2018-19,0.7692307692307693
200765,Rajon Rondo,33.0,LAL,432,142,0.359,2018-19,0.3287037037037037
203526,Raul Neto,27.0,UTA,161,60,0.333,2018-19,0.37267080745341613
1628959,Rawle Alkins,21.0,CHI,39,12,0.25,2018-19,0.3076923076923077
1629034,Ray Spalding,22.0,PHX,47,3,0.0,2018-19,0.06382978723404255
101109,Raymond Felton,35.0,OKC,135,61,0.328,2018-19,0.45185185185185184
203493,Reggie Bullock Jr.,28.0,LAL,594,393,0.377,2018-19,0.6616161616161617
202704,Reggie Jackson,29.0,DET,1047,471,0.369,2018-19,0.4498567335243553
1626158,Richaun Holmes,25.0,PHX,365,0,0.0,2018-19,0.0
201937,Ricky Rubio,28.0,UTA,730,254,0.311,2018-19,0.34794520547945207
203496,Robert Covington,28.0,MIN,362,225,0.378,2018-19,0.6215469613259669
1629057,Robert Williams III,21.0,BOS,51,0,0.0,2018-19,0.0
201577,Robin Lopez,31.0,CHI,535,31,0.226,2018-19,0.05794392523364486
1629066,Rodions Kurucs,21.0,BKN,449,184,0.315,2018-19,0.40979955456570155
203918,Rodney Hood,26.0,POR,671,236,0.356,2018-19,0.35171385991058124
203585,Rodney McGruder,27.0,LAC,461,225,0.351,2018-19,0.4880694143167028
1627758,Ron Baker,26.0,WAS,20,13,0.077,2018-19,0.65
1626178,Rondae Hollis-Jefferson,24.0,BKN,487,49,0.184,2018-19,0.10061601642710473
1626220,Royce O'Neale,26.0,UTA,343,176,0.386,2018-19,0.5131195335276968
200752,Rudy Gay,32.0,SAS,746,184,0.402,2018-19,0.24664879356568364
203497,Rudy Gobert,27.0,UTA,712,0,0.0,2018-19,0.0
201566,Russell Westbrook,30.0,OKC,1473,411,0.29,2018-19,0.2790224032586558
201583,Ryan Anderson,31.0,MIA,69,40,0.225,2018-19,0.5797101449275363
1627853,Ryan Arcidiacono,25.0,CHI,418,217,0.373,2018-19,0.5191387559808612
1629151,Ryan Broekhoff,28.0,DAL,126,93,0.409,2018-19,0.7380952380952381
1626257,Salah Mejri,33.0,DAL,112,34,0.324,2018-19,0.30357142857142855
1626155,Sam Dekker,25.0,WAS,256,62,0.306,2018-19,0.2421875
203159,Scott Machado,29.0,LAL,6,1,1.0,2018-19,0.16666666666666666
1628400,Semi Ojeleye,24.0,BOS,158,89,0.315,2018-19,0.5632911392405063
201586,Serge Ibaka,29.0,TOR,877,169,0.29,2018-19,0.19270239452679588
203552,Seth Curry,28.0,POR,465,251,0.45,2018-19,0.5397849462365591
203894,Shabazz Napier,27.0,BKN,435,228,0.333,2018-19,0.5241379310344828
1628983,Shai Gilgeous-Alexander,20.0,LAC,716,139,0.367,2018-19,0.1941340782122905
1629003,Shake Milton,22.0,PHI,87,44,0.318,2018-19,0.5057471264367817
1627885,Shaquille Harrison,25.0,CHI,426,89,0.27,2018-19,0.20892018779342722
2733,Shaun Livingston,33.0,GSW,210,2,0.0,2018-19,0.009523809523809525
202714,Shelvin Mack,29.0,CHA,403,130,0.354,2018-19,0.3225806451612903
1628414,Sindarius Thornwell,24.0,LAC,49,15,0.2,2018-19,0.30612244897959184
1627746,Skal Labissiere,23.0,POR,49,13,0.462,2018-19,0.2653061224489796
203524,Solomon Hill,28.0,NOP,178,101,0.317,2018-19,0.5674157303370787
203915,Spencer Dinwiddie,26.0,BKN,828,370,0.335,2018-19,0.4468599033816425
1626169,Stanley Johnson,23.0,NOP,440,215,0.288,2018-19,0.48863636363636365
201939,Stephen Curry,31.0,GSW,1340,810,0.437,2018-19,0.6044776119402985
1628425,Sterling Brown,24.0,MIL,312,147,0.361,2018-19,0.47115384615384615
203500,Steven Adams,25.0,OKC,809,2,0.0,2018-19,0.002472187886279357
1629004,Svi Mykhailiuk,22.0,DET,140,89,0.326,2018-19,0.6357142857142857
1628388,T.J. Leaf,22.0,IND,183,31,0.258,2018-19,0.16939890710382513
204456,T.J. McConnell,27.0,PHI,419,42,0.333,2018-19,0.10023866348448687
203933,T.J. Warren,25.0,PHX,611,180,0.428,2018-19,0.2945990180032733
1628769,Tahjere McCall,24.0,BKN,3,1,0.0,2018-19,0.3333333333333333
201959,Taj Gibson,34.0,MIN,537,34,0.324,2018-19,0.0633147113594041
1627752,Taurean Prince,25.0,ATL,594,315,0.39,2018-19,0.5303030303030303
1628390,Terrance Ferguson,21.0,OKC,431,290,0.366,2018-19,0.6728538283062645
203093,Terrence Jones,27.0,HOU,4,2,0.0,2018-19,0.5
203082,Terrence Ross,28.0,ORL,1027,566,0.383,2018-19,0.5511197663096398
1626179,Terry Rozier,25.0,BOS,666,337,0.353,2018-19,0.506006006006006
200757,Thabo Sefolosha,35.0,UTA,149,78,0.436,2018-19,0.5234899328859061
201152,Thaddeus Young,31.0,IND,841,146,0.349,2018-19,0.17360285374554102
1629033,Theo Pinson,23.0,BKN,73,46,0.261,2018-19,0.6301369863013698
1628418,Thomas Bryant,21.0,WAS,502,99,0.333,2018-19,0.19721115537848605
1629118,Thomas Welsh,23.0,DEN,13,7,0.429,2018-19,0.5384615384615384
1627748,Thon Maker,22.0,DET,268,153,0.32,2018-19,0.5708955223880597
204025,Tim Frazier,28.0,MIL,261,101,0.366,2018-19,0.38697318007662834
203501,Tim Hardaway Jr.,27.0,DAL,993,477,0.34,2018-19,0.48036253776435045
1627789,Timothe Luwawu-Cabarrot,24.0,CHI,218,116,0.31,2018-19,0.5321100917431193
202699,Tobias Harris,26.0,PHI,1254,393,0.397,2018-19,0.3133971291866029
203107,Tomas Satoransky,27.0,WAS,530,162,0.395,2018-19,0.30566037735849055
1628396,Tony Bradley,21.0,UTA,16,0,0.0,2018-19,0.0
2225,Tony Parker,37.0,CHA,463,51,0.255,2018-19,0.1101511879049676
203503,Tony Snell,27.0,MIL,361,204,0.397,2018-19,0.5650969529085873
1628470,Torrey Craig,28.0,DEN,362,188,0.324,2018-19,0.5193370165745856
1629027,Trae Young,20.0,ATL,1256,482,0.324,2018-19,0.3837579617834395
1626203,Treveon Graham,25.0,BKN,191,128,0.297,2018-19,0.6701570680628273
1628979,Trevon Duval,20.0,HOU,3,1,1.0,2018-19,0.3333333333333333
2772,Trevor Ariza,33.0,WAS,736,434,0.334,2018-19,0.5896739130434783
203504,Trey Burke,26.0,DAL,548,159,0.352,2018-19,0.29014598540145986
1626168,Trey Lyles,23.0,DEN,495,200,0.255,2018-19,0.40404040404040403
202684,Tristan Thompson,28.0,CLE,380,0,0.0,2018-19,0.0
1628972,Troy Brown Jr.,19.0,WAS,234,69,0.319,2018-19,0.2948717948717949
1628505,Troy Caupain,23.0,ORL,8,3,0.667,2018-19,0.375
203584,Troy Daniels,27.0,PHX,275,194,0.381,2018-19,0.7054545454545454
1627786,Troy Williams,24.0,SAC,98,44,0.318,2018-19,0.4489795918367347
1628463,Tyler Cavanaugh,25.0,UTA,10,5,0.2,2018-19,0.5
1629093,Tyler Davis,22.0,OKC,1,0,0.0,2018-19,0.0
1628416,Tyler Dorsey,23.0,MEM,264,132,0.333,2018-19,0.5
204020,Tyler Johnson,27.0,PHX,526,260,0.346,2018-19,0.49429657794676807
1628399,Tyler Lydon,23.0,DEN,18,10,0.4,2018-19,0.5555555555555556
203092,Tyler Zeller,29.0,MEM,30,1,0.0,2018-19,0.03333333333333333
201936,Tyreke Evans,29.0,IND,660,216,0.356,2018-19,0.32727272727272727
1627820,Tyrone Wallace,25.0,LAC,217,19,0.211,2018-19,0.08755760368663594
2199,Tyson Chandler,36.0,LAL,99,1,0.0,2018-19,0.010101010101010102
1626145,Tyus Jones,23.0,MIN,446,126,0.317,2018-19,0.2825112107623318
2617,Udonis Haslem,39.0,MIA,33,12,0.0,2018-19,0.36363636363636365
203506,Victor Oladipo,27.0,IND,588,216,0.343,2018-19,0.3673469387755102
1713,Vince Carter,42.0,ATL,468,316,0.389,2018-19,0.6752136752136753
1629053,Vincent Edwards,23.0,HOU,4,4,0.25,2018-19,1.0
1627735,Wade Baldwin IV,23.0,POR,33,9,0.222,2018-19,0.2727272727272727
1627215,Walt Lemon Jr.,26.0,CHI,87,5,0.4,2018-19,0.05747126436781609
201961,Wayne Ellington,31.0,DET,457,372,0.371,2018-19,0.8140043763676149
1627782,Wayne Selden,24.0,CHI,483,174,0.316,2018-19,0.36024844720496896
1628976,Wendell Carter Jr.,20.0,CHI,371,32,0.188,2018-19,0.0862533692722372
1628411,Wes Iwundu,24.0,ORL,274,79,0.367,2018-19,0.28832116788321166
202325,Wesley Johnson,31.0,WAS,128,76,0.329,2018-19,0.59375
202083,Wesley Matthews,32.0,IND,698,403,0.372,2018-19,0.5773638968481375
203115,Will Barton,28.0,DEN,460,196,0.342,2018-19,0.4260869565217391
1626161,Willie Cauley-Stein,25.0,SAC,741,2,0.5,2018-19,0.002699055330634278
1626195,Willy Hernangomez,25.0,CHA,295,39,0.385,2018-19,0.13220338983050847
201163,Wilson Chandler,32.0,LAC,273,158,0.373,2018-19,0.5787545787545788
1628999,Yante Maten,22.0,MIA,4,1,0.0,2018-19,0.25
1627812,Yogi Ferrell,26.0,SAC,352,149,0.362,2018-19,0.42329545454545453
1629139,Yuta Watanabe,24.0,MEM,51,16,0.125,2018-19,0.3137254901960784
1628380,Zach Collins,21.0,POR,400,121,0.331,2018-19,0.3025
203897,Zach LaVine,24.0,CHI,1135,321,0.374,2018-19,0.2828193832599119
1629155,Zach Lofton,26.0,DET,1,1,0.0,2018-19,1.0
2585,Zaza Pachulia,35.0,DET,193,4,0.0,2018-19,0.02072538860103627
1629015,Zhaire Smith,20.0,PHI,34,16,0.375,2018-19,0.47058823529411764
1627753,Zhou Qi,23.0,HOU,1,0,0.0,2018-19,0.0
203932,Aaron Gordon,24.0,ORL,767,237,0.308,2019-20,0.3089960886571056
1628988,Aaron Holiday,23.0,IND,563,221,0.394,2019-20,0.3925399644760213
1627846,Abdel Nader,26.0,OKC,263,128,0.375,2019-20,0.4866920152091255
1629690,Adam Mokoka,21.0,CHI,28,15,0.4,2019-20,0.5357142857142857
1629678,Admiral Schofield,23.0,WAS,92,61,0.311,2019-20,0.6630434782608695
201143,Al Horford,34.0,PHI,709,283,0.35,2019-20,0.3991537376586742
202329,Al-Farouq Aminu,29.0,ORL,86,36,0.25,2019-20,0.4186046511627907
202692,Alec Burks,28.0,PHI,768,301,0.385,2019-20,0.3919270833333333
1629346,Alen Smailagic,19.0,GSW,40,13,0.231,2019-20,0.325
1627936,Alex Caruso,26.0,LAL,291,120,0.333,2019-20,0.41237113402061853
203458,Alex Len,27.0,SAC,319,59,0.271,2019-20,0.18495297805642633
1628035,Alfonzo McKinnie,27.0,CLE,171,65,0.215,2019-20,0.38011695906432746
1628993,Alize Johnson,24.0,IND,29,8,0.375,2019-20,0.27586206896551724
203459,Allen Crabbe,28.0,MIN,177,119,0.303,2019-20,0.672316384180791
1629019,Allonzo Trier,24.0,NYK,106,53,0.358,2019-20,0.5
1628518,Amile Jefferson,27.0,ORL,14,0,0.0,2019-20,0.0
1629599,Amir Coffey,23.0,LAC,54,19,0.316,2019-20,0.35185185185185186
203083,Andre Drummond,26.0,CLE,784,35,0.143,2019-20,0.044642857142857144
2738,Andre Iguodala,36.0,MIA,88,47,0.298,2019-20,0.5340909090909091
203460,Andre Roberson,28.0,OKC,29,14,0.214,2019-20,0.4827586206896552
203952,Andrew Wiggins,25.0,GSW,978,334,0.332,2019-20,0.34151329243353784
1629014,Anfernee Simons,21.0,POR,536,226,0.332,2019-20,0.4216417910447761
1627790,Ante Zizic,23.0,CLE,72,0,0.0,2019-20,0.0
203076,Anthony Davis,27.0,LAL,1096,218,0.33,2019-20,0.1989051094890511
201229,Anthony Tolliver,35.0,MEM,182,145,0.338,2019-20,0.7967032967032966
1628499,Antonius Cleveland,26.0,DAL,14,3,0.0,2019-20,0.21428571428571427
1628394,Anžejs Pasečņiks,24.0,WAS,116,3,0.0,2019-20,0.02586206896551724
203382,Aron Baynes,33.0,PHX,381,168,0.351,2019-20,0.4409448818897638
203085,Austin Rivers,27.0,HOU,501,270,0.356,2019-20,0.5389221556886228
202340,Avery Bradley,29.0,LAL,383,173,0.364,2019-20,0.4516971279373368
1629168,BJ Johnson,24.0,ORL,32,9,0.333,2019-20,0.28125
1628389,Bam Adebayo,22.0,MIA,790,14,0.143,2019-20,0.017721518987341773
203463,Ben McLemore,27.0,HOU,545,452,0.4,2019-20,0.8293577981651377
1627732,Ben Simmons,23.0,PHI,647,7,0.286,2019-20,0.010819165378670788
202687,Bismack Biyombo,27.0,CHA,278,0,0.0,2019-20,0.0
201933,Blake Griffin,31.0,DET,250,111,0.243,2019-20,0.444
1626246,Boban Marjanovic,31.0,DAL,211,17,0.235,2019-20,0.08056872037914692
1626171,Bobby Portis,25.0,NYK,589,187,0.358,2019-20,0.3174872665534805
203992,Bogdan Bogdanović,27.0,SAC,766,441,0.372,2019-20,0.5757180156657964
202711,Bojan Bogdanovic,31.0,UTA,935,457,0.414,2019-20,0.48877005347593583
1629626,Bol Bol,20.0,DEN,28,9,0.444,2019-20,0.32142857142857145
202954,Brad Wanamaker,30.0,BOS,362,102,0.363,2019-20,0.281767955801105
203078,Bradley Beal,27.0,WAS,1303,481,0.353,2019-20,0.36914811972371453
1629634,Brandon Clarke,23.0,MEM,479,64,0.359,2019-20,0.1336116910229645
1629164,Brandon Goodwin,24.0,ATL,190,87,0.299,2019-20,0.45789473684210524
1627742,Brandon Ingram,22.0,NOP,1096,384,0.391,2019-20,0.35036496350364965
202688,Brandon Knight,28.0,DET,167,131,0.344,2019-20,0.7844311377245509
1628968,Brian Bowen II,21.0,IND,10,2,0.0,2019-20,0.2
201572,Brook Lopez,32.0,MIL,671,325,0.314,2019-20,0.4843517138599106
1628971,Bruce Brown,23.0,DET,447,96,0.344,2019-20,0.21476510067114093
203998,Bruno Caboclo,24.0,HOU,89,33,0.182,2019-20,0.3707865168539326
1628981,Bruno Fernando,21.0,ATL,199,37,0.135,2019-20,0.18592964824120603
1627854,Bryn Forbes,26.0,SAS,581,381,0.388,2019-20,0.6557659208261618
1627741,Buddy Hield,27.0,SAC,1162,688,0.394,2019-20,0.5920826161790017
203468,CJ McCollum,28.0,POR,1356,512,0.379,2019-20,0.3775811209439528
101139,CJ Miles,33.0,WAS,59,35,0.314,2019-20,0.5932203389830508
1628997,Caleb Martin,24.0,CHA,84,37,0.541,2019-20,0.44047619047619047
1628403,Caleb Swanigan,23.0,POR,47,2,0.0,2019-20,0.0425531914893617
1629629,Cam Reddish,20.0,ATL,554,250,0.332,2019-20,0.45126353790613716
1629661,Cameron Johnson,24.0,PHX,405,272,0.39,2019-20,0.671604938271605
1626166,Cameron Payne,25.0,PHX,68,29,0.517,2019-20,0.4264705882352941
1627747,Caris LeVert,25.0,BKN,732,220,0.364,2019-20,0.3005464480874317
2546,Carmelo Anthony,36.0,POR,782,226,0.385,2019-20,0.289002557544757
1629035,Carsen Edwards,22.0,BOS,128,76,0.316,2019-20,0.59375
1626224,Cedi Osman,25.0,CLE,609,321,0.383,2019-20,0.5270935960591133
1628990,Chandler Hutchison,24.0,CHI,175,38,0.316,2019-20,0.21714285714285714
202718,Chandler Parsons,31.0,ATL,18,14,0.286,2019-20,0.7777777777777778
1629718,Charlie Brown Jr.,23.0,ATL,19,9,0.333,2019-20,0.47368421052631576
1626184,Chasson Randle,27.0,GSW,4,2,0.0,2019-20,0.5
1627767,Cheick Diallo,23.0,PHX,142,3,0.333,2019-20,0.02112676056338028
1629002,Chimezie Metu,23.0,SAS,42,2,0.0,2019-20,0.047619047619047616
1628449,Chris Boucher,27.0,TOR,299,118,0.322,2019-20,0.39464882943143814
1629185,Chris Chiozza,24.0,BKN,140,72,0.375,2019-20,0.5142857142857142
1629598,Chris Clemons,22.0,HOU,142,107,0.346,2019-20,0.7535211267605634
101108,Chris Paul,35.0,OKC,887,304,0.365,2019-20,0.342728297632469
1629735,Chris Silva,23.0,MIA,78,3,0.0,2019-20,0.038461538461538464
1626174,Christian Wood,24.0,DET,508,140,0.386,2019-20,0.2755905511811024
203991,Clint Capela,26.0,ATL,388,0,0.0,2019-20,0.0
1629632,Coby White,20.0,CHI,792,376,0.354,2019-20,0.47474747474747475
1628998,Cody Martin,24.0,CHA,207,77,0.234,2019-20,0.3719806763285024
203469,Cody Zeller,27.0,CHA,479,75,0.24,2019-20,0.15657620041753653
1629012,Collin Sexton,21.0,CLE,1086,255,0.38,2019-20,0.23480662983425415
201147,Corey Brewer,34.0,SAC,4,1,0.0,2019-20,0.25
202709,Cory Joseph,28.0,SAC,412,159,0.352,2019-20,0.3859223300970874
201584,Courtney Lee,34.0,DAL,82,47,0.447,2019-20,0.573170731707317
1626245,Cristiano Felicio,27.0,CHI,54,2,0.0,2019-20,0.037037037037037035
1626156,D'Angelo Russell,24.0,MIN,846,431,0.367,2019-20,0.5094562647754137
201571,D.J. Augustin,32.0,ORL,461,201,0.348,2019-20,0.4360086767895879
1628391,D.J. Wilson,24.0,MIL,132,73,0.247,2019-20,0.553030303030303
1629610,DaQuan Jeffries,22.0,SAC,40,18,0.278,2019-20,0.45
1627745,Damian Jones,25.0,ATL,178,9,0.222,2019-20,0.05056179775280899
203081,Damian Lillard,29.0,POR,1349,674,0.401,2019-20,0.49962935507783546
1627814,Damion Lee,27.0,GSW,511,239,0.356,2019-20,0.46771037181996084
1628422,Damyean Dotson,26.0,NYK,290,163,0.362,2019-20,0.5620689655172414
1629655,Daniel Gafford,21.0,CHI,134,0,0.0,2019-20,0.0
1628464,Daniel Theis,28.0,BOS,426,96,0.333,2019-20,0.22535211267605634
201568,Danilo Gallinari,31.0,OKC,817,439,0.405,2019-20,0.5373317013463892
201980,Danny Green,33.0,LAL,474,327,0.367,2019-20,0.689873417721519
203957,Dante Exum,24.0,CLE,119,43,0.349,2019-20,0.36134453781512604
1627863,Danuel House Jr.,27.0,HOU,539,355,0.363,2019-20,0.6586270871985158
203967,Dario Saric,26.0,PHX,538,235,0.357,2019-20,0.4368029739776952
1629647,Darius Bazley,20.0,OKC,317,141,0.348,2019-20,0.444794952681388
1629636,Darius Garland,20.0,CLE,699,296,0.355,2019-20,0.4234620886981402
1629133,Daryl Macon,24.0,MIA,3,2,0.5,2019-20,0.6666666666666666
1628021,David Nwaba,27.0,HOU,71,28,0.429,2019-20,0.39436619718309857
202722,Davis Bertans,27.0,WAS,610,472,0.424,2019-20,0.7737704918032787
1628368,De'Aaron Fox,22.0,SAC,815,185,0.292,2019-20,0.22699386503067484
1629631,De'Andre Hunter,22.0,ATL,683,304,0.355,2019-20,0.445095168374817
1629001,De'Anthony Melton,22.0,MEM,401,140,0.286,2019-20,0.3491271820448878
201599,DeAndre Jordan,31.0,BKN,287,0,0.0,2019-20,0.0
1627761,DeAndre' Bembry,25.0,ATL,228,65,0.231,2019-20,0.2850877192982456
201942,DeMar DeRozan,30.0,SAS,1049,35,0.257,2019-20,0.03336510962821735
201960,DeMarre Carroll,33.0,HOU,66,33,0.242,2019-20,0.5
1629731,Dean Wade,23.0,CLE,13,4,0.5,2019-20,0.3076923076923077
1629028,Deandre Ayton,21.0,PHX,568,13,0.231,2019-20,0.022887323943661973
1627749,Dejounte Murray,23.0,SAS,637,111,0.369,2019-20,0.17425431711145997
1626153,Delon Wright,28.0,DAL,411,127,0.37,2019-20,0.30900243309002434
203471,Dennis Schröder,26.0,OKC,965,325,0.385,2019-20,0.33678756476683935
1628372,Dennis Smith Jr.,22.0,NYK,211,54,0.296,2019-20,0.2559241706161137
1627756,Denzel Valentine,26.0,CHI,237,137,0.336,2019-20,0.5780590717299579
1629126,Deonte Burton,26.0,OKC,125,53,0.189,2019-20,0.424
202324,Derrick Favors,28.0,NOP,339,7,0.143,2019-20,0.02064896755162242
1627884,Derrick Jones Jr.,23.0,MIA,349,132,0.28,2019-20,0.37822349570200575
201565,Derrick Rose,31.0,DET,753,147,0.306,2019-20,0.1952191235059761
1628476,Derrick Walton Jr.,25.0,DET,39,24,0.417,2019-20,0.6153846153846154
1628401,Derrick White,25.0,SAS,552,216,0.366,2019-20,0.391304347826087
1626164,Devin Booker,23.0,PHX,1283,398,0.354,2019-20,0.3102104442712393
1628985,Devon Hall,24.0,OKC,30,17,0.235,2019-20,0.5666666666666667
1629719,Devontae Cacok,23.0,LAL,6,0,0.0,2019-20,0.0
1628984,Devonte' Graham,25.0,CHA,963,585,0.373,2019-20,0.6074766355140186
1629608,Dewan Hernandez,23.0,TOR,14,2,0.5,2019-20,0.14285714285714285
203473,Dewayne Dedmon,30.0,ATL,255,107,0.206,2019-20,0.4196078431372549
1628415,Dillon Brooks,24.0,MEM,1068,411,0.358,2019-20,0.3848314606741573
203079,Dion Waiters,28.0,LAL,99,47,0.319,2019-20,0.47474747474747475
1627734,Domantas Sabonis,24.0,IND,848,67,0.254,2019-20,0.07900943396226415
1628378,Donovan Mitchell,23.0,UTA,1342,473,0.366,2019-20,0.3524590163934426
1629743,Donta Hall,22.0,BKN,22,0,0.0,2019-20,0.0
1628978,Donte DiVincenzo,23.0,MIL,510,247,0.336,2019-20,0.4843137254901961
1627827,Dorian Finney-Smith,27.0,DAL,522,303,0.376,2019-20,0.5804597701149425
203926,Doug McDermott,28.0,IND,547,294,0.435,2019-20,0.5374771480804388
1627733,Dragan Bender,22.0,GSW,92,43,0.349,2019-20,0.4673913043478261
203110,Draymond Green,30.0,GSW,316,129,0.279,2019-20,0.40822784810126583
1629234,Drew Eubanks,23.0,SAS,67,1,1.0,2019-20,0.014925373134328358
1629130,Duncan Robinson,26.0,MIA,687,606,0.446,2019-20,0.8820960698689956
1628605,Dusty Hannahs,26.0,MEM,9,3,0.667,2019-20,0.3333333333333333
1628407,Dwayne Bacon,24.0,CHA,244,67,0.284,2019-20,0.27459016393442626
2730,Dwight Howard,34.0,LAL,277,5,0.6,2019-20,0.018050541516245487
203939,Dwight Powell,28.0,DAL,229,39,0.256,2019-20,0.1703056768558952
1629058,Dzanan Musa,21.0,BKN,172,78,0.244,2019-20,0.45348837209302323
202734,E'Twaun Moore,31.0,NOP,437,167,0.377,2019-20,0.38215102974828374
202334,Ed Davis,31.0,UTA,46,0,0.0,2019-20,0.0
1628410,Edmond Sumner,24.0,IND,142,53,0.264,2019-20,0.3732394366197183
203901,Elfrid Payton,26.0,NYK,440,69,0.203,2019-20,0.15681818181818183
1629059,Elie Okobo,22.0,PHX,181,71,0.352,2019-20,0.39226519337016574
1626144,Emmanuel Mudiay,24.0,UTA,327,87,0.345,2019-20,0.26605504587155965
202683,Enes Freedom,28.0,BOS,348,7,0.143,2019-20,0.020114942528735632
202339,Eric Bledsoe,30.0,MIL,703,215,0.344,2019-20,0.3058321479374111
201569,Eric Gordon,31.0,HOU,463,303,0.317,2019-20,0.6544276457883369
1628450,Eric Mika,25.0,SAC,3,0,0.0,2019-20,0.0
1629672,Eric Paschall,23.0,GSW,640,129,0.287,2019-20,0.2015625
101141,Ersan Ilyasova,33.0,MIL,313,137,0.365,2019-20,0.43769968051118213
203095,Evan Fournier,27.0,ORL,929,434,0.399,2019-20,0.4671689989235737
202323,Evan Turner,31.0,MIN,67,5,0.0,2019-20,0.07462686567164178
1628402,Frank Jackson,22.0,NOP,331,144,0.326,2019-20,0.4350453172205438
1626163,Frank Kaminsky,27.0,PHX,307,124,0.331,2019-20,0.40390879478827363
1628412,Frank Mason III,26.0,MIL,51,21,0.286,2019-20,0.4117647058823529
1628373,Frank Ntilikina,21.0,NYK,333,137,0.321,2019-20,0.4114114114114114
1627832,Fred VanVleet,26.0,TOR,773,374,0.39,2019-20,0.48382923673997413
1627788,Furkan Korkmaz,22.0,PHI,563,356,0.402,2019-20,0.6323268206039077
1629216,Gabe Vincent,24.0,MIA,37,27,0.222,2019-20,0.7297297297297297
202066,Garrett Temple,34.0,BKN,587,386,0.329,2019-20,0.6575809199318569
1629726,Garrison Mathews,23.0,WAS,56,46,0.413,2019-20,0.8214285714285714
1629109,Gary Clark,25.0,ORL,133,111,0.351,2019-20,0.8345864661654135
203914,Gary Harris,25.0,DEN,519,210,0.333,2019-20,0.4046242774566474
1627780,Gary Payton II,27.0,WAS,116,46,0.283,2019-20,0.39655172413793105
1629018,Gary Trent Jr.,21.0,POR,441,268,0.418,2019-20,0.6077097505668935
201588,George Hill,34.0,MIL,376,176,0.46,2019-20,0.46808510638297873
1627777,Georges Niang,27.0,UTA,322,225,0.4,2019-20,0.6987577639751553
203507,Giannis Antetokounmpo,25.0,MIL,1238,293,0.304,2019-20,0.23667205169628433
203922,Glenn Robinson III,26.0,PHI,592,197,0.391,2019-20,0.3327702702702703
1629048,Goga Bitadze,20.0,IND,150,42,0.19,2019-20,0.28
201609,Goran Dragic,34.0,MIA,724,338,0.367,2019-20,0.46685082872928174
202330,Gordon Hayward,30.0,BOS,700,222,0.383,2019-20,0.3171428571428571
203476,Gorgui Dieng,30.0,MEM,364,152,0.355,2019-20,0.4175824175824176
1629684,Grant Williams,21.0,BOS,211,96,0.25,2019-20,0.4549763033175355
1628960,Grayson Allen,24.0,MEM,251,141,0.404,2019-20,0.5617529880478087
1628977,Hamidou Diallo,21.0,OKC,296,57,0.281,2019-20,0.19256756756756757
203084,Harrison Barnes,28.0,SAC,793,268,0.381,2019-20,0.3379571248423707
1628385,Harry Giles III,22.0,SAC,251,2,0.0,2019-20,0.00796812749003984
202355,Hassan Whiteside,31.0,POR,702,7,0.571,2019-20,0.009971509971509971
1627740,Henry Ellenson,23.0,BKN,7,4,0.0,2019-20,0.5714285714285714
101133,Ian Mahinmi,33.0,WAS,210,26,0.192,2019-20,0.12380952380952381
1629649,Ignas Brazdeikis,21.0,NYK,22,9,0.111,2019-20,0.4090909090909091
202697,Iman Shumpert,30.0,BKN,64,33,0.242,2019-20,0.515625
1629067,Isaac Bonga,20.0,WAS,234,71,0.352,2019-20,0.3034188034188034
1628392,Isaiah Hartenstein,22.0,HOU,67,5,0.0,2019-20,0.07462686567164178
1629676,Isaiah Roby,22.0,OKC,1,0,0.0,2019-20,0.0
202738,Isaiah Thomas,31.0,WAS,426,189,0.413,2019-20,0.44366197183098594
202397,Ish Smith,31.0,WAS,689,169,0.367,2019-20,0.24528301886792453
1627826,Ivica Zubac,23.0,LAC,385,2,0.0,2019-20,0.005194805194805195
200826,J.J. Barea,36.0,DAL,207,85,0.376,2019-20,0.4106280193236715
200755,JJ Redick,36.0,NOP,631,397,0.453,2019-20,0.6291600633914421
2747,JR Smith,34.0,LAL,22,11,0.091,2019-20,0.5
1629630,Ja Morant,20.0,MEM,937,179,0.335,2019-20,0.1910352187833511
203960,JaKarr Sampson,27.0,IND,115,13,0.154,2019-20,0.11304347826086956
203210,JaMychal Green,30.0,LAC,352,238,0.387,2019-20,0.6761363636363636
201580,JaVale McGee,32.0,LAL,306,6,0.5,2019-20,0.0196078431372549
203953,Jabari Parker,25.0,SAC,429,119,0.269,2019-20,0.2773892773892774
1628980,Jacob Evans,23.0,MIN,134,39,0.333,2019-20,0.291044776119403
203109,Jae Crowder,29.0,MIA,563,394,0.343,2019-20,0.6998223801065719
1626143,Jahlil Okafor,24.0,NOP,162,3,0.333,2019-20,0.018518518518518517
1627774,Jake Layman,26.0,MIN,179,72,0.333,2019-20,0.4022346368715084
1627751,Jakob Poeltl,24.0,SAS,266,0,0.0,2019-20,0.0
1628973,Jalen Brunson,23.0,DAL,388,120,0.358,2019-20,0.30927835051546393
1629665,Jalen Lecque,20.0,PHX,10,4,0.0,2019-20,0.4
1629667,Jalen McDaniels,22.0,CHA,70,24,0.375,2019-20,0.34285714285714286
2037,Jamal Crawford,40.0,BKN,4,2,0.5,2019-20,0.5
1627750,Jamal Murray,23.0,DEN,894,324,0.346,2019-20,0.3624161073825503
203516,James Ennis III,29.0,ORL,359,169,0.325,2019-20,0.47075208913649025
201935,James Harden,30.0,HOU,1514,843,0.355,2019-20,0.5568031704095112
201949,James Johnson,33.0,MIN,215,91,0.363,2019-20,0.4232558139534884
201162,Jared Dudley,34.0,LAL,60,42,0.429,2019-20,0.7
1629607,Jared Harper,22.0,NYK,4,2,0.0,2019-20,0.5
1628991,Jaren Jackson Jr.,20.0,MEM,753,368,0.394,2019-20,0.48871181938911024
1629020,Jarred Vanderbilt,21.0,MIN,8,1,0.0,2019-20,0.125
1629714,Jarrell Brantley,24.0,UTA,28,13,0.231,2019-20,0.4642857142857143
1628386,Jarrett Allen,22.0,BKN,465,6,0.0,2019-20,0.012903225806451613
1629633,Jarrett Culver,21.0,MIN,569,221,0.299,2019-20,0.3884007029876977
1627784,Jarrod Uthoff,27.0,WAS,18,9,0.333,2019-20,0.5
1629750,Javonte Green,26.0,BOS,126,33,0.273,2019-20,0.2619047619047619
1629637,Jaxson Hayes,20.0,NOP,259,4,0.25,2019-20,0.015444015444015444
1627759,Jaylen Brown,23.0,BOS,887,338,0.382,2019-20,0.3810597519729425
1629658,Jaylen Hoard,21.0,POR,32,3,0.0,2019-20,0.09375
1629669,Jaylen Nowell,20.0,MIN,53,26,0.115,2019-20,0.49056603773584906
1628369,Jayson Tatum,22.0,BOS,1226,469,0.403,2019-20,0.3825448613376835
201145,Jeff Green,33.0,HOU,344,183,0.339,2019-20,0.5319767441860465
201952,Jeff Teague,32.0,ATL,489,117,0.368,2019-20,0.2392638036809816
203924,Jerami Grant,26.0,DEN,634,252,0.389,2019-20,0.39747634069400634
1629725,Jeremiah Martin,24.0,BKN,53,18,0.278,2019-20,0.33962264150943394
203087,Jeremy Lamb,28.0,IND,479,158,0.335,2019-20,0.3298538622129436
202951,Jeremy Pargo,34.0,GSW,22,7,0.429,2019-20,0.3181818181818182
1626170,Jerian Grant,27.0,WAS,27,8,0.25,2019-20,0.2962962962962963
1629010,Jerome Robinson,23.0,WAS,310,153,0.32,2019-20,0.4935483870967742
1628975,Jevon Carter,24.0,PHX,243,146,0.425,2019-20,0.6008230452674898
202710,Jimmy Butler III,30.0,MIA,758,119,0.244,2019-20,0.15699208443271767
201149,Joakim Noah,35.0,LAC,8,0,0.0,2019-20,0.0
1629147,Joe Chealey,24.0,CHA,7,4,0.0,2019-20,0.5714285714285714
203925,Joe Harris,28.0,BKN,784,406,0.424,2019-20,0.5178571428571429
204060,Joe Ingles,32.0,UTA,553,353,0.399,2019-20,0.6383363471971067
203954,Joel Embiid,26.0,PHI,801,172,0.331,2019-20,0.21473158551810237
1628381,John Collins,22.0,ATL,605,147,0.401,2019-20,0.24297520661157024
203089,John Henson,29.0,DET,171,36,0.222,2019-20,0.21052631578947367
1629723,John Konchar,24.0,MEM,37,10,0.5,2019-20,0.2702702702702703
1628405,Johnathan Motley,25.0,LAC,15,1,1.0,2019-20,0.06666666666666667
1629140,Johnathan Williams,25.0,WAS,34,2,0.0,2019-20,0.058823529411764705
1628413,Jonah Bolden,24.0,PHX,11,4,0.0,2019-20,0.36363636363636365
202685,Jonas Valančiūnas,28.0,MEM,739,91,0.352,2019-20,0.12313937753721245
1628371,Jonathan Isaac,22.0,ORL,332,94,0.34,2019-20,0.28313253012048195
1628395,Jordan Bell,25.0,CLE,67,12,0.333,2019-20,0.1791044776119403
1629648,Jordan Bone,22.0,DET,20,10,0.2,2019-20,0.5
203903,Jordan Clarkson,28.0,UTA,867,413,0.368,2019-20,0.47635524798154555
1629162,Jordan McLaughlin,24.0,MIN,178,76,0.382,2019-20,0.42696629213483145
203895,Jordan McRae,29.0,DET,366,126,0.357,2019-20,0.3442622950819672
1629673,Jordan Poole,21.0,GSW,502,265,0.279,2019-20,0.5278884462151394
1627982,Josh Gray,26.0,NOP,2,0,0.0,2019-20,0.0
1628404,Josh Hart,25.0,NOP,532,354,0.342,2019-20,0.6654135338345865
1628367,Josh Jackson,23.0,MEM,159,72,0.319,2019-20,0.4528301886792453
203705,Josh Magette,30.0,ORL,15,4,0.25,2019-20,0.26666666666666666
1629006,Josh Okogie,21.0,MIN,398,154,0.266,2019-20,0.3869346733668342
1629729,Josh Reaves,23.0,DAL,9,2,0.0,2019-20,0.2222222222222222
1626196,Josh Richardson,26.0,PHI,646,249,0.341,2019-20,0.38544891640866874
201950,Jrue Holiday,30.0,NOP,1006,346,0.353,2019-20,0.34393638170974156
1629308,Juan Toscano-Anderson,27.0,GSW,63,23,0.348,2019-20,0.36507936507936506
1627823,Juancho Hernangomez,24.0,MIN,247,129,0.341,2019-20,0.5222672064777328
203944,Julius Randle,25.0,NYK,1006,231,0.277,2019-20,0.22962226640159045
1626147,Justin Anderson,26.0,BKN,38,29,0.207,2019-20,0.7631578947368421
203200,Justin Holiday,31.0,IND,486,331,0.405,2019-20,0.6810699588477366
1628382,Justin Jackson,25.0,DAL,341,163,0.294,2019-20,0.4780058651026393
1629713,Justin James,23.0,SAC,84,29,0.31,2019-20,0.34523809523809523
1628383,Justin Patton,23.0,DET,10,4,0.25,2019-20,0.4
1629620,Justin Robinson,22.0,WAS,12,5,0.6,2019-20,0.4166666666666667
1629625,Justin Wright-Foreman,22.0,UTA,20,10,0.2,2019-20,0.5
1626159,Justise Winslow,24.0,MEM,129,27,0.222,2019-20,0.20930232558139536
203994,Jusuf Nurkić,25.0,POR,109,10,0.2,2019-20,0.09174311926605505
1629752,Juwan Morgan,23.0,UTA,26,8,0.375,2019-20,0.3076923076923077
1629644,KZ Okpala,21.0,MIA,5,1,0.0,2019-20,0.2
1628443,Kadeem Allen,27.0,NYK,44,16,0.313,2019-20,0.36363636363636365
1626157,Karl-Anthony Towns,24.0,MIN,622,277,0.412,2019-20,0.4453376205787781
202695,Kawhi Leonard,29.0,LAC,1133,325,0.378,2019-20,0.2868490732568402
1628966,Keita Bates-Diop,24.0,DEN,234,103,0.33,2019-20,0.44017094017094016
1629103,Kelan Martin,24.0,MIN,181,96,0.26,2019-20,0.5303867403314917
1629640,Keldon Johnson,20.0,SAS,89,22,0.591,2019-20,0.24719101123595505
203482,Kelly Olynyk,29.0,MIA,398,234,0.406,2019-20,0.5879396984924623
1626162,Kelly Oubre Jr.,24.0,PHX,826,307,0.352,2019-20,0.37167070217917675
202689,Kemba Walker,30.0,BOS,889,473,0.381,2019-20,0.532058492688414
1629134,Kendrick Nunn,24.0,MIA,914,391,0.35,2019-20,0.42778993435448576
1629026,Kenrich Williams,25.0,NOP,147,97,0.258,2019-20,0.6598639455782312
203145,Kent Bazemore,30.0,SAC,534,244,0.344,2019-20,0.45692883895131087
203484,Kentavious Caldwell-Pope,27.0,LAL,507,239,0.385,2019-20,0.4714003944773176
1628987,Kevin Hervey,23.0,OKC,27,20,0.15,2019-20,0.7407407407407407
1628989,Kevin Huerter,21.0,ATL,610,334,0.38,2019-20,0.5475409836065573
1628995,Kevin Knox II,20.0,NYK,401,199,0.327,2019-20,0.49625935162094764
201567,Kevin Love,31.0,CLE,727,390,0.374,2019-20,0.5364511691884457
1629645,Kevin Porter Jr.,20.0,CLE,421,158,0.335,2019-20,0.3752969121140142
1626172,Kevon Looney,24.0,GSW,79,14,0.071,2019-20,0.17721518987341772
203920,Khem Birch,27.0,ORL,143,1,0.0,2019-20,0.006993006993006993
203114,Khris Middleton,28.0,MIL,947,354,0.415,2019-20,0.3738120380147835
1629017,Khyri Thomas,24.0,DET,17,14,0.357,2019-20,0.8235294117647058
1628961,Kostas Antetokounmpo,22.0,LAL,3,0,0.0,2019-20,0.0
1627739,Kris Dunn,26.0,CHI,342,112,0.259,2019-20,0.32748538011695905
204001,Kristaps Porziņģis,24.0,DAL,932,403,0.352,2019-20,0.43240343347639487
1629065,Ky Bowman,23.0,GSW,321,107,0.308,2019-20,0.3333333333333333
1629734,Kyle Alexander,23.0,MIA,2,0,0.0,2019-20,0.0
203937,Kyle Anderson,26.0,MEM,331,85,0.282,2019-20,0.256797583081571
1629657,Kyle Guy,22.0,SAC,5,3,0.0,2019-20,0.6
2594,Kyle Korver,39.0,MIL,293,237,0.418,2019-20,0.8088737201365188
1628398,Kyle Kuzma,24.0,LAL,668,272,0.316,2019-20,0.40718562874251496
200768,Kyle Lowry,34.0,TOR,803,466,0.352,2019-20,0.5803237858032378
203124,Kyle O'Quinn,30.0,PHI,85,27,0.259,2019-20,0.3176470588235294
202681,Kyrie Irving,28.0,BKN,416,142,0.394,2019-20,0.34134615384615385
200746,LaMarcus Aldridge,34.0,SAS,793,157,0.389,2019-20,0.19798234552332913
202498,Lance Thomas,32.0,BKN,23,13,0.308,2019-20,0.5652173913043478
1629013,Landry Shamet,23.0,LAC,391,296,0.375,2019-20,0.7570332480818415
204038,Langston Galloway,28.0,DET,542,331,0.399,2019-20,0.6107011070110702
1626204,Larry Nance Jr.,27.0,CLE,431,159,0.352,2019-20,0.3689095127610209
1628374,Lauri Markkanen,23.0,CHI,591,317,0.344,2019-20,0.5363790186125211
2544,LeBron James,35.0,LAL,1303,425,0.348,2019-20,0.3261703760552571
1629022,Lonnie Walker IV,21.0,SAS,357,101,0.406,2019-20,0.28291316526610644
1628366,Lonzo Ball,22.0,NOP,687,395,0.375,2019-20,0.5749636098981077
101150,Lou Williams,33.0,LAC,936,315,0.352,2019-20,0.33653846153846156
1629663,Louis King,21.0,DET,21,11,0.364,2019-20,0.5238095238095238
201601,Luc Mbah a Moute,33.0,HOU,5,2,0.0,2019-20,0.4
1629652,Luguentz Dort,21.0,OKC,218,101,0.297,2019-20,0.463302752293578
1629029,Luka Dončić,21.0,DAL,1255,541,0.316,2019-20,0.43107569721115535
1629677,Luka Samanic,20.0,SAS,16,8,0.375,2019-20,0.5
1628379,Luke Kennard,24.0,DET,342,183,0.399,2019-20,0.5350877192982456
1628436,Luke Kornet,24.0,CHI,187,108,0.287,2019-20,0.5775401069518716
1627763,Malcolm Brogdon,27.0,IND,744,230,0.326,2019-20,0.30913978494623656
1626259,Malcolm Miller,27.0,TOR,29,22,0.364,2019-20,0.7586206896551724
1627736,Malik Beasley,23.0,MIN,534,276,0.388,2019-20,0.5168539325842697
1628370,Malik Monk,22.0,CHA,488,204,0.284,2019-20,0.4180327868852459
1629005,Malik Newman,23.0,CLE,2,1,0.0,2019-20,0.5
201188,Marc Gasol,35.0,TOR,279,148,0.385,2019-20,0.5304659498207885
201158,Marco Belinelli,34.0,SAS,314,178,0.376,2019-20,0.5668789808917197
202694,Marcus Morris Sr.,30.0,LAC,810,348,0.408,2019-20,0.42962962962962964
203935,Marcus Smart,26.0,BOS,682,395,0.347,2019-20,0.5791788856304986
1629621,Marial Shayok,24.0,PHI,12,6,0.333,2019-20,0.5
1626209,Mario Hezonja,25.0,POR,218,78,0.308,2019-20,0.3577981651376147
1628365,Markelle Fultz,22.0,ORL,772,135,0.267,2019-20,0.17487046632124353
202693,Markieff Morris,30.0,LAL,458,228,0.386,2019-20,0.4978165938864629
1629741,Marko Guduric,25.0,MEM,157,83,0.301,2019-20,0.5286624203821656
1627737,Marquese Chriss,22.0,GSW,385,39,0.205,2019-20,0.1012987012987013
1628963,Marvin Bagley III,21.0,SAC,167,22,0.182,2019-20,0.1317365269461078
101107,Marvin Williams,34.0,MIL,267,156,0.359,2019-20,0.5842696629213483
203486,Mason Plumlee,30.0,DEN,288,5,0.0,2019-20,0.017361111111111112
1629680,Matisse Thybulle,23.0,PHI,265,157,0.357,2019-20,0.5924528301886792
1629760,Matt Mooney,25.0,CLE,4,2,0.0,2019-20,0.5
1629744,Matt Thomas,25.0,TOR,150,99,0.475,2019-20,0.66
203521,Matthew Dellavedova,29.0,CLE,175,91,0.231,2019-20,0.52
203090,Maurice Harkless,27.0,NYK,283,98,0.347,2019-20,0.3462897526501767
1629622,Max Strus,24.0,CHI,3,1,0.0,2019-20,0.3333333333333333
1628467,Maxi Kleber,28.0,DAL,514,319,0.373,2019-20,0.6206225680933852
1628982,Melvin Frazier Jr.,23.0,ORL,34,16,0.5,2019-20,0.47058823529411764
203086,Meyers Leonard,28.0,MIA,234,128,0.414,2019-20,0.5470085470085471
1629662,Mfiondu Kabengele,22.0,LAC,32,20,0.45,2019-20,0.625
203487,Michael Carter-Williams,28.0,ORL,260,75,0.293,2019-20,0.28846153846153844
1626187,Michael Frazier II,26.0,HOU,29,23,0.174,2019-20,0.7931034482758621
203077,Michael Kidd-Gilchrist,26.0,DAL,66,20,0.25,2019-20,0.30303030303030304
1629008,Michael Porter Jr.,22.0,DEN,383,147,0.422,2019-20,0.3838120104438642
1628969,Mikal Bridges,23.0,PHX,484,194,0.361,2019-20,0.40082644628099173
201144,Mike Conley,32.0,UTA,567,256,0.375,2019-20,0.4514991181657848
203488,Mike Muscala,28.0,OKC,189,143,0.378,2019-20,0.7566137566137566
203118,Mike Scott,31.0,PHI,350,217,0.369,2019-20,0.62
1628970,Miles Bridges,22.0,CHA,753,300,0.33,2019-20,0.398406374501992
1629011,Mitchell Robinson,22.0,NYK,341,0,0.0,2019-20,0.0
1629671,Miye Oni,22.0,UTA,32,19,0.368,2019-20,0.59375
1628964,Mo Bamba,22.0,ORL,286,107,0.346,2019-20,0.3741258741258741
1628420,Monte Morris,25.0,DEN,566,172,0.378,2019-20,0.303886925795053
1626149,Montrezl Harrell,26.0,LAC,812,18,0.0,2019-20,0.022167487684729065
1629021,Moritz Wagner,23.0,WAS,266,80,0.313,2019-20,0.3007518796992481
1629650,Moses Brown,20.0,POR,10,0,0.0,2019-20,0.0
1628539,Mychal Mulder,26.0,GSW,67,52,0.308,2019-20,0.7761194029850746
1626167,Myles Turner,24.0,IND,587,250,0.344,2019-20,0.42589437819420783
1629642,Nassir Little,20.0,POR,151,59,0.237,2019-20,0.39072847682119205
1628513,Naz Mitrou-Long,26.0,IND,17,12,0.167,2019-20,0.7058823529411765
1629675,Naz Reid,20.0,MIN,243,97,0.33,2019-20,0.3991769547325103
202357,Nemanja Bjelica,32.0,SAC,653,320,0.419,2019-20,0.4900459418070444
203457,Nerlens Noel,26.0,OKC,269,3,0.333,2019-20,0.011152416356877323
1629651,Nic Claxton,21.0,BKN,48,7,0.143,2019-20,0.14583333333333334
1629638,Nickeil Alexander-Walker,21.0,NOP,266,133,0.346,2019-20,0.5
201587,Nicolas Batum,31.0,CHA,81,49,0.286,2019-20,0.6049382716049383
1629740,Nicolo Melli,29.0,NOP,323,206,0.335,2019-20,0.6377708978328174
1628430,Nigel Williams-Goss,25.0,UTA,16,7,0.286,2019-20,0.4375
203999,Nikola Jokić,25.0,DEN,1071,255,0.314,2019-20,0.23809523809523808
202696,Nikola Vučević,29.0,ORL,1033,289,0.339,2019-20,0.2797676669893514
203943,Noah Vonleh,24.0,DEN,92,15,0.2,2019-20,0.16304347826086957
1626181,Norman Powell,27.0,TOR,598,273,0.399,2019-20,0.45652173913043476
203658,Norvel Pelle,27.0,PHI,48,1,0.0,2019-20,0.020833333333333332
1628384,OG Anunoby,22.0,TOR,566,228,0.39,2019-20,0.4028268551236749
1629016,Omari Spellman,22.0,MIN,295,110,0.391,2019-20,0.3728813559322034
1629052,Oshae Brissett,22.0,TOR,36,15,0.2,2019-20,0.4166666666666667
203490,Otto Porter Jr.,27.0,CHI,140,62,0.387,2019-20,0.44285714285714284
200782,P.J. Tucker,35.0,HOU,426,299,0.358,2019-20,0.7018779342723005
1629023,P.J. Washington,21.0,CHA,589,230,0.374,2019-20,0.3904923599320883
1628408,PJ Dozier,23.0,DEN,157,49,0.347,2019-20,0.31210191082802546
1627783,Pascal Siakam,26.0,TOR,1104,365,0.359,2019-20,0.33061594202898553
1626192,Pat Connaughton,27.0,MIL,301,166,0.331,2019-20,0.5514950166112956
201976,Patrick Beverley,31.0,LAC,341,206,0.388,2019-20,0.6041055718475073
1627775,Patrick McCaw,24.0,TOR,162,71,0.324,2019-20,0.4382716049382716
202335,Patrick Patterson,31.0,LAC,233,172,0.39,2019-20,0.7381974248927039
201988,Patty Mills,31.0,SAS,598,403,0.382,2019-20,0.6739130434782609
202331,Paul George,30.0,LAC,782,381,0.412,2019-20,0.48721227621483376
200794,Paul Millsap,35.0,DEN,438,124,0.435,2019-20,0.2831050228310502
1628778,Paul Watson,25.0,TOR,26,12,0.333,2019-20,0.46153846153846156
1626188,Quinn Cook,27.0,LAL,214,85,0.365,2019-20,0.397196261682243
1629683,Quinndary Weatherspoon,23.0,SAS,17,5,0.2,2019-20,0.29411764705882354
1629628,RJ Barrett,20.0,NYK,727,197,0.32,2019-20,0.27097661623108665
200765,Rajon Rondo,34.0,LAL,328,125,0.328,2019-20,0.38109756097560976
203526,Raul Neto,28.0,PHI,222,88,0.386,2019-20,0.3963963963963964
1629730,Rayjon Tucker,22.0,UTA,43,17,0.176,2019-20,0.3953488372093023
203493,Reggie Bullock Jr.,29.0,NYK,224,111,0.333,2019-20,0.4955357142857143
202704,Reggie Jackson,30.0,LAC,326,145,0.393,2019-20,0.4447852760736196
1626158,Richaun Holmes,26.0,SAC,344,0,0.0,2019-20,0.0
201937,Ricky Rubio,29.0,PHX,692,216,0.361,2019-20,0.31213872832369943
203496,Robert Covington,29.0,HOU,723,480,0.335,2019-20,0.6639004149377593
1629057,Robert Williams III,22.0,BOS,88,0,0.0,2019-20,0.0
201577,Robin Lopez,32.0,MIL,299,105,0.333,2019-20,0.3511705685618729
1629066,Rodions Kurucs,22.0,BKN,177,90,0.367,2019-20,0.5084745762711864
203918,Rodney Hood,27.0,POR,172,71,0.493,2019-20,0.4127906976744186
203585,Rodney McGruder,28.0,LAC,181,89,0.27,2019-20,0.49171270718232046
1629641,Romeo Langford,20.0,BOS,80,27,0.185,2019-20,0.3375
1626178,Rondae Hollis-Jefferson,25.0,TOR,329,23,0.13,2019-20,0.06990881458966565
1626220,Royce O'Neale,27.0,UTA,365,244,0.377,2019-20,0.6684931506849315
200752,Rudy Gay,33.0,SAS,596,220,0.336,2019-20,0.3691275167785235
203497,Rudy Gobert,28.0,UTA,557,0,0.0,2019-20,0.0
1629060,Rui Hachimura,22.0,WAS,545,87,0.287,2019-20,0.1596330275229358
201566,Russell Westbrook,31.0,HOU,1281,213,0.258,2019-20,0.16627634660421545
201583,Ryan Anderson,32.0,HOU,7,5,0.2,2019-20,0.7142857142857143
1627853,Ryan Arcidiacono,26.0,CHI,220,138,0.391,2019-20,0.6272727272727273
1629151,Ryan Broekhoff,29.0,PHI,59,51,0.392,2019-20,0.864406779661017
1629635,Sekou Doumbouya,19.0,DET,236,98,0.286,2019-20,0.4152542372881356
1628400,Semi Ojeleye,25.0,BOS,196,127,0.378,2019-20,0.6479591836734694
201586,Serge Ibaka,30.0,TOR,670,182,0.385,2019-20,0.2716417910447761
203552,Seth Curry,29.0,DAL,574,321,0.452,2019-20,0.5592334494773519
203894,Shabazz Napier,28.0,WAS,456,240,0.317,2019-20,0.5263157894736842
1628983,Shai Gilgeous-Alexander,21.0,OKC,1015,251,0.347,2019-20,0.24729064039408866
1629003,Shake Milton,23.0,PHI,277,135,0.43,2019-20,0.48736462093862815
1629044,Shamorie Ponds,22.0,TOR,5,2,0.5,2019-20,0.4
1627885,Shaquille Harrison,26.0,CHI,165,42,0.381,2019-20,0.2545454545454545
1628414,Sindarius Thornwell,25.0,NOP,11,4,0.5,2019-20,0.36363636363636365
1627746,Skal Labissiere,24.0,ATL,147,13,0.231,2019-20,0.08843537414965986
203524,Solomon Hill,29.0,MIA,278,171,0.368,2019-20,0.6151079136690647
203915,Spencer Dinwiddie,27.0,BKN,1021,400,0.308,2019-20,0.3917727717923604
1626169,Stanley Johnson,24.0,TOR,59,24,0.292,2019-20,0.4067796610169492
1629742,Stanton Kidd,28.0,UTA,3,1,0.0,2019-20,0.3333333333333333
201939,Stephen Curry,32.0,GSW,82,49,0.245,2019-20,0.5975609756097561
1628425,Sterling Brown,25.0,MIL,256,136,0.324,2019-20,0.53125
203500,Steven Adams,26.0,OKC,478,3,0.333,2019-20,0.006276150627615063
1629004,Svi Mykhailiuk,23.0,DET,405,285,0.404,2019-20,0.7037037037037037
1628388,T.J. Leaf,23.0,IND,86,18,0.278,2019-20,0.20930232558139536
204456,T.J. McConnell,28.0,IND,411,17,0.294,2019-20,0.0413625304136253
203933,T.J. Warren,26.0,IND,997,226,0.403,2019-20,0.22668004012036108
1629605,Tacko Fall,24.0,BOS,14,0,0.0,2019-20,0.0
201959,Taj Gibson,35.0,NYK,286,14,0.286,2019-20,0.04895104895104895
1629659,Talen Horton-Tucker,19.0,LAL,30,13,0.308,2019-20,0.43333333333333335
1629745,Tariq Owens,25.0,PHX,5,2,0.0,2019-20,0.4
1627752,Taurean Prince,26.0,BKN,739,431,0.339,2019-20,0.5832205683355887
1629611,Terance Mann,23.0,LAC,79,20,0.35,2019-20,0.25316455696202533
1629056,Terence Davis,23.0,TOR,436,242,0.388,2019-20,0.555045871559633
1628390,Terrance Ferguson,22.0,OKC,220,168,0.292,2019-20,0.7636363636363637
203082,Terrence Ross,29.0,ORL,846,504,0.351,2019-20,0.5957446808510638
1626179,Terry Rozier,26.0,CHA,941,423,0.407,2019-20,0.4495217853347503
200757,Thabo Sefolosha,36.0,HOU,91,54,0.278,2019-20,0.5934065934065934
201152,Thaddeus Young,32.0,CHI,601,222,0.356,2019-20,0.36938435940099834
203648,Thanasis Antetokounmpo,27.0,MIL,48,10,0.0,2019-20,0.20833333333333334
1629033,Theo Pinson,24.0,NYK,155,80,0.188,2019-20,0.5161290322580645
1628418,Thomas Bryant,22.0,WAS,418,91,0.407,2019-20,0.21770334928229665
1627748,Thon Maker,23.0,DET,193,64,0.344,2019-20,0.3316062176165803
204025,Tim Frazier,29.0,DET,94,30,0.333,2019-20,0.3191489361702128
203501,Tim Hardaway Jr.,28.0,DAL,884,513,0.398,2019-20,0.580316742081448
1627789,Timothe Luwawu-Cabarrot,25.0,BKN,269,160,0.388,2019-20,0.5947955390334573
202699,Tobias Harris,27.0,PHI,1173,357,0.367,2019-20,0.30434782608695654
203107,Tomas Satoransky,28.0,CHI,551,199,0.322,2019-20,0.36116152450090744
1628396,Tony Bradley,22.0,UTA,189,3,1.0,2019-20,0.015873015873015872
203503,Tony Snell,28.0,DET,382,254,0.402,2019-20,0.6649214659685864
1628470,Torrey Craig,29.0,DEN,269,138,0.326,2019-20,0.5130111524163569
1629027,Trae Young,21.0,ATL,1249,568,0.361,2019-20,0.45476381104883906
1629682,Tremont Waters,22.0,BOS,49,24,0.167,2019-20,0.4897959183673469
1626203,Treveon Graham,26.0,ATL,242,120,0.275,2019-20,0.49586776859504134
2772,Trevor Ariza,35.0,POR,324,207,0.372,2019-20,0.6388888888888888
203504,Trey Burke,27.0,DAL,209,75,0.427,2019-20,0.3588516746411483
1626168,Trey Lyles,24.0,SAS,343,168,0.387,2019-20,0.4897959183673469
202684,Tristan Thompson,29.0,CLE,562,23,0.391,2019-20,0.04092526690391459
1628972,Troy Brown Jr.,20.0,WAS,622,179,0.341,2019-20,0.2877813504823151
203584,Troy Daniels,28.0,DEN,186,132,0.348,2019-20,0.7096774193548387
1629660,Ty Jerome,22.0,PHX,113,50,0.28,2019-20,0.4424778761061947
1629076,Tyler Cook,22.0,DEN,12,0,0.0,2019-20,0.0
1629639,Tyler Herro,20.0,MIA,631,298,0.389,2019-20,0.4722662440570523
204020,Tyler Johnson,28.0,BKN,250,119,0.319,2019-20,0.476
203092,Tyler Zeller,30.0,SAS,4,0,0.0,2019-20,0.0
1627820,Tyrone Wallace,26.0,ATL,44,15,0.067,2019-20,0.3409090909090909
2199,Tyson Chandler,37.0,HOU,18,0,0.0,2019-20,0.0
1626145,Tyus Jones,24.0,MEM,429,124,0.379,2019-20,0.289044289044289
2617,Udonis Haslem,40.0,MIA,11,3,0.333,2019-20,0.2727272727272727
1629724,Vic Law,24.0,ORL,18,7,0.143,2019-20,0.3888888888888889
203506,Victor Oladipo,28.0,IND,246,104,0.317,2019-20,0.42276422764227645
1713,Vince Carter,43.0,ATL,304,202,0.302,2019-20,0.6644736842105263
1629738,Vincent Poirier,26.0,BOS,36,2,0.5,2019-20,0.05555555555555555
1628427,Vlatko Čančar,23.0,DEN,15,6,0.167,2019-20,0.4
201961,Wayne Ellington,32.0,NYK,174,143,0.35,2019-20,0.8218390804597702
1628976,Wendell Carter Jr.,21.0,CHI,343,29,0.207,2019-20,0.08454810495626822
1629117,Wenyen Gabriel,23.0,POR,48,20,0.3,2019-20,0.4166666666666667
1628411,Wes Iwundu,25.0,ORL,233,82,0.341,2019-20,0.351931330472103
202083,Wesley Matthews,33.0,MIL,422,297,0.364,2019-20,0.7037914691943128
203115,Will Barton,29.0,DEN,738,288,0.375,2019-20,0.3902439024390244
1629739,William Howard,26.0,HOU,4,4,0.0,2019-20,1.0
1626161,Willie Cauley-Stein,26.0,DAL,302,1,0.0,2019-20,0.0033112582781456954
1626195,Willy Hernangomez,26.0,CHA,139,22,0.227,2019-20,0.15827338129496402
201163,Wilson Chandler,33.0,BKN,183,121,0.306,2019-20,0.6612021857923497
1627812,Yogi Ferrell,27.0,SAC,188,79,0.304,2019-20,0.42021276595744683
1629139,Yuta Watanabe,25.0,MEM,34,8,0.375,2019-20,0.23529411764705882
1628380,Zach Collins,22.0,POR,68,19,0.368,2019-20,0.27941176470588236
203897,Zach LaVine,25.0,CHI,1199,484,0.38,2019-20,0.4036697247706422
1629668,Zach Norvell Jr.,22.0,GSW,12,8,0.375,2019-20,0.6666666666666666
1629015,Zhaire Smith,21.0,PHI,11,3,0.0,2019-20,0.2727272727272727
1629627,Zion Williamson,19.0,NOP,360,14,0.429,2019-20,0.03888888888888889
1629597,Zylan Cheatham,24.0,NOP,9,1,0.0,2019-20,0.1111111111111111
203932,Aaron Gordon,25.0,DEN,499,176,0.335,2020-21,0.3527054108216433
1628988,Aaron Holiday,24.0,IND,436,182,0.368,2020-21,0.41743119266055045
1630174,Aaron Nesmith,21.0,BOS,178,108,0.37,2020-21,0.6067415730337079
1627846,Abdel Nader,27.0,PHX,116,43,0.419,2020-21,0.3706896551724138
1629690,Adam Mokoka,22.0,CHI,19,10,0.1,2020-21,0.5263157894736842
201143,Al Horford,35.0,BOS,360,152,0.368,2020-21,0.4222222222222222
202329,Al-Farouq Aminu,30.0,CHI,99,37,0.216,2020-21,0.37373737373737376
202692,Alec Burks,29.0,NYK,500,246,0.415,2020-21,0.492
1630197,Aleksej Pokusevski,19.0,OKC,408,207,0.28,2020-21,0.5073529411764706
1629346,Alen Smailagic,20.0,GSW,27,10,0.4,2020-21,0.37037037037037035
1627936,Alex Caruso,27.0,LAL,305,137,0.401,2020-21,0.4491803278688525
203458,Alex Len,28.0,WAS,278,25,0.32,2020-21,0.08992805755395683
1628035,Alfonzo McKinnie,28.0,LAL,93,39,0.41,2020-21,0.41935483870967744
1628993,Alize Johnson,25.0,BKN,68,6,0.167,2020-21,0.08823529411764706
1628578,Amida Brimah,27.0,IND,8,0,0.0,2020-21,0.0
1629599,Amir Coffey,24.0,LAC,103,56,0.411,2020-21,0.5436893203883495
2760,Anderson Varejao,38.0,CLE,16,1,0.0,2020-21,0.0625
203083,Andre Drummond,27.0,LAL,572,8,0.0,2020-21,0.013986013986013986
2738,Andre Iguodala,37.0,MIA,248,182,0.33,2020-21,0.7338709677419355
203460,Andre Roberson,29.0,BKN,14,8,0.125,2020-21,0.5714285714285714
203952,Andrew Wiggins,26.0,GSW,1058,368,0.38,2020-21,0.34782608695652173
1629014,Anfernee Simons,22.0,POR,401,282,0.426,2020-21,0.7032418952618454
203076,Anthony Davis,28.0,LAL,613,100,0.26,2020-21,0.1631321370309951
1630162,Anthony Edwards,19.0,MIN,1211,520,0.329,2020-21,0.42939719240297275
1630264,Anthony Gill,28.0,WAS,60,24,0.292,2020-21,0.4
1630237,Anthony Lamb,23.0,HOU,118,71,0.324,2020-21,0.6016949152542372
201229,Anthony Tolliver,36.0,PHI,17,14,0.286,2020-21,0.8235294117647058
1628394,Anžejs Pasečņiks,25.0,WAS,1,1,0.0,2020-21,1.0
1629717,Armoni Brooks,23.0,HOU,192,157,0.382,2020-21,0.8177083333333334
203382,Aron Baynes,34.0,TOR,304,103,0.262,2020-21,0.33881578947368424
203085,Austin Rivers,28.0,DEN,245,149,0.369,2020-21,0.6081632653061224
202340,Avery Bradley,30.0,HOU,171,101,0.327,2020-21,0.5906432748538012
1626253,Axel Toupane,28.0,MIL,11,2,0.5,2020-21,0.18181818181818182
1628389,Bam Adebayo,23.0,MIA,800,8,0.25,2020-21,0.01
203463,Ben McLemore,28.0,LAL,365,280,0.346,2020-21,0.7671232876712328
1627732,Ben Simmons,24.0,PHI,583,10,0.3,2020-21,0.017152658662092625
202687,Bismack Biyombo,28.0,CHA,242,1,0.0,2020-21,0.004132231404958678
201933,Blake Griffin,32.0,BKN,411,205,0.341,2020-21,0.49878345498783455
1626246,Boban Marjanovic,32.0,DAL,122,8,0.125,2020-21,0.06557377049180328
1626171,Bobby Portis,26.0,MIL,598,157,0.471,2020-21,0.2625418060200669
203992,Bogdan Bogdanović,28.0,ATL,565,333,0.438,2020-21,0.5893805309734513
202711,Bojan Bogdanovic,32.0,UTA,925,461,0.39,2020-21,0.4983783783783784
1629626,Bol Bol,21.0,DEN,58,24,0.375,2020-21,0.41379310344827586
202954,Brad Wanamaker,31.0,CHA,299,85,0.188,2020-21,0.2842809364548495
203078,Bradley Beal,28.0,WAS,1382,373,0.349,2020-21,0.2698986975397974
1629634,Brandon Clarke,24.0,MEM,495,77,0.26,2020-21,0.15555555555555556
1629164,Brandon Goodwin,25.0,ATL,223,103,0.311,2020-21,0.4618834080717489
1627742,Brandon Ingram,23.0,NOP,1101,375,0.381,2020-21,0.3405994550408719
1628968,Brian Bowen II,22.0,IND,4,1,0.0,2020-21,0.25
1630271,Brodric Thomas,24.0,CLE,108,59,0.271,2020-21,0.5462962962962963
201572,Brook Lopez,33.0,MIL,640,281,0.338,2020-21,0.4390625
1628971,Bruce Brown,24.0,BKN,423,59,0.288,2020-21,0.13947990543735225
203998,Bruno Caboclo,25.0,HOU,17,5,0.0,2020-21,0.29411764705882354
1628981,Bruno Fernando,22.0,ATL,44,2,0.0,2020-21,0.045454545454545456
1627854,Bryn Forbes,27.0,MIL,529,341,0.452,2020-21,0.6446124763705104
1627741,Buddy Hield,28.0,SAC,992,721,0.391,2020-21,0.7268145161290323
1629604,CJ Elleby,21.0,POR,66,34,0.206,2020-21,0.5151515151515151
203468,CJ McCollum,29.0,POR,884,420,0.402,2020-21,0.4751131221719457
1628997,Caleb Martin,25.0,CHA,256,125,0.248,2020-21,0.48828125
1629629,Cam Reddish,21.0,ATL,263,126,0.262,2020-21,0.4790874524714829
1629244,Cam Reynolds,26.0,HOU,18,12,0.25,2020-21,0.6666666666666666
1629661,Cameron Johnson,25.0,PHX,483,335,0.349,2020-21,0.6935817805383023
1628419,Cameron Oliver,24.0,HOU,33,13,0.308,2020-21,0.3939393939393939
1626166,Cameron Payne,26.0,PHX,395,166,0.44,2020-21,0.42025316455696204
1627747,Caris LeVert,26.0,IND,814,258,0.326,2020-21,0.31695331695331697
2546,Carmelo Anthony,37.0,POR,777,325,0.409,2020-21,0.41827541827541825
1629035,Carsen Edwards,23.0,BOS,111,63,0.286,2020-21,0.5675675675675675
1630199,Cassius Stanley,21.0,IND,43,13,0.231,2020-21,0.3023255813953488
1630216,Cassius Winston,23.0,WAS,33,17,0.471,2020-21,0.5151515151515151
1626224,Cedi Osman,26.0,CLE,586,324,0.306,2020-21,0.552901023890785
1628990,Chandler Hutchison,25.0,WAS,103,22,0.364,2020-21,0.21359223300970873
1629718,Charlie Brown Jr.,24.0,OKC,43,21,0.238,2020-21,0.4883720930232558
1626184,Chasson Randle,28.0,ORL,237,130,0.338,2020-21,0.5485232067510548
1629002,Chimezie Metu,24.0,SAC,179,37,0.351,2020-21,0.20670391061452514
1628449,Chris Boucher,28.0,TOR,560,235,0.383,2020-21,0.41964285714285715
1629185,Chris Chiozza,25.0,BKN,88,42,0.31,2020-21,0.4772727272727273
101108,Chris Paul,36.0,PHX,879,258,0.395,2020-21,0.2935153583617747
1629735,Chris Silva,24.0,SAC,16,1,1.0,2020-21,0.0625
1626174,Christian Wood,25.0,HOU,640,206,0.374,2020-21,0.321875
1629643,Chuma Okeke,22.0,ORL,324,141,0.348,2020-21,0.4351851851851852
203991,Clint Capela,27.0,ATL,695,0,0.0,2020-21,0.0
1629632,Coby White,21.0,CHI,902,454,0.359,2020-21,0.5033259423503326
1628998,Cody Martin,25.0,CHA,188,58,0.276,2020-21,0.30851063829787234
203469,Cody Zeller,28.0,CHA,324,28,0.143,2020-21,0.08641975308641975
1630175,Cole Anthony,21.0,ORL,552,172,0.337,2020-21,0.3115942028985507
1629012,Collin Sexton,22.0,CLE,1105,264,0.371,2020-21,0.23891402714932128
202709,Cory Joseph,29.0,DET,426,132,0.341,2020-21,0.30985915492957744
1626245,Cristiano Felicio,28.0,CHI,13,2,0.0,2020-21,0.15384615384615385
1626156,D'Angelo Russell,25.0,MIN,652,310,0.387,2020-21,0.4754601226993865
201571,D.J. Augustin,33.0,HOU,343,217,0.382,2020-21,0.6326530612244898
1628391,D.J. Wilson,25.0,HOU,168,87,0.345,2020-21,0.5178571428571429
1629610,DaQuan Jeffries,23.0,SAS,120,67,0.299,2020-21,0.5583333333333333
1629751,Dakota Mathias,25.0,PHI,48,26,0.308,2020-21,0.5416666666666666
1627745,Damian Jones,26.0,SAC,103,5,0.2,2020-21,0.04854368932038835
203081,Damian Lillard,30.0,POR,1334,704,0.391,2020-21,0.527736131934033
1627814,Damion Lee,28.0,GSW,274,194,0.397,2020-21,0.708029197080292
1628422,Damyean Dotson,27.0,CLE,293,159,0.289,2020-21,0.5426621160409556
1629655,Daniel Gafford,22.0,WAS,225,0,0.0,2020-21,0.0
1630187,Daniel Oturu,21.0,LAC,52,5,0.2,2020-21,0.09615384615384616
1628464,Daniel Theis,29.0,CHI,466,152,0.322,2020-21,0.3261802575107296
201568,Danilo Gallinari,32.0,ATL,475,254,0.406,2020-21,0.5347368421052632
201980,Danny Green,34.0,PHI,544,432,0.405,2020-21,0.7941176470588235
203957,Dante Exum,25.0,HOU,26,11,0.182,2020-21,0.4230769230769231
1627863,Danuel House Jr.,28.0,HOU,272,156,0.346,2020-21,0.5735294117647058
203967,Dario Saric,27.0,PHX,342,135,0.348,2020-21,0.39473684210526316
1629647,Darius Bazley,21.0,OKC,690,286,0.29,2020-21,0.4144927536231884
1629636,Darius Garland,21.0,CLE,802,266,0.395,2020-21,0.3316708229426434
203121,Darius Miller,31.0,OKC,48,42,0.405,2020-21,0.875
1628021,David Nwaba,28.0,HOU,218,63,0.27,2020-21,0.2889908256880734
202722,Davis Bertans,28.0,WAS,478,428,0.395,2020-21,0.895397489539749
1628368,De'Aaron Fox,23.0,SAC,1110,320,0.322,2020-21,0.2882882882882883
1629631,De'Andre Hunter,23.0,ATL,248,95,0.326,2020-21,0.38306451612903225
1629001,De'Anthony Melton,23.0,MEM,393,211,0.412,2020-21,0.5368956743002544
201599,DeAndre Jordan,32.0,BKN,249,1,0.0,2020-21,0.004016064257028112
1627761,DeAndre' Bembry,26.0,TOR,228,53,0.264,2020-21,0.2324561403508772
201942,DeMar DeRozan,31.0,SAS,920,74,0.257,2020-21,0.08043478260869565
202326,DeMarcus Cousins,30.0,LAC,305,135,0.348,2020-21,0.4426229508196721
1629731,Dean Wade,24.0,CLE,311,213,0.366,2020-21,0.684887459807074
1629028,Deandre Ayton,22.0,PHX,687,20,0.2,2020-21,0.02911208151382824
1629686,Deividas Sirvydis,21.0,DET,40,28,0.357,2020-21,0.7
1627749,Dejounte Murray,24.0,SAS,974,199,0.317,2020-21,0.20431211498973306
1626153,Delon Wright,29.0,SAC,518,172,0.372,2020-21,0.33204633204633205
1630166,Deni Avdija,20.0,WAS,312,168,0.315,2020-21,0.5384615384615384
203471,Dennis Schröder,27.0,LAL,760,212,0.335,2020-21,0.2789473684210526
1628372,Dennis Smith Jr.,23.0,DET,145,58,0.328,2020-21,0.4
1627756,Denzel Valentine,27.0,CHI,416,242,0.331,2020-21,0.5817307692307693
202324,Derrick Favors,29.0,UTA,243,2,0.0,2020-21,0.00823045267489712
1627884,Derrick Jones Jr.,24.0,POR,304,136,0.316,2020-21,0.4473684210526316
201565,Derrick Rose,32.0,NYK,611,129,0.388,2020-21,0.21112929623567922
1628401,Derrick White,26.0,SAS,453,243,0.346,2020-21,0.5364238410596026
1630217,Desmond Bane,23.0,MEM,499,271,0.432,2020-21,0.5430861723446894
1626164,Devin Booker,24.0,PHX,1287,371,0.34,2020-21,0.28826728826728826
1629962,Devin Cannady,25.0,ORL,28,16,0.375,2020-21,0.5714285714285714
1630170,Devin Vassell,20.0,SAS,303,150,0.347,2020-21,0.49504950495049505
1629653,Devon Dotson,21.0,CHI,21,7,0.143,2020-21,0.3333333333333333
1629719,Devontae Cacok,24.0,LAL,29,0,0.0,2020-21,0.0
1628984,Devonte' Graham,26.0,CHA,669,477,0.375,2020-21,0.7130044843049327
203473,Dewayne Dedmon,31.0,MIA,65,5,0.2,2020-21,0.07692307692307693
1629712,Didi Louzada,21.0,NOP,13,8,0.25,2020-21,0.6153846153846154
1628415,Dillon Brooks,25.0,MEM,1031,372,0.344,2020-21,0.36081474296799226
1627734,Domantas Sabonis,25.0,IND,904,162,0.321,2020-21,0.17920353982300885
1628378,Donovan Mitchell,24.0,UTA,1091,461,0.386,2020-21,0.4225481209899175
1629743,Donta Hall,23.0,ORL,35,0,0.0,2020-21,0.0
1628978,Donte DiVincenzo,24.0,MIL,603,346,0.379,2020-21,0.5737976782752903
1627827,Dorian Finney-Smith,28.0,DAL,466,302,0.394,2020-21,0.648068669527897
203926,Doug McDermott,29.0,IND,665,286,0.388,2020-21,0.43007518796992483
203110,Draymond Green,31.0,GSW,380,126,0.27,2020-21,0.33157894736842103
1629234,Drew Eubanks,24.0,SAS,205,2,1.0,2020-21,0.00975609756097561
1629130,Duncan Robinson,27.0,MIA,717,613,0.408,2020-21,0.8549511854951185
1628407,Dwayne Bacon,25.0,ORL,726,207,0.285,2020-21,0.28512396694214875
2730,Dwight Howard,35.0,PHI,303,20,0.25,2020-21,0.066006600660066
203939,Dwight Powell,29.0,DAL,194,21,0.238,2020-21,0.10824742268041238
1629685,Dylan Windler,24.0,CLE,130,77,0.338,2020-21,0.5923076923076923
202734,E'Twaun Moore,32.0,PHX,121,35,0.314,2020-21,0.2892561983471074
202334,Ed Davis,32.0,MIN,44,0,0.0,2020-21,0.0
1628410,Edmond Sumner,25.0,IND,282,88,0.398,2020-21,0.3120567375886525
203901,Elfrid Payton,27.0,NYK,622,98,0.286,2020-21,0.15755627009646303
1629091,Elijah Bryant,26.0,MIL,13,5,0.2,2020-21,0.38461538461538464
1630190,Elijah Hughes,23.0,UTA,30,23,0.348,2020-21,0.7666666666666667
202683,Enes Freedom,29.0,POR,561,4,0.25,2020-21,0.0071301247771836
202339,Eric Bledsoe,31.0,NOP,730,355,0.341,2020-21,0.4863013698630137
201569,Eric Gordon,32.0,HOU,367,210,0.329,2020-21,0.5722070844686649
1629672,Eric Paschall,24.0,GSW,298,54,0.333,2020-21,0.18120805369127516
101141,Ersan Ilyasova,34.0,UTA,54,41,0.439,2020-21,0.7592592592592593
203095,Evan Fournier,28.0,BOS,541,283,0.413,2020-21,0.5231053604436229
1630267,Facundo Campazzo,30.0,DEN,315,216,0.352,2020-21,0.6857142857142857
1628402,Frank Jackson,23.0,DET,293,150,0.407,2020-21,0.5119453924914675
1626163,Frank Kaminsky,28.0,PHX,257,85,0.365,2020-21,0.33073929961089493
1628412,Frank Mason III,27.0,ORL,24,5,0.4,2020-21,0.20833333333333334
1628373,Frank Ntilikina,22.0,NYK,79,48,0.479,2020-21,0.6075949367088608
1627832,Fred VanVleet,27.0,TOR,870,476,0.366,2020-21,0.5471264367816092
1630273,Freddie Gillespie,24.0,TOR,84,0,0.0,2020-21,0.0
1627788,Furkan Korkmaz,23.0,PHI,424,269,0.375,2020-21,0.6344339622641509
1629216,Gabe Vincent,25.0,MIA,233,149,0.309,2020-21,0.6394849785407726
1630466,Gabriel Deck,26.0,OKC,67,15,0.133,2020-21,0.22388059701492538
202066,Garrett Temple,35.0,CHI,381,200,0.335,2020-21,0.5249343832020997
1629726,Garrison Mathews,24.0,WAS,237,198,0.384,2020-21,0.8354430379746836
1629109,Gary Clark,26.0,PHI,132,108,0.287,2020-21,0.8181818181818182
203914,Gary Harris,26.0,ORL,345,141,0.34,2020-21,0.40869565217391307
1627780,Gary Payton II,28.0,GSW,13,4,0.5,2020-21,0.3076923076923077
1629018,Gary Trent Jr.,22.0,TOR,785,429,0.385,2020-21,0.5464968152866242
201588,George Hill,35.0,PHI,197,80,0.388,2020-21,0.40609137055837563
1627777,Georges Niang,28.0,UTA,405,292,0.425,2020-21,0.7209876543209877
203507,Giannis Antetokounmpo,26.0,MIL,1100,221,0.303,2020-21,0.2009090909090909
203922,Glenn Robinson III,27.0,SAC,99,44,0.364,2020-21,0.4444444444444444
1629048,Goga Bitadze,21.0,IND,194,79,0.253,2020-21,0.4072164948453608
201609,Goran Dragic,35.0,MIA,555,244,0.373,2020-21,0.43963963963963965
202330,Gordon Hayward,31.0,CHA,658,205,0.415,2020-21,0.31155015197568386
203476,Gorgui Dieng,31.0,SAS,163,70,0.429,2020-21,0.4294478527607362
1630203,Grant Riller,24.0,CHA,12,4,0.5,2020-21,0.3333333333333333
1629684,Grant Williams,22.0,BOS,247,129,0.372,2020-21,0.5222672064777328
1628960,Grayson Allen,25.0,MEM,414,274,0.391,2020-21,0.6618357487922706
204222,Greg Whittington,28.0,DEN,3,2,0.0,2020-21,0.6666666666666666
1628977,Hamidou Diallo,22.0,DET,470,82,0.341,2020-21,0.17446808510638298
203084,Harrison Barnes,29.0,SAC,642,256,0.391,2020-21,0.3987538940809969
1628385,Harry Giles III,23.0,POR,97,23,0.348,2020-21,0.23711340206185566
202355,Hassan Whiteside,32.0,SAC,224,1,0.0,2020-21,0.004464285714285714
1627740,Henry Ellenson,24.0,TOR,14,9,0.222,2020-21,0.6428571428571429
1629649,Ignas Brazdeikis,22.0,ORL,83,28,0.393,2020-21,0.3373493975903614
202697,Iman Shumpert,31.0,BKN,4,3,0.0,2020-21,0.75
1630193,Immanuel Quickley,22.0,NYK,580,303,0.389,2020-21,0.5224137931034483
1629067,Isaac Bonga,21.0,WAS,81,47,0.277,2020-21,0.5802469135802469
1630171,Isaac Okoro,20.0,CLE,559,214,0.29,2020-21,0.3828264758497317
1628392,Isaiah Hartenstein,23.0,CLE,171,6,0.333,2020-21,0.03508771929824561
1630198,Isaiah Joe,21.0,PHI,133,106,0.368,2020-21,0.7969924812030075
1629676,Isaiah Roby,23.0,OKC,429,109,0.294,2020-21,0.2540792540792541
1630191,Isaiah Stewart,20.0,DET,409,63,0.333,2020-21,0.15403422982885084
202738,Isaiah Thomas,32.0,NOP,27,12,0.25,2020-21,0.4444444444444444
202397,Ish Smith,32.0,WAS,297,49,0.367,2020-21,0.16498316498316498
1627826,Ivica Zubac,24.0,LAC,394,4,0.25,2020-21,0.01015228426395939
200755,JJ Redick,37.0,DAL,267,178,0.371,2020-21,0.6666666666666666
1629630,Ja Morant,21.0,MEM,957,241,0.303,2020-21,0.25182863113897597
203960,JaKarr Sampson,28.0,IND,113,15,0.2,2020-21,0.13274336283185842
203210,JaMychal Green,31.0,DEN,374,198,0.399,2020-21,0.5294117647058824
201580,JaVale McGee,33.0,DEN,282,24,0.208,2020-21,0.0851063829787234
203953,Jabari Parker,26.0,BOS,55,11,0.182,2020-21,0.2
1630183,Jaden McDaniels,20.0,MIN,367,198,0.364,2020-21,0.5395095367847411
203109,Jae Crowder,30.0,PHX,492,380,0.389,2020-21,0.7723577235772358
1630256,Jae'Sean Tate,25.0,HOU,625,195,0.308,2020-21,0.312
1626143,Jahlil Okafor,25.0,DET,102,9,0.222,2020-21,0.08823529411764706
1630186,Jahmi'us Ramsey,20.0,SAC,38,19,0.263,2020-21,0.5
1627774,Jake Layman,27.0,MIN,184,78,0.295,2020-21,0.42391304347826086
1627751,Jakob Poeltl,25.0,SAS,430,0,0.0,2020-21,0.0
1628973,Jalen Brunson,24.0,DAL,627,200,0.405,2020-21,0.3189792663476874
1630223,Jalen Harris,22.0,TOR,72,36,0.472,2020-21,0.5
1629665,Jalen Lecque,21.0,IND,9,1,0.0,2020-21,0.1111111111111111
1629667,Jalen McDaniels,23.0,CHA,284,105,0.333,2020-21,0.36971830985915494
1630188,Jalen Smith,21.0,PHX,50,17,0.235,2020-21,0.34
1627750,Jamal Murray,24.0,DEN,792,316,0.408,2020-21,0.398989898989899
203516,James Ennis III,30.0,ORL,243,104,0.433,2020-21,0.4279835390946502
201935,James Harden,31.0,BKN,734,334,0.362,2020-21,0.4550408719346049
201949,James Johnson,34.0,NOP,327,120,0.258,2020-21,0.3669724770642202
203263,James Nunnally,30.0,NOP,13,12,0.333,2020-21,0.9230769230769231
1630164,James Wiseman,20.0,GSW,368,38,0.316,2020-21,0.10326086956521739
201162,Jared Dudley,35.0,LAL,9,6,0.333,2020-21,0.6666666666666666
1629607,Jared Harper,23.0,NYK,4,1,0.0,2020-21,0.25
1628991,Jaren Jackson Jr.,21.0,MEM,125,60,0.283,2020-21,0.48
1629020,Jarred Vanderbilt,22.0,MIN,236,5,0.2,2020-21,0.0211864406779661
1629714,Jarrell Brantley,25.0,UTA,52,28,0.429,2020-21,0.5384615384615384
1628386,Jarrett Allen,23.0,CLE,482,19,0.316,2020-21,0.03941908713692946
1629633,Jarrett Culver,22.0,MIN,168,53,0.245,2020-21,0.31547619047619047
1629750,Javonte Green,27.0,CHI,102,30,0.333,2020-21,0.29411764705882354
1629637,Jaxson Hayes,21.0,NOP,280,14,0.429,2020-21,0.05
1630206,Jay Scrubb,20.0,LAC,36,9,0.222,2020-21,0.25
1629121,Jaylen Adams,25.0,MIL,8,2,0.0,2020-21,0.25
1627759,Jaylen Brown,24.0,BOS,1111,411,0.397,2020-21,0.36993699369936994
1629658,Jaylen Hoard,22.0,OKC,88,11,0.0,2020-21,0.125
1629669,Jaylen Nowell,21.0,MIN,335,150,0.333,2020-21,0.44776119402985076
1628369,Jayson Tatum,23.0,BOS,1318,485,0.386,2020-21,0.36798179059180575
201145,Jeff Green,34.0,BKN,530,250,0.412,2020-21,0.4716981132075472
201952,Jeff Teague,33.0,MIL,284,82,0.439,2020-21,0.2887323943661972
203924,Jerami Grant,27.0,DET,932,329,0.35,2020-21,0.3530042918454936
1629725,Jeremiah Martin,25.0,CLE,33,12,0.25,2020-21,0.36363636363636365
203087,Jeremy Lamb,29.0,IND,276,128,0.406,2020-21,0.463768115942029
1629010,Jerome Robinson,24.0,WAS,95,42,0.262,2020-21,0.4421052631578947
1628975,Jevon Carter,25.0,PHX,223,151,0.371,2020-21,0.6771300448430493
202710,Jimmy Butler III,31.0,MIA,736,102,0.245,2020-21,0.13858695652173914
203925,Joe Harris,29.0,BKN,707,444,0.475,2020-21,0.628005657708628
204060,Joe Ingles,33.0,UTA,562,406,0.451,2020-21,0.7224199288256228
203954,Joel Embiid,27.0,PHI,899,154,0.377,2020-21,0.17130144605116795
1628381,John Collins,23.0,ATL,771,208,0.399,2020-21,0.2697795071335927
1629723,John Konchar,25.0,MEM,138,56,0.375,2020-21,0.4057971014492754
202322,John Wall,30.0,HOU,726,249,0.317,2020-21,0.34297520661157027
202685,Jonas Valančiūnas,29.0,MEM,743,57,0.368,2020-21,0.07671601615074024
1629007,Jontay Porter,21.0,MEM,15,8,0.375,2020-21,0.5333333333333333
1628395,Jordan Bell,26.0,GSW,22,2,0.0,2020-21,0.09090909090909091
1629648,Jordan Bone,23.0,ORL,54,32,0.313,2020-21,0.5925925925925926
203903,Jordan Clarkson,29.0,UTA,1075,599,0.347,2020-21,0.5572093023255814
1629162,Jordan McLaughlin,25.0,MIN,242,92,0.359,2020-21,0.38016528925619836
1629670,Jordan Nwora,22.0,MIL,135,62,0.452,2020-21,0.45925925925925926
1629673,Jordan Poole,22.0,GSW,474,276,0.351,2020-21,0.5822784810126582
1630182,Josh Green,20.0,DAL,93,25,0.16,2020-21,0.26881720430107525
1630221,Josh Hall,20.0,OKC,99,37,0.108,2020-21,0.37373737373737376
1628404,Josh Hart,26.0,NOP,344,193,0.326,2020-21,0.561046511627907
1628367,Josh Jackson,24.0,DET,707,257,0.3,2020-21,0.3635077793493635
1629006,Josh Okogie,22.0,MIN,254,108,0.269,2020-21,0.4251968503937008
1626196,Josh Richardson,27.0,DAL,618,267,0.33,2020-21,0.4320388349514563
201950,Jrue Holiday,31.0,MIL,823,283,0.392,2020-21,0.34386391251518833
1629308,Juan Toscano-Anderson,28.0,GSW,209,92,0.402,2020-21,0.44019138755980863
1627823,Juancho Hernangomez,25.0,MIN,299,168,0.327,2020-21,0.5618729096989966
203944,Julius Randle,26.0,NYK,1321,389,0.411,2020-21,0.29447388342165026
203200,Justin Holiday,32.0,IND,625,453,0.382,2020-21,0.7248
1628382,Justin Jackson,26.0,MIL,221,117,0.308,2020-21,0.5294117647058824
1629713,Justin James,24.0,SAC,111,38,0.368,2020-21,0.34234234234234234
1628383,Justin Patton,24.0,HOU,70,34,0.265,2020-21,0.4857142857142857
1629620,Justin Robinson,23.0,OKC,21,14,0.286,2020-21,0.6666666666666666
1626159,Justise Winslow,25.0,MEM,210,54,0.185,2020-21,0.2571428571428571
203994,Jusuf Nurkić,26.0,POR,333,30,0.4,2020-21,0.09009009009009009
1629752,Juwan Morgan,24.0,UTA,30,13,0.308,2020-21,0.43333333333333335
1630231,KJ Martin,20.0,HOU,318,96,0.365,2020-21,0.3018867924528302
1629644,KZ Okpala,22.0,MIA,96,50,0.24,2020-21,0.5208333333333334
1630211,Karim Mane,21.0,ORL,13,2,0.5,2020-21,0.15384615384615385
1626157,Karl-Anthony Towns,25.0,MIN,875,315,0.387,2020-21,0.36
202695,Kawhi Leonard,30.0,LAC,908,254,0.398,2020-21,0.27973568281938327
1628966,Keita Bates-Diop,25.0,SAS,67,17,0.294,2020-21,0.2537313432835821
1629103,Kelan Martin,25.0,IND,138,60,0.4,2020-21,0.43478260869565216
1629640,Keldon Johnson,21.0,SAS,705,181,0.331,2020-21,0.25673758865248225
1629833,Keljin Blevins,25.0,POR,20,8,0.25,2020-21,0.4
203482,Kelly Olynyk,30.0,HOU,697,368,0.342,2020-21,0.5279770444763271
1626162,Kelly Oubre Jr.,25.0,GSW,724,285,0.316,2020-21,0.393646408839779
202689,Kemba Walker,31.0,OKC,676,353,0.36,2020-21,0.522189349112426
1629134,Kendrick Nunn,25.0,MIA,658,320,0.381,2020-21,0.48632218844984804
1629026,Kenrich Williams,26.0,OKC,411,117,0.444,2020-21,0.2846715328467153
203145,Kent Bazemore,31.0,GSW,392,184,0.408,2020-21,0.46938775510204084
203484,Kentavious Caldwell-Pope,28.0,LAL,506,293,0.41,2020-21,0.5790513833992095
201142,Kevin Durant,32.0,BKN,603,189,0.45,2020-21,0.31343283582089554
1628989,Kevin Huerter,22.0,ATL,731,386,0.363,2020-21,0.5280437756497948
1628995,Kevin Knox II,21.0,NYK,143,89,0.393,2020-21,0.6223776223776224
201567,Kevin Love,32.0,CLE,252,156,0.365,2020-21,0.6190476190476191
1629645,Kevin Porter Jr.,21.0,HOU,367,161,0.311,2020-21,0.43869209809264303
1626172,Kevon Looney,25.0,GSW,197,17,0.235,2020-21,0.08629441624365482
203920,Khem Birch,28.0,TOR,380,52,0.25,2020-21,0.1368421052631579
203114,Khris Middleton,29.0,MIL,1074,365,0.414,2020-21,0.3398510242085661
1629017,Khyri Thomas,25.0,HOU,66,27,0.333,2020-21,0.4090909090909091
1630165,Killian Hayes,19.0,DET,201,72,0.278,2020-21,0.3582089552238806
1629681,Killian Tillie,23.0,MEM,57,33,0.303,2020-21,0.5789473684210527
1630184,Kira Lewis Jr.,20.0,NOP,337,120,0.333,2020-21,0.3560830860534125
1628961,Kostas Antetokounmpo,23.0,LAL,10,0,0.0,2020-21,0.0
1627739,Kris Dunn,27.0,ATL,12,2,0.0,2020-21,0.16666666666666666
204001,Kristaps Porziņģis,25.0,DAL,683,258,0.376,2020-21,0.37774524158125916
203937,Kyle Anderson,27.0,MEM,658,261,0.36,2020-21,0.3966565349544073
1629657,Kyle Guy,23.0,SAC,88,46,0.283,2020-21,0.5227272727272727
1628398,Kyle Kuzma,25.0,LAL,757,380,0.361,2020-21,0.5019815059445178
200768,Kyle Lowry,35.0,TOR,596,331,0.396,2020-21,0.5553691275167785
202681,Kyrie Irving,29.0,BKN,1086,378,0.402,2020-21,0.34806629834254144
200746,LaMarcus Aldridge,35.0,BKN,296,80,0.388,2020-21,0.2702702702702703
1630163,LaMelo Ball,19.0,CHA,672,261,0.352,2020-21,0.38839285714285715
1630205,Lamar Stevens,23.0,CLE,136,25,0.16,2020-21,0.18382352941176472
1629013,Landry Shamet,24.0,BKN,456,333,0.387,2020-21,0.7302631578947368
204038,Langston Galloway,29.0,PHX,147,85,0.424,2020-21,0.5782312925170068
1626204,Larry Nance Jr.,28.0,CLE,272,114,0.36,2020-21,0.41911764705882354
1628374,Lauri Markkanen,24.0,CHI,521,296,0.402,2020-21,0.5681381957773513
2544,LeBron James,36.0,LAL,823,285,0.365,2020-21,0.3462940461725395
1629022,Lonnie Walker IV,22.0,SAS,609,282,0.355,2020-21,0.4630541871921182
1628366,Lonzo Ball,23.0,NOP,700,455,0.378,2020-21,0.65
101150,Lou Williams,34.0,ATL,646,173,0.399,2020-21,0.2678018575851393
1629663,Louis King,22.0,SAC,34,11,0.364,2020-21,0.3235294117647059
1629652,Luguentz Dort,22.0,OKC,639,329,0.343,2020-21,0.514866979655712
1629029,Luka Dončić,22.0,DAL,1351,548,0.35,2020-21,0.40562546262028126
1629677,Luka Samanic,21.0,SAS,105,43,0.279,2020-21,0.4095238095238095
1628379,Luke Kennard,25.0,LAC,414,224,0.446,2020-21,0.5410628019323671
1628436,Luke Kornet,25.0,BOS,101,59,0.254,2020-21,0.5841584158415841
1630201,Malachi Flynn,23.0,TOR,340,168,0.321,2020-21,0.49411764705882355
1627763,Malcolm Brogdon,28.0,IND,980,374,0.388,2020-21,0.3816326530612245
1627736,Malik Beasley,24.0,MIN,600,321,0.399,2020-21,0.535
1630238,Malik Fitts,23.0,LAC,3,2,0.5,2020-21,0.6666666666666666
1628370,Malik Monk,23.0,CHA,399,212,0.401,2020-21,0.531328320802005
1629603,Mamadi Diakite,24.0,MIL,40,8,0.125,2020-21,0.2
201188,Marc Gasol,36.0,LAL,194,122,0.41,2020-21,0.6288659793814433
202694,Marcus Morris Sr.,31.0,LAC,584,296,0.473,2020-21,0.5068493150684932
203935,Marcus Smart,27.0,BOS,510,282,0.33,2020-21,0.5529411764705883
1628365,Markelle Fultz,23.0,ORL,104,16,0.25,2020-21,0.15384615384615385
202693,Markieff Morris,31.0,LAL,378,209,0.311,2020-21,0.5529100529100529
1630210,Markus Howard,22.0,DEN,106,65,0.277,2020-21,0.6132075471698113
1629716,Marques Bolden,23.0,CLE,3,0,0.0,2020-21,0.0
1627737,Marquese Chriss,23.0,GSW,14,5,0.2,2020-21,0.35714285714285715
1628963,Marvin Bagley III,22.0,SAC,490,108,0.343,2020-21,0.22040816326530613
1630222,Mason Jones,22.0,PHI,123,66,0.364,2020-21,0.5365853658536586
203486,Mason Plumlee,31.0,DET,381,7,0.0,2020-21,0.01837270341207349
1629680,Matisse Thybulle,24.0,PHI,243,143,0.301,2020-21,0.588477366255144
1629744,Matt Thomas,26.0,UTA,127,80,0.338,2020-21,0.6299212598425197
203521,Matthew Dellavedova,30.0,CLE,56,25,0.16,2020-21,0.44642857142857145
203090,Maurice Harkless,28.0,SAC,165,84,0.274,2020-21,0.509090909090909
1629622,Max Strus,25.0,MIA,187,148,0.338,2020-21,0.7914438502673797
1628467,Maxi Kleber,29.0,DAL,275,212,0.41,2020-21,0.7709090909090909
203086,Meyers Leonard,29.0,MIA,7,7,0.429,2020-21,1.0
1629662,Mfiondu Kabengele,23.0,CLE,89,50,0.26,2020-21,0.5617977528089888
203487,Michael Carter-Williams,29.0,ORL,270,61,0.246,2020-21,0.22592592592592592
1629008,Michael Porter Jr.,23.0,DEN,817,382,0.445,2020-21,0.4675642594859241
1628969,Mikal Bridges,24.0,PHX,669,315,0.425,2020-21,0.47085201793721976
201144,Mike Conley,33.0,UTA,640,335,0.412,2020-21,0.5234375
1628455,Mike James,30.0,BKN,92,31,0.355,2020-21,0.33695652173913043
203488,Mike Muscala,29.0,OKC,267,184,0.37,2020-21,0.6891385767790262
203118,Mike Scott,32.0,PHI,211,155,0.342,2020-21,0.7345971563981043
1628970,Miles Bridges,23.0,CHA,622,290,0.4,2020-21,0.4662379421221865
1629011,Mitchell Robinson,23.0,NYK,176,0,0.0,2020-21,0.0
1629671,Miye Oni,23.0,UTA,99,88,0.341,2020-21,0.8888888888888888
1628964,Mo Bamba,23.0,ORL,301,118,0.322,2020-21,0.3920265780730897
1628420,Monte Morris,26.0,DEN,387,134,0.381,2020-21,0.3462532299741602
1626149,Montrezl Harrell,27.0,LAL,603,10,0.0,2020-21,0.01658374792703151
1629021,Moritz Wagner,24.0,ORL,229,91,0.341,2020-21,0.39737991266375544
1629650,Moses Brown,21.0,BOS,268,0,0.0,2020-21,0.0
1628539,Mychal Mulder,27.0,GSW,265,214,0.397,2020-21,0.8075471698113208
1626167,Myles Turner,25.0,IND,432,206,0.335,2020-21,0.47685185185185186
1630230,Naji Marshall,23.0,NOP,209,83,0.349,2020-21,0.39712918660287083
1629642,Nassir Little,21.0,POR,167,80,0.35,2020-21,0.47904191616766467
1630268,Nate Darling,22.0,CHA,7,7,0.286,2020-21,1.0
1630207,Nate Hinton,22.0,DAL,42,19,0.211,2020-21,0.4523809523809524
1630233,Nathan Knight,23.0,ATL,100,33,0.182,2020-21,0.33
1629675,Naz Reid,21.0,MIN,581,174,0.351,2020-21,0.29948364888123924
202357,Nemanja Bjelica,33.0,MIA,196,85,0.318,2020-21,0.4336734693877551
203457,Nerlens Noel,27.0,NYK,223,3,0.0,2020-21,0.013452914798206279
1629651,Nic Claxton,22.0,BKN,145,5,0.2,2020-21,0.034482758620689655
1630208,Nick Richards,23.0,CHA,9,1,0.0,2020-21,0.1111111111111111
1629638,Nickeil Alexander-Walker,22.0,NOP,458,219,0.347,2020-21,0.4781659388646288
1630185,Nico Mannion,20.0,GSW,114,60,0.367,2020-21,0.5263157894736842
201587,Nicolas Batum,32.0,LAC,412,272,0.404,2020-21,0.6601941747572816
1629740,Nicolo Melli,30.0,DAL,141,85,0.271,2020-21,0.6028368794326241
203999,Nikola Jokić,26.0,DEN,1293,237,0.388,2020-21,0.18329466357308585
202696,Nikola Vučević,30.0,CHI,1396,440,0.4,2020-21,0.3151862464183381
203943,Noah Vonleh,25.0,BKN,3,2,0.0,2020-21,0.6666666666666666
1626181,Norman Powell,28.0,POR,918,416,0.411,2020-21,0.4531590413943355
203658,Norvel Pelle,28.0,NYK,15,0,0.0,2020-21,0.0
1628384,OG Anunoby,23.0,TOR,519,261,0.398,2020-21,0.5028901734104047
1630167,Obi Toppin,23.0,NYK,209,85,0.306,2020-21,0.40669856459330145
1630168,Onyeka Okongwu,20.0,ATL,149,3,0.0,2020-21,0.020134228187919462
1629052,Oshae Brissett,23.0,IND,151,78,0.423,2020-21,0.5165562913907285
203490,Otto Porter Jr.,28.0,ORL,227,104,0.375,2020-21,0.4581497797356828
200782,P.J. Tucker,36.0,MIL,177,119,0.336,2020-21,0.672316384180791
1629023,P.J. Washington,22.0,CHA,686,290,0.386,2020-21,0.4227405247813411
1628408,PJ Dozier,24.0,DEN,355,149,0.315,2020-21,0.4197183098591549
1627783,Pascal Siakam,27.0,TOR,961,246,0.297,2020-21,0.2559833506763788
1626192,Pat Connaughton,28.0,MIL,387,272,0.371,2020-21,0.7028423772609819
201976,Patrick Beverley,32.0,LAC,220,141,0.397,2020-21,0.6409090909090909
1627775,Patrick McCaw,25.0,TOR,1,0,0.0,2020-21,0.0
202335,Patrick Patterson,32.0,LAC,165,112,0.357,2020-21,0.6787878787878788
1630172,Patrick Williams,19.0,CHI,528,138,0.391,2020-21,0.26136363636363635
201988,Patty Mills,32.0,SAS,611,429,0.375,2020-21,0.7021276595744681
202331,Paul George,31.0,LAC,953,416,0.411,2020-21,0.43651626442812175
200794,Paul Millsap,36.0,DEN,401,143,0.343,2020-21,0.3566084788029925
1630194,Paul Reed,22.0,PHI,78,6,0.0,2020-21,0.07692307692307693
1628778,Paul Watson,26.0,TOR,82,64,0.469,2020-21,0.7804878048780488
1630202,Payton Pritchard,23.0,BOS,418,248,0.411,2020-21,0.5933014354066986
1630173,Precious Achiuwa,21.0,MIA,228,1,0.0,2020-21,0.0043859649122807015
1626188,Quinn Cook,28.0,CLE,68,26,0.423,2020-21,0.38235294117647056
1629683,Quinndary Weatherspoon,24.0,SAS,35,6,0.167,2020-21,0.17142857142857143
1630181,R.J. Hampton,20.0,ORL,313,87,0.31,2020-21,0.2779552715654952
1629628,RJ Barrett,21.0,NYK,1060,309,0.401,2020-21,0.29150943396226414
200765,Rajon Rondo,35.0,LAC,215,89,0.404,2020-21,0.413953488372093
203526,Raul Neto,29.0,WAS,447,164,0.39,2020-21,0.3668903803131991
1629034,Ray Spalding,24.0,HOU,4,1,0.0,2020-21,0.25
1629730,Rayjon Tucker,23.0,PHI,18,7,0.286,2020-21,0.3888888888888889
203493,Reggie Bullock Jr.,30.0,NYK,561,398,0.41,2020-21,0.7094474153297683
202704,Reggie Jackson,31.0,LAC,585,282,0.433,2020-21,0.48205128205128206
1629617,Reggie Perry,21.0,BKN,78,21,0.19,2020-21,0.2692307692307692
1626158,Richaun Holmes,27.0,SAC,575,11,0.182,2020-21,0.019130434782608695
201937,Ricky Rubio,30.0,MIN,498,214,0.308,2020-21,0.42971887550200805
203496,Robert Covington,30.0,POR,509,356,0.379,2020-21,0.6994106090373281
1629606,Robert Franks,24.0,ORL,28,15,0.333,2020-21,0.5357142857142857
1629057,Robert Williams III,23.0,BOS,258,2,0.0,2020-21,0.007751937984496124
1630218,Robert Woodard II,21.0,SAC,20,6,0.167,2020-21,0.3
201577,Robin Lopez,33.0,WAS,425,18,0.278,2020-21,0.042352941176470586
1629066,Rodions Kurucs,23.0,MIL,32,21,0.286,2020-21,0.65625
203918,Rodney Hood,28.0,TOR,260,113,0.301,2020-21,0.4346153846153846
203585,Rodney McGruder,29.0,DET,70,24,0.458,2020-21,0.34285714285714286
1629641,Romeo Langford,21.0,BOS,59,18,0.278,2020-21,0.3050847457627119
1626178,Rondae Hollis-Jefferson,26.0,POR,18,1,0.0,2020-21,0.05555555555555555
1626220,Royce O'Neale,28.0,UTA,394,278,0.385,2020-21,0.7055837563451777
200752,Rudy Gay,34.0,SAS,628,278,0.381,2020-21,0.4426751592356688
203497,Rudy Gobert,29.0,UTA,579,4,0.0,2020-21,0.0069084628670120895
1629060,Rui Hachimura,23.0,WAS,648,137,0.328,2020-21,0.21141975308641975
201566,Russell Westbrook,32.0,WAS,1238,273,0.315,2020-21,0.22051696284329564
1627853,Ryan Arcidiacono,27.0,CHI,117,67,0.373,2020-21,0.5726495726495726
1630240,Saben Lee,22.0,DET,210,23,0.348,2020-21,0.10952380952380952
1630180,Saddiq Bey,22.0,DET,691,460,0.38,2020-21,0.6657018813314037
1630241,Sam Merrill,25.0,MIL,72,47,0.447,2020-21,0.6527777777777778
1630253,Sean McDermott,24.0,MEM,33,22,0.227,2020-21,0.6666666666666666
1629635,Sekou Doumbouya,20.0,DET,282,115,0.226,2020-21,0.4078014184397163
1628400,Semi Ojeleye,26.0,BOS,221,158,0.367,2020-21,0.7149321266968326
201586,Serge Ibaka,31.0,LAC,365,115,0.339,2020-21,0.3150684931506849
203552,Seth Curry,30.0,PHI,552,280,0.45,2020-21,0.5072463768115942
1628983,Shai Gilgeous-Alexander,22.0,OKC,565,170,0.418,2020-21,0.3008849557522124
1629003,Shake Milton,24.0,PHI,667,203,0.35,2020-21,0.30434782608695654
1627885,Shaquille Harrison,27.0,DEN,78,16,0.188,2020-21,0.20512820512820512
1628414,Sindarius Thornwell,26.0,ORL,46,23,0.304,2020-21,0.5
1630219,Skylar Mays,23.0,ATL,98,40,0.35,2020-21,0.40816326530612246
203524,Solomon Hill,30.0,ATL,298,212,0.321,2020-21,0.7114093959731543
203915,Spencer Dinwiddie,28.0,BKN,16,7,0.286,2020-21,0.4375
1626169,Stanley Johnson,25.0,TOR,233,137,0.328,2020-21,0.5879828326180258
201939,Stephen Curry,33.0,GSW,1365,801,0.421,2020-21,0.5868131868131868
1628425,Sterling Brown,26.0,HOU,335,215,0.423,2020-21,0.6417910447761194
203500,Steven Adams,27.0,NOP,308,3,0.0,2020-21,0.00974025974025974
1629004,Svi Mykhailiuk,24.0,OKC,506,314,0.334,2020-21,0.6205533596837944
1628388,T.J. Leaf,24.0,POR,10,0,0.0,2020-21,0.0
204456,T.J. McConnell,29.0,IND,490,48,0.313,2020-21,0.09795918367346938
203933,T.J. Warren,27.0,IND,51,7,0.0,2020-21,0.13725490196078433
1629605,Tacko Fall,25.0,BOS,29,0,0.0,2020-21,0.0
201959,Taj Gibson,36.0,NYK,158,15,0.2,2020-21,0.0949367088607595
1629659,Talen Horton-Tucker,20.0,LAL,489,131,0.282,2020-21,0.26789366053169733
1627752,Taurean Prince,27.0,CLE,327,155,0.4,2020-21,0.4740061162079511
1629611,Terance Mann,24.0,LAC,350,91,0.418,2020-21,0.26
1629056,Terence Davis,24.0,SAC,456,267,0.367,2020-21,0.5855263157894737
1628390,Terrance Ferguson,23.0,PHI,7,5,0.0,2020-21,0.7142857142857143
203082,Terrence Ross,30.0,ORL,616,264,0.337,2020-21,0.42857142857142855
1626179,Terry Rozier,27.0,CHA,1134,571,0.389,2020-21,0.5035273368606702
201152,Thaddeus Young,33.0,CHI,662,45,0.267,2020-21,0.06797583081570997
203648,Thanasis Antetokounmpo,28.0,MIL,137,29,0.241,2020-21,0.2116788321167883
1630177,Theo Maledon,20.0,OKC,614,313,0.335,2020-21,0.509771986970684
1629033,Theo Pinson,25.0,NYK,9,8,0.0,2020-21,0.8888888888888888
1628418,Thomas Bryant,23.0,WAS,91,21,0.429,2020-21,0.23076923076923078
1627748,Thon Maker,24.0,CLE,18,2,0.0,2020-21,0.1111111111111111
204025,Tim Frazier,30.0,MEM,20,8,0.0,2020-21,0.4
203501,Tim Hardaway Jr.,29.0,DAL,911,529,0.391,2020-21,0.5806805708013172
1627789,Timothe Luwawu-Cabarrot,26.0,BKN,356,239,0.314,2020-21,0.6713483146067416
202699,Tobias Harris,28.0,PHI,924,208,0.394,2020-21,0.22510822510822512
203107,Tomas Satoransky,29.0,CHI,329,118,0.356,2020-21,0.3586626139817629
1628396,Tony Bradley,23.0,OKC,197,3,0.0,2020-21,0.015228426395939087
203503,Tony Snell,29.0,ATL,171,109,0.569,2020-21,0.6374269005847953
1628470,Torrey Craig,30.0,PHX,227,106,0.368,2020-21,0.4669603524229075
1629027,Trae Young,22.0,ATL,1112,397,0.343,2020-21,0.35701438848920863
1630200,Tre Jones,21.0,SAS,78,5,0.6,2020-21,0.0641025641025641
1629682,Tremont Waters,23.0,BOS,84,38,0.395,2020-21,0.4523809523809524
1630235,Trent Forrest,23.0,UTA,71,26,0.192,2020-21,0.36619718309859156
2772,Trevor Ariza,36.0,MIA,241,143,0.35,2020-21,0.5933609958506224
203504,Trey Burke,28.0,DAL,353,164,0.354,2020-21,0.46458923512747874
1626168,Trey Lyles,25.0,SAS,90,40,0.35,2020-21,0.4444444444444444
202684,Tristan Thompson,30.0,BOS,326,3,0.0,2020-21,0.009202453987730062
1628972,Troy Brown Jr.,21.0,CHI,144,70,0.314,2020-21,0.4861111111111111
1629660,Ty Jerome,23.0,OKC,287,168,0.423,2020-21,0.5853658536585366
1630234,Ty-Shon Alexander,22.0,PHX,12,9,0.222,2020-21,0.75
1630189,Tyler Bey,23.0,DAL,22,4,0.25,2020-21,0.18181818181818182
1629076,Tyler Cook,23.0,DET,103,2,0.5,2020-21,0.019417475728155338
1629639,Tyler Herro,21.0,MIA,699,297,0.36,2020-21,0.4248927038626609
204020,Tyler Johnson,29.0,BKN,183,132,0.364,2020-21,0.7213114754098361
1630179,Tyrell Terry,20.0,DAL,16,7,0.0,2020-21,0.4375
1630169,Tyrese Haliburton,21.0,SAC,619,296,0.409,2020-21,0.4781906300484653
1630178,Tyrese Maxey,20.0,PHI,429,103,0.301,2020-21,0.2400932400932401
1626145,Tyus Jones,25.0,MEM,413,140,0.321,2020-21,0.3389830508474576
1628962,Udoka Azubuike,21.0,UTA,9,0,0.0,2020-21,0.0
2617,Udonis Haslem,41.0,MIA,2,0,0.0,2020-21,0.0
1630176,Vernon Carey Jr.,20.0,CHA,36,7,0.143,2020-21,0.19444444444444445
203506,Victor Oladipo,29.0,MIA,576,239,0.326,2020-21,0.4149305555555556
1629738,Vincent Poirier,27.0,PHI,12,1,0.0,2020-21,0.08333333333333333
1628427,Vlatko Čančar,24.0,DEN,72,33,0.273,2020-21,0.4583333333333333
201961,Wayne Ellington,33.0,DET,338,275,0.422,2020-21,0.8136094674556213
1628976,Wendell Carter Jr.,22.0,ORL,457,51,0.294,2020-21,0.11159737417943107
1629117,Wenyen Gabriel,24.0,NOP,60,32,0.406,2020-21,0.5333333333333333
1628411,Wes Iwundu,26.0,NOP,102,41,0.122,2020-21,0.4019607843137255
202083,Wesley Matthews,34.0,LAL,252,197,0.335,2020-21,0.7817460317460317
203115,Will Barton,30.0,DEN,608,257,0.381,2020-21,0.42269736842105265
1630266,Will Magnay,23.0,NOP,1,1,0.0,2020-21,1.0
1626161,Willie Cauley-Stein,27.0,DAL,182,11,0.091,2020-21,0.06043956043956044
1626195,Willy Hernangomez,27.0,NOP,268,10,0.1,2020-21,0.03731343283582089
1630214,Xavier Tillman,22.0,MEM,299,65,0.338,2020-21,0.21739130434782608
1627812,Yogi Ferrell,28.0,LAC,57,28,0.321,2020-21,0.49122807017543857
1629139,Yuta Watanabe,26.0,TOR,180,90,0.4,2020-21,0.5
203897,Zach LaVine,26.0,CHI,1123,477,0.419,2020-21,0.42475512021371326
1630192,Zeke Nnaji,20.0,DEN,104,59,0.407,2020-21,0.5673076923076923
1629627,Zion Williamson,20.0,NOP,1037,34,0.294,2020-21,0.03278688524590164
203932,Aaron Gordon,26.0,DEN,834,260,0.335,2021-22,0.3117505995203837
1630565,Aaron Henry,22.0,PHI,5,1,0.0,2021-22,0.2
1628988,Aaron Holiday,25.0,PHX,338,103,0.379,2021-22,0.3047337278106509
1630174,Aaron Nesmith,22.0,BOS,182,115,0.27,2021-22,0.6318681318681318
1630598,Aaron Wiggins,23.0,OKC,337,138,0.304,2021-22,0.4094955489614243
1627846,Abdel Nader,28.0,PHX,35,14,0.286,2021-22,0.4
1629678,Admiral Schofield,25.0,ORL,129,79,0.329,2021-22,0.6124031007751938
1629958,Ahmad Caver,25.0,IND,1,0,0.0,2021-22,0.0
201143,Al Horford,36.0,BOS,569,265,0.336,2021-22,0.46572934973637964
202692,Alec Burks,30.0,NYK,728,389,0.404,2021-22,0.5343406593406593
1630758,Aleem Ford,24.0,ORL,20,15,0.133,2021-22,0.75
1630197,Aleksej Pokusevski,20.0,OKC,456,197,0.289,2021-22,0.43201754385964913
1627936,Alex Caruso,28.0,CHI,256,126,0.333,2021-22,0.4921875
203458,Alex Len,29.0,SAC,176,21,0.286,2021-22,0.11931818181818182
1628035,Alfonzo McKinnie,29.0,CHI,61,27,0.333,2021-22,0.4426229508196721
1628993,Alize Johnson,26.0,NOP,39,4,0.0,2021-22,0.10256410256410256
1630578,Alperen Sengun,19.0,HOU,525,117,0.248,2021-22,0.22285714285714286
1629599,Amir Coffey,25.0,LAC,466,254,0.378,2021-22,0.5450643776824035
203083,Andre Drummond,28.0,BKN,433,3,0.0,2021-22,0.006928406466512702
2738,Andre Iguodala,38.0,GSW,121,74,0.23,2021-22,0.6115702479338843
203952,Andrew Wiggins,27.0,GSW,1019,399,0.393,2021-22,0.3915603532875368
1629014,Anfernee Simons,23.0,POR,797,442,0.405,2021-22,0.5545796737766625
203076,Anthony Davis,29.0,LAL,695,70,0.186,2021-22,0.10071942446043165
1630162,Anthony Edwards,20.0,MIN,1245,602,0.357,2021-22,0.4835341365461847
1630264,Anthony Gill,29.0,WAS,109,26,0.538,2021-22,0.23853211009174313
1630237,Anthony Lamb,24.0,HOU,2,2,0.0,2021-22,1.0
1629717,Armoni Brooks,24.0,TOR,289,249,0.297,2021-22,0.8615916955017301
1629083,Arnoldas Kulboka,24.0,CHA,1,1,0.0,2021-22,1.0
1630559,Austin Reaves,24.0,LAL,318,167,0.317,2021-22,0.5251572327044025
203085,Austin Rivers,29.0,DEN,350,231,0.342,2021-22,0.66
202340,Avery Bradley,31.0,LAL,350,210,0.39,2021-22,0.6
1630245,Ayo Dosunmu,22.0,CHI,535,186,0.376,2021-22,0.34766355140186916
1629168,BJ Johnson,26.0,ORL,25,10,0.4,2021-22,0.4
1628389,Bam Adebayo,24.0,MIA,729,6,0.0,2021-22,0.00823045267489712
203463,Ben McLemore,29.0,POR,539,417,0.362,2021-22,0.7736549165120594
202687,Bismack Biyombo,29.0,PHX,145,0,0.0,2021-22,0.0
201933,Blake Griffin,33.0,BKN,313,145,0.262,2021-22,0.46325878594249204
1626246,Boban Marjanovic,33.0,DAL,70,4,0.25,2021-22,0.05714285714285714
1626171,Bobby Portis,27.0,MIL,871,338,0.393,2021-22,0.3880597014925373
203992,Bogdan Bogdanović,29.0,ATL,794,459,0.368,2021-22,0.5780856423173804
202711,Bojan Bogdanovic,33.0,UTA,928,468,0.387,2021-22,0.5043103448275862
1629626,Bol Bol,22.0,ORL,27,4,0.25,2021-22,0.14814814814814814
1630538,Bones Hyland,21.0,DEN,571,358,0.366,2021-22,0.626970227670753
202954,Brad Wanamaker,32.0,WAS,77,17,0.235,2021-22,0.22077922077922077
203078,Bradley Beal,29.0,WAS,771,210,0.3,2021-22,0.2723735408560311
1630527,Brandon Boston,20.0,LAC,325,111,0.306,2021-22,0.3415384615384615
1629634,Brandon Clarke,25.0,MEM,447,22,0.227,2021-22,0.049217002237136466
1629164,Brandon Goodwin,26.0,CLE,154,55,0.345,2021-22,0.35714285714285715
1627742,Brandon Ingram,24.0,NOP,983,226,0.327,2021-22,0.2299084435401831
202688,Brandon Knight,30.0,DAL,25,17,0.235,2021-22,0.68
1630314,Brandon Williams,22.0,POR,282,106,0.292,2021-22,0.375886524822695
1630296,Braxton Key,25.0,DET,72,21,0.286,2021-22,0.2916666666666667
1630271,Brodric Thomas,25.0,BOS,18,9,0.222,2021-22,0.5
201572,Brook Lopez,34.0,MIL,131,53,0.358,2021-22,0.40458015267175573
1628971,Bruce Brown,25.0,BKN,506,94,0.404,2021-22,0.1857707509881423
1628981,Bruno Fernando,23.0,HOU,55,2,0.5,2021-22,0.03636363636363636
1627854,Bryn Forbes,28.0,DEN,539,295,0.414,2021-22,0.5473098330241187
1627741,Buddy Hield,29.0,IND,1098,716,0.366,2021-22,0.6520947176684881
1629604,CJ Elleby,22.0,POR,308,126,0.294,2021-22,0.4090909090909091
203468,CJ McCollum,30.0,NOP,1164,469,0.388,2021-22,0.4029209621993127
1630595,Cade Cunningham,20.0,DET,1031,363,0.314,2021-22,0.35208535402521823
1628997,Caleb Martin,26.0,MIA,410,155,0.413,2021-22,0.3780487804878049
1629629,Cam Reddish,22.0,NYK,408,184,0.359,2021-22,0.45098039215686275
1630560,Cam Thomas,20.0,BKN,503,174,0.27,2021-22,0.34592445328031807
1629661,Cameron Johnson,26.0,PHX,607,391,0.425,2021-22,0.6441515650741351
1630787,Cameron McGriff,24.0,POR,14,6,0.333,2021-22,0.42857142857142855
1628419,Cameron Oliver,25.0,ATL,15,3,0.333,2021-22,0.2
1626166,Cameron Payne,27.0,PHX,587,211,0.336,2021-22,0.3594548551959114
1627747,Caris LeVert,27.0,CLE,854,256,0.32,2021-22,0.2997658079625293
1630637,Carlik Jones,24.0,DEN,9,1,0.0,2021-22,0.1111111111111111
2546,Carmelo Anthony,38.0,LAL,723,397,0.375,2021-22,0.5491009681881052
1629035,Carsen Edwards,24.0,DET,30,16,0.25,2021-22,0.5333333333333333
1630199,Cassius Stanley,22.0,DET,46,17,0.235,2021-22,0.3695652173913043
1630216,Cassius Winston,24.0,WAS,11,6,0.333,2021-22,0.5454545454545454
1627760,Cat Barber,27.0,ATL,4,0,0.0,2021-22,0.0
1626224,Cedi Osman,27.0,CLE,572,359,0.357,2021-22,0.6276223776223776
1628990,Chandler Hutchison,26.0,PHX,2,0,0.0,2021-22,0.0
1629646,Charles Bassey,21.0,PHI,47,4,0.0,2021-22,0.0851063829787234
1629718,Charlie Brown Jr.,25.0,PHI,39,12,0.083,2021-22,0.3076923076923077
1630602,Chaundee Brown Jr.,23.0,ATL,32,18,0.333,2021-22,0.5625
1627767,Cheick Diallo,25.0,DET,8,0,0.0,2021-22,0.0
1629002,Chimezie Metu,25.0,SAC,449,186,0.306,2021-22,0.4142538975501114
1628449,Chris Boucher,29.0,TOR,577,229,0.297,2021-22,0.3968804159445407
1629185,Chris Chiozza,26.0,GSW,81,53,0.321,2021-22,0.654320987654321
1630537,Chris Duarte,25.0,IND,621,255,0.369,2021-22,0.4106280193236715
101108,Chris Paul,37.0,PHX,736,199,0.317,2021-22,0.2703804347826087
1629735,Chris Silva,25.0,MIA,15,0,0.0,2021-22,0.0
1626174,Christian Wood,26.0,HOU,878,336,0.39,2021-22,0.3826879271070615
1629643,Chuma Okeke,23.0,ORL,575,371,0.318,2021-22,0.6452173913043479
203991,Clint Capela,28.0,ATL,604,1,0.0,2021-22,0.0016556291390728477
1629632,Coby White,22.0,CHI,644,353,0.385,2021-22,0.5481366459627329
1628998,Cody Martin,26.0,CHA,423,159,0.384,2021-22,0.375886524822695
203469,Cody Zeller,29.0,POR,90,4,0.0,2021-22,0.044444444444444446
1630175,Cole Anthony,22.0,ORL,912,391,0.338,2021-22,0.42872807017543857
1629012,Collin Sexton,23.0,CLE,151,45,0.244,2021-22,0.2980132450331126
1630557,Corey Kispert,23.0,WAS,514,320,0.35,2021-22,0.622568093385214
202709,Cory Joseph,30.0,DET,400,157,0.414,2021-22,0.3925
1628591,Craig Sword,28.0,WAS,4,1,0.0,2021-22,0.25
1626156,D'Angelo Russell,26.0,MIN,975,518,0.34,2021-22,0.5312820512820513
201571,D.J. Augustin,34.0,LAL,222,164,0.415,2021-22,0.7387387387387387
1628391,D.J. Wilson,26.0,TOR,15,2,0.0,2021-22,0.13333333333333333
1629610,DaQuan Jeffries,24.0,MEM,2,1,0.0,2021-22,0.5
1630227,Daishen Nix,20.0,HOU,67,26,0.269,2021-22,0.3880597014925373
1629751,Dakota Mathias,26.0,MEM,6,6,0.333,2021-22,1.0
1630625,Dalano Banton,22.0,TOR,202,51,0.255,2021-22,0.2524752475247525
1627745,Damian Jones,27.0,SAC,266,29,0.345,2021-22,0.10902255639097744
203081,Damian Lillard,31.0,POR,552,284,0.324,2021-22,0.5144927536231884
1627814,Damion Lee,29.0,GSW,383,187,0.337,2021-22,0.48825065274151436
1628422,Damyean Dotson,28.0,NYK,4,1,0.0,2021-22,0.25
1629655,Daniel Gafford,23.0,WAS,411,1,0.0,2021-22,0.0024330900243309003
1630187,Daniel Oturu,22.0,TOR,6,1,0.0,2021-22,0.16666666666666666
1628464,Daniel Theis,30.0,BOS,291,107,0.308,2021-22,0.36769759450171824
201568,Danilo Gallinari,33.0,ATL,597,294,0.381,2021-22,0.49246231155778897
201980,Danny Green,35.0,PHI,320,271,0.38,2021-22,0.846875
1627863,Danuel House Jr.,29.0,UTA,198,117,0.376,2021-22,0.5909090909090909
1629647,Darius Bazley,22.0,OKC,649,269,0.297,2021-22,0.41448382126348227
1629636,Darius Garland,22.0,CLE,1173,454,0.383,2021-22,0.38704177323103156
201954,Darren Collison,34.0,LAL,7,3,0.0,2021-22,0.42857142857142855
1630561,David Duke Jr.,22.0,BKN,108,37,0.243,2021-22,0.3425925925925926
1630525,David Johnson,21.0,TOR,1,1,0.0,2021-22,1.0
1628021,David Nwaba,29.0,HOU,176,49,0.306,2021-22,0.2784090909090909
1630558,Davion Mitchell,23.0,SAC,843,320,0.316,2021-22,0.37959667852906287
202722,Davis Bertans,29.0,DAL,275,230,0.335,2021-22,0.8363636363636363
1628432,Davon Reed,27.0,DEN,161,86,0.43,2021-22,0.5341614906832298
1630549,Day'Ron Sharpe,20.0,BKN,149,7,0.286,2021-22,0.04697986577181208
1628368,De'Aaron Fox,24.0,SAC,1092,249,0.297,2021-22,0.22802197802197802
1629631,De'Andre Hunter,24.0,ATL,575,195,0.379,2021-22,0.3391304347826087
1629001,De'Anthony Melton,24.0,MEM,695,372,0.374,2021-22,0.5352517985611511
201599,DeAndre Jordan,33.0,PHI,143,0,0.0,2021-22,0.0
1627761,DeAndre' Bembry,27.0,MIL,221,36,0.417,2021-22,0.16289592760180996
201942,DeMar DeRozan,32.0,CHI,1535,142,0.352,2021-22,0.09250814332247558
202326,DeMarcus Cousins,31.0,DEN,324,122,0.303,2021-22,0.3765432098765432
1629731,Dean Wade,25.0,CLE,217,142,0.359,2021-22,0.6543778801843319
1629028,Deandre Ayton,23.0,PHX,697,19,0.368,2021-22,0.027259684361549498
1629686,Deividas Sirvydis,22.0,DET,10,7,0.143,2021-22,0.7
1627749,Dejounte Murray,25.0,SAS,1241,294,0.327,2021-22,0.23690572119258663
1626153,Delon Wright,30.0,ATL,269,116,0.379,2021-22,0.4312267657992565
1630166,Deni Avdija,21.0,WAS,579,259,0.317,2021-22,0.4473229706390328
203471,Dennis Schröder,28.0,HOU,724,250,0.344,2021-22,0.3453038674033149
1628372,Dennis Smith Jr.,24.0,POR,189,27,0.222,2021-22,0.14285714285714285
1627756,Denzel Valentine,28.0,UTA,66,47,0.404,2021-22,0.7121212121212122
202324,Derrick Favors,30.0,OKC,182,16,0.125,2021-22,0.08791208791208792
1627884,Derrick Jones Jr.,25.0,CHI,195,61,0.328,2021-22,0.3128205128205128
201565,Derrick Rose,33.0,NYK,274,92,0.402,2021-22,0.3357664233576642
1628476,Derrick Walton Jr.,27.0,DET,26,13,0.231,2021-22,0.5
1628401,Derrick White,27.0,BOS,800,369,0.312,2021-22,0.46125
1630217,Desmond Bane,24.0,MEM,1101,523,0.436,2021-22,0.4750227066303361
1626164,Devin Booker,25.0,PHX,1421,478,0.383,2021-22,0.33638282899366645
1629962,Devin Cannady,26.0,ORL,44,37,0.405,2021-22,0.8409090909090909
1630170,Devin Vassell,21.0,SAS,764,380,0.361,2021-22,0.4973821989528796
1629653,Devon Dotson,22.0,CHI,23,9,0.222,2021-22,0.391304347826087
1629719,Devontae Cacok,25.0,SAS,31,0,0.0,2021-22,0.0
1628984,Devonte' Graham,27.0,NOP,815,563,0.341,2021-22,0.69079754601227
203473,Dewayne Dedmon,32.0,MIA,290,47,0.404,2021-22,0.16206896551724137
1629712,Didi Louzada,22.0,POR,33,23,0.391,2021-22,0.696969696969697
1628415,Dillon Brooks,26.0,MEM,526,149,0.309,2021-22,0.2832699619771863
1627734,Domantas Sabonis,26.0,SAC,773,125,0.312,2021-22,0.16170763260025872
1628378,Donovan Mitchell,25.0,UTA,1376,654,0.355,2021-22,0.4752906976744186
1628978,Donte DiVincenzo,25.0,SAC,336,218,0.339,2021-22,0.6488095238095238
1627827,Dorian Finney-Smith,29.0,DAL,692,435,0.395,2021-22,0.6286127167630058
203926,Doug McDermott,30.0,SAS,465,256,0.422,2021-22,0.5505376344086022
203110,Draymond Green,32.0,GSW,257,54,0.296,2021-22,0.21011673151750973
1629234,Drew Eubanks,25.0,POR,371,23,0.217,2021-22,0.06199460916442048
1630613,Duane Washington Jr.,22.0,IND,427,215,0.377,2021-22,0.5035128805620609
1629130,Duncan Robinson,28.0,MIA,726,624,0.372,2021-22,0.859504132231405
2730,Dwight Howard,36.0,LAL,219,15,0.533,2021-22,0.0684931506849315
203939,Dwight Powell,30.0,DAL,401,37,0.351,2021-22,0.09226932668329177
1629685,Dylan Windler,25.0,CLE,98,70,0.3,2021-22,0.7142857142857143
202334,Ed Davis,33.0,CLE,16,0,0.0,2021-22,0.0
203901,Elfrid Payton,28.0,PHX,175,18,0.222,2021-22,0.10285714285714286
1630190,Elijah Hughes,24.0,POR,144,95,0.263,2021-22,0.6597222222222222
1629150,Emanuel Terry,25.0,PHX,5,0,0.0,2021-22,0.0
1626144,Emmanuel Mudiay,26.0,SAC,2,0,0.0,2021-22,0.0
202683,Enes Freedom,30.0,BOS,97,5,0.4,2021-22,0.05154639175257732
202339,Eric Bledsoe,32.0,POR,468,163,0.313,2021-22,0.3482905982905983
201569,Eric Gordon,33.0,HOU,564,301,0.412,2021-22,0.5336879432624113
1629672,Eric Paschall,25.0,UTA,235,108,0.37,2021-22,0.4595744680851064
1630647,Eugene Omoruyi,25.0,DAL,5,2,0.5,2021-22,0.4
203095,Evan Fournier,29.0,NYK,965,619,0.389,2021-22,0.6414507772020726
1630596,Evan Mobley,21.0,CLE,830,92,0.25,2021-22,0.1108433734939759
1630267,Facundo Campazzo,31.0,DEN,296,193,0.301,2021-22,0.652027027027027
1630624,Feron Hunt,22.0,NYK,2,0,0.0,2021-22,0.0
1628402,Frank Jackson,24.0,DET,483,279,0.308,2021-22,0.577639751552795
1626163,Frank Kaminsky,29.0,PHX,66,15,0.333,2021-22,0.22727272727272727
1628373,Frank Ntilikina,23.0,DAL,223,111,0.342,2021-22,0.4977578475336323
1630532,Franz Wagner,20.0,ORL,975,271,0.354,2021-22,0.27794871794871795
1627832,Fred VanVleet,28.0,TOR,1097,642,0.377,2021-22,0.585232452142206
1630273,Freddie Gillespie,25.0,ORL,22,1,0.0,2021-22,0.045454545454545456
1627788,Furkan Korkmaz,24.0,PHI,470,266,0.289,2021-22,0.5659574468085107
1629216,Gabe Vincent,26.0,MIA,513,323,0.368,2021-22,0.6296296296296297
1628221,Gabe York,28.0,IND,7,6,0.167,2021-22,0.8571428571428571
1630466,Gabriel Deck,27.0,OKC,14,4,0.5,2021-22,0.2857142857142857
1630994,Gabriel Lundberg,27.0,PHX,19,8,0.375,2021-22,0.42105263157894735
202066,Garrett Temple,36.0,NOP,295,185,0.319,2021-22,0.6271186440677966
1629726,Garrison Mathews,25.0,HOU,461,386,0.36,2021-22,0.8373101952277657
1629109,Gary Clark,27.0,NOP,88,70,0.4,2021-22,0.7954545454545454
203914,Gary Harris,27.0,ORL,553,302,0.384,2021-22,0.546112115732369
1627780,Gary Payton II,29.0,GSW,344,120,0.358,2021-22,0.3488372093023256
1629018,Gary Trent Jr.,23.0,TOR,1086,545,0.383,2021-22,0.501841620626151
201588,George Hill,36.0,MIL,275,134,0.306,2021-22,0.48727272727272725
1628994,George King,28.0,DAL,5,4,0.0,2021-22,0.8
1627777,Georges Niang,29.0,PHI,563,387,0.403,2021-22,0.6873889875666075
1630686,Georgios Kalaitzakis,23.0,OKC,67,26,0.385,2021-22,0.3880597014925373
203507,Giannis Antetokounmpo,27.0,MIL,1245,242,0.293,2021-22,0.19437751004016066
1629048,Goga Bitadze,22.0,IND,252,80,0.288,2021-22,0.31746031746031744
201609,Goran Dragic,36.0,BKN,151,63,0.254,2021-22,0.41721854304635764
202330,Gordon Hayward,32.0,CHA,617,220,0.391,2021-22,0.3565640194489465
203476,Gorgui Dieng,32.0,ATL,112,68,0.426,2021-22,0.6071428571428571
1629684,Grant Williams,23.0,BOS,432,258,0.411,2021-22,0.5972222222222222
1628960,Grayson Allen,26.0,MIL,569,389,0.409,2021-22,0.6836555360281195
1630535,Greg Brown III,20.0,POR,190,61,0.311,2021-22,0.32105263157894737
202328,Greg Monroe,32.0,MIN,57,0,0.0,2021-22,0.0
1628977,Hamidou Diallo,23.0,DET,526,93,0.247,2021-22,0.17680608365019013
203084,Harrison Barnes,30.0,SAC,834,360,0.394,2021-22,0.4316546762589928
202355,Hassan Whiteside,33.0,UTA,330,0,0.0,2021-22,0.0
1629755,Hassani Gravett,25.0,ORL,38,26,0.423,2021-22,0.6842105263157895
1629312,Haywood Highsmith,25.0,MIA,46,28,0.321,2021-22,0.6086956521739131
1630529,Herbert Jones,23.0,NOP,576,169,0.337,2021-22,0.2934027777777778
1629649,Ignas Brazdeikis,23.0,ORL,188,87,0.31,2021-22,0.4627659574468085
1630193,Immanuel Quickley,23.0,NYK,724,396,0.346,2021-22,0.5469613259668509
1629067,Isaac Bonga,22.0,TOR,13,4,0.25,2021-22,0.3076923076923077
1630171,Isaac Okoro,21.0,CLE,431,157,0.35,2021-22,0.3642691415313225
1628392,Isaiah Hartenstein,24.0,LAC,366,30,0.467,2021-22,0.08196721311475409
1630543,Isaiah Jackson,20.0,IND,206,16,0.313,2021-22,0.07766990291262135
1630198,Isaiah Joe,22.0,PHI,177,135,0.333,2021-22,0.7627118644067796
1630587,Isaiah Livers,23.0,DET,90,64,0.422,2021-22,0.7111111111111111
1629676,Isaiah Roby,24.0,OKC,323,99,0.444,2021-22,0.3065015479876161
1630191,Isaiah Stewart,21.0,DET,490,46,0.326,2021-22,0.09387755102040816
202738,Isaiah Thomas,33.0,CHA,167,83,0.337,2021-22,0.49700598802395207
1630225,Isaiah Todd,20.0,WAS,26,16,0.25,2021-22,0.6153846153846154
202397,Ish Smith,33.0,WAS,430,67,0.373,2021-22,0.1558139534883721
1630688,Ish Wainright,27.0,PHX,104,59,0.322,2021-22,0.5673076923076923
1627826,Ivica Zubac,25.0,LAC,495,0,0.0,2021-22,0.0
1630550,JT Thor,19.0,CHA,55,27,0.259,2021-22,0.4909090909090909
1629630,Ja Morant,22.0,MEM,1177,256,0.344,2021-22,0.21750212404418012
203210,JaMychal Green,32.0,DEN,327,124,0.266,2021-22,0.37920489296636084
1630605,JaQuori McLaughlin,24.0,DAL,2,1,0.0,2021-22,0.5
201580,JaVale McGee,34.0,PHX,458,9,0.222,2021-22,0.019650655021834062
203953,Jabari Parker,27.0,BOS,38,16,0.5,2021-22,0.42105263157894735
1630183,Jaden McDaniels,21.0,MIN,554,252,0.317,2021-22,0.4548736462093863
1630531,Jaden Springer,19.0,PHI,1,0,0.0,2021-22,0.0
203109,Jae Crowder,31.0,PHX,544,365,0.348,2021-22,0.6709558823529411
1630256,Jae'Sean Tate,26.0,HOU,729,202,0.312,2021-22,0.27709190672153633
1630186,Jahmi'us Ramsey,21.0,SAC,58,18,0.278,2021-22,0.3103448275862069
1627774,Jake Layman,28.0,MIN,73,35,0.229,2021-22,0.4794520547945205
1627751,Jakob Poeltl,26.0,SAS,663,1,1.0,2021-22,0.0015082956259426848
1628973,Jalen Brunson,25.0,DAL,1008,252,0.373,2021-22,0.25
1630224,Jalen Green,20.0,HOU,954,458,0.343,2021-22,0.480083857442348
1630552,Jalen Johnson,20.0,ATL,41,13,0.231,2021-22,0.3170731707317073
1629667,Jalen McDaniels,24.0,CHA,254,108,0.38,2021-22,0.4251968503937008
1630188,Jalen Smith,22.0,IND,350,122,0.328,2021-22,0.3485714285714286
1630591,Jalen Suggs,21.0,ORL,548,196,0.214,2021-22,0.35766423357664234
1630547,James Bouknight,21.0,CHA,141,49,0.347,2021-22,0.3475177304964539
203516,James Ennis III,31.0,DEN,24,8,0.375,2021-22,0.3333333333333333
201935,James Harden,32.0,PHI,992,448,0.33,2021-22,0.45161290322580644
201949,James Johnson,35.0,BKN,307,85,0.271,2021-22,0.2768729641693811
1630691,Jamorko Pickett,24.0,DET,50,39,0.333,2021-22,0.78
1630215,Jared Butler,21.0,UTA,151,88,0.318,2021-22,0.5827814569536424
1629607,Jared Harper,24.0,NOP,26,12,0.417,2021-22,0.46153846153846156
1628991,Jaren Jackson Jr.,22.0,MEM,1036,401,0.319,2021-22,0.38706563706563707
1629020,Jarred Vanderbilt,23.0,MIN,361,14,0.143,2021-22,0.038781163434903045
1628386,Jarrett Allen,24.0,CLE,545,10,0.1,2021-22,0.01834862385321101
1629633,Jarrett Culver,23.0,MEM,135,47,0.255,2021-22,0.34814814814814815
1629600,Jarron Cumberland,24.0,POR,2,1,0.0,2021-22,0.5
1629750,Javonte Green,28.0,CHI,325,101,0.356,2021-22,0.31076923076923074
1630606,Javonte Smart,23.0,MIA,60,27,0.296,2021-22,0.45
1629637,Jaxson Hayes,22.0,NOP,398,57,0.351,2021-22,0.14321608040201006
1630643,Jay Huff,24.0,LAL,3,2,0.0,2021-22,0.6666666666666666
1630206,Jay Scrubb,21.0,LAC,46,21,0.286,2021-22,0.45652173913043476
1627759,Jaylen Brown,25.0,BOS,1217,464,0.358,2021-22,0.38126540673788
1629658,Jaylen Hoard,23.0,OKC,90,25,0.36,2021-22,0.2777777777777778
1628537,Jaylen Morris,26.0,SAS,6,2,0.0,2021-22,0.3333333333333333
1629669,Jaylen Nowell,22.0,MIN,413,160,0.394,2021-22,0.387409200968523
1629873,Jaysean Paige,27.0,DET,3,2,0.0,2021-22,0.6666666666666666
1628369,Jayson Tatum,24.0,BOS,1564,651,0.353,2021-22,0.4162404092071611
1630288,Jeff Dowtin Jr.,25.0,ORL,26,9,0.111,2021-22,0.34615384615384615
201145,Jeff Green,35.0,DEN,529,168,0.315,2021-22,0.31758034026465026
1629203,Jemerrio Jones,27.0,LAL,3,0,0.0,2021-22,0.0
203924,Jerami Grant,28.0,DET,699,254,0.358,2021-22,0.36337625178826893
1630526,Jeremiah Robinson-Earl,21.0,OKC,324,165,0.352,2021-22,0.5092592592592593
203087,Jeremy Lamb,30.0,SAC,347,170,0.324,2021-22,0.4899135446685879
1630579,Jericho Sims,23.0,NYK,54,0,0.0,2021-22,0.0
1628975,Jevon Carter,26.0,MIL,253,170,0.388,2021-22,0.6719367588932806
202710,Jimmy Butler III,32.0,MIA,829,116,0.233,2021-22,0.1399276236429433
1629111,Jock Landale,26.0,SAS,204,89,0.326,2021-22,0.4362745098039216
203925,Joe Harris,30.0,BKN,124,88,0.466,2021-22,0.7096774193548387
204060,Joe Ingles,34.0,POR,285,225,0.347,2021-22,0.7894736842105263
2207,Joe Johnson,41.0,BOS,1,0,0.0,2021-22,0.0
1630580,Joe Wieskamp,22.0,SAS,56,43,0.326,2021-22,0.7678571428571429
1630555,Joel Ayayi,22.0,WAS,6,1,0.0,2021-22,0.16666666666666666
203954,Joel Embiid,28.0,PHI,1334,251,0.371,2021-22,0.18815592203898052
1628381,John Collins,24.0,ATL,644,176,0.364,2021-22,0.2732919254658385
1629723,John Konchar,26.0,MEM,262,126,0.413,2021-22,0.48091603053435117
1630257,Jon Teske,25.0,MEM,1,0,0.0,2021-22,0.0
202685,Jonas Valančiūnas,30.0,NOP,938,158,0.361,2021-22,0.16844349680170576
1630228,Jonathan Kuminga,19.0,GSW,460,149,0.336,2021-22,0.3239130434782609
203903,Jordan Clarkson,30.0,UTA,1113,597,0.318,2021-22,0.5363881401617251
1630692,Jordan Goodwin,23.0,WAS,3,1,0.0,2021-22,0.3333333333333333
1629162,Jordan McLaughlin,26.0,MIN,200,85,0.318,2021-22,0.425
1629670,Jordan Nwora,23.0,MIL,462,227,0.348,2021-22,0.49134199134199136
1629673,Jordan Poole,23.0,GSW,1058,580,0.364,2021-22,0.5482041587901701
1630648,Jordan Schakel,24.0,WAS,11,6,0.167,2021-22,0.5454545454545454
1630631,Jose Alvarado,24.0,NOP,294,110,0.291,2021-22,0.3741496598639456
1630528,Josh Christopher,20.0,HOU,500,189,0.296,2021-22,0.378
1630581,Josh Giddey,19.0,OKC,670,213,0.263,2021-22,0.31791044776119404
1630182,Josh Green,21.0,DAL,256,78,0.359,2021-22,0.3046875
1628404,Josh Hart,27.0,POR,569,213,0.343,2021-22,0.37434094903339193
1628367,Josh Jackson,25.0,SAC,300,130,0.254,2021-22,0.43333333333333335
1629006,Josh Okogie,23.0,MIN,104,47,0.298,2021-22,0.4519230769230769
1626196,Josh Richardson,28.0,SAS,534,246,0.415,2021-22,0.4606741573033708
1630563,Joshua Primo,19.0,SAS,270,137,0.307,2021-22,0.5074074074074074
201950,Jrue Holiday,32.0,MIL,954,321,0.411,2021-22,0.33647798742138363
1629308,Juan Toscano-Anderson,29.0,GSW,235,87,0.322,2021-22,0.3702127659574468
1627823,Juancho Hernangomez,26.0,UTA,106,69,0.348,2021-22,0.6509433962264151
203944,Julius Randle,27.0,NYK,1246,390,0.308,2021-22,0.3130016051364366
1626147,Justin Anderson,28.0,IND,95,59,0.254,2021-22,0.6210526315789474
1630551,Justin Champagnie,21.0,TOR,67,28,0.357,2021-22,0.417910447761194
203200,Justin Holiday,33.0,SAC,662,482,0.367,2021-22,0.7280966767371602
1628382,Justin Jackson,27.0,PHX,15,9,0.333,2021-22,0.6
1629620,Justin Robinson,24.0,DET,93,61,0.295,2021-22,0.6559139784946236
1626159,Justise Winslow,26.0,POR,257,66,0.227,2021-22,0.25680933852140075
203994,Jusuf Nurkić,27.0,POR,600,56,0.268,2021-22,0.09333333333333334
1629752,Juwan Morgan,25.0,BOS,3,2,0.5,2021-22,0.6666666666666666
1630231,KJ Martin,21.0,HOU,523,168,0.357,2021-22,0.32122370936902483
1629644,KZ Okpala,23.0,MIA,69,26,0.346,2021-22,0.37681159420289856
1630539,Kai Jones,21.0,CHA,14,2,0.5,2021-22,0.14285714285714285
1626157,Karl-Anthony Towns,26.0,MIN,1214,366,0.41,2021-22,0.3014827018121911
1626208,Keifer Sykes,28.0,IND,190,90,0.3,2021-22,0.47368421052631576
1628966,Keita Bates-Diop,26.0,SAS,263,55,0.309,2021-22,0.20912547528517111
1629103,Kelan Martin,26.0,BOS,171,75,0.293,2021-22,0.43859649122807015
1629640,Keldon Johnson,22.0,SAS,1011,399,0.398,2021-22,0.39465875370919884
1629833,Keljin Blevins,26.0,POR,111,72,0.292,2021-22,0.6486486486486487
203482,Kelly Olynyk,31.0,DET,286,119,0.336,2021-22,0.4160839160839161
1626162,Kelly Oubre Jr.,26.0,CHA,932,553,0.345,2021-22,0.5933476394849786
202689,Kemba Walker,32.0,NYK,370,199,0.367,2021-22,0.5378378378378378
1629026,Kenrich Williams,27.0,OKC,317,121,0.339,2021-22,0.38170347003154576
203145,Kent Bazemore,32.0,LAL,139,80,0.363,2021-22,0.5755395683453237
203484,Kentavious Caldwell-Pope,29.0,WAS,829,408,0.39,2021-22,0.49215922798552475
1630553,Keon Johnson,20.0,POR,272,100,0.34,2021-22,0.36764705882352944
1630556,Kessler Edwards,21.0,BKN,267,136,0.353,2021-22,0.5093632958801498
201142,Kevin Durant,33.0,BKN,1115,300,0.383,2021-22,0.26905829596412556
1628989,Kevin Huerter,23.0,ATL,760,411,0.389,2021-22,0.5407894736842105
1628995,Kevin Knox II,22.0,ATL,85,54,0.278,2021-22,0.6352941176470588
201567,Kevin Love,33.0,CLE,761,477,0.392,2021-22,0.6268068331143233
1630698,Kevin Pangos,29.0,CLE,46,26,0.231,2021-22,0.5652173913043478
1629645,Kevin Porter Jr.,22.0,HOU,808,413,0.375,2021-22,0.5111386138613861
1626172,Kevon Looney,26.0,GSW,364,1,0.0,2021-22,0.0027472527472527475
203920,Khem Birch,29.0,TOR,200,14,0.0,2021-22,0.07
203114,Khris Middleton,30.0,MIL,1021,434,0.373,2021-22,0.4250734573947111
1630165,Killian Hayes,20.0,DET,459,167,0.263,2021-22,0.3638344226579521
1629681,Killian Tillie,24.0,MEM,127,86,0.314,2021-22,0.6771653543307087
1630184,Kira Lewis Jr.,21.0,NOP,146,58,0.224,2021-22,0.3972602739726027
202691,Klay Thompson,32.0,GSW,573,296,0.385,2021-22,0.5165794066317626
1627739,Kris Dunn,28.0,POR,102,11,0.091,2021-22,0.10784313725490197
204001,Kristaps Porziņģis,26.0,WAS,767,252,0.31,2021-22,0.3285528031290743
203937,Kyle Anderson,28.0,MEM,469,109,0.33,2021-22,0.232409381663113
1629657,Kyle Guy,24.0,MIA,65,40,0.35,2021-22,0.6153846153846154
1628398,Kyle Kuzma,26.0,WAS,936,375,0.341,2021-22,0.40064102564102566
200768,Kyle Lowry,36.0,MIA,627,382,0.377,2021-22,0.6092503987240829
202681,Kyrie Irving,30.0,BKN,616,239,0.418,2021-22,0.387987012987013
200746,LaMarcus Aldridge,36.0,BKN,458,46,0.304,2021-22,0.10043668122270742
1630163,LaMelo Ball,20.0,CHA,1254,565,0.389,2021-22,0.45055821371610844
1630205,Lamar Stevens,24.0,CLE,319,65,0.277,2021-22,0.20376175548589343
202362,Lance Stephenson,31.0,IND,323,90,0.3,2021-22,0.2786377708978328
1629013,Landry Shamet,25.0,PHX,485,334,0.368,2021-22,0.688659793814433
204038,Langston Galloway,30.0,MIL,26,16,0.125,2021-22,0.6153846153846154
1626204,Larry Nance Jr.,29.0,NOP,247,70,0.329,2021-22,0.2834008097165992
1628374,Lauri Markkanen,25.0,CLE,703,380,0.358,2021-22,0.5405405405405406
2544,LeBron James,37.0,LAL,1221,448,0.359,2021-22,0.3669123669123669
1630195,Leandro Bolmaro,21.0,MIN,54,18,0.278,2021-22,0.3333333333333333
1629623,Lindell Wigginton,24.0,MIL,61,26,0.346,2021-22,0.4262295081967213
1630322,Lindy Waters III,24.0,OKC,175,146,0.363,2021-22,0.8342857142857143
1629022,Lonnie Walker IV,23.0,SAS,764,353,0.314,2021-22,0.4620418848167539
1628366,Lonzo Ball,24.0,CHI,383,260,0.423,2021-22,0.6788511749347258
101150,Lou Williams,35.0,ATL,320,102,0.363,2021-22,0.31875
1629663,Louis King,23.0,SAC,47,27,0.296,2021-22,0.574468085106383
1629652,Luguentz Dort,23.0,OKC,726,391,0.332,2021-22,0.5385674931129476
1629029,Luka Dončić,23.0,DAL,1403,569,0.353,2021-22,0.40555951532430506
1630568,Luka Garza,23.0,DET,147,49,0.327,2021-22,0.3333333333333333
1628379,Luke Kennard,26.0,LAC,639,423,0.449,2021-22,0.6619718309859155
1628436,Luke Kornet,26.0,BOS,27,5,0.0,2021-22,0.18518518518518517
1630640,MJ Walker,24.0,PHX,4,2,0.0,2021-22,0.5
1630644,Mac McClung,23.0,LAL,6,3,0.333,2021-22,0.5
1630201,Malachi Flynn,24.0,TOR,183,90,0.333,2021-22,0.4918032786885246
1627763,Malcolm Brogdon,29.0,IND,543,186,0.312,2021-22,0.3425414364640884
1630792,Malcolm Hill,26.0,CHI,52,36,0.361,2021-22,0.6923076923076923
1627736,Malik Beasley,25.0,MIN,850,637,0.377,2021-22,0.7494117647058823
1630238,Malik Fitts,24.0,BOS,19,10,0.5,2021-22,0.5263157894736842
1628370,Malik Monk,24.0,LAL,826,442,0.391,2021-22,0.5351089588377724
1629005,Malik Newman,25.0,CLE,5,1,0.0,2021-22,0.2
1629603,Mamadi Diakite,25.0,OKC,47,5,0.0,2021-22,0.10638297872340426
1630585,Marcus Garrett,23.0,MIA,21,4,0.25,2021-22,0.19047619047619047
202694,Marcus Morris Sr.,32.0,LAC,691,275,0.367,2021-22,0.3979739507959479
203935,Marcus Smart,28.0,BOS,718,360,0.331,2021-22,0.5013927576601671
1628365,Markelle Fultz,24.0,ORL,175,17,0.235,2021-22,0.09714285714285714
202693,Markieff Morris,32.0,MIA,114,39,0.333,2021-22,0.34210526315789475
1630250,Marko Simonovic,22.0,CHI,15,5,0.2,2021-22,0.3333333333333333
1630210,Markus Howard,23.0,DEN,101,70,0.4,2021-22,0.693069306930693
1627737,Marquese Chriss,24.0,DAL,134,25,0.32,2021-22,0.1865671641791045
1628963,Marvin Bagley III,23.0,DET,446,97,0.237,2021-22,0.21748878923766815
1630222,Mason Jones,23.0,LAL,15,4,0.25,2021-22,0.26666666666666666
203486,Mason Plumlee,32.0,CHA,320,2,0.0,2021-22,0.00625
1629680,Matisse Thybulle,25.0,PHI,300,144,0.313,2021-22,0.48
1629760,Matt Mooney,27.0,NYK,1,1,0.0,2021-22,1.0
1630346,Matt Ryan,25.0,BOS,5,5,0.2,2021-22,1.0
1629744,Matt Thomas,27.0,CHI,134,91,0.385,2021-22,0.6791044776119403
203090,Maurice Harkless,29.0,SAC,181,101,0.307,2021-22,0.5580110497237569
1629622,Max Strus,26.0,MIA,564,442,0.41,2021-22,0.7836879432624113
1628467,Maxi Kleber,30.0,DAL,354,255,0.325,2021-22,0.7203389830508474
1630593,McKinley Wright IV,23.0,MIN,3,2,0.5,2021-22,0.6666666666666666
1628982,Melvin Frazier Jr.,25.0,OKC,48,21,0.048,2021-22,0.4375
1630695,Micah Potter,24.0,DET,11,2,0.0,2021-22,0.18181818181818182
1629008,Michael Porter Jr.,24.0,DEN,103,48,0.208,2021-22,0.46601941747572817
1628969,Mikal Bridges,25.0,PHX,858,312,0.369,2021-22,0.36363636363636365
201144,Mike Conley,34.0,UTA,791,414,0.408,2021-22,0.5233881163084703
203488,Mike Muscala,30.0,OKC,248,163,0.429,2021-22,0.657258064516129
1628970,Miles Bridges,24.0,CHA,1214,465,0.331,2021-22,0.3830313014827018
1630540,Miles McBride,21.0,NYK,108,68,0.25,2021-22,0.6296296296296297
1629011,Mitchell Robinson,24.0,NYK,343,0,0.0,2021-22,0.0
1629671,Miye Oni,24.0,UTA,9,8,0.125,2021-22,0.8888888888888888
1628964,Mo Bamba,24.0,ORL,617,281,0.381,2021-22,0.4554294975688817
1628420,Monte Morris,27.0,DEN,773,314,0.395,2021-22,0.40620957309184996
1626149,Montrezl Harrell,28.0,CHA,555,17,0.235,2021-22,0.03063063063063063
1629021,Moritz Wagner,25.0,ORL,396,201,0.328,2021-22,0.5075757575757576
1629650,Moses Brown,22.0,CLE,108,0,0.0,2021-22,0.0
1630541,Moses Moody,20.0,GSW,183,110,0.364,2021-22,0.6010928961748634
1630589,Moses Wright,23.0,DAL,4,1,0.0,2021-22,0.25
1628539,Mychal Mulder,28.0,MIA,77,54,0.315,2021-22,0.7012987012987013
1629619,Myles Powell,24.0,PHI,17,6,0.167,2021-22,0.35294117647058826
1626167,Myles Turner,26.0,IND,393,183,0.333,2021-22,0.46564885496183206
1630230,Naji Marshall,24.0,NOP,269,105,0.2,2021-22,0.3903345724907063
1629642,Nassir Little,22.0,POR,315,154,0.331,2021-22,0.4888888888888889
1630207,Nate Hinton,23.0,IND,1,0,0.0,2021-22,0.0
1630233,Nathan Knight,24.0,MIN,88,13,0.308,2021-22,0.14772727272727273
1629675,Naz Reid,22.0,MIN,476,166,0.343,2021-22,0.3487394957983193
1629674,Neemias Queta,22.0,SAC,38,0,0.0,2021-22,0.0
202357,Nemanja Bjelica,34.0,GSW,342,149,0.362,2021-22,0.43567251461988304
203457,Nerlens Noel,28.0,NYK,60,3,0.0,2021-22,0.05
1629651,Nic Claxton,23.0,BKN,264,0,0.0,2021-22,0.0
1630208,Nick Richards,24.0,CHA,90,0,0.0,2021-22,0.0
1629638,Nickeil Alexander-Walker,23.0,UTA,680,338,0.311,2021-22,0.4970588235294118
201587,Nicolas Batum,33.0,LAC,387,270,0.4,2021-22,0.6976744186046512
203917,Nik Stauskas,28.0,BOS,14,10,0.4,2021-22,0.7142857142857143
203999,Nikola Jokić,27.0,DEN,1311,288,0.337,2021-22,0.21967963386727687
202696,Nikola Vučević,31.0,CHI,1154,331,0.314,2021-22,0.28682842287694976
1626181,Norman Powell,29.0,LAC,605,253,0.419,2021-22,0.41818181818181815
203658,Norvel Pelle,29.0,UTA,5,0,0.0,2021-22,0.0
1628384,OG Anunoby,24.0,TOR,697,317,0.363,2021-22,0.45480631276901007
1630167,Obi Toppin,24.0,NYK,473,169,0.308,2021-22,0.3572938689217759
1630846,Olivier Sarr,23.0,OKC,101,29,0.448,2021-22,0.2871287128712871
1630209,Omer Yurtseven,24.0,MIA,247,11,0.091,2021-22,0.044534412955465584
1630168,Onyeka Okongwu,21.0,ATL,226,0,0.0,2021-22,0.0
1629052,Oshae Brissett,24.0,IND,506,237,0.35,2021-22,0.4683794466403162
203490,Otto Porter Jr.,29.0,GSW,416,216,0.37,2021-22,0.5192307692307693
200782,P.J. Tucker,37.0,MIA,428,193,0.415,2021-22,0.45093457943925236
1629023,P.J. Washington,23.0,CHA,532,301,0.365,2021-22,0.5657894736842105
1628408,PJ Dozier,25.0,DEN,99,48,0.313,2021-22,0.48484848484848486
1628238,Paris Bass,26.0,PHX,6,2,0.0,2021-22,0.3333333333333333
1627783,Pascal Siakam,28.0,TOR,1207,218,0.344,2021-22,0.18061309030654515
1626192,Pat Connaughton,29.0,MIL,496,370,0.395,2021-22,0.7459677419354839
201976,Patrick Beverley,33.0,MIN,436,242,0.343,2021-22,0.555045871559633
1630172,Patrick Williams,20.0,CHI,102,29,0.517,2021-22,0.28431372549019607
201988,Patty Mills,33.0,BKN,794,568,0.4,2021-22,0.7153652392947103
202331,Paul George,32.0,LAC,636,257,0.354,2021-22,0.40408805031446543
200794,Paul Millsap,37.0,PHI,115,35,0.229,2021-22,0.30434782608695654
1630194,Paul Reed,23.0,PHI,96,8,0.25,2021-22,0.08333333333333333
1628778,Paul Watson,27.0,OKC,35,26,0.231,2021-22,0.7428571428571429
1630202,Payton Pritchard,24.0,BOS,373,245,0.412,2021-22,0.6568364611260054
1627822,Petr Cornelie,26.0,DEN,15,8,0.125,2021-22,0.5333333333333333
1630173,Precious Achiuwa,22.0,TOR,603,156,0.359,2021-22,0.25870646766169153
1629656,Quentin Grimes,22.0,NYK,235,189,0.381,2021-22,0.8042553191489362
1629683,Quinndary Weatherspoon,25.0,GSW,21,5,0.2,2021-22,0.23809523809523808
1630181,R.J. Hampton,21.0,ORL,457,183,0.35,2021-22,0.40043763676148797
1629628,RJ Barrett,22.0,NYK,1194,404,0.342,2021-22,0.33835845896147404
200765,Rajon Rondo,36.0,CLE,176,88,0.352,2021-22,0.5
203526,Raul Neto,30.0,WAS,441,120,0.292,2021-22,0.272108843537415
1629730,Rayjon Tucker,24.0,MIL,9,5,0.8,2021-22,0.5555555555555556
203493,Reggie Bullock Jr.,31.0,DAL,501,392,0.36,2021-22,0.782435129740519
202704,Reggie Jackson,32.0,LAC,1222,512,0.326,2021-22,0.41898527004909986
1629617,Reggie Perry,22.0,POR,79,16,0.188,2021-22,0.20253164556962025
1626158,Richaun Holmes,28.0,SAC,300,5,0.4,2021-22,0.016666666666666666
201937,Ricky Rubio,31.0,IND,411,174,0.339,2021-22,0.4233576642335766
1630306,Rob Edwards,25.0,OKC,4,4,0.25,2021-22,1.0
203496,Robert Covington,31.0,LAC,498,339,0.378,2021-22,0.6807228915662651
1629057,Robert Williams III,24.0,BOS,368,1,0.0,2021-22,0.002717391304347826
1630218,Robert Woodard II,22.0,SAS,16,4,0.25,2021-22,0.25
201577,Robin Lopez,34.0,ORL,199,6,0.333,2021-22,0.03015075376884422
203918,Rodney Hood,29.0,LAC,157,91,0.33,2021-22,0.5796178343949044
203585,Rodney McGruder,30.0,DET,225,146,0.397,2021-22,0.6488888888888888
1629641,Romeo Langford,22.0,SAS,191,85,0.341,2021-22,0.44502617801047123
1626220,Royce O'Neale,29.0,UTA,444,306,0.389,2021-22,0.6891891891891891
1630612,Ruben Nembhard Jr.,23.0,CLE,18,2,0.0,2021-22,0.1111111111111111
200752,Rudy Gay,35.0,UTA,379,203,0.345,2021-22,0.5356200527704486
203497,Rudy Gobert,30.0,UTA,508,4,0.0,2021-22,0.007874015748031496
1629060,Rui Hachimura,24.0,WAS,381,123,0.447,2021-22,0.3228346456692913
201566,Russell Westbrook,33.0,LAL,1233,265,0.298,2021-22,0.21492295214922952
1627853,Ryan Arcidiacono,28.0,NYK,12,9,0.444,2021-22,0.75
1630240,Saben Lee,23.0,DET,177,60,0.233,2021-22,0.3389830508474576
1630180,Saddiq Bey,23.0,DET,1136,610,0.346,2021-22,0.5369718309859155
1630573,Sam Hauser,24.0,BOS,50,44,0.432,2021-22,0.88
1630241,Sam Merrill,26.0,MEM,24,23,0.304,2021-22,0.9583333333333334
1630572,Sandro Mamukelashvili,23.0,MIL,115,52,0.423,2021-22,0.45217391304347826
1630583,Santi Aldama,21.0,MEM,132,48,0.125,2021-22,0.36363636363636365
1630567,Scottie Barnes,20.0,TOR,932,193,0.301,2021-22,0.20708154506437768
203816,Scotty Hopson,32.0,OKC,4,1,0.0,2021-22,0.25
1629635,Sekou Doumbouya,21.0,LAL,8,2,0.5,2021-22,0.25
1628400,Semi Ojeleye,27.0,LAC,99,50,0.3,2021-22,0.5050505050505051
201586,Serge Ibaka,32.0,MIL,296,99,0.374,2021-22,0.3344594594594595
203552,Seth Curry,31.0,BKN,739,374,0.422,2021-22,0.5060893098782138
1628983,Shai Gilgeous-Alexander,23.0,OKC,1052,297,0.3,2021-22,0.282319391634981
1629003,Shake Milton,25.0,PHI,403,133,0.323,2021-22,0.33002481389578164
1629783,Shaq Buchanan,25.0,MEM,4,2,0.0,2021-22,0.5
1627885,Shaquille Harrison,28.0,BKN,6,2,0.0,2021-22,0.3333333333333333
1630536,Sharife Cooper,21.0,ATL,14,6,0.167,2021-22,0.42857142857142855
1630219,Skylar Mays,24.0,ATL,64,25,0.32,2021-22,0.390625
203524,Solomon Hill,31.0,ATL,20,13,0.154,2021-22,0.65
203915,Spencer Dinwiddie,29.0,DAL,735,330,0.339,2021-22,0.4489795918367347
1626169,Stanley Johnson,26.0,LAL,251,105,0.314,2021-22,0.41832669322709165
201939,Stephen Curry,34.0,GSW,1224,750,0.38,2021-22,0.6127450980392157
1628425,Sterling Brown,27.0,DAL,155,92,0.304,2021-22,0.5935483870967742
203500,Steven Adams,28.0,MEM,384,1,0.0,2021-22,0.0026041666666666665
1629004,Svi Mykhailiuk,25.0,TOR,234,134,0.306,2021-22,0.5726495726495726
204456,T.J. McConnell,30.0,IND,208,33,0.303,2021-22,0.15865384615384615
1629605,Tacko Fall,26.0,CLE,12,0,0.0,2021-22,0.0
201959,Taj Gibson,37.0,NYK,166,38,0.395,2021-22,0.2289156626506024
1629659,Talen Horton-Tucker,21.0,LAL,538,182,0.269,2021-22,0.3382899628252788
1627752,Taurean Prince,28.0,MIN,390,229,0.376,2021-22,0.5871794871794872
1629611,Terance Mann,25.0,LAC,690,208,0.365,2021-22,0.30144927536231886
1629056,Terence Davis,25.0,SAC,267,149,0.329,2021-22,0.5580524344569289
203082,Terrence Ross,31.0,ORL,554,264,0.292,2021-22,0.47653429602888087
1626179,Terry Rozier,28.0,CHA,1167,593,0.374,2021-22,0.508140531276778
1630678,Terry Taylor,22.0,IND,220,38,0.316,2021-22,0.17272727272727273
201152,Thaddeus Young,34.0,TOR,272,48,0.354,2021-22,0.17647058823529413
203648,Thanasis Antetokounmpo,29.0,MIL,128,14,0.143,2021-22,0.109375
1630177,Theo Maledon,21.0,OKC,317,150,0.293,2021-22,0.47318611987381703
1629033,Theo Pinson,26.0,DAL,39,30,0.333,2021-22,0.7692307692307693
1628418,Thomas Bryant,24.0,WAS,148,42,0.286,2021-22,0.28378378378378377
204025,Tim Frazier,31.0,CLE,45,17,0.353,2021-22,0.37777777777777777
203501,Tim Hardaway Jr.,30.0,DAL,530,304,0.336,2021-22,0.5735849056603773
1627789,Timothe Luwawu-Cabarrot,27.0,ATL,186,122,0.361,2021-22,0.6559139784946236
202699,Tobias Harris,29.0,PHI,1022,275,0.367,2021-22,0.2690802348336595
203107,Tomas Satoransky,30.0,WAS,191,53,0.208,2021-22,0.2774869109947644
1628396,Tony Bradley,24.0,CHI,123,0,0.0,2021-22,0.0
203503,Tony Snell,30.0,NOP,171,128,0.352,2021-22,0.7485380116959064
1628470,Torrey Craig,31.0,PHX,441,234,0.329,2021-22,0.5306122448979592
1629027,Trae Young,23.0,ATL,1544,610,0.382,2021-22,0.3950777202072539
1629309,Trayvon Palmer,27.0,DET,1,0,0.0,2021-22,0.0
1630200,Tre Jones,22.0,SAS,339,51,0.196,2021-22,0.1504424778761062
1630544,Tre Mann,21.0,OKC,588,272,0.36,2021-22,0.46258503401360546
1629682,Tremont Waters,24.0,WAS,14,9,0.222,2021-22,0.6428571428571429
1630570,Trendon Watford,21.0,POR,267,38,0.237,2021-22,0.14232209737827714
1630235,Trent Forrest,24.0,UTA,155,27,0.185,2021-22,0.17419354838709677
1630243,Trevelin Queen,25.0,HOU,33,24,0.375,2021-22,0.7272727272727273
1630286,Trevon Scott,25.0,CLE,6,1,0.0,2021-22,0.16666666666666666
2772,Trevor Ariza,37.0,LAL,99,74,0.27,2021-22,0.7474747474747475
203504,Trey Burke,29.0,DAL,215,82,0.317,2021-22,0.3813953488372093
1626168,Trey Lyles,26.0,SAC,562,209,0.321,2021-22,0.3718861209964413
1630530,Trey Murphy III,22.0,NOP,277,186,0.382,2021-22,0.6714801444043321
202684,Tristan Thompson,31.0,CHI,267,3,0.333,2021-22,0.011235955056179775
1628972,Troy Brown Jr.,22.0,CHI,258,133,0.353,2021-22,0.5155038759689923
1629660,Ty Jerome,24.0,OKC,328,186,0.29,2021-22,0.5670731707317073
1629076,Tyler Cook,24.0,CHI,38,0,0.0,2021-22,0.0
1629639,Tyler Herro,22.0,MIA,1122,439,0.399,2021-22,0.39126559714795006
204020,Tyler Johnson,30.0,SAS,20,13,0.385,2021-22,0.65
1630179,Tyrell Terry,21.0,MEM,1,0,0.0,2021-22,0.0
1630169,Tyrese Haliburton,22.0,IND,909,389,0.414,2021-22,0.42794279427942794
1630178,Tyrese Maxey,21.0,PHI,995,309,0.427,2021-22,0.31055276381909547
1627820,Tyrone Wallace,28.0,NOP,20,8,0.25,2021-22,0.4
1626145,Tyus Jones,26.0,MEM,552,205,0.39,2021-22,0.3713768115942029
1628962,Udoka Azubuike,22.0,UTA,49,0,0.0,2021-22,0.0
2617,Udonis Haslem,42.0,MIA,31,4,0.25,2021-22,0.12903225806451613
1630586,Usman Garuba,20.0,HOU,44,20,0.25,2021-22,0.45454545454545453
1630176,Vernon Carey Jr.,21.0,WAS,13,0,0.0,2021-22,0.0
203506,Victor Oladipo,30.0,MIA,73,36,0.417,2021-22,0.4931506849315068
1628427,Vlatko Čančar,25.0,DEN,41,12,0.583,2021-22,0.2926829268292683
1630249,Vít Krejčí,22.0,OKC,167,98,0.327,2021-22,0.5868263473053892
201961,Wayne Ellington,34.0,LAL,237,211,0.389,2021-22,0.890295358649789
1627782,Wayne Selden,27.0,NYK,4,2,0.5,2021-22,0.5
1628976,Wendell Carter Jr.,23.0,ORL,684,214,0.327,2021-22,0.3128654970760234
1629117,Wenyen Gabriel,25.0,LAL,110,28,0.286,2021-22,0.2545454545454545
1628411,Wes Iwundu,27.0,ATL,18,5,0.6,2021-22,0.2777777777777778
202083,Wesley Matthews,35.0,MIL,220,157,0.338,2021-22,0.7136363636363636
203115,Will Barton,31.0,DEN,896,430,0.365,2021-22,0.4799107142857143
1626161,Willie Cauley-Stein,28.0,PHI,35,2,0.5,2021-22,0.05714285714285714
1626195,Willy Hernangomez,28.0,NOP,327,12,0.333,2021-22,0.03669724770642202
1629875,Xavier Moon,27.0,LAC,51,14,0.357,2021-22,0.27450980392156865
1630270,Xavier Sneed,24.0,UTA,10,8,0.125,2021-22,0.8
1630214,Xavier Tillman,23.0,MEM,216,49,0.204,2021-22,0.22685185185185186
1629139,Yuta Watanabe,27.0,TOR,138,79,0.342,2021-22,0.572463768115942
1630582,Yves Pons,23.0,MEM,16,9,0.333,2021-22,0.5625
1628380,Zach Collins,24.0,SAS,155,41,0.341,2021-22,0.2645161290322581
203897,Zach LaVine,27.0,CHI,1186,475,0.389,2021-22,0.40050590219224286
1630285,Zavier Simpson,25.0,OKC,52,8,0.125,2021-22,0.15384615384615385
1630192,Zeke Nnaji,21.0,DEN,186,80,0.463,2021-22,0.43010752688172044
1630533,Ziaire Williams,20.0,MEM,424,242,0.314,2021-22,0.5707547169811321
1629597,Zylan Cheatham,26.0,UTA,3,2,0.0,2021-22,0.6666666666666666
1630639,A.J. Lawson,22.0,DAL,44,25,0.4,2022-23,0.5681818181818182
1631260,AJ Green,23.0,MIL,125,105,0.419,2022-23,0.84
1631100,AJ Griffin,19.0,ATL,533,259,0.39,2022-23,0.48592870544090055
203932,Aaron Gordon,27.0,DEN,761,173,0.347,2022-23,0.22733245729303547
1628988,Aaron Holiday,26.0,ATL,220,88,0.409,2022-23,0.4
1630174,Aaron Nesmith,23.0,IND,590,314,0.366,2022-23,0.5322033898305085
1630598,Aaron Wiggins,24.0,OKC,363,122,0.393,2022-23,0.33608815426997246
1629678,Admiral Schofield,26.0,ORL,122,74,0.324,2022-23,0.6065573770491803
201143,Al Horford,37.0,BOS,479,325,0.446,2022-23,0.6784968684759917
202692,Alec Burks,31.0,DET,459,239,0.414,2022-23,0.5206971677559913
1630197,Aleksej Pokusevski,21.0,OKC,249,104,0.365,2022-23,0.41767068273092367
1627936,Alex Caruso,29.0,CHI,286,151,0.364,2022-23,0.527972027972028
203458,Alex Len,30.0,SAC,30,2,0.0,2022-23,0.06666666666666667
1628993,Alize Johnson,27.0,SAS,6,2,0.0,2022-23,0.3333333333333333
1630578,Alperen Sengun,20.0,HOU,799,57,0.333,2022-23,0.07133917396745933
1629599,Amir Coffey,26.0,LAC,145,40,0.275,2022-23,0.27586206896551724
203083,Andre Drummond,29.0,CHI,274,3,0.0,2022-23,0.010948905109489052
2738,Andre Iguodala,39.0,GSW,15,9,0.111,2022-23,0.6
1629614,Andrew Nembhard,23.0,IND,644,263,0.35,2022-23,0.4083850931677019
203952,Andrew Wiggins,28.0,GSW,529,225,0.396,2022-23,0.42533081285444235
1629014,Anfernee Simons,24.0,POR,1045,562,0.377,2022-23,0.5377990430622009
203076,Anthony Davis,30.0,LAL,962,74,0.257,2022-23,0.07692307692307693
1630162,Anthony Edwards,21.0,MIN,1541,578,0.369,2022-23,0.3750811161583387
1630264,Anthony Gill,30.0,WAS,132,29,0.138,2022-23,0.2196969696969697
1630237,Anthony Lamb,25.0,GSW,314,199,0.367,2022-23,0.6337579617834395
1630559,Austin Reaves,25.0,LAL,490,216,0.398,2022-23,0.44081632653061226
203085,Austin Rivers,30.0,MIN,209,123,0.35,2022-23,0.5885167464114832
1630245,Ayo Dosunmu,23.0,CHI,570,189,0.312,2022-23,0.33157894736842103
1628389,Bam Adebayo,25.0,MIA,1114,12,0.083,2022-23,0.010771992818671455
1627732,Ben Simmons,26.0,BKN,235,2,0.0,2022-23,0.00851063829787234
1631097,Bennedict Mathurin,21.0,IND,951,310,0.323,2022-23,0.32597266035751843
202687,Bismack Biyombo,30.0,PHX,206,0,0.0,2022-23,0.0
201933,Blake Griffin,34.0,BOS,130,66,0.348,2022-23,0.5076923076923077
1631104,Blake Wesley,20.0,SAS,215,52,0.385,2022-23,0.24186046511627907
1626246,Boban Marjanovic,34.0,HOU,60,1,0.0,2022-23,0.016666666666666666
1626171,Bobby Portis,28.0,MIL,803,257,0.37,2022-23,0.32004981320049813
203992,Bogdan Bogdanović,30.0,ATL,611,360,0.406,2022-23,0.5891980360065466
202711,Bojan Bogdanovic,34.0,DET,882,353,0.411,2022-23,0.4002267573696145
1629626,Bol Bol,23.0,ORL,478,113,0.265,2022-23,0.23640167364016737
1630538,Bones Hyland,22.0,LAC,571,315,0.371,2022-23,0.5516637478108581
203078,Bradley Beal,30.0,WAS,878,219,0.365,2022-23,0.24943052391799544
1630527,Brandon Boston,21.0,LAC,122,29,0.414,2022-23,0.23770491803278687
1629634,Brandon Clarke,26.0,MEM,349,6,0.167,2022-23,0.017191977077363897
1627742,Brandon Ingram,25.0,NOP,835,164,0.39,2022-23,0.19640718562874251
1630296,Braxton Key,26.0,DET,1,0,0.0,2022-23,0.0
201572,Brook Lopez,35.0,MIL,899,364,0.374,2022-23,0.40489432703003336
1628971,Bruce Brown,26.0,DEN,741,254,0.358,2022-23,0.3427800269905533
1628981,Bruno Fernando,24.0,ATL,112,4,0.0,2022-23,0.03571428571428571
1631121,Bryce McGowens,20.0,CHA,202,80,0.325,2022-23,0.39603960396039606
1627854,Bryn Forbes,29.0,MIN,83,46,0.304,2022-23,0.5542168674698795
1631205,Buddy Boeheim,23.0,DET,27,25,0.16,2022-23,0.9259259259259259
1627741,Buddy Hield,30.0,IND,1038,677,0.425,2022-23,0.6522157996146436
203468,CJ McCollum,31.0,NOP,1344,543,0.389,2022-23,0.40401785714285715
1630595,Cade Cunningham,21.0,DET,224,61,0.279,2022-23,0.27232142857142855
1631216,Caleb Houstan,20.0,ORL,182,136,0.338,2022-23,0.7472527472527473
1628997,Caleb Martin,27.0,MIA,548,236,0.356,2022-23,0.4306569343065693
1629629,Cam Reddish,23.0,POR,312,144,0.313,2022-23,0.46153846153846156
1630560,Cam Thomas,21.0,BKN,456,133,0.383,2022-23,0.2916666666666667
1629661,Cameron Johnson,27.0,BKN,474,255,0.404,2022-23,0.5379746835443038
1626166,Cameron Payne,28.0,PHX,453,185,0.368,2022-23,0.4083885209713024
1627747,Caris LeVert,28.0,CLE,742,324,0.392,2022-23,0.4366576819407008
1630637,Carlik Jones,25.0,CHI,15,6,0.5,2022-23,0.4
1626224,Cedi Osman,28.0,CLE,530,312,0.372,2022-23,0.5886792452830188
1628435,Chance Comanche,27.0,POR,5,0,0.0,2022-23,0.0
1629646,Charles Bassey,22.0,SAS,135,8,0.375,2022-23,0.05925925925925926
1631320,Chima Moneke,27.0,SAC,2,0,0.0,2022-23,0.0
1629002,Chimezie Metu,26.0,SAC,219,38,0.237,2022-23,0.1735159817351598
1628449,Chris Boucher,30.0,TOR,529,189,0.328,2022-23,0.3572778827977316
1630537,Chris Duarte,26.0,IND,333,174,0.316,2022-23,0.5225225225225225
101108,Chris Paul,38.0,PHX,668,261,0.375,2022-23,0.3907185628742515
1629735,Chris Silva,26.0,ATL,1,0,0.0,2022-23,0.0
1631128,Christian Braun,22.0,DEN,289,96,0.354,2022-23,0.33217993079584773
1631132,Christian Koloko,23.0,TOR,150,12,0.083,2022-23,0.08
1626174,Christian Wood,27.0,DAL,769,279,0.376,2022-23,0.36280884265279584
1629643,Chuma Okeke,24.0,ORL,122,86,0.302,2022-23,0.7049180327868853
203991,Clint Capela,29.0,ATL,536,1,0.0,2022-23,0.0018656716417910447
1629632,Coby White,23.0,CHI,594,344,0.372,2022-23,0.5791245791245792
1628998,Cody Martin,27.0,CHA,36,14,0.214,2022-23,0.3888888888888889
203469,Cody Zeller,30.0,MIA,59,2,0.0,2022-23,0.03389830508474576
1630175,Cole Anthony,23.0,ORL,610,206,0.364,2022-23,0.3377049180327869
1631306,Cole Swider,24.0,LAL,9,8,0.375,2022-23,0.8888888888888888
1629012,Collin Sexton,24.0,UTA,468,122,0.393,2022-23,0.2606837606837607
1630557,Corey Kispert,24.0,WAS,585,384,0.424,2022-23,0.6564102564102564
202709,Cory Joseph,31.0,DET,351,180,0.389,2022-23,0.5128205128205128
1626156,D'Angelo Russell,27.0,LAL,948,490,0.396,2022-23,0.5168776371308017
1630227,Daishen Nix,21.0,HOU,237,140,0.286,2022-23,0.5907172995780591
1630625,Dalano Banton,23.0,TOR,130,51,0.294,2022-23,0.3923076923076923
1631207,Dalen Terry,20.0,CHI,72,27,0.259,2022-23,0.375
1627745,Damian Jones,28.0,UTA,86,17,0.588,2022-23,0.19767441860465115
203081,Damian Lillard,32.0,POR,1202,658,0.371,2022-23,0.5474209650582362
1627814,Damion Lee,30.0,PHX,452,247,0.445,2022-23,0.5464601769911505
1629655,Daniel Gafford,24.0,WAS,395,0,0.0,2022-23,0.0
1628464,Daniel Theis,31.0,IND,44,11,0.182,2022-23,0.25
201980,Danny Green,36.0,CLE,49,37,0.432,2022-23,0.7551020408163265
1627863,Danuel House Jr.,30.0,PHI,197,110,0.336,2022-23,0.5583756345177665
203967,Dario Saric,29.0,OKC,277,115,0.391,2022-23,0.4151624548736462
1629647,Darius Bazley,23.0,PHX,183,53,0.377,2022-23,0.2896174863387978
1630620,Darius Days,23.0,HOU,12,10,0.3,2022-23,0.8333333333333334
1629636,Darius Garland,23.0,CLE,1129,412,0.41,2022-23,0.3649247121346324
1630561,David Duke Jr.,23.0,BKN,78,12,0.083,2022-23,0.15384615384615385
1631223,David Roddy,22.0,MEM,420,212,0.307,2022-23,0.5047619047619047
1630558,Davion Mitchell,24.0,SAC,399,197,0.32,2022-23,0.49373433583959897
202722,Davis Bertans,30.0,DAL,160,141,0.39,2022-23,0.88125
1628432,Davon Reed,28.0,DEN,84,46,0.37,2022-23,0.5476190476190477
1630549,Day'Ron Sharpe,21.0,BKN,171,11,0.545,2022-23,0.06432748538011696
1628368,De'Aaron Fox,25.0,SAC,1331,367,0.324,2022-23,0.27573253193087904
1629631,De'Andre Hunter,25.0,ATL,822,286,0.35,2022-23,0.34793187347931875
1629001,De'Anthony Melton,25.0,PHI,651,403,0.39,2022-23,0.6190476190476191
201599,DeAndre Jordan,34.0,DEN,115,1,1.0,2022-23,0.008695652173913044
201942,DeMar DeRozan,33.0,CHI,1303,142,0.324,2022-23,0.10897927858787414
1629731,Dean Wade,26.0,CLE,177,127,0.354,2022-23,0.7175141242937854
1629028,Deandre Ayton,24.0,PHX,887,24,0.292,2022-23,0.02705749718151071
1627749,Dejounte Murray,26.0,ATL,1319,387,0.344,2022-23,0.2934040940106141
1626153,Delon Wright,31.0,WAS,291,119,0.345,2022-23,0.40893470790378006
1630166,Deni Avdija,22.0,WAS,579,232,0.297,2022-23,0.4006908462867012
203471,Dennis Schröder,29.0,LAL,650,225,0.329,2022-23,0.34615384615384615
1628372,Dennis Smith Jr.,25.0,CHA,452,111,0.216,2022-23,0.24557522123893805
1629126,Deonte Burton,29.0,SAC,2,1,0.0,2022-23,0.5
1631220,Dereon Seabron,23.0,NOP,5,0,0.0,2022-23,0.0
1627884,Derrick Jones Jr.,26.0,CHI,230,80,0.338,2022-23,0.34782608695652173
201565,Derrick Rose,34.0,NYK,159,63,0.302,2022-23,0.39622641509433965
1628401,Derrick White,28.0,BOS,758,391,0.381,2022-23,0.5158311345646438
1630217,Desmond Bane,25.0,MEM,939,407,0.408,2022-23,0.4334398296059638
1626164,Devin Booker,26.0,PHX,1067,316,0.351,2022-23,0.29615745079662603
1630170,Devin Vassell,22.0,SAS,595,266,0.387,2022-23,0.4470588235294118
1629653,Devon Dotson,23.0,WAS,10,4,0.25,2022-23,0.4
1628984,Devonte' Graham,28.0,SAS,431,338,0.352,2022-23,0.7842227378190255
203473,Dewayne Dedmon,33.0,PHI,151,39,0.308,2022-23,0.2582781456953642
1628415,Dillon Brooks,27.0,MEM,991,439,0.326,2022-23,0.4429868819374369
1627734,Domantas Sabonis,27.0,SAC,938,83,0.373,2022-23,0.08848614072494669
1631230,Dominick Barlow,20.0,SAS,86,4,0.0,2022-23,0.046511627906976744
1628378,Donovan Mitchell,26.0,CLE,1402,635,0.386,2022-23,0.4529243937232525
1631495,Donovan Williams,21.0,ATL,5,2,0.0,2022-23,0.4
1628978,Donte DiVincenzo,26.0,GSW,540,378,0.397,2022-23,0.7
1627827,Dorian Finney-Smith,30.0,BKN,501,338,0.337,2022-23,0.6746506986027944
203926,Doug McDermott,31.0,SAS,523,298,0.413,2022-23,0.5697896749521989
203110,Draymond Green,33.0,GSW,474,131,0.305,2022-23,0.27637130801687765
1629234,Drew Eubanks,26.0,POR,334,18,0.389,2022-23,0.05389221556886228
1630696,Dru Smith,25.0,BKN,45,19,0.263,2022-23,0.4222222222222222
1630613,Duane Washington Jr.,23.0,NYK,256,111,0.36,2022-23,0.43359375
1629130,Duncan Robinson,29.0,MIA,237,192,0.328,2022-23,0.810126582278481
203939,Dwight Powell,31.0,DAL,269,5,0.0,2022-23,0.01858736059479554
1629685,Dylan Windler,26.0,CLE,3,2,0.5,2022-23,0.6666666666666666
1630700,Dyson Daniels,20.0,NOP,208,86,0.314,2022-23,0.41346153846153844
1628410,Edmond Sumner,27.0,BKN,269,87,0.356,2022-23,0.32342007434944237
201569,Eric Gordon,34.0,LAC,653,356,0.371,2022-23,0.5451761102603369
1630647,Eugene Omoruyi,26.0,DET,228,89,0.281,2022-23,0.39035087719298245
203095,Evan Fournier,30.0,NYK,166,114,0.307,2022-23,0.6867469879518072
1630596,Evan Mobley,22.0,CLE,947,102,0.216,2022-23,0.10770855332629356
1630267,Facundo Campazzo,32.0,DAL,13,11,0.273,2022-23,0.8461538461538461
1628402,Frank Jackson,25.0,PHX,3,1,0.0,2022-23,0.3333333333333333
1626163,Frank Kaminsky,30.0,HOU,63,33,0.394,2022-23,0.5238095238095238
1628373,Frank Ntilikina,24.0,DAL,132,67,0.254,2022-23,0.5075757575757576
1630532,Franz Wagner,21.0,ORL,1118,360,0.361,2022-23,0.3220035778175313
1627832,Fred VanVleet,29.0,TOR,1112,606,0.342,2022-23,0.5449640287769785
1627788,Furkan Korkmaz,25.0,PHI,111,46,0.391,2022-23,0.4144144144144144
1629216,Gabe Vincent,27.0,MIA,567,350,0.334,2022-23,0.6172839506172839
1628221,Gabe York,29.0,IND,21,18,0.333,2022-23,0.8571428571428571
202066,Garrett Temple,37.0,NOP,45,26,0.423,2022-23,0.5777777777777777
1629726,Garrison Mathews,26.0,ATL,201,180,0.35,2022-23,0.8955223880597015
203914,Gary Harris,28.0,ORL,307,218,0.431,2022-23,0.7100977198697068
1627780,Gary Payton II,30.0,GSW,69,26,0.5,2022-23,0.37681159420289856
1629018,Gary Trent Jr.,24.0,TOR,935,450,0.369,2022-23,0.48128342245989303
201588,George Hill,37.0,IND,166,95,0.358,2022-23,0.572289156626506
1627777,Georges Niang,30.0,PHI,502,384,0.401,2022-23,0.7649402390438247
203507,Giannis Antetokounmpo,28.0,MIL,1278,171,0.275,2022-23,0.13380281690140844
1629048,Goga Bitadze,23.0,ORL,125,26,0.231,2022-23,0.208
201609,Goran Dragic,37.0,MIL,335,145,0.359,2022-23,0.43283582089552236
202330,Gordon Hayward,33.0,CHA,581,160,0.325,2022-23,0.27538726333907054
203476,Gorgui Dieng,33.0,SAS,117,75,0.28,2022-23,0.6410256410256411
1629684,Grant Williams,24.0,BOS,476,291,0.395,2022-23,0.6113445378151261
1628960,Grayson Allen,27.0,MIL,557,366,0.399,2022-23,0.6570915619389587
1630535,Greg Brown III,21.0,POR,28,7,0.143,2022-23,0.25
1628977,Hamidou Diallo,24.0,DET,375,21,0.238,2022-23,0.056
203084,Harrison Barnes,31.0,SAC,791,353,0.374,2022-23,0.44627054361567636
1629312,Haywood Highsmith,26.0,MIA,216,109,0.339,2022-23,0.5046296296296297
1630529,Herbert Jones,24.0,NOP,501,167,0.335,2022-23,0.3333333333333333
1630193,Immanuel Quickley,24.0,NYK,936,454,0.37,2022-23,0.48504273504273504
1630171,Isaac Okoro,22.0,CLE,354,171,0.363,2022-23,0.4830508474576271
1628392,Isaiah Hartenstein,25.0,NYK,327,37,0.216,2022-23,0.11314984709480122
1630543,Isaiah Jackson,21.0,IND,318,14,0.143,2022-23,0.0440251572327044
1630198,Isaiah Joe,23.0,OKC,508,394,0.409,2022-23,0.7755905511811023
1630587,Isaiah Livers,24.0,DET,288,203,0.365,2022-23,0.7048611111111112
1630600,Isaiah Mobley,23.0,CLE,28,8,0.375,2022-23,0.2857142857142857
1629676,Isaiah Roby,25.0,NYK,155,60,0.3,2022-23,0.3870967741935484
1630191,Isaiah Stewart,22.0,DET,441,205,0.327,2022-23,0.46485260770975056
1630225,Isaiah Todd,21.0,WAS,19,10,0.1,2022-23,0.5263157894736842
202397,Ish Smith,34.0,DEN,131,12,0.167,2022-23,0.0916030534351145
1630688,Ish Wainright,28.0,PHX,227,173,0.329,2022-23,0.762114537444934
1627826,Ivica Zubac,26.0,LAC,514,2,0.0,2022-23,0.0038910505836575876
1631120,JD Davison,20.0,BOS,19,7,0.286,2022-23,0.3684210526315789
1630550,JT Thor,20.0,CHA,238,123,0.317,2022-23,0.5168067226890757
1629630,Ja Morant,23.0,MEM,1214,300,0.307,2022-23,0.2471169686985173
203210,JaMychal Green,33.0,GSW,252,111,0.378,2022-23,0.44047619047619047
201580,JaVale McGee,35.0,DAL,125,5,0.4,2022-23,0.04
1631095,Jabari Smith Jr.,20.0,HOU,892,391,0.307,2022-23,0.4383408071748879
1631133,Jabari Walker,20.0,POR,198,56,0.286,2022-23,0.2828282828282828
1631298,Jack White,25.0,DEN,19,9,0.333,2022-23,0.47368421052631576
1631367,Jacob Gilyard,24.0,MEM,3,3,0.333,2022-23,1.0
1630702,Jaden Hardy,20.0,DAL,333,156,0.404,2022-23,0.46846846846846846
1631093,Jaden Ivey,21.0,DET,983,350,0.343,2022-23,0.3560528992878942
1630183,Jaden McDaniels,22.0,MIN,716,269,0.398,2022-23,0.3756983240223464
1630531,Jaden Springer,20.0,PHI,35,5,0.4,2022-23,0.14285714285714285
203109,Jae Crowder,32.0,MIL,94,55,0.436,2022-23,0.5851063829787234
1630256,Jae'Sean Tate,27.0,HOU,229,46,0.283,2022-23,0.20087336244541484
1631222,Jake LaRavia,21.0,MEM,95,71,0.338,2022-23,0.7473684210526316
1627751,Jakob Poeltl,27.0,TOR,618,1,0.0,2022-23,0.0016181229773462784
1628973,Jalen Brunson,26.0,NYK,1195,322,0.416,2022-23,0.2694560669456067
1631105,Jalen Duren,19.0,DET,398,2,0.0,2022-23,0.005025125628140704
1630224,Jalen Green,21.0,HOU,1359,554,0.338,2022-23,0.40765268579838115
1630552,Jalen Johnson,21.0,ATL,322,104,0.288,2022-23,0.32298136645962733
1629667,Jalen McDaniels,25.0,PHI,617,232,0.332,2022-23,0.3760129659643436
1630188,Jalen Smith,23.0,IND,508,191,0.283,2022-23,0.37598425196850394
1630591,Jalen Suggs,22.0,ORL,444,202,0.327,2022-23,0.45495495495495497
1631114,Jalen Williams,22.0,OKC,794,205,0.356,2022-23,0.25818639798488663
1631288,Jamal Cain,24.0,MIA,66,20,0.35,2022-23,0.30303030303030304
1627750,Jamal Murray,26.0,DEN,1041,432,0.398,2022-23,0.414985590778098
1631123,Jamaree Bouyea,24.0,MIA,14,6,0.333,2022-23,0.42857142857142855
1630547,James Bouknight,22.0,CHA,193,109,0.303,2022-23,0.5647668393782384
201935,James Harden,33.0,PHI,842,418,0.385,2022-23,0.49643705463182897
201949,James Johnson,36.0,IND,49,15,0.2,2022-23,0.30612244897959184
1630164,James Wiseman,22.0,DET,339,20,0.2,2022-23,0.058997050147492625
1630215,Jared Butler,22.0,OKC,32,14,0.5,2022-23,0.4375
1631197,Jared Rhoden,23.0,DET,44,20,0.25,2022-23,0.45454545454545453
1628991,Jaren Jackson Jr.,23.0,MEM,822,282,0.355,2022-23,0.34306569343065696
1629020,Jarred Vanderbilt,24.0,LAL,451,90,0.322,2022-23,0.19955654101995565
1629714,Jarrell Brantley,27.0,UTA,14,9,0.444,2022-23,0.6428571428571429
1628386,Jarrett Allen,25.0,CLE,626,10,0.1,2022-23,0.01597444089456869
1629633,Jarrett Culver,24.0,ATL,43,12,0.083,2022-23,0.27906976744186046
1630554,Jason Preston,23.0,LAC,41,18,0.278,2022-23,0.43902439024390244
1629750,Javonte Green,29.0,CHI,108,35,0.371,2022-23,0.32407407407407407
1629637,Jaxson Hayes,23.0,NOP,156,29,0.103,2022-23,0.1858974358974359
1630643,Jay Huff,25.0,WAS,25,12,0.5,2022-23,0.48
1630206,Jay Scrubb,22.0,ORL,7,2,1.0,2022-23,0.2857142857142857
1627759,Jaylen Brown,26.0,BOS,1383,487,0.335,2022-23,0.35213304410701374
1629669,Jaylen Nowell,23.0,MIN,625,232,0.289,2022-23,0.3712
1631119,Jaylin Williams,21.0,OKC,234,113,0.407,2022-23,0.4829059829059829
1628369,Jayson Tatum,25.0,BOS,1559,686,0.35,2022-23,0.4400256574727389
1630288,Jeff Dowtin Jr.,26.0,TOR,57,16,0.313,2022-23,0.2807017543859649
201145,Jeff Green,36.0,DEN,328,104,0.288,2022-23,0.3170731707317073
203924,Jerami Grant,29.0,POR,913,359,0.401,2022-23,0.3932092004381161
1630526,Jeremiah Robinson-Earl,22.0,OKC,248,111,0.333,2022-23,0.4475806451612903
1631110,Jeremy Sochan,20.0,SAS,552,134,0.246,2022-23,0.2427536231884058
1630579,Jericho Sims,24.0,NYK,107,1,0.0,2022-23,0.009345794392523364
1628975,Jevon Carter,27.0,MIL,565,337,0.421,2022-23,0.5964601769911504
202710,Jimmy Butler III,33.0,MIA,888,103,0.35,2022-23,0.11599099099099099
1629111,Jock Landale,27.0,PHX,337,84,0.25,2022-23,0.24925816023738873
203925,Joe Harris,31.0,BKN,440,333,0.426,2022-23,0.7568181818181818
204060,Joe Ingles,35.0,MIL,248,203,0.409,2022-23,0.8185483870967742
1630580,Joe Wieskamp,23.0,TOR,14,12,0.25,2022-23,0.8571428571428571
203954,Joel Embiid,29.0,PHI,1328,200,0.33,2022-23,0.15060240963855423
1631219,John Butler Jr.,20.0,POR,53,35,0.229,2022-23,0.660377358490566
1628381,John Collins,25.0,ATL,707,240,0.292,2022-23,0.33946251768033947
1629723,John Konchar,27.0,MEM,320,177,0.339,2022-23,0.553125
202322,John Wall,32.0,LAC,339,109,0.303,2022-23,0.3215339233038348
1631098,Johnny Davis,21.0,WAS,171,70,0.243,2022-23,0.4093567251461988
1630548,Johnny Juzang,22.0,UTA,104,63,0.238,2022-23,0.6057692307692307
202685,Jonas Valančiūnas,31.0,NOP,816,109,0.349,2022-23,0.13357843137254902
1628371,Jonathan Isaac,25.0,ORL,53,15,0.4,2022-23,0.2830188679245283
1630228,Jonathan Kuminga,20.0,GSW,497,146,0.37,2022-23,0.2937625754527163
203903,Jordan Clarkson,31.0,UTA,1031,459,0.338,2022-23,0.4451988360814743
1630692,Jordan Goodwin,24.0,WAS,353,118,0.322,2022-23,0.3342776203966006
1631160,Jordan Hall,21.0,SAS,28,15,0.2,2022-23,0.5357142857142857
1629162,Jordan McLaughlin,27.0,MIN,145,78,0.308,2022-23,0.5379310344827586
1629670,Jordan Nwora,24.0,IND,445,211,0.408,2022-23,0.47415730337078654
1629673,Jordan Poole,24.0,GSW,1278,637,0.336,2022-23,0.4984350547730829
1630648,Jordan Schakel,25.0,WAS,2,1,1.0,2022-23,0.5
1630631,Jose Alvarado,25.0,NOP,489,247,0.336,2022-23,0.5051124744376279
1630528,Josh Christopher,21.0,HOU,329,89,0.236,2022-23,0.270516717325228
1630581,Josh Giddey,20.0,OKC,1118,234,0.325,2022-23,0.20930232558139536
1630182,Josh Green,22.0,DAL,382,169,0.402,2022-23,0.4424083769633508
1628404,Josh Hart,28.0,NYK,520,164,0.372,2022-23,0.3153846153846154
1631169,Josh Minott,20.0,MIN,36,6,0.333,2022-23,0.16666666666666666
1629006,Josh Okogie,24.0,PHX,414,197,0.335,2022-23,0.4758454106280193
1626196,Josh Richardson,29.0,NOP,554,293,0.365,2022-23,0.5288808664259927
1630563,Joshua Primo,20.0,SAS,26,12,0.25,2022-23,0.46153846153846156
201950,Jrue Holiday,33.0,MIL,1023,411,0.384,2022-23,0.40175953079178883
1629308,Juan Toscano-Anderson,30.0,UTA,143,43,0.186,2022-23,0.3006993006993007
1627823,Juancho Hernangomez,27.0,TOR,114,67,0.254,2022-23,0.5877192982456141
1630577,Julian Champagnie,22.0,SAS,130,82,0.402,2022-23,0.6307692307692307
203944,Julius Randle,28.0,NYK,1432,636,0.343,2022-23,0.4441340782122905
1630551,Justin Champagnie,22.0,BOS,15,5,0.2,2022-23,0.3333333333333333
203200,Justin Holiday,34.0,DAL,204,143,0.322,2022-23,0.7009803921568627
1628382,Justin Jackson,28.0,BOS,27,20,0.25,2022-23,0.7407407407407407
1631303,Justin Minaya,24.0,POR,23,12,0.25,2022-23,0.5217391304347826
1626159,Justise Winslow,27.0,POR,198,45,0.311,2022-23,0.22727272727272727
203994,Jusuf Nurkić,28.0,POR,505,119,0.361,2022-23,0.23564356435643563
1630231,KJ Martin,22.0,HOU,720,216,0.315,2022-23,0.3
1629644,KZ Okpala,24.0,SAC,38,21,0.333,2022-23,0.5526315789473685
1630539,Kai Jones,22.0,CHA,120,19,0.211,2022-23,0.15833333333333333
1626157,Karl-Anthony Towns,27.0,MIN,428,164,0.366,2022-23,0.38317757009345793
202695,Kawhi Leonard,32.0,LAC,871,250,0.416,2022-23,0.2870264064293915
1631099,Keegan Murray,22.0,SAC,782,501,0.411,2022-23,0.6406649616368286
1628966,Keita Bates-Diop,27.0,SAS,465,142,0.394,2022-23,0.3053763440860215
1629640,Keldon Johnson,23.0,SAS,1113,407,0.329,2022-23,0.3656783468104223
203482,Kelly Olynyk,32.0,UTA,557,236,0.394,2022-23,0.4236983842010772
1626162,Kelly Oubre Jr.,27.0,CHA,819,339,0.319,2022-23,0.4139194139194139
202689,Kemba Walker,33.0,DAL,57,28,0.25,2022-23,0.49122807017543857
1631112,Kendall Brown,20.0,IND,7,1,0.0,2022-23,0.14285714285714285
1629134,Kendrick Nunn,27.0,WAS,450,223,0.354,2022-23,0.4955555555555556
1631113,Kennedy Chandler,20.0,MEM,83,15,0.133,2022-23,0.18072289156626506
1631254,Kenneth Lofton Jr.,20.0,MEM,93,17,0.353,2022-23,0.1827956989247312
1629026,Kenrich Williams,28.0,OKC,346,134,0.373,2022-23,0.3872832369942196
203484,Kentavious Caldwell-Pope,30.0,DEN,632,319,0.423,2022-23,0.504746835443038
1631165,Keon Ellis,23.0,SAC,16,12,0.5,2022-23,0.75
1630553,Keon Johnson,21.0,POR,178,81,0.346,2022-23,0.4550561797752809
1630556,Kessler Edwards,22.0,SAC,93,55,0.309,2022-23,0.5913978494623656
201142,Kevin Durant,34.0,PHX,862,230,0.404,2022-23,0.2668213457076566
1628989,Kevin Huerter,24.0,SAC,866,510,0.402,2022-23,0.5889145496535797
1628995,Kevin Knox II,23.0,POR,332,186,0.349,2022-23,0.5602409638554217
201567,Kevin Love,34.0,MIA,424,296,0.334,2022-23,0.6981132075471698
1629645,Kevin Porter Jr.,23.0,HOU,884,385,0.366,2022-23,0.43552036199095023
1630284,Kevon Harris,26.0,ORL,107,43,0.372,2022-23,0.40186915887850466
1626172,Kevon Looney,27.0,GSW,384,1,0.0,2022-23,0.0026041666666666665
203920,Khem Birch,30.0,SAS,32,2,0.5,2022-23,0.0625
203114,Khris Middleton,31.0,MIL,406,162,0.315,2022-23,0.39901477832512317
1630165,Killian Hayes,21.0,DET,815,286,0.28,2022-23,0.350920245398773
1630184,Kira Lewis Jr.,22.0,NOP,88,34,0.441,2022-23,0.38636363636363635
202691,Klay Thompson,33.0,GSW,1252,731,0.412,2022-23,0.5838658146964856
1628424,Kobi Simmons,25.0,CHA,6,5,0.2,2022-23,0.8333333333333334
1627739,Kris Dunn,29.0,UTA,216,36,0.472,2022-23,0.16666666666666666
204001,Kristaps Porziņģis,27.0,WAS,1018,356,0.385,2022-23,0.34970530451866405
203937,Kyle Anderson,29.0,MIN,495,105,0.41,2022-23,0.21212121212121213
1628398,Kyle Kuzma,27.0,WAS,1142,481,0.333,2022-23,0.4211908931698774
200768,Kyle Lowry,37.0,MIA,485,310,0.345,2022-23,0.6391752577319587
202681,Kyrie Irving,31.0,DAL,1203,496,0.379,2022-23,0.41230257689110555
1630163,LaMelo Ball,21.0,CHA,721,383,0.376,2022-23,0.5312066574202496
1630205,Lamar Stevens,25.0,CLE,288,95,0.316,2022-23,0.3298611111111111
1629013,Landry Shamet,26.0,PHX,300,199,0.377,2022-23,0.6633333333333333
1626204,Larry Nance Jr.,30.0,NOP,305,42,0.333,2022-23,0.1377049180327869
1628374,Lauri Markkanen,26.0,UTA,1145,511,0.391,2022-23,0.4462882096069869
2544,LeBron James,38.0,LAL,1219,377,0.321,2022-23,0.3092698933552092
1630195,Leandro Bolmaro,22.0,UTA,20,4,0.0,2022-23,0.2
1631311,Lester Quinones,22.0,GSW,5,4,0.5,2022-23,0.8
1629623,Lindell Wigginton,25.0,MIL,37,18,0.333,2022-23,0.4864864864864865
1630322,Lindy Waters III,25.0,OKC,178,162,0.358,2022-23,0.9101123595505618
1629022,Lonnie Walker IV,24.0,LAL,527,249,0.365,2022-23,0.47248576850094876
1629663,Louis King,24.0,PHI,13,8,0.5,2022-23,0.6153846153846154
1629652,Luguentz Dort,24.0,OKC,873,409,0.33,2022-23,0.46849942726231386
1629029,Luka Dončić,24.0,DAL,1449,541,0.342,2022-23,0.37336093857832986
1630568,Luka Garza,24.0,MIN,116,39,0.359,2022-23,0.33620689655172414
1629677,Luka Samanic,23.0,UTA,57,31,0.258,2022-23,0.543859649122807
1628379,Luke Kennard,27.0,MEM,382,269,0.494,2022-23,0.7041884816753927
1628436,Luke Kornet,27.0,BOS,170,13,0.231,2022-23,0.07647058823529412
1630644,Mac McClung,24.0,PHI,20,11,0.364,2022-23,0.55
1630201,Malachi Flynn,25.0,TOR,242,133,0.353,2022-23,0.5495867768595041
1631103,Malaki Branham,20.0,SAS,611,255,0.302,2022-23,0.41734860883797054
1627763,Malcolm Brogdon,30.0,BOS,732,297,0.444,2022-23,0.4057377049180328
1630792,Malcolm Hill,27.0,CHI,4,3,0.333,2022-23,0.75
1627736,Malik Beasley,26.0,LAL,937,658,0.357,2022-23,0.7022411953041622
1628370,Malik Monk,25.0,SAC,796,398,0.359,2022-23,0.5
1629603,Mamadi Diakite,26.0,CLE,50,21,0.333,2022-23,0.42
1630699,MarJon Beauchamp,22.0,MIL,243,142,0.331,2022-23,0.5843621399176955
202694,Marcus Morris Sr.,33.0,LAC,643,307,0.365,2022-23,0.4774494556765163
203935,Marcus Smart,29.0,BOS,602,342,0.336,2022-23,0.5681063122923588
1631109,Mark Williams,21.0,CHA,251,0,0.0,2022-23,0.0
1628365,Markelle Fultz,25.0,ORL,679,87,0.31,2022-23,0.12812960235640647
202693,Markieff Morris,33.0,DAL,115,71,0.394,2022-23,0.6173913043478261
1630250,Marko Simonovic,23.0,CHI,7,4,0.25,2022-23,0.5714285714285714
1628963,Marvin Bagley III,24.0,DET,382,66,0.288,2022-23,0.17277486910994763
203486,Mason Plumlee,33.0,LAC,484,0,0.0,2022-23,0.0
1629680,Matisse Thybulle,26.0,POR,253,148,0.365,2022-23,0.5849802371541502
1630346,Matt Ryan,26.0,MIN,108,84,0.381,2022-23,0.7777777777777778
203521,Matthew Dellavedova,32.0,SAC,50,27,0.333,2022-23,0.54
1631108,Max Christie,20.0,LAL,106,62,0.419,2022-23,0.5849056603773585
1629622,Max Strus,27.0,MIA,790,563,0.35,2022-23,0.7126582278481013
1628467,Maxi Kleber,31.0,DAL,169,112,0.348,2022-23,0.6627218934911243
1630593,McKinley Wright IV,24.0,DAL,98,28,0.321,2022-23,0.2857142857142857
203086,Meyers Leonard,31.0,MIL,29,18,0.389,2022-23,0.6206896551724138
1629662,Mfiondu Kabengele,25.0,BOS,7,3,0.0,2022-23,0.42857142857142855
1630695,Micah Potter,25.0,UTA,15,7,0.571,2022-23,0.4666666666666667
203487,Michael Carter-Williams,31.0,ORL,14,3,0.333,2022-23,0.21428571428571427
1629008,Michael Porter Jr.,25.0,DEN,817,454,0.414,2022-23,0.5556915544675642
1628969,Mikal Bridges,26.0,BKN,1267,442,0.382,2022-23,0.34885556432517756
201144,Mike Conley,35.0,MIN,610,351,0.385,2022-23,0.5754098360655737
203488,Mike Muscala,31.0,BOS,292,207,0.391,2022-23,0.708904109589041
1630540,Miles McBride,22.0,NYK,215,134,0.299,2022-23,0.6232558139534884
1629011,Mitchell Robinson,25.0,NYK,280,0,0.0,2022-23,0.0
1628964,Mo Bamba,25.0,LAL,241,124,0.387,2022-23,0.5145228215767634
1628420,Monte Morris,28.0,WAS,515,204,0.382,2022-23,0.39611650485436894
1626149,Montrezl Harrell,29.0,PHI,209,6,0.0,2022-23,0.028708133971291867
1629021,Moritz Wagner,26.0,ORL,396,163,0.313,2022-23,0.4116161616161616
1629650,Moses Brown,23.0,LAC,96,0,0.0,2022-23,0.0
1630541,Moses Moody,21.0,GSW,227,135,0.363,2022-23,0.5947136563876652
1631217,Moussa Diabaté,21.0,LAC,47,2,0.5,2022-23,0.0425531914893617
1626167,Myles Turner,27.0,IND,733,249,0.373,2022-23,0.339699863574352
1630230,Naji Marshall,25.0,NOP,571,218,0.303,2022-23,0.38178633975481613
1629642,Nassir Little,23.0,POR,303,158,0.367,2022-23,0.5214521452145214
1631466,Nate Williams,24.0,POR,39,8,0.375,2022-23,0.20512820512820512
1630233,Nathan Knight,25.0,MIN,81,22,0.364,2022-23,0.2716049382716049
1629675,Naz Reid,23.0,MIN,577,217,0.346,2022-23,0.37608318890814557
1629674,Neemias Queta,23.0,SAC,9,0,0.0,2022-23,0.0
203457,Nerlens Noel,29.0,BKN,36,2,0.5,2022-23,0.05555555555555555
1629651,Nic Claxton,24.0,BKN,587,2,0.0,2022-23,0.0034071550255536627
1630208,Nick Richards,25.0,CHA,313,1,1.0,2022-23,0.003194888178913738
1629638,Nickeil Alexander-Walker,24.0,MIN,295,159,0.384,2022-23,0.5389830508474577
201587,Nicolas Batum,34.0,LAC,381,317,0.391,2022-23,0.8320209973753281
203999,Nikola Jokić,28.0,DEN,1022,149,0.383,2022-23,0.14579256360078277
1631107,Nikola Jović,20.0,MIA,69,35,0.229,2022-23,0.5072463768115942
202696,Nikola Vučević,32.0,CHI,1148,347,0.349,2022-23,0.30226480836236935
203943,Noah Vonleh,27.0,BOS,24,4,0.25,2022-23,0.16666666666666666
1626181,Norman Powell,30.0,LAC,710,287,0.397,2022-23,0.4042253521126761
1628384,OG Anunoby,25.0,TOR,885,367,0.387,2022-23,0.41468926553672314
1630167,Obi Toppin,25.0,NYK,419,247,0.344,2022-23,0.5894988066825776
1630534,Ochai Agbaji,23.0,UTA,386,228,0.355,2022-23,0.5906735751295337
1630846,Olivier Sarr,24.0,OKC,30,8,0.125,2022-23,0.26666666666666666
1630209,Omer Yurtseven,25.0,MIA,27,7,0.429,2022-23,0.25925925925925924
1630168,Onyeka Okongwu,22.0,ATL,497,13,0.308,2022-23,0.026156941649899398
1631115,Orlando Robinson,22.0,MIA,89,6,0.0,2022-23,0.06741573033707865
1629052,Oshae Brissett,25.0,IND,319,155,0.31,2022-23,0.48589341692789967
203490,Otto Porter Jr.,30.0,TOR,30,17,0.353,2022-23,0.5666666666666667
1631172,Ousmane Dieng,20.0,OKC,181,98,0.265,2022-23,0.5414364640883977
200782,P.J. Tucker,38.0,PHI,225,140,0.393,2022-23,0.6222222222222222
1629023,P.J. Washington,24.0,CHA,978,428,0.348,2022-23,0.4376278118609407
1628408,PJ Dozier,26.0,SAC,33,16,0.125,2022-23,0.48484848484848486
1631094,Paolo Banchero,20.0,ORL,1122,285,0.298,2022-23,0.2540106951871658
1627783,Pascal Siakam,29.0,TOR,1313,287,0.324,2022-23,0.21858339680121858
1626192,Pat Connaughton,30.0,MIL,421,322,0.339,2022-23,0.7648456057007126
1631116,Patrick Baldwin Jr.,20.0,GSW,109,84,0.381,2022-23,0.7706422018348624
201976,Patrick Beverley,34.0,CHI,360,239,0.335,2022-23,0.6638888888888889
1630172,Patrick Williams,21.0,CHI,677,277,0.415,2022-23,0.4091580502215657
201988,Patty Mills,34.0,BKN,209,134,0.366,2022-23,0.6411483253588517
202331,Paul George,33.0,LAC,1004,426,0.371,2022-23,0.4243027888446215
1630194,Paul Reed,24.0,PHI,209,6,0.167,2022-23,0.028708133971291867
1630202,Payton Pritchard,25.0,BOS,245,154,0.364,2022-23,0.6285714285714286
1631212,Peyton Watson,20.0,DEN,59,14,0.429,2022-23,0.23728813559322035
1630173,Precious Achiuwa,23.0,TOR,404,108,0.269,2022-23,0.26732673267326734
1629656,Quentin Grimes,23.0,NYK,602,407,0.386,2022-23,0.6760797342192691
1631245,Quenton Jackson,24.0,WAS,42,12,0.083,2022-23,0.2857142857142857
1630181,R.J. Hampton,22.0,DET,237,116,0.353,2022-23,0.48945147679324896
1629628,RJ Barrett,23.0,NYK,1176,390,0.31,2022-23,0.33163265306122447
1630564,RaiQuan Gray,23.0,BKN,12,5,0.4,2022-23,0.4166666666666667
203526,Raul Neto,31.0,CLE,110,42,0.286,2022-23,0.38181818181818183
203493,Reggie Bullock Jr.,32.0,DAL,470,397,0.38,2022-23,0.8446808510638298
202704,Reggie Jackson,33.0,DEN,640,288,0.333,2022-23,0.45
1626158,Richaun Holmes,29.0,SAC,89,8,0.625,2022-23,0.0898876404494382
201937,Ricky Rubio,32.0,CLE,178,82,0.256,2022-23,0.4606741573033708
203496,Robert Covington,32.0,LAC,229,136,0.397,2022-23,0.5938864628820961
1629057,Robert Williams III,25.0,BOS,170,1,0.0,2022-23,0.0058823529411764705
201577,Robin Lopez,35.0,CLE,75,4,0.5,2022-23,0.05333333333333334
203585,Rodney McGruder,31.0,DET,152,97,0.423,2022-23,0.6381578947368421
1629641,Romeo Langford,23.0,SAS,259,61,0.262,2022-23,0.23552123552123552
1631199,Ron Harper Jr.,23.0,TOR,16,9,0.333,2022-23,0.5625
1626220,Royce O'Neale,30.0,BKN,593,419,0.389,2022-23,0.7065767284991569
200752,Rudy Gay,36.0,UTA,287,130,0.254,2022-23,0.4529616724738676
203497,Rudy Gobert,31.0,MIN,546,3,0.0,2022-23,0.005494505494505495
1629060,Rui Hachimura,25.0,LAL,584,160,0.319,2022-23,0.273972602739726
201566,Russell Westbrook,34.0,LAC,991,286,0.311,2022-23,0.2885973763874874
1627853,Ryan Arcidiacono,29.0,NYK,37,23,0.348,2022-23,0.6216216216216216
1631157,Ryan Rollins,20.0,GSW,20,9,0.333,2022-23,0.45
1630240,Saben Lee,24.0,PHX,121,30,0.367,2022-23,0.24793388429752067
1630180,Saddiq Bey,24.0,ATL,836,418,0.361,2022-23,0.5
1630573,Sam Hauser,25.0,BOS,396,335,0.418,2022-23,0.8459595959595959
1630241,Sam Merrill,27.0,CLE,22,18,0.278,2022-23,0.8181818181818182
1630572,Sandro Mamukelashvili,24.0,SAS,230,99,0.303,2022-23,0.43043478260869567
1630583,Santi Aldama,22.0,MEM,525,266,0.353,2022-23,0.5066666666666667
1630567,Scottie Barnes,21.0,TOR,1016,224,0.281,2022-23,0.2204724409448819
1630590,Scotty Pippen Jr.,22.0,LAL,12,3,0.333,2022-23,0.25
201586,Serge Ibaka,33.0,MIL,54,18,0.333,2022-23,0.3333333333333333
203552,Seth Curry,32.0,BKN,449,232,0.405,2022-23,0.5167037861915368
1631101,Shaedon Sharpe,20.0,POR,648,283,0.36,2022-23,0.4367283950617284
1628983,Shai Gilgeous-Alexander,24.0,OKC,1381,168,0.345,2022-23,0.1216509775524982
1629003,Shake Milton,26.0,PHI,503,148,0.378,2022-23,0.294234592445328
1627885,Shaquille Harrison,29.0,LAL,36,10,0.3,2022-23,0.2777777777777778
1631323,Simone Fontecchio,27.0,UTA,312,191,0.33,2022-23,0.6121794871794872
1630219,Skylar Mays,25.0,POR,68,26,0.462,2022-23,0.38235294117647056
203915,Spencer Dinwiddie,30.0,BKN,1050,490,0.369,2022-23,0.4666666666666667
1626169,Stanley Johnson,27.0,UTA,122,40,0.45,2022-23,0.32786885245901637
1630649,Stanley Umude,24.0,DET,1,1,0.0,2022-23,1.0
201939,Stephen Curry,35.0,GSW,1133,639,0.427,2022-23,0.5639894086496028
1628425,Sterling Brown,28.0,LAL,4,2,0.0,2022-23,0.5
203500,Steven Adams,29.0,MEM,263,1,0.0,2022-23,0.0038022813688212928
1629004,Svi Mykhailiuk,26.0,CHA,173,99,0.424,2022-23,0.5722543352601156
204456,T.J. McConnell,31.0,IND,521,59,0.441,2022-23,0.11324376199616124
203933,T.J. Warren,29.0,PHX,270,67,0.328,2022-23,0.24814814814814815
201959,Taj Gibson,38.0,WAS,125,24,0.333,2022-23,0.192
1629659,Talen Horton-Tucker,22.0,UTA,613,203,0.286,2022-23,0.33115823817292006
1631106,Tari Eason,22.0,HOU,660,172,0.343,2022-23,0.2606060606060606
1627752,Taurean Prince,29.0,MIN,379,194,0.381,2022-23,0.5118733509234829
1629611,Terance Mann,26.0,LAC,524,198,0.389,2022-23,0.37786259541984735
1629056,Terence Davis,26.0,SAC,364,243,0.366,2022-23,0.6675824175824175
203082,Terrence Ross,32.0,PHX,465,258,0.368,2022-23,0.5548387096774193
1626179,Terry Rozier,29.0,CHA,1188,505,0.327,2022-23,0.42508417508417506
1630678,Terry Taylor,23.0,CHI,75,19,0.263,2022-23,0.25333333333333335
201152,Thaddeus Young,35.0,TOR,198,34,0.176,2022-23,0.1717171717171717
203648,Thanasis Antetokounmpo,30.0,MIL,46,8,0.0,2022-23,0.17391304347826086
1630177,Theo Maledon,22.0,CHA,254,95,0.295,2022-23,0.37401574803149606
1629033,Theo Pinson,27.0,DAL,87,62,0.355,2022-23,0.7126436781609196
1628418,Thomas Bryant,25.0,DEN,369,59,0.441,2022-23,0.15989159891598917
203501,Tim Hardaway Jr.,31.0,DAL,847,550,0.385,2022-23,0.6493506493506493
202699,Tobias Harris,30.0,PHI,845,324,0.389,2022-23,0.3834319526627219
1628396,Tony Bradley,25.0,CHI,12,5,0.6,2022-23,0.4166666666666667
1628470,Torrey Craig,32.0,PHX,500,253,0.395,2022-23,0.506
1629027,Trae Young,24.0,ATL,1390,460,0.335,2022-23,0.33093525179856115
1630200,Tre Jones,23.0,SAS,743,158,0.285,2022-23,0.2126514131897712
1630544,Tre Mann,22.0,OKC,501,257,0.315,2022-23,0.5129740518962076
1630570,Trendon Watford,22.0,POR,323,64,0.391,2022-23,0.19814241486068113
1630235,Trent Forrest,25.0,ATL,60,2,0.0,2022-23,0.03333333333333333
1630243,Trevelin Queen,26.0,PHI,29,15,0.133,2022-23,0.5172413793103449
1631309,Trevor Hudgins,24.0,HOU,9,8,0.25,2022-23,0.8888888888888888
1631211,Trevor Keels,19.0,NYK,4,4,0.25,2022-23,1.0
1626168,Trey Lyles,27.0,SAC,408,240,0.363,2022-23,0.5882352941176471
1630530,Trey Murphy III,23.0,NOP,800,497,0.406,2022-23,0.62125
1628972,Troy Brown Jr.,23.0,LAL,465,281,0.381,2022-23,0.6043010752688172
1629660,Ty Jerome,25.0,GSW,242,90,0.389,2022-23,0.371900826446281
1631102,TyTy Washington Jr.,21.0,HOU,160,80,0.238,2022-23,0.5
1628416,Tyler Dorsey,27.0,DAL,5,2,0.5,2022-23,0.4
1629639,Tyler Herro,23.0,MIA,1109,537,0.378,2022-23,0.4842200180342651
1630169,Tyrese Haliburton,23.0,IND,841,402,0.4,2022-23,0.4780023781212842
1631213,Tyrese Martin,24.0,ATL,23,7,0.143,2022-23,0.30434782608695654
1630178,Tyrese Maxey,22.0,PHI,913,369,0.434,2022-23,0.40416210295728366
1626145,Tyus Jones,27.0,MEM,710,326,0.371,2022-23,0.4591549295774648
1628962,Udoka Azubuike,23.0,UTA,72,0,0.0,2022-23,0.0
2617,Udonis Haslem,43.0,MIA,29,9,0.333,2022-23,0.3103448275862069
1630586,Usman Garuba,21.0,HOU,177,59,0.407,2022-23,0.3333333333333333
1630176,Vernon Carey Jr.,22.0,UTA,8,0,0.0,2022-23,0.0
203506,Victor Oladipo,31.0,MIA,403,212,0.33,2022-23,0.5260545905707196
1631246,Vince Williams Jr.,22.0,MEM,40,28,0.143,2022-23,0.7
1628427,Vlatko Čančar,26.0,DEN,227,115,0.374,2022-23,0.5066079295154186
1630249,Vít Krejčí,23.0,ATL,37,21,0.238,2022-23,0.5675675675675675
1631117,Walker Kessler,21.0,UTA,414,3,0.333,2022-23,0.007246376811594203
1628976,Wendell Carter Jr.,24.0,ORL,613,225,0.356,2022-23,0.367047308319739
1631111,Wendell Moore Jr.,21.0,MIN,43,17,0.118,2022-23,0.3953488372093023
1629117,Wenyen Gabriel,26.0,LAL,260,36,0.278,2022-23,0.13846153846153847
202083,Wesley Matthews,36.0,MIL,160,124,0.315,2022-23,0.775
203115,Will Barton,32.0,TOR,364,180,0.367,2022-23,0.4945054945054945
1626195,Willy Hernangomez,29.0,NOP,169,11,0.273,2022-23,0.0650887573964497
1641645,Xavier Cooks,27.0,WAS,28,1,0.0,2022-23,0.03571428571428571
1629875,Xavier Moon,28.0,LAC,9,3,0.333,2022-23,0.3333333333333333
1630270,Xavier Sneed,25.0,CHA,10,6,0.5,2022-23,0.6
1630214,Xavier Tillman,24.0,MEM,306,15,0.267,2022-23,0.049019607843137254
1629139,Yuta Watanabe,28.0,BKN,232,135,0.444,2022-23,0.5818965517241379
1628380,Zach Collins,25.0,SAS,548,147,0.374,2022-23,0.26824817518248173
203897,Zach LaVine,28.0,CHI,1388,544,0.375,2022-23,0.3919308357348703
1630192,Zeke Nnaji,22.0,DEN,196,65,0.262,2022-23,0.33163265306122447
1630533,Ziaire Williams,21.0,MEM,196,97,0.258,2022-23,0.49489795918367346
1629627,Zion Williamson,22.0,NOP,469,19,0.368,2022-23,0.04051172707889126
1630639,A.J. Lawson,23.0,DAL,121,50,0.26,2023-24,0.4132231404958678
1631260,AJ Green,24.0,MIL,196,169,0.408,2023-24,0.8622448979591837
1631100,AJ Griffin,20.0,ATL,62,39,0.256,2023-24,0.6290322580645161
203932,Aaron Gordon,28.0,DEN,716,138,0.29,2023-24,0.19273743016759776
1628988,Aaron Holiday,27.0,HOU,417,217,0.387,2023-24,0.5203836930455635
1630174,Aaron Nesmith,24.0,IND,635,334,0.419,2023-24,0.525984251968504
1630598,Aaron Wiggins,25.0,OKC,377,126,0.492,2023-24,0.33421750663129973
1641745,Adam Flagler,24.0,OKC,7,6,0.167,2023-24,0.8571428571428571
1641766,Adama Sanogo,22.0,CHI,27,0,0.0,2023-24,0.0
1629678,Admiral Schofield,27.0,ORL,26,16,0.375,2023-24,0.6153846153846154
201143,Al Horford,38.0,BOS,419,258,0.419,2023-24,0.6157517899761337
202692,Alec Burks,32.0,NYK,569,330,0.376,2023-24,0.5799648506151143
1630197,Aleksej Pokusevski,22.0,CHA,121,55,0.327,2023-24,0.45454545454545453
1627936,Alex Caruso,30.0,CHI,541,333,0.408,2023-24,0.6155268022181146
1641788,Alex Fudge,21.0,DAL,15,5,0.2,2023-24,0.3333333333333333
203458,Alex Len,31.0,SAC,81,3,0.0,2023-24,0.037037037037037035
1631214,Alondes Williams,25.0,MIA,8,4,0.0,2023-24,0.5
1630578,Alperen Sengun,21.0,HOU,982,111,0.297,2023-24,0.11303462321792261
1641735,Amari Bailey,20.0,CHA,24,8,0.125,2023-24,0.3333333333333333
1641708,Amen Thompson,21.0,HOU,446,58,0.138,2023-24,0.13004484304932734
1629599,Amir Coffey,27.0,LAC,352,184,0.38,2023-24,0.5227272727272727
203083,Andre Drummond,30.0,CHI,480,3,0.0,2023-24,0.00625
1641748,Andre Jackson Jr.,22.0,MIL,100,46,0.37,2023-24,0.46
1641847,Andrew Funk,24.0,CHI,4,3,0.0,2023-24,0.75
1629614,Andrew Nembhard,24.0,IND,522,171,0.357,2023-24,0.3275862068965517
203952,Andrew Wiggins,29.0,GSW,780,254,0.358,2023-24,0.32564102564102565
1629014,Anfernee Simons,25.0,POR,837,405,0.385,2023-24,0.4838709677419355
1641710,Anthony Black,20.0,ORL,247,94,0.394,2023-24,0.3805668016194332
203076,Anthony Davis,31.0,LAL,1283,107,0.271,2023-24,0.08339828526890102
1630162,Anthony Edwards,22.0,MIN,1558,532,0.357,2023-24,0.34146341463414637
1630264,Anthony Gill,31.0,WAS,160,41,0.244,2023-24,0.25625
1629717,Armoni Brooks,26.0,BKN,46,32,0.344,2023-24,0.6956521739130435
1630204,Ashton Hagans,24.0,POR,71,25,0.32,2023-24,0.352112676056338
1641709,Ausar Thompson,21.0,DET,480,113,0.186,2023-24,0.23541666666666666
1630559,Austin Reaves,26.0,LAL,940,420,0.367,2023-24,0.44680851063829785
1630245,Ayo Dosunmu,24.0,CHI,719,295,0.403,2023-24,0.4102920723226704
1628389,Bam Adebayo,26.0,MIA,1017,42,0.357,2023-24,0.04129793510324484
1641767,Ben Sheppard,22.0,IND,229,156,0.314,2023-24,0.6812227074235808
1627732,Ben Simmons,27.0,BKN,74,0,0.0,2023-24,0.0
1631097,Bennedict Mathurin,22.0,IND,663,214,0.374,2023-24,0.32277526395173456
1641731,Bilal Coulibaly,19.0,WAS,432,185,0.346,2023-24,0.42824074074074076
202687,Bismack Biyombo,31.0,OKC,131,0,0.0,2023-24,0.0
1631104,Blake Wesley,21.0,SAS,215,55,0.218,2023-24,0.2558139534883721
1626246,Boban Marjanovic,35.0,HOU,34,2,0.0,2023-24,0.058823529411764705
1626171,Bobby Portis,29.0,MIL,918,246,0.407,2023-24,0.2679738562091503
203992,Bogdan Bogdanović,31.0,ATL,1100,641,0.374,2023-24,0.5827272727272728
202711,Bojan Bogdanovic,35.0,NYK,681,334,0.398,2023-24,0.49045521292217326
1629626,Bol Bol,24.0,PHX,151,52,0.423,2023-24,0.3443708609271523
1630538,Bones Hyland,23.0,LAC,251,135,0.326,2023-24,0.5378486055776892
203078,Bradley Beal,31.0,PHX,735,235,0.43,2023-24,0.3197278911564626
1641764,Brandin Podziemski,21.0,GSW,597,234,0.385,2023-24,0.39195979899497485
1630527,Brandon Boston,22.0,LAC,161,52,0.269,2023-24,0.32298136645962733
1629634,Brandon Clarke,27.0,MEM,59,6,0.167,2023-24,0.1016949152542373
1627742,Brandon Ingram,26.0,NOP,1017,242,0.355,2023-24,0.23795476892822026
1641706,Brandon Miller,21.0,CHA,1083,493,0.373,2023-24,0.4552169898430286
1630314,Brandon Williams,24.0,DAL,54,15,0.2,2023-24,0.2777777777777778
1630296,Braxton Key,27.0,DEN,17,5,0.4,2023-24,0.29411764705882354
1641729,Brice Sensabaugh,20.0,UTA,218,115,0.296,2023-24,0.5275229357798165
201572,Brook Lopez,36.0,MIL,755,404,0.366,2023-24,0.5350993377483444
1628971,Bruce Brown,27.0,TOR,582,164,0.323,2023-24,0.281786941580756
1628981,Bruno Fernando,25.0,ATL,187,4,0.0,2023-24,0.0213903743315508
1631121,Bryce McGowens,21.0,CHA,230,102,0.333,2023-24,0.4434782608695652
1631205,Buddy Boeheim,24.0,DET,29,25,0.32,2023-24,0.8620689655172413
1627741,Buddy Hield,31.0,PHI,850,568,0.386,2023-24,0.668235294117647
203468,CJ McCollum,32.0,NOP,1055,557,0.429,2023-24,0.5279620853080569
1630595,Cade Cunningham,22.0,DET,1167,335,0.355,2023-24,0.2870608397600686
1631216,Caleb Houstan,21.0,ORL,206,193,0.373,2023-24,0.9368932038834952
1628997,Caleb Martin,28.0,MIA,559,232,0.349,2023-24,0.4150268336314848
1629629,Cam Reddish,24.0,LAL,234,110,0.336,2023-24,0.4700854700854701
1630560,Cam Thomas,22.0,BKN,1190,396,0.364,2023-24,0.33277310924369746
1641715,Cam Whitmore,19.0,HOU,467,220,0.359,2023-24,0.47109207708779444
1629661,Cameron Johnson,28.0,BKN,619,353,0.391,2023-24,0.5702746365105008
1626166,Cameron Payne,29.0,PHI,481,267,0.39,2023-24,0.5550935550935551
1627747,Caris LeVert,29.0,CLE,820,332,0.325,2023-24,0.40487804878048783
1641717,Cason Wallace,20.0,OKC,442,234,0.419,2023-24,0.5294117647058824
1626224,Cedi Osman,29.0,SAS,384,221,0.389,2023-24,0.5755208333333334
1629646,Charles Bassey,23.0,SAS,40,1,0.0,2023-24,0.025
1629718,Charlie Brown Jr.,27.0,NYK,10,7,0.286,2023-24,0.7
1631096,Chet Holmgren,22.0,OKC,953,349,0.37,2023-24,0.36621196222455404
1629002,Chimezie Metu,27.0,DET,244,94,0.298,2023-24,0.38524590163934425
1628449,Chris Boucher,31.0,TOR,217,94,0.33,2023-24,0.43317972350230416
1630537,Chris Duarte,27.0,SAC,210,127,0.346,2023-24,0.6047619047619047
1641753,Chris Livingston,20.0,MIL,22,5,0.2,2023-24,0.22727272727272727
101108,Chris Paul,39.0,GSW,467,210,0.371,2023-24,0.44967880085653106
1631128,Christian Braun,23.0,DEN,483,164,0.384,2023-24,0.33954451345755693
1626174,Christian Wood,28.0,LAL,264,114,0.307,2023-24,0.4318181818181818
1629643,Chuma Okeke,25.0,ORL,112,82,0.28,2023-24,0.7321428571428571
203991,Clint Capela,30.0,ATL,618,1,0.0,2023-24,0.0016181229773462784
1629632,Coby White,24.0,CHI,1209,556,0.376,2023-24,0.4598842018196857
1628998,Cody Martin,28.0,CHA,215,86,0.314,2023-24,0.4
203469,Cody Zeller,31.0,NOP,62,3,0.333,2023-24,0.04838709677419355
1641732,Colby Jones,22.0,SAC,71,22,0.091,2023-24,0.30985915492957744
1630175,Cole Anthony,24.0,ORL,763,275,0.338,2023-24,0.36041939711664484
1631306,Cole Swider,25.0,MIA,38,30,0.333,2023-24,0.7894736842105263
1630658,Colin Castleton,24.0,LAL,16,0,0.0,2023-24,0.0
1631221,Collin Gillespie,25.0,DEN,69,38,0.395,2023-24,0.5507246376811594
1629012,Collin Sexton,25.0,UTA,1038,325,0.394,2023-24,0.313102119460501
1630557,Corey Kispert,25.0,WAS,794,480,0.383,2023-24,0.6045340050377834
202709,Cory Joseph,32.0,GSW,64,42,0.31,2023-24,0.65625
1641854,Craig Porter Jr.,24.0,CLE,228,34,0.353,2023-24,0.14912280701754385
1626156,D'Angelo Russell,28.0,LAL,1080,545,0.415,2023-24,0.5046296296296297
1641793,D'Moi Hodge,25.0,LAL,15,12,0.25,2023-24,0.8
1630618,D.J. Carton,23.0,TOR,8,4,0.25,2023-24,0.5
1628391,D.J. Wilson,28.0,ORL,6,2,1.0,2023-24,0.3333333333333333
1629610,DaQuan Jeffries,26.0,NYK,17,10,0.2,2023-24,0.5882352941176471
1630227,Daishen Nix,22.0,MIN,24,17,0.353,2023-24,0.7083333333333334
1630625,Dalano Banton,24.0,POR,500,199,0.296,2023-24,0.398
1631207,Dalen Terry,21.0,CHI,157,74,0.23,2023-24,0.4713375796178344
1627745,Damian Jones,29.0,CLE,72,14,0.214,2023-24,0.19444444444444445
203081,Damian Lillard,33.0,MIL,1277,622,0.354,2023-24,0.48707909162098667
1629655,Daniel Gafford,25.0,DAL,480,0,0.0,2023-24,0.0
1628464,Daniel Theis,32.0,LAC,293,71,0.366,2023-24,0.24232081911262798
201568,Danilo Gallinari,35.0,MIL,190,93,0.323,2023-24,0.48947368421052634
201980,Danny Green,37.0,PHI,2,1,0.0,2023-24,0.5
203957,Dante Exum,28.0,DAL,302,108,0.491,2023-24,0.3576158940397351
1627863,Danuel House Jr.,31.0,PHI,105,50,0.3,2023-24,0.47619047619047616
203967,Dario Saric,30.0,GSW,388,197,0.376,2023-24,0.5077319587628866
1641727,Dariq Whitehead,19.0,BKN,5,3,0.0,2023-24,0.6
1629647,Darius Bazley,24.0,UTA,30,8,0.25,2023-24,0.26666666666666666
1629636,Darius Garland,24.0,CLE,841,356,0.371,2023-24,0.4233055885850178
1630561,David Duke Jr.,24.0,SAS,18,6,0.5,2023-24,0.3333333333333333
1631223,David Roddy,23.0,PHX,409,164,0.293,2023-24,0.40097799511002447
1630558,Davion Mitchell,25.0,SAC,323,158,0.361,2023-24,0.4891640866873065
202722,Davis Bertans,31.0,CHA,234,200,0.38,2023-24,0.8547008547008547
1630549,Day'Ron Sharpe,22.0,BKN,294,15,0.267,2023-24,0.05102040816326531
1628368,De'Aaron Fox,26.0,SAC,1549,580,0.369,2023-24,0.37443511943189156
1629631,De'Andre Hunter,26.0,ATL,663,304,0.385,2023-24,0.45852187028657615
1629001,De'Anthony Melton,26.0,PHI,360,214,0.36,2023-24,0.5944444444444444
201599,DeAndre Jordan,35.0,DEN,93,0,0.0,2023-24,0.0
1630610,DeJon Jarreau,26.0,MEM,50,13,0.308,2023-24,0.26
201942,DeMar DeRozan,34.0,CHI,1355,225,0.333,2023-24,0.16605166051660517
1629731,Dean Wade,27.0,CLE,232,202,0.391,2023-24,0.8706896551724138
1629028,Deandre Ayton,25.0,POR,749,10,0.1,2023-24,0.01335113484646195
1627749,Dejounte Murray,27.0,ATL,1463,554,0.363,2023-24,0.37867395762132605
1626153,Delon Wright,32.0,MIA,188,68,0.368,2023-24,0.3617021276595745
1630166,Deni Avdija,23.0,WAS,803,235,0.374,2023-24,0.29265255292652553
203471,Dennis Schröder,30.0,BKN,927,368,0.375,2023-24,0.3969795037756203
1628372,Dennis Smith Jr.,26.0,BKN,338,109,0.294,2023-24,0.3224852071005917
1641726,Dereck Lively II,20.0,DAL,296,2,0.0,2023-24,0.006756756756756757
1631220,Dereon Seabron,24.0,NOP,13,2,0.5,2023-24,0.15384615384615385
1627884,Derrick Jones Jr.,27.0,DAL,495,239,0.343,2023-24,0.48282828282828283
201565,Derrick Rose,35.0,MEM,165,41,0.366,2023-24,0.24848484848484848
1628401,Derrick White,29.0,BOS,839,495,0.396,2023-24,0.5899880810488677
1630217,Desmond Bane,26.0,MEM,776,360,0.381,2023-24,0.4639175257731959
1626164,Devin Booker,27.0,PHX,1305,418,0.364,2023-24,0.3203065134099617
1630170,Devin Vassell,23.0,SAS,1056,446,0.372,2023-24,0.42234848484848486
1628984,Devonte' Graham,29.0,SAS,108,83,0.301,2023-24,0.7685185185185185
1641926,Dexter Dennis,25.0,DAL,19,8,0.125,2023-24,0.42105263157894735
1628415,Dillon Brooks,28.0,HOU,768,370,0.359,2023-24,0.4817708333333333
1631376,Dmytro Skapintsev,26.0,NYK,1,0,0.0,2023-24,0.0
1627734,Domantas Sabonis,28.0,SAC,1068,87,0.379,2023-24,0.08146067415730338
1631230,Dominick Barlow,21.0,SAS,113,9,0.333,2023-24,0.07964601769911504
1628378,Donovan Mitchell,27.0,CLE,1089,494,0.368,2023-24,0.45362718089990817
1628978,Donte DiVincenzo,27.0,NYK,1004,705,0.401,2023-24,0.702191235059761
1627827,Dorian Finney-Smith,31.0,BKN,511,336,0.348,2023-24,0.6575342465753424
203926,Doug McDermott,32.0,IND,284,229,0.41,2023-24,0.8063380281690141
203110,Draymond Green,34.0,GSW,372,129,0.395,2023-24,0.3467741935483871
1629234,Drew Eubanks,27.0,PHX,253,3,1.0,2023-24,0.011857707509881422
1641809,Drew Peterson,24.0,BOS,6,5,0.6,2023-24,0.8333333333333334
1630696,Dru Smith,26.0,MIA,33,17,0.412,2023-24,0.5151515151515151
1629130,Duncan Robinson,30.0,MIA,675,473,0.395,2023-24,0.7007407407407408
1641871,Duop Reath,28.0,POR,499,245,0.359,2023-24,0.4909819639278557
203939,Dwight Powell,32.0,DAL,106,3,0.333,2023-24,0.02830188679245283
1629685,Dylan Windler,27.0,ATL,30,27,0.481,2023-24,0.9
1630700,Dyson Daniels,21.0,NOP,311,135,0.311,2023-24,0.4340836012861736
1630604,E.J. Liddell,23.0,NOP,6,5,0.0,2023-24,0.8333333333333334
1641734,Emoni Bates,20.0,CLE,49,33,0.303,2023-24,0.673469387755102
201569,Eric Gordon,35.0,PHX,618,397,0.378,2023-24,0.6423948220064725
1630647,Eugene Omoruyi,27.0,WAS,167,46,0.283,2023-24,0.2754491017964072
203095,Evan Fournier,31.0,DET,221,130,0.254,2023-24,0.5882352941176471
1630596,Evan Mobley,23.0,CLE,552,59,0.373,2023-24,0.1068840579710145
1630196,Filip Petrusev,24.0,PHI,2,0,0.0,2023-24,0.0
1628373,Frank Ntilikina,25.0,CHA,9,8,0.125,2023-24,0.8888888888888888
1630532,Franz Wagner,22.0,ORL,1096,334,0.281,2023-24,0.30474452554744524
1627832,Fred VanVleet,30.0,HOU,1018,586,0.387,2023-24,0.5756385068762279
1627788,Furkan Korkmaz,26.0,PHI,76,40,0.35,2023-24,0.5263157894736842
1641713,GG Jackson,19.0,MEM,563,286,0.357,2023-24,0.5079928952042628
1629216,Gabe Vincent,28.0,LAL,49,28,0.107,2023-24,0.5714285714285714
202066,Garrett Temple,38.0,TOR,78,40,0.3,2023-24,0.5128205128205128
1629726,Garrison Mathews,27.0,ATL,226,193,0.44,2023-24,0.8539823008849557
203914,Gary Harris,29.0,ORL,297,205,0.371,2023-24,0.6902356902356902
1627780,Gary Payton II,31.0,GSW,183,55,0.364,2023-24,0.3005464480874317
1629018,Gary Trent Jr.,25.0,TOR,847,453,0.393,2023-24,0.5348288075560803
1627777,Georges Niang,31.0,CLE,632,396,0.376,2023-24,0.6265822784810127
203507,Giannis Antetokounmpo,29.0,MIL,1369,124,0.274,2023-24,0.09057706355003653
1629048,Goga Bitadze,24.0,ORL,209,14,0.143,2023-24,0.06698564593301436
202330,Gordon Hayward,34.0,OKC,403,90,0.411,2023-24,0.22332506203473945
1641711,Gradey Dick,20.0,TOR,445,241,0.365,2023-24,0.5415730337078651
1629684,Grant Williams,25.0,CHA,605,336,0.375,2023-24,0.5553719008264463
1628960,Grayson Allen,28.0,PHX,682,445,0.461,2023-24,0.6524926686217009
1630535,Greg Brown III,22.0,DAL,11,3,0.333,2023-24,0.2727272727272727
1630611,Gui Santos,22.0,GSW,55,27,0.37,2023-24,0.4909090909090909
1628977,Hamidou Diallo,25.0,WAS,2,0,0.0,2023-24,0.0
203084,Harrison Barnes,32.0,SAC,732,385,0.387,2023-24,0.5259562841530054
1628385,Harry Giles III,26.0,LAL,50,14,0.214,2023-24,0.28
1629312,Haywood Highsmith,27.0,MIA,329,192,0.396,2023-24,0.5835866261398176
1630929,Henri Drell,24.0,CHI,10,6,0.333,2023-24,0.6
1630529,Herbert Jones,25.0,NOP,588,273,0.418,2023-24,0.4642857142857143
1641816,Hunter Tyson,24.0,DEN,20,14,0.286,2023-24,0.7
1630641,Ibou Badji,21.0,POR,22,0,0.0,2023-24,0.0
1630193,Immanuel Quickley,25.0,TOR,894,433,0.395,2023-24,0.4843400447427293
1630171,Isaac Okoro,23.0,CLE,480,215,0.391,2023-24,0.4479166666666667
1628392,Isaiah Hartenstein,26.0,NYK,365,3,0.333,2023-24,0.00821917808219178
1630543,Isaiah Jackson,22.0,IND,233,4,0.0,2023-24,0.017167381974248927
1630198,Isaiah Joe,24.0,OKC,485,353,0.416,2023-24,0.7278350515463917
1630587,Isaiah Livers,25.0,DET,116,77,0.286,2023-24,0.6637931034482759
1630600,Isaiah Mobley,24.0,CLE,24,10,0.3,2023-24,0.4166666666666667
1630191,Isaiah Stewart,23.0,DET,382,175,0.383,2023-24,0.4581151832460733
202738,Isaiah Thomas,35.0,PHX,10,4,0.5,2023-24,0.4
1631209,Isaiah Wong,23.0,IND,3,1,0.0,2023-24,0.3333333333333333
202397,Ish Smith,35.0,CHA,158,8,0.5,2023-24,0.05063291139240506
1630688,Ish Wainright,29.0,PHX,24,20,0.35,2023-24,0.8333333333333334
1627826,Ivica Zubac,27.0,LAC,519,0,0.0,2023-24,0.0
1631167,Izaiah Brockington,24.0,NOP,5,1,0.0,2023-24,0.2
1631120,JD Davison,21.0,BOS,12,7,0.429,2023-24,0.5833333333333334
1630550,JT Thor,21.0,CHA,183,81,0.346,2023-24,0.4426229508196721
1629630,Ja Morant,24.0,MEM,170,51,0.275,2023-24,0.3
201580,JaVale McGee,36.0,SAC,132,7,0.143,2023-24,0.05303030303030303
1631095,Jabari Smith Jr.,21.0,HOU,833,380,0.363,2023-24,0.4561824729891957
1631133,Jabari Walker,21.0,POR,509,139,0.295,2023-24,0.2730844793713163
1631298,Jack White,26.0,OKC,16,10,0.2,2023-24,0.625
1631367,Jacob Gilyard,25.0,BKN,150,126,0.405,2023-24,0.84
1631210,Jacob Toppin,24.0,NYK,9,4,0.25,2023-24,0.4444444444444444
1630702,Jaden Hardy,21.0,DAL,479,224,0.362,2023-24,0.46764091858037576
1631093,Jaden Ivey,22.0,DET,973,369,0.336,2023-24,0.37923946557040084
1630183,Jaden McDaniels,23.0,MIN,628,255,0.337,2023-24,0.40605095541401276
1630531,Jaden Springer,21.0,BOS,148,48,0.208,2023-24,0.32432432432432434
203109,Jae Crowder,33.0,MIL,270,166,0.349,2023-24,0.6148148148148148
1630256,Jae'Sean Tate,28.0,HOU,229,77,0.299,2023-24,0.33624454148471616
1630186,Jahmi'us Ramsey,23.0,TOR,41,22,0.273,2023-24,0.5365853658536586
1631170,Jaime Jaquez Jr.,23.0,MIA,697,202,0.322,2023-24,0.2898134863701578
1631222,Jake LaRavia,22.0,MEM,303,156,0.34,2023-24,0.5148514851485149
1627751,Jakob Poeltl,28.0,TOR,378,0,0.0,2023-24,0.0
1628973,Jalen Brunson,27.0,NYK,1648,526,0.401,2023-24,0.3191747572815534
1630622,Jalen Crutcher,24.0,NOP,1,0,0.0,2023-24,0.0
1631105,Jalen Duren,20.0,DET,564,4,0.0,2023-24,0.0070921985815602835
1630224,Jalen Green,22.0,HOU,1332,605,0.332,2023-24,0.4542042042042042
1641720,Jalen Hood-Schifino,21.0,LAL,45,15,0.133,2023-24,0.3333333333333333
1630552,Jalen Johnson,22.0,ATL,702,200,0.355,2023-24,0.2849002849002849
1629667,Jalen McDaniels,26.0,TOR,189,71,0.169,2023-24,0.37566137566137564
1629618,Jalen Pickett,24.0,DEN,35,25,0.36,2023-24,0.7142857142857143
1641771,Jalen Slawson,24.0,SAC,6,2,0.0,2023-24,0.3333333333333333
1630188,Jalen Smith,24.0,IND,395,144,0.424,2023-24,0.36455696202531646
1630591,Jalen Suggs,23.0,ORL,714,385,0.397,2023-24,0.5392156862745098
1631114,Jalen Williams,23.0,OKC,993,241,0.427,2023-24,0.24269889224572003
1630592,Jalen Wilson,23.0,BKN,179,74,0.324,2023-24,0.4134078212290503
1631288,Jamal Cain,25.0,MIA,79,31,0.355,2023-24,0.3924050632911392
1627750,Jamal Murray,27.0,DEN,986,341,0.425,2023-24,0.345841784989858
1631123,Jamaree Bouyea,25.0,SAS,28,9,0.111,2023-24,0.32142857142857145
1630547,James Bouknight,23.0,CHA,41,30,0.433,2023-24,0.7317073170731707
201935,James Harden,34.0,LAC,822,488,0.381,2023-24,0.5936739659367397
201949,James Johnson,37.0,IND,10,2,0.0,2023-24,0.2
1630164,James Wiseman,23.0,DET,305,2,0.0,2023-24,0.006557377049180328
1641716,Jarace Walker,20.0,IND,110,55,0.4,2023-24,0.5
1630215,Jared Butler,23.0,WAS,201,78,0.308,2023-24,0.3880597014925373
1631197,Jared Rhoden,24.0,DET,66,31,0.387,2023-24,0.4696969696969697
1628991,Jaren Jackson Jr.,24.0,MEM,1161,366,0.32,2023-24,0.3152454780361757
1629020,Jarred Vanderbilt,25.0,LAL,114,27,0.296,2023-24,0.23684210526315788
1628386,Jarrett Allen,26.0,CLE,819,6,0.0,2023-24,0.007326007326007326
1630554,Jason Preston,24.0,UTA,19,3,0.0,2023-24,0.15789473684210525
1631241,Javon Freeman-Liberty,24.0,TOR,124,42,0.238,2023-24,0.3387096774193548
1629750,Javonte Green,30.0,CHI,75,27,0.37,2023-24,0.36
1629637,Jaxson Hayes,24.0,LAL,175,8,0.0,2023-24,0.045714285714285714
1630643,Jay Huff,26.0,DEN,15,9,0.333,2023-24,0.6
1627759,Jaylen Brown,27.0,BOS,1256,410,0.354,2023-24,0.32643312101910826
1629669,Jaylen Nowell,24.0,SAC,78,29,0.207,2023-24,0.3717948717948718
1631119,Jaylin Williams,22.0,OKC,228,144,0.368,2023-24,0.631578947368421
1628369,Jayson Tatum,26.0,BOS,1426,609,0.376,2023-24,0.4270687237026648
1630288,Jeff Dowtin Jr.,27.0,PHI,36,19,0.474,2023-24,0.5277777777777778
201145,Jeff Green,37.0,HOU,366,160,0.331,2023-24,0.4371584699453552
203924,Jerami Grant,30.0,POR,850,276,0.402,2023-24,0.3247058823529412
1630526,Jeremiah Robinson-Earl,23.0,NOP,95,39,0.333,2023-24,0.4105263157894737
1631110,Jeremy Sochan,21.0,SAS,776,227,0.308,2023-24,0.2925257731958763
1630579,Jericho Sims,25.0,NYK,55,0,0.0,2023-24,0.0
1631257,Jermaine Samuels Jr.,25.0,HOU,14,2,0.0,2023-24,0.14285714285714285
1629010,Jerome Robinson,27.0,GSW,33,17,0.118,2023-24,0.5151515151515151
1641724,Jett Howard,20.0,ORL,30,25,0.28,2023-24,0.8333333333333334
1628975,Jevon Carter,28.0,CHI,365,234,0.329,2023-24,0.6410958904109589
202710,Jimmy Butler III,34.0,MIA,793,145,0.414,2023-24,0.1828499369482976
1629111,Jock Landale,28.0,HOU,206,40,0.25,2023-24,0.1941747572815534
203925,Joe Harris,32.0,DET,39,30,0.333,2023-24,0.7692307692307693
204060,Joe Ingles,36.0,ORL,227,161,0.435,2023-24,0.7092511013215859
203954,Joel Embiid,30.0,PHI,851,139,0.388,2023-24,0.16333725029377202
1628381,John Collins,26.0,UTA,746,232,0.371,2023-24,0.3109919571045576
1629723,John Konchar,28.0,MEM,208,120,0.317,2023-24,0.5769230769230769
1631098,Johnny Davis,22.0,WAS,154,40,0.35,2023-24,0.2597402597402597
1630548,Johnny Juzang,23.0,UTA,110,77,0.416,2023-24,0.7
202685,Jonas Valančiūnas,32.0,NOP,719,120,0.308,2023-24,0.16689847009735745
1628371,Jonathan Isaac,26.0,ORL,286,112,0.375,2023-24,0.3916083916083916
1630228,Jonathan Kuminga,21.0,GSW,862,165,0.321,2023-24,0.191415313225058
1629007,Jontay Porter,24.0,DET,104,60,0.333,2023-24,0.5769230769230769
203903,Jordan Clarkson,32.0,UTA,816,309,0.294,2023-24,0.3786764705882353
1630259,Jordan Ford,26.0,SAC,7,3,0.667,2023-24,0.42857142857142855
1630692,Jordan Goodwin,25.0,MEM,382,141,0.298,2023-24,0.36910994764397903
1641722,Jordan Hawkins,22.0,NOP,456,298,0.366,2023-24,0.6535087719298246
1629162,Jordan McLaughlin,28.0,MIN,145,89,0.472,2023-24,0.6137931034482759
1641757,Jordan Miller,24.0,LAC,9,2,0.5,2023-24,0.2222222222222222
1629670,Jordan Nwora,25.0,TOR,299,131,0.336,2023-24,0.43812709030100333
1629673,Jordan Poole,25.0,WAS,1186,564,0.326,2023-24,0.47554806070826305
1641775,Jordan Walsh,20.0,BOS,15,9,0.222,2023-24,0.6
1630631,Jose Alvarado,26.0,NOP,345,207,0.377,2023-24,0.6
1630581,Josh Giddey,21.0,OKC,847,243,0.337,2023-24,0.28689492325855964
1630182,Josh Green,23.0,DAL,374,187,0.385,2023-24,0.5
1628404,Josh Hart,29.0,NYK,679,258,0.31,2023-24,0.3799705449189985
1631169,Josh Minott,21.0,MIN,36,10,0.4,2023-24,0.2777777777777778
1629006,Josh Okogie,25.0,PHX,206,94,0.309,2023-24,0.4563106796116505
1626196,Josh Richardson,30.0,MIA,347,190,0.347,2023-24,0.547550432276657
1630563,Joshua Primo,21.0,LAC,3,1,0.0,2023-24,0.3333333333333333
201950,Jrue Holiday,34.0,BOS,689,322,0.429,2023-24,0.46734397677793904
1629308,Juan Toscano-Anderson,31.0,SAC,12,4,0.25,2023-24,0.3333333333333333
1631262,Jules Bernard,24.0,WAS,64,29,0.379,2023-24,0.453125
1630577,Julian Champagnie,23.0,SAS,402,277,0.365,2023-24,0.6890547263681592
1641763,Julian Phillips,20.0,CHI,77,38,0.316,2023-24,0.4935064935064935
1631124,Julian Strawther,22.0,DEN,222,138,0.297,2023-24,0.6216216216216216
203944,Julius Randle,29.0,NYK,836,244,0.311,2023-24,0.291866028708134
1630551,Justin Champagnie,23.0,WAS,78,45,0.289,2023-24,0.5769230769230769
203200,Justin Holiday,35.0,DEN,194,136,0.404,2023-24,0.7010309278350515
1631303,Justin Minaya,25.0,POR,74,49,0.245,2023-24,0.6621621621621622
203994,Jusuf Nurkić,29.0,PHX,627,90,0.244,2023-24,0.14354066985645933
1630231,KJ Martin,23.0,PHI,181,28,0.286,2023-24,0.15469613259668508
1629232,Kaiser Gates,27.0,NOP,4,2,0.0,2023-24,0.5
1626157,Karl-Anthony Towns,28.0,MIN,951,327,0.416,2023-24,0.3438485804416404
202695,Kawhi Leonard,33.0,LAC,1162,336,0.417,2023-24,0.2891566265060241
1631099,Keegan Murray,23.0,SAC,975,511,0.358,2023-24,0.5241025641025641
1628966,Keita Bates-Diop,28.0,BKN,166,69,0.304,2023-24,0.41566265060240964
1629640,Keldon Johnson,24.0,SAS,862,367,0.346,2023-24,0.425754060324826
203482,Kelly Olynyk,33.0,TOR,497,155,0.387,2023-24,0.3118712273641851
1626162,Kelly Oubre Jr.,28.0,PHI,878,325,0.311,2023-24,0.3701594533029613
1631112,Kendall Brown,21.0,IND,15,2,0.0,2023-24,0.13333333333333333
1631254,Kenneth Lofton Jr.,21.0,UTA,78,24,0.292,2023-24,0.3076923076923077
1629026,Kenrich Williams,29.0,OKC,280,141,0.397,2023-24,0.5035714285714286
203484,Kentavious Caldwell-Pope,31.0,DEN,587,308,0.406,2023-24,0.524701873935264
1631165,Keon Ellis,24.0,SAC,232,168,0.417,2023-24,0.7241379310344828
1630553,Keon Johnson,22.0,BKN,21,10,0.4,2023-24,0.47619047619047616
1630556,Kessler Edwards,23.0,SAC,82,52,0.385,2023-24,0.6341463414634146
201142,Kevin Durant,35.0,PHX,1436,407,0.413,2023-24,0.28342618384401114
1628989,Kevin Huerter,25.0,SAC,560,341,0.361,2023-24,0.6089285714285714
1628995,Kevin Knox II,24.0,POR,186,94,0.33,2023-24,0.5053763440860215
201567,Kevin Love,35.0,MIA,359,244,0.344,2023-24,0.6796657381615598
1630284,Kevon Harris,27.0,ORL,3,0,0.0,2023-24,0.0
1626172,Kevon Looney,28.0,GSW,233,1,0.0,2023-24,0.004291845493562232
1641749,Keyontae Johnson,24.0,OKC,16,3,0.333,2023-24,0.1875
1641718,Keyonte George,20.0,UTA,815,440,0.334,2023-24,0.5398773006134969
203114,Khris Middleton,32.0,MIL,643,247,0.381,2023-24,0.38413685847589424
1630165,Killian Hayes,22.0,DET,283,74,0.297,2023-24,0.26148409893992935
1630184,Kira Lewis Jr.,23.0,UTA,92,33,0.121,2023-24,0.358695652173913
202691,Klay Thompson,34.0,GSW,1133,692,0.387,2023-24,0.6107678729037952
1641738,Kobe Brown,24.0,LAC,90,48,0.292,2023-24,0.5333333333333333
1641723,Kobe Bufkin,20.0,ATL,92,40,0.225,2023-24,0.43478260869565216
1628424,Kobi Simmons,26.0,TOR,21,8,0.25,2023-24,0.38095238095238093
1627739,Kris Dunn,30.0,UTA,313,111,0.369,2023-24,0.3546325878594249
1631200,Kris Murray,23.0,POR,366,183,0.268,2023-24,0.5
204001,Kristaps Porziņģis,28.0,BOS,752,293,0.375,2023-24,0.3896276595744681
203937,Kyle Anderson,30.0,MIN,433,48,0.229,2023-24,0.11085450346420324
1628398,Kyle Kuzma,28.0,WAS,1313,450,0.336,2023-24,0.3427265803503427
200768,Kyle Lowry,38.0,PHI,377,250,0.392,2023-24,0.6631299734748011
202681,Kyrie Irving,32.0,DAL,1131,421,0.411,2023-24,0.372236958443855
1630163,LaMelo Ball,22.0,CHA,423,197,0.355,2023-24,0.4657210401891253
1630205,Lamar Stevens,26.0,MEM,240,46,0.304,2023-24,0.19166666666666668
1629013,Landry Shamet,27.0,WAS,274,157,0.338,2023-24,0.572992700729927
1626204,Larry Nance Jr.,31.0,NOP,241,65,0.415,2023-24,0.2697095435684647
1628374,Lauri Markkanen,27.0,UTA,890,439,0.399,2023-24,0.49325842696629213
2544,LeBron James,39.0,LAL,1269,363,0.41,2023-24,0.2860520094562648
1641778,Leaky Black,25.0,CHA,52,20,0.45,2023-24,0.38461538461538464
1631159,Leonard Miller,20.0,MIN,20,5,0.4,2023-24,0.25
1631311,Lester Quinones,23.0,GSW,141,88,0.364,2023-24,0.624113475177305
1629623,Lindell Wigginton,26.0,MIL,5,2,0.0,2023-24,0.4
1630322,Lindy Waters III,26.0,OKC,104,85,0.435,2023-24,0.8173076923076923
1629022,Lonnie Walker IV,25.0,BKN,492,271,0.384,2023-24,0.5508130081300813
1629652,Luguentz Dort,25.0,OKC,657,396,0.394,2023-24,0.6027397260273972
1629029,Luka Dončić,25.0,DAL,1652,744,0.382,2023-24,0.45036319612590797
1630568,Luka Garza,25.0,MIN,75,32,0.281,2023-24,0.4266666666666667
1629677,Luka Samanic,24.0,UTA,158,64,0.203,2023-24,0.4050632911392405
1628379,Luke Kennard,28.0,MEM,315,238,0.45,2023-24,0.7555555555555555
1628436,Luke Kornet,28.0,BOS,203,1,1.0,2023-24,0.0049261083743842365
1630201,Malachi Flynn,26.0,DET,325,169,0.331,2023-24,0.52
1631103,Malaki Branham,21.0,SAS,628,268,0.347,2023-24,0.4267515923566879
1627763,Malcolm Brogdon,31.0,POR,496,199,0.412,2023-24,0.4012096774193548
1627736,Malik Beasley,27.0,MIL,722,542,0.413,2023-24,0.7506925207756233
1628370,Malik Monk,26.0,SAC,893,423,0.35,2023-24,0.47368421052631576
1642013,Malik Williams,25.0,TOR,34,5,0.2,2023-24,0.14705882352941177
1629603,Mamadi Diakite,27.0,NYK,6,1,0.0,2023-24,0.16666666666666666
1641970,Maozinha Pereira,23.0,MEM,35,13,0.385,2023-24,0.37142857142857144
1630699,MarJon Beauchamp,23.0,MIL,166,75,0.4,2023-24,0.45180722891566266
202694,Marcus Morris Sr.,34.0,CLE,264,119,0.403,2023-24,0.45075757575757575
1631204,Marcus Sasser,23.0,DET,512,240,0.375,2023-24,0.46875
203935,Marcus Smart,30.0,MEM,237,134,0.313,2023-24,0.5654008438818565
1631109,Mark Williams,22.0,CHA,151,0,0.0,2023-24,0.0
1628365,Markelle Fultz,26.0,ORL,326,18,0.222,2023-24,0.05521472392638037
202693,Markieff Morris,34.0,DAL,68,42,0.357,2023-24,0.6176470588235294
1641806,Markquis Nowell,24.0,TOR,1,0,0.0,2023-24,0.0
1629716,Marques Bolden,26.0,CHA,25,1,0.0,2023-24,0.04
1628963,Marvin Bagley III,25.0,WAS,408,23,0.391,2023-24,0.056372549019607844
1630222,Mason Jones,25.0,SAC,8,7,0.286,2023-24,0.875
203486,Mason Plumlee,34.0,LAC,153,6,0.0,2023-24,0.0392156862745098
1629680,Matisse Thybulle,27.0,POR,317,231,0.346,2023-24,0.7287066246056783
1630562,Matt Hurt,24.0,MEM,34,20,0.25,2023-24,0.5882352941176471
1630346,Matt Ryan,27.0,NOP,113,91,0.451,2023-24,0.8053097345132744
1631108,Max Christie,21.0,LAL,241,118,0.356,2023-24,0.4896265560165975
1629622,Max Strus,28.0,CLE,728,479,0.351,2023-24,0.657967032967033
1628467,Maxi Kleber,32.0,DAL,146,92,0.348,2023-24,0.6301369863013698
1641721,Maxwell Lewis,21.0,LAL,21,9,0.111,2023-24,0.42857142857142855
1630695,Micah Potter,26.0,UTA,40,21,0.429,2023-24,0.525
1629008,Michael Porter Jr.,26.0,DEN,1079,554,0.397,2023-24,0.5134383688600556
1628969,Mikal Bridges,27.0,BKN,1294,592,0.372,2023-24,0.4574961360123648
201144,Mike Conley,36.0,MIN,644,405,0.442,2023-24,0.6288819875776398
203488,Mike Muscala,33.0,OKC,156,96,0.292,2023-24,0.6153846153846154
1628970,Miles Bridges,26.0,CHA,1210,450,0.349,2023-24,0.371900826446281
1630540,Miles McBride,23.0,NYK,454,266,0.41,2023-24,0.5859030837004405
1629011,Mitchell Robinson,26.0,NYK,127,0,0.0,2023-24,0.0
1628964,Mo Bamba,26.0,PHI,198,64,0.391,2023-24,0.32323232323232326
1628420,Monte Morris,29.0,MIN,153,70,0.386,2023-24,0.45751633986928103
1629021,Moritz Wagner,27.0,ORL,552,115,0.33,2023-24,0.20833333333333334
1629650,Moses Brown,24.0,POR,65,0,0.0,2023-24,0.0
1630541,Moses Moody,22.0,GSW,420,200,0.36,2023-24,0.47619047619047616
1631338,Mouhamadou Gueye,25.0,TOR,38,3,0.0,2023-24,0.07894736842105263
1631243,Mouhamed Gueye,21.0,ATL,23,9,0.333,2023-24,0.391304347826087
1631217,Moussa Diabaté,22.0,LAC,19,0,0.0,2023-24,0.0
1626167,Myles Turner,28.0,IND,909,324,0.358,2023-24,0.3564356435643564
1630230,Naji Marshall,26.0,NOP,367,150,0.387,2023-24,0.4087193460490463
1629642,Nassir Little,24.0,PHX,124,70,0.3,2023-24,0.5645161290322581
1630207,Nate Hinton,25.0,HOU,26,14,0.5,2023-24,0.5384615384615384
1631466,Nate Williams,25.0,HOU,50,5,0.4,2023-24,0.1
1641877,Nathan Mensah,26.0,CHA,28,0,0.0,2023-24,0.0
1629675,Naz Reid,24.0,MIN,851,408,0.414,2023-24,0.4794359576968273
1629674,Neemias Queta,24.0,BOS,104,0,0.0,2023-24,0.0
1629651,Nic Claxton,25.0,BKN,582,5,0.2,2023-24,0.00859106529209622
1630208,Nick Richards,26.0,CHA,376,1,0.0,2023-24,0.0026595744680851063
1641733,Nick Smith Jr.,20.0,CHA,289,146,0.432,2023-24,0.5051903114186851
1629638,Nickeil Alexander-Walker,25.0,MIN,538,335,0.391,2023-24,0.6226765799256505
201587,Nicolas Batum,35.0,PHI,256,185,0.395,2023-24,0.72265625
203999,Nikola Jokić,29.0,DEN,1411,231,0.359,2023-24,0.16371367824238128
1631107,Nikola Jović,21.0,MIA,281,163,0.399,2023-24,0.5800711743772242
202696,Nikola Vučević,33.0,CHI,1211,313,0.294,2023-24,0.2584640792733278
1641730,Noah Clowney,19.0,BKN,93,33,0.364,2023-24,0.3548387096774194
1626181,Norman Powell,31.0,LAC,768,384,0.435,2023-24,0.5
1628384,OG Anunoby,26.0,NYK,577,267,0.382,2023-24,0.462738301559792
1630167,Obi Toppin,26.0,IND,579,253,0.403,2023-24,0.4369602763385147
1630534,Ochai Agbaji,24.0,TOR,433,211,0.294,2023-24,0.48729792147806006
1630846,Olivier Sarr,25.0,OKC,19,6,0.333,2023-24,0.3157894736842105
1641765,Olivier-Maxence Prosper,21.0,DAL,104,45,0.289,2023-24,0.4326923076923077
1630209,Omer Yurtseven,26.0,UTA,184,24,0.208,2023-24,0.13043478260869565
1641931,Onuralp Bitim,25.0,CHI,84,44,0.273,2023-24,0.5238095238095238
1630168,Onyeka Okongwu,23.0,ATL,365,69,0.333,2023-24,0.18904109589041096
1631115,Orlando Robinson,23.0,MIA,72,15,0.533,2023-24,0.20833333333333334
1631131,Oscar Tshiebwe,24.0,IND,20,0,0.0,2023-24,0.0
1629052,Oshae Brissett,26.0,BOS,153,55,0.273,2023-24,0.35947712418300654
203490,Otto Porter Jr.,31.0,TOR,33,23,0.348,2023-24,0.696969696969697
1631172,Ousmane Dieng,21.0,OKC,116,70,0.3,2023-24,0.603448275862069
200782,P.J. Tucker,39.0,LAC,50,35,0.371,2023-24,0.7
1629023,P.J. Washington,25.0,DAL,811,413,0.32,2023-24,0.5092478421701603
1631094,Paolo Banchero,21.0,ORL,1407,351,0.339,2023-24,0.24946695095948826
1627783,Pascal Siakam,30.0,IND,1271,246,0.346,2023-24,0.1935483870967742
1626192,Pat Connaughton,31.0,MIL,347,238,0.345,2023-24,0.6858789625360231
1630311,Pat Spencer,27.0,GSW,4,2,0.0,2023-24,0.5
1631116,Patrick Baldwin Jr.,21.0,WAS,155,97,0.32,2023-24,0.6258064516129033
201976,Patrick Beverley,35.0,MIL,379,181,0.337,2023-24,0.47757255936675463
1630172,Patrick Williams,22.0,CHI,359,148,0.399,2023-24,0.41225626740947074
201988,Patty Mills,35.0,MIA,131,87,0.276,2023-24,0.6641221374045801
202331,Paul George,34.0,LAC,1236,588,0.413,2023-24,0.47572815533980584
1630194,Paul Reed,25.0,PHI,480,57,0.368,2023-24,0.11875
1630202,Payton Pritchard,26.0,BOS,635,382,0.385,2023-24,0.6015748031496063
1631250,Pete Nance,24.0,CLE,6,1,1.0,2023-24,0.16666666666666666
1631212,Peyton Watson,21.0,DEN,447,152,0.296,2023-24,0.3400447427293065
1630173,Precious Achiuwa,24.0,NYK,469,97,0.268,2023-24,0.2068230277185501
1629656,Quentin Grimes,24.0,DET,328,240,0.338,2023-24,0.7317073170731707
1631245,Quenton Jackson,25.0,IND,1,0,0.0,2023-24,0.0
1630181,R.J. Hampton,23.0,MIA,14,8,0.125,2023-24,0.5714285714285714
1629628,RJ Barrett,24.0,TOR,880,250,0.36,2023-24,0.2840909090909091
1630564,RaiQuan Gray,24.0,SAS,17,7,0.429,2023-24,0.4117647058823529
1641712,Rayan Rupert,20.0,POR,161,78,0.359,2023-24,0.484472049689441
203493,Reggie Bullock Jr.,33.0,HOU,82,67,0.403,2023-24,0.8170731707317073
202704,Reggie Jackson,34.0,DEN,756,284,0.359,2023-24,0.37566137566137564
1626158,Richaun Holmes,30.0,WAS,147,3,0.333,2023-24,0.02040816326530612
1641741,Ricky Council IV,22.0,PHI,112,32,0.375,2023-24,0.2857142857142857
203496,Robert Covington,33.0,PHI,98,56,0.339,2023-24,0.5714285714285714
1629057,Robert Williams III,26.0,POR,26,0,0.0,2023-24,0.0
201577,Robin Lopez,36.0,MIL,19,8,0.25,2023-24,0.42105263157894735
1626220,Royce O'Neale,31.0,PHX,539,422,0.37,2023-24,0.7829313543599258
203497,Rudy Gobert,32.0,MIN,614,3,0.0,2023-24,0.004885993485342019
1629060,Rui Hachimura,26.0,LAL,676,232,0.422,2023-24,0.3431952662721893
201566,Russell Westbrook,35.0,LAC,663,154,0.273,2023-24,0.23227752639517346
1627853,Ryan Arcidiacono,30.0,NYK,6,6,0.0,2023-24,1.0
1631157,Ryan Rollins,21.0,MIL,27,4,0.75,2023-24,0.14814814814814814
1630240,Saben Lee,25.0,PHX,55,16,0.125,2023-24,0.2909090909090909
1630180,Saddiq Bey,25.0,ATL,697,358,0.316,2023-24,0.5136298421807748
1630573,Sam Hauser,26.0,BOS,558,465,0.424,2023-24,0.8333333333333334
1630241,Sam Merrill,28.0,CLE,393,354,0.404,2023-24,0.9007633587786259
1630572,Sandro Mamukelashvili,25.0,SAS,155,64,0.297,2023-24,0.4129032258064516
1630583,Santi Aldama,23.0,MEM,568,304,0.349,2023-24,0.5352112676056338
1628426,Sasha Vezenkov,28.0,SAC,191,120,0.375,2023-24,0.6282722513089005
1630703,Scoot Henderson,20.0,POR,797,268,0.325,2023-24,0.33626097867001253
1630567,Scottie Barnes,22.0,TOR,942,296,0.341,2023-24,0.31422505307855625
1630590,Scotty Pippen Jr.,23.0,MEM,203,72,0.417,2023-24,0.35467980295566504
203552,Seth Curry,33.0,CHA,204,108,0.352,2023-24,0.5294117647058824
1641754,Seth Lundy,24.0,ATL,17,13,0.231,2023-24,0.7647058823529411
1631101,Shaedon Sharpe,21.0,POR,434,180,0.333,2023-24,0.4147465437788018
1628983,Shai Gilgeous-Alexander,25.0,OKC,1487,269,0.353,2023-24,0.1809011432414257
1629003,Shake Milton,27.0,NYK,195,64,0.281,2023-24,0.3282051282051282
1627885,Shaquille Harrison,30.0,MEM,2,0,0.0,2023-24,0.0
1631321,Sidy Cissoko,20.0,SAS,33,12,0.083,2023-24,0.36363636363636365
1631323,Simone Fontecchio,28.0,DET,548,334,0.401,2023-24,0.6094890510948905
1630219,Skylar Mays,26.0,LAL,159,54,0.296,2023-24,0.33962264150943394
203915,Spencer Dinwiddie,31.0,LAL,640,368,0.337,2023-24,0.575
1630649,Stanley Umude,25.0,DET,84,53,0.453,2023-24,0.6309523809523809
201939,Stephen Curry,36.0,GSW,1445,876,0.408,2023-24,0.6062283737024221
1629004,Svi Mykhailiuk,27.0,BOS,137,108,0.389,2023-24,0.7883211678832117
204456,T.J. McConnell,32.0,IND,593,44,0.409,2023-24,0.07419898819561552
203933,T.J. Warren,30.0,MIN,41,13,0.154,2023-24,0.3170731707317073
201959,Taj Gibson,39.0,DET,37,10,0.2,2023-24,0.2702702702702703
1629659,Talen Horton-Tucker,23.0,UTA,465,182,0.33,2023-24,0.3913978494623656
1631106,Tari Eason,23.0,HOU,189,50,0.36,2023-24,0.26455026455026454
1627752,Taurean Prince,30.0,LAL,572,356,0.396,2023-24,0.6223776223776224
1641707,Taylor Hendricks,20.0,UTA,240,140,0.379,2023-24,0.5833333333333334
1631386,Taze Moore,26.0,POR,19,7,0.143,2023-24,0.3684210526315789
1629611,Terance Mann,27.0,LAC,493,204,0.348,2023-24,0.41379310344827586
1631173,Terquavion Smith,21.0,PHI,46,35,0.371,2023-24,0.7608695652173914
1626179,Terry Rozier,30.0,MIA,998,410,0.363,2023-24,0.41082164328657317
1630678,Terry Taylor,24.0,CHI,39,9,0.222,2023-24,0.23076923076923078
201152,Thaddeus Young,36.0,PHX,108,7,0.143,2023-24,0.06481481481481481
203648,Thanasis Antetokounmpo,31.0,MIL,30,1,0.0,2023-24,0.03333333333333333
1630177,Theo Maledon,23.0,PHX,70,30,0.167,2023-24,0.42857142857142855
1628418,Thomas Bryant,26.0,MIA,149,22,0.182,2023-24,0.1476510067114094
203501,Tim Hardaway Jr.,32.0,DAL,976,597,0.353,2023-24,0.6116803278688525
1641851,Timmy Allen,24.0,MEM,23,7,0.0,2023-24,0.30434782608695654
202699,Tobias Harris,31.0,PHI,951,258,0.353,2023-24,0.27129337539432175
1628470,Torrey Craig,33.0,CHI,251,153,0.392,2023-24,0.6095617529880478
1641787,Tosan Evbuomwan,23.0,DET,71,32,0.375,2023-24,0.4507042253521127
1641739,Toumani Camara,24.0,POR,438,172,0.337,2023-24,0.3926940639269406
1629027,Trae Young,25.0,ATL,1008,469,0.373,2023-24,0.4652777777777778
1631218,Trayce Jackson-Davis,24.0,GSW,332,1,0.0,2023-24,0.0030120481927710845
1630200,Tre Jones,24.0,SAS,600,191,0.335,2023-24,0.31833333333333336
1630544,Tre Mann,23.0,CHA,316,126,0.373,2023-24,0.3987341772151899
1630570,Trendon Watford,23.0,BKN,311,68,0.397,2023-24,0.21864951768488747
1630235,Trent Forrest,26.0,ATL,90,10,0.2,2023-24,0.1111111111111111
1630243,Trevelin Queen,27.0,ORL,38,17,0.176,2023-24,0.4473684210526316
1641998,Trey Jemison III,24.0,MEM,136,0,0.0,2023-24,0.0
1626168,Trey Lyles,28.0,SAC,321,219,0.384,2023-24,0.6822429906542056
1630530,Trey Murphy III,24.0,NOP,621,445,0.38,2023-24,0.71658615136876
202684,Tristan Thompson,33.0,CLE,119,1,0.0,2023-24,0.008403361344537815
1641774,Tristan Vukcevic,21.0,WAS,67,36,0.278,2023-24,0.5373134328358209
1628972,Troy Brown Jr.,24.0,DET,226,141,0.333,2023-24,0.6238938053097345
1629660,Ty Jerome,26.0,CLE,4,1,0.0,2023-24,0.25
1631102,TyTy Washington Jr.,22.0,MIL,20,6,0.333,2023-24,0.3
1629639,Tyler Herro,24.0,MIA,735,333,0.396,2023-24,0.4530612244897959
1630169,Tyrese Haliburton,24.0,IND,1048,535,0.364,2023-24,0.5104961832061069
1630178,Tyrese Maxey,23.0,PHI,1419,569,0.373,2023-24,0.4009866102889359
1626145,Tyus Jones,28.0,WAS,666,256,0.414,2023-24,0.3843843843843844
1628962,Udoka Azubuike,24.0,PHX,23,0,0.0,2023-24,0.0
1630586,Usman Garuba,22.0,GSW,6,1,0.0,2023-24,0.16666666666666666
203995,Vasilije Micic,30.0,CHA,370,154,0.279,2023-24,0.41621621621621624
1641705,Victor Wembanyama,20.0,SAS,1186,394,0.325,2023-24,0.33220910623946037
1631246,Vince Williams Jr.,23.0,MEM,379,209,0.378,2023-24,0.5514511873350924
1630249,Vít Krejčí,24.0,ATL,104,68,0.412,2023-24,0.6538461538461539
1631117,Walker Kessler,22.0,UTA,350,19,0.211,2023-24,0.054285714285714284
1628976,Wendell Carter Jr.,25.0,ORL,425,171,0.374,2023-24,0.4023529411764706
1631111,Wendell Moore Jr.,22.0,MIN,18,6,0.0,2023-24,0.3333333333333333
1629117,Wenyen Gabriel,27.0,BOS,22,6,0.167,2023-24,0.2727272727272727
202083,Wesley Matthews,37.0,ATL,97,69,0.348,2023-24,0.711340206185567
1629875,Xavier Moon,29.0,LAC,46,17,0.118,2023-24,0.3695652173913043
1630214,Xavier Tillman,25.0,BOS,279,81,0.247,2023-24,0.2903225806451613
1629139,Yuta Watanabe,29.0,MEM,116,85,0.294,2023-24,0.7327586206896551
1628380,Zach Collins,26.0,SAS,616,181,0.32,2023-24,0.29383116883116883
203897,Zach LaVine,29.0,CHI,376,169,0.349,2023-24,0.449468085106383
1630285,Zavier Simpson,27.0,DET,54,17,0.294,2023-24,0.3148148148148148
1630192,Zeke Nnaji,23.0,DEN,149,23,0.261,2023-24,0.15436241610738255
1630533,Ziaire Williams,22.0,MEM,378,189,0.307,2023-24,0.5
1629627,Zion Williamson,23.0,NOP,1094,18,0.333,2023-24,0.016453382084095063
1630639,A.J. Lawson,24.0,TOR,190,101,0.327,2024-25,0.531578947368421
1631260,AJ Green,25.0,MIL,424,363,0.427,2024-25,0.8561320754716981
1642358,AJ Johnson,20.0,WAS,213,90,0.267,2024-25,0.4225352112676056
203932,Aaron Gordon,29.0,DEN,497,172,0.436,2024-25,0.3460764587525151
1628988,Aaron Holiday,28.0,HOU,268,181,0.398,2024-25,0.6753731343283582
1630174,Aaron Nesmith,25.0,IND,379,195,0.431,2024-25,0.5145118733509235
1630598,Aaron Wiggins,26.0,OKC,728,339,0.383,2024-25,0.46565934065934067
1641745,Adam Flagler,25.0,OKC,96,72,0.194,2024-25,0.75
1641766,Adama Sanogo,23.0,CHI,7,0,0.0,2024-25,0.0
1641737,Adem Bona,22.0,PHI,192,1,0.0,2024-25,0.005208333333333333
1642349,Ajay Mitchell,23.0,OKC,184,60,0.383,2024-25,0.32608695652173914
201143,Al Horford,39.0,BOS,461,314,0.363,2024-25,0.6811279826464208
202692,Alec Burks,33.0,MIA,271,207,0.425,2024-25,0.7638376383763837
1627936,Alex Caruso,31.0,OKC,314,170,0.353,2024-25,0.5414012738853503
1642505,Alex Ducas,24.0,OKC,30,21,0.476,2024-25,0.7
203458,Alex Len,32.0,LAL,63,9,0.222,2024-25,0.14285714285714285
1642024,Alex Reese,26.0,PHI,54,41,0.366,2024-25,0.7592592592592593
1642259,Alex Sarr,20.0,WAS,828,341,0.308,2024-25,0.41183574879227053
1631214,Alondes Williams,26.0,LAC,2,1,1.0,2024-25,0.5
1630578,Alperen Sengun,22.0,HOU,1143,90,0.233,2024-25,0.07874015748031496
1641708,Amen Thompson,22.0,HOU,697,91,0.275,2024-25,0.13055954088952654
1629599,Amir Coffey,28.0,LAC,510,247,0.409,2024-25,0.4843137254901961
203083,Andre Drummond,31.0,PHI,234,20,0.15,2024-25,0.08547008547008547
1641748,Andre Jackson Jr.,23.0,MIL,197,76,0.395,2024-25,0.38578680203045684
1629614,Andrew Nembhard,25.0,IND,539,175,0.291,2024-25,0.3246753246753247
203952,Andrew Wiggins,30.0,MIA,839,348,0.374,2024-25,0.41477949940405245
1629014,Anfernee Simons,26.0,POR,1125,593,0.363,2024-25,0.5271111111111111
1641710,Anthony Black,21.0,ORL,620,195,0.318,2024-25,0.31451612903225806
203076,Anthony Davis,32.0,DAL,910,124,0.282,2024-25,0.13626373626373625
1630162,Anthony Edwards,23.0,MIN,1612,811,0.395,2024-25,0.5031017369727047
1630264,Anthony Gill,32.0,WAS,88,31,0.323,2024-25,0.3522727272727273
1641817,Anton Watson,24.0,NYK,9,1,0.0,2024-25,0.1111111111111111
1641810,Antonio Reeves,24.0,NOP,248,129,0.395,2024-25,0.5201612903225806
1630574,Ariel Hukporti,23.0,NYK,31,0,0.0,2024-25,0.0
1642422,Armel Traore,22.0,LAL,19,7,0.0,2024-25,0.3684210526315789
1641709,Ausar Thompson,22.0,DET,460,49,0.224,2024-25,0.10652173913043478
1630559,Austin Reaves,27.0,LAL,1037,531,0.377,2024-25,0.5120540019286403
1630245,Ayo Dosunmu,25.0,CHI,449,189,0.328,2024-25,0.4209354120267261
1628389,Bam Adebayo,27.0,MIA,1113,221,0.357,2024-25,0.1985624438454627
1631248,Baylor Scheierman,24.0,BOS,110,82,0.317,2024-25,0.7454545454545455
1641767,Ben Sheppard,23.0,IND,287,199,0.342,2024-25,0.6933797909407665
1627732,Ben Simmons,28.0,LAC,223,0,0.0,2024-25,0.0
1631097,Bennedict Mathurin,23.0,IND,853,288,0.34,2024-25,0.3376318874560375
1641731,Bilal Coulibaly,20.0,WAS,624,224,0.281,2024-25,0.358974358974359
202687,Bismack Biyombo,32.0,SAS,114,0,0.0,2024-25,0.0
1631104,Blake Wesley,22.0,SAS,186,58,0.293,2024-25,0.3118279569892473
1626171,Bobby Portis,30.0,MIL,595,178,0.365,2024-25,0.2991596638655462
1641752,Bobi Klintman,22.0,DET,10,5,0.4,2024-25,0.5
203992,Bogdan Bogdanović,32.0,LAC,492,289,0.363,2024-25,0.5873983739837398
1629626,Bol Bol,25.0,PHX,183,93,0.344,2024-25,0.5081967213114754
1630538,Bones Hyland,24.0,MIN,118,82,0.39,2024-25,0.6949152542372882
203078,Bradley Beal,32.0,PHX,694,264,0.386,2024-25,0.3804034582132565
1642382,Branden Carlson,26.0,OKC,97,66,0.333,2024-25,0.6804123711340206
1641764,Brandin Podziemski,22.0,GSW,629,309,0.372,2024-25,0.4912559618441971
1630527,Brandon Boston,23.0,NOP,381,140,0.35,2024-25,0.3674540682414698
1629634,Brandon Clarke,28.0,MEM,380,17,0.059,2024-25,0.04473684210526316
1627742,Brandon Ingram,27.0,TOR,333,115,0.374,2024-25,0.34534534534534533
1641706,Brandon Miller,22.0,CHA,491,293,0.355,2024-25,0.5967413441955194
1630314,Brandon Williams,25.0,DAL,188,60,0.4,2024-25,0.3191489361702128
1630296,Braxton Key,28.0,GSW,4,1,0.0,2024-25,0.25
1641729,Brice Sensabaugh,21.0,UTA,599,372,0.422,2024-25,0.6210350584307178
1642355,Bronny James,20.0,LAL,67,32,0.281,2024-25,0.47761194029850745
201572,Brook Lopez,37.0,MIL,774,373,0.373,2024-25,0.4819121447028424
1628971,Bruce Brown,28.0,NOP,309,81,0.333,2024-25,0.2621359223300971
1628981,Bruno Fernando,26.0,TOR,49,0,0.0,2024-25,0.0
1631121,Bryce McGowens,22.0,POR,14,4,0.0,2024-25,0.2857142857142857
1642267,Bub Carrington,19.0,WAS,748,407,0.339,2024-25,0.5441176470588235
1627741,Buddy Hield,32.0,GSW,786,549,0.37,2024-25,0.6984732824427481
203468,CJ McCollum,33.0,NOP,1000,459,0.373,2024-25,0.459
1630595,Cade Cunningham,23.0,DET,1457,418,0.356,2024-25,0.2868908716540837
1631216,Caleb Houstan,22.0,ORL,190,160,0.4,2024-25,0.8421052631578947
1628997,Caleb Martin,29.0,DAL,304,103,0.359,2024-25,0.33881578947368424
1642353,Cam Christie,19.0,LAC,24,13,0.154,2024-25,0.5416666666666666
1629629,Cam Reddish,25.0,LAL,94,47,0.277,2024-25,0.5
1642285,Cam Spencer,25.0,MEM,82,52,0.365,2024-25,0.6341463414634146
1630560,Cam Thomas,23.0,BKN,454,195,0.349,2024-25,0.42951541850220265
1641715,Cam Whitmore,20.0,HOU,403,183,0.355,2024-25,0.45409429280397023
1629661,Cameron Johnson,29.0,BKN,747,408,0.39,2024-25,0.5461847389558233
1626166,Cameron Payne,30.0,NYK,446,256,0.363,2024-25,0.5739910313901345
1627747,Caris LeVert,30.0,ATL,599,284,0.373,2024-25,0.4741235392320534
1641717,Cason Wallace,21.0,OKC,489,208,0.356,2024-25,0.42535787321063395
1629646,Charles Bassey,24.0,SAS,117,0,0.0,2024-25,0.0
1631096,Chet Holmgren,23.0,OKC,341,116,0.379,2024-25,0.34017595307917886
1628449,Chris Boucher,32.0,TOR,370,193,0.363,2024-25,0.5216216216216216
1630537,Chris Duarte,28.0,CHI,26,15,0.4,2024-25,0.5769230769230769
1641753,Chris Livingston,21.0,MIL,27,8,0.0,2024-25,0.2962962962962963
101108,Chris Paul,40.0,SAS,583,371,0.377,2024-25,0.6363636363636364
1631128,Christian Braun,24.0,DEN,821,224,0.397,2024-25,0.2728380024360536
1631132,Christian Koloko,25.0,LAL,66,4,0.0,2024-25,0.06060606060606061
1629643,Chuma Okeke,26.0,CLE,40,28,0.393,2024-25,0.7
203991,Clint Capela,31.0,ATL,390,1,0.0,2024-25,0.002564102564102564
1629632,Coby White,25.0,CHI,1121,584,0.37,2024-25,0.5209634255129348
1628998,Cody Martin,29.0,PHX,325,151,0.285,2024-25,0.4646153846153846
1642262,Cody Williams,20.0,UTA,257,135,0.259,2024-25,0.5252918287937743
1641732,Colby Jones,23.0,WAS,129,49,0.327,2024-25,0.3798449612403101
1630175,Cole Anthony,25.0,MEM,543,218,0.353,2024-25,0.4014732965009208
1631306,Cole Swider,26.0,IND,63,47,0.319,2024-25,0.746031746031746
1630658,Colin Castleton,25.0,TOR,98,16,0.125,2024-25,0.16326530612244897
1631221,Collin Gillespie,26.0,PHX,158,90,0.433,2024-25,0.569620253164557
1629012,Collin Sexton,26.0,UTA,867,271,0.406,2024-25,0.31257208765859285
1630557,Corey Kispert,26.0,WAS,565,330,0.364,2024-25,0.584070796460177
202709,Cory Joseph,33.0,ORL,154,107,0.364,2024-25,0.6948051948051948
1641854,Craig Porter Jr.,25.0,CLE,140,48,0.438,2024-25,0.34285714285714286
1642385,Cui Cui,22.0,BKN,7,3,0.0,2024-25,0.42857142857142855
1626156,D'Angelo Russell,29.0,BKN,638,360,0.314,2024-25,0.5642633228840125
1630618,D.J. Carton,24.0,TOR,7,3,0.0,2024-25,0.42857142857142855
1629610,DaQuan Jeffries,27.0,CHA,291,164,0.335,2024-25,0.563573883161512
1631342,Daeqwon Plowden,26.0,ATL,25,17,0.529,2024-25,0.68
1630227,Daishen Nix,23.0,MIN,1,1,0.0,2024-25,1.0
1630625,Dalano Banton,25.0,POR,507,222,0.324,2024-25,0.4378698224852071
1631207,Dalen Terry,22.0,CHI,268,104,0.356,2024-25,0.3880597014925373
1642261,Dalton Knecht,24.0,LAL,557,340,0.376,2024-25,0.6104129263913824
203081,Damian Lillard,34.0,MIL,992,524,0.376,2024-25,0.5282258064516129
1641878,Damion Baugh,24.0,CHA,130,56,0.214,2024-25,0.4307692307692308
1627814,Damion Lee,32.0,PHX,74,37,0.243,2024-25,0.5
1629655,Daniel Gafford,26.0,DAL,403,0,0.0,2024-25,0.0
1628464,Daniel Theis,33.0,NOP,129,37,0.243,2024-25,0.2868217054263566
1642450,Daniss Jenkins,23.0,DET,10,7,0.143,2024-25,0.7
203957,Dante Exum,29.0,DAL,134,53,0.434,2024-25,0.39552238805970147
203967,Dario Saric,31.0,DEN,58,26,0.269,2024-25,0.4482758620689655
1641727,Dariq Whitehead,20.0,BKN,96,74,0.446,2024-25,0.7708333333333334
1629636,Darius Garland,25.0,CLE,1174,529,0.401,2024-25,0.4505962521294719
1630561,David Duke Jr.,25.0,SAS,14,6,0.5,2024-25,0.42857142857142855
1631223,David Roddy,24.0,HOU,125,61,0.311,2024-25,0.488
1630558,Davion Mitchell,26.0,MIA,476,211,0.398,2024-25,0.4432773109243697
1630549,Day'Ron Sharpe,23.0,BKN,317,45,0.244,2024-25,0.14195583596214512
1628368,De'Aaron Fox,27.0,SAS,1163,381,0.31,2024-25,0.3276010318142734
1629631,De'Andre Hunter,27.0,CLE,762,388,0.405,2024-25,0.5091863517060368
1629001,De'Anthony Melton,27.0,BKN,54,35,0.371,2024-25,0.6481481481481481
201599,DeAndre Jordan,36.0,DEN,140,0,0.0,2024-25,0.0
201942,DeMar DeRozan,35.0,SAC,1308,256,0.328,2024-25,0.19571865443425077
1629731,Dean Wade,28.0,CLE,271,222,0.36,2024-25,0.8191881918819188
1629028,Deandre Ayton,26.0,POR,468,32,0.188,2024-25,0.06837606837606838
1627749,Dejounte Murray,28.0,NOP,494,174,0.299,2024-25,0.3522267206477733
1626153,Delon Wright,33.0,NYK,131,73,0.274,2024-25,0.5572519083969466
1630166,Deni Avdija,24.0,POR,844,342,0.365,2024-25,0.4052132701421801
203471,Dennis Schröder,31.0,DET,827,371,0.342,2024-25,0.4486094316807739
1641726,Dereck Lively II,21.0,DAL,191,0,0.0,2024-25,0.0
1627884,Derrick Jones Jr.,28.0,LAC,589,219,0.356,2024-25,0.37181663837011886
1628401,Derrick White,30.0,BOS,959,691,0.384,2024-25,0.7205422314911366
1630217,Desmond Bane,27.0,ORL,1018,418,0.392,2024-25,0.4106090373280943
1626164,Devin Booker,28.0,PHX,1420,551,0.332,2024-25,0.3880281690140845
1642269,Devin Carter,23.0,SAC,127,61,0.295,2024-25,0.48031496062992124
1630170,Devin Vassell,24.0,SAS,889,429,0.368,2024-25,0.48256467941507314
1628415,Dillon Brooks,29.0,HOU,895,469,0.397,2024-25,0.524022346368715
1641794,Dillon Jones,23.0,OKC,133,63,0.254,2024-25,0.47368421052631576
1627734,Domantas Sabonis,29.0,SAC,893,156,0.417,2024-25,0.17469204927211646
1631230,Dominick Barlow,22.0,ATL,113,27,0.259,2024-25,0.23893805309734514
1642270,Donovan Clingan,21.0,POR,334,49,0.286,2024-25,0.1467065868263473
1628378,Donovan Mitchell,28.0,CLE,1320,633,0.368,2024-25,0.47954545454545455
1628978,Donte DiVincenzo,28.0,MIN,593,438,0.397,2024-25,0.7386172006745363
1627827,Dorian Finney-Smith,32.0,LAL,435,314,0.411,2024-25,0.7218390804597701
203926,Doug McDermott,33.0,SAC,117,101,0.436,2024-25,0.8632478632478633
203110,Draymond Green,35.0,GSW,509,246,0.325,2024-25,0.48330058939096265
1629234,Drew Eubanks,28.0,LAC,194,6,0.5,2024-25,0.030927835051546393
1641809,Drew Peterson,25.0,BOS,41,33,0.394,2024-25,0.8048780487804879
1631166,Drew Timme,24.0,BKN,102,35,0.257,2024-25,0.3431372549019608
1630696,Dru Smith,27.0,MIA,61,30,0.533,2024-25,0.4918032786885246
1629130,Duncan Robinson,31.0,MIA,663,483,0.393,2024-25,0.7285067873303167
1641871,Duop Reath,29.0,POR,166,106,0.321,2024-25,0.6385542168674698
203939,Dwight Powell,33.0,DAL,61,5,0.4,2024-25,0.08196721311475409
1630700,Dyson Daniels,22.0,ATL,923,235,0.34,2024-25,0.25460455037919827
1630604,E.J. Liddell,24.0,CHI,15,10,0.3,2024-25,0.6666666666666666
203901,Elfrid Payton,31.0,NOP,122,6,0.167,2024-25,0.04918032786885246
1641989,Elijah Harkless,25.0,UTA,35,25,0.28,2024-25,0.7142857142857143
1641801,Emanuel Miller,25.0,CHI,8,1,0.0,2024-25,0.125
1641734,Emoni Bates,21.0,CLE,38,30,0.367,2024-25,0.7894736842105263
1642402,Enrique Freeman,24.0,IND,37,10,0.1,2024-25,0.2702702702702703
201569,Eric Gordon,36.0,PHI,204,137,0.409,2024-25,0.6715686274509803
1630596,Evan Mobley,24.0,CLE,906,230,0.37,2024-25,0.25386313465783666
1630532,Franz Wagner,23.0,ORL,1161,352,0.295,2024-25,0.3031869078380706
1627832,Fred VanVleet,31.0,HOU,759,461,0.345,2024-25,0.6073781291172595
1641713,GG Jackson,20.0,MEM,199,95,0.337,2024-25,0.47738693467336685
1629216,Gabe Vincent,29.0,LAL,420,309,0.353,2024-25,0.7357142857142858
202066,Garrett Temple,39.0,TOR,60,28,0.214,2024-25,0.4666666666666667
1629726,Garrison Mathews,28.0,ATL,257,218,0.39,2024-25,0.8482490272373541
203914,Gary Harris,30.0,ORL,133,101,0.356,2024-25,0.7593984962406015
1627780,Gary Payton II,32.0,GSW,298,95,0.326,2024-25,0.3187919463087248
1629018,Gary Trent Jr.,26.0,MIL,657,433,0.416,2024-25,0.6590563165905632
1627777,Georges Niang,32.0,ATL,620,409,0.406,2024-25,0.6596774193548387
203507,Giannis Antetokounmpo,30.0,MIL,1319,63,0.222,2024-25,0.047763457164518575
1629048,Goga Bitadze,25.0,ORL,339,28,0.107,2024-25,0.08259587020648967
1641711,Gradey Dick,21.0,TOR,647,326,0.35,2024-25,0.5038639876352395
1629684,Grant Williams,26.0,CHA,123,74,0.365,2024-25,0.6016260162601627
1628960,Grayson Allen,29.0,PHX,489,350,0.426,2024-25,0.7157464212678937
1627824,Guerschon Yabusele,29.0,PHI,563,274,0.38,2024-25,0.4866785079928952
1630611,Gui Santos,23.0,GSW,179,103,0.33,2024-25,0.5754189944134078
203084,Harrison Barnes,33.0,SAS,683,360,0.433,2024-25,0.527086383601757
1631127,Harrison Ingram,22.0,SAS,4,1,0.0,2024-25,0.25
1629312,Haywood Highsmith,28.0,MIA,391,233,0.382,2024-25,0.5959079283887468
1630529,Herbert Jones,26.0,NOP,172,72,0.306,2024-25,0.4186046511627907
1641816,Hunter Tyson,25.0,DEN,120,74,0.311,2024-25,0.6166666666666667
1630193,Immanuel Quickley,26.0,TOR,438,225,0.378,2024-25,0.5136986301369864
1642403,Isaac Jones,24.0,SAC,83,8,0.375,2024-25,0.0963855421686747
1630171,Isaac Okoro,24.0,CLE,267,151,0.371,2024-25,0.5655430711610487
1642268,Isaiah Collier,20.0,UTA,555,169,0.249,2024-25,0.3045045045045045
1642384,Isaiah Crawford,23.0,SAC,11,5,0.2,2024-25,0.45454545454545453
1628392,Isaiah Hartenstein,27.0,OKC,480,19,0.0,2024-25,0.03958333333333333
1630543,Isaiah Jackson,23.0,IND,23,0,0.0,2024-25,0.0
1630198,Isaiah Joe,25.0,OKC,588,466,0.412,2024-25,0.7925170068027211
1630600,Isaiah Mobley,25.0,PHI,7,3,0.333,2024-25,0.42857142857142855
1641815,Isaiah Stevens,24.0,MIA,2,1,0.0,2024-25,0.5
1630191,Isaiah Stewart,24.0,DET,315,53,0.321,2024-25,0.16825396825396827
1631209,Isaiah Wong,24.0,CHA,105,33,0.394,2024-25,0.3142857142857143
1627826,Ivica Zubac,28.0,LAC,942,0,0.0,2024-25,0.0
1631120,JD Davison,22.0,BOS,34,18,0.222,2024-25,0.5294117647058824
1630550,JT Thor,22.0,WAS,59,21,0.286,2024-25,0.3559322033898305
1629630,Ja Morant,25.0,MEM,889,285,0.309,2024-25,0.3205849268841395
1642266,Ja'Kobe Walter,20.0,TOR,393,186,0.349,2024-25,0.4732824427480916
1631095,Jabari Smith Jr.,22.0,HOU,566,277,0.354,2024-25,0.48939929328621906
1631133,Jabari Walker,22.0,POR,229,72,0.389,2024-25,0.314410480349345
1629098,Jack McVeigh,29.0,HOU,17,13,0.308,2024-25,0.7647058823529411
1642050,Jackson Rowe,28.0,GSW,17,10,0.3,2024-25,0.5882352941176471
1631210,Jacob Toppin,25.0,ATL,22,10,0.5,2024-25,0.45454545454545453
1630702,Jaden Hardy,22.0,DAL,414,197,0.386,2024-25,0.4758454106280193
1631093,Jaden Ivey,23.0,DET,413,154,0.409,2024-25,0.3728813559322034
1630183,Jaden McDaniels,24.0,MIN,834,303,0.33,2024-25,0.36330935251798563
1630531,Jaden Springer,22.0,UTA,90,48,0.25,2024-25,0.5333333333333333
203109,Jae Crowder,34.0,SAC,22,15,0.267,2024-25,0.6818181818181818
1630256,Jae'Sean Tate,29.0,HOU,148,46,0.348,2024-25,0.3108108108108108
1642443,Jahmir Young,24.0,CHI,5,2,0.5,2024-25,0.4
1631170,Jaime Jaquez Jr.,24.0,MIA,462,119,0.311,2024-25,0.25757575757575757
1631222,Jake LaRavia,23.0,SAC,337,142,0.423,2024-25,0.42136498516320475
1627751,Jakob Poeltl,29.0,TOR,579,3,0.333,2024-25,0.0051813471502590676
1641779,Jalen Bridges,24.0,PHX,7,7,0.286,2024-25,1.0
1628973,Jalen Brunson,28.0,NYK,1200,397,0.383,2024-25,0.3308333333333333
1631105,Jalen Duren,21.0,DET,546,0,0.0,2024-25,0.0
1630224,Jalen Green,23.0,HOU,1437,661,0.354,2024-25,0.45998608211551845
1641720,Jalen Hood-Schifino,22.0,PHI,98,46,0.304,2024-25,0.46938775510204084
1630552,Jalen Johnson,23.0,ATL,542,141,0.312,2024-25,0.26014760147601473
1629618,Jalen Pickett,25.0,DEN,180,101,0.396,2024-25,0.5611111111111111
1630188,Jalen Smith,25.0,CHI,408,222,0.324,2024-25,0.5441176470588235
1630591,Jalen Suggs,24.0,ORL,481,242,0.314,2024-25,0.5031185031185031
1631114,Jalen Williams,24.0,OKC,1168,340,0.365,2024-25,0.2910958904109589
1630592,Jalen Wilson,24.0,BKN,620,362,0.337,2024-25,0.5838709677419355
1631288,Jamal Cain,26.0,NOP,158,80,0.325,2024-25,0.5063291139240507
1627750,Jamal Murray,28.0,DEN,1121,397,0.393,2024-25,0.3541480820695807
1642347,Jamal Shead,22.0,TOR,504,223,0.323,2024-25,0.44246031746031744
1631123,Jamaree Bouyea,26.0,MIL,12,5,0.2,2024-25,0.4166666666666667
201935,James Harden,35.0,LAC,1295,668,0.352,2024-25,0.5158301158301158
201949,James Johnson,38.0,IND,11,3,0.0,2024-25,0.2727272727272727
1630164,James Wiseman,24.0,IND,4,1,0.0,2024-25,0.25
1642419,Jamison Battle,24.0,TOR,347,259,0.405,2024-25,0.7463976945244957
1641716,Jarace Walker,21.0,IND,360,185,0.405,2024-25,0.5138888888888888
1630215,Jared Butler,24.0,PHI,453,169,0.355,2024-25,0.3730684326710817
1642272,Jared McCain,21.0,PHI,274,133,0.383,2024-25,0.4854014598540146
1631197,Jared Rhoden,25.0,TOR,87,39,0.308,2024-25,0.4482758620689655
1628991,Jaren Jackson Jr.,25.0,MEM,1213,389,0.375,2024-25,0.32069249793899424
1629020,Jarred Vanderbilt,26.0,LAL,121,32,0.281,2024-25,0.2644628099173554
1628386,Jarrett Allen,27.0,CLE,640,5,0.0,2024-25,0.0078125
1629750,Javonte Green,31.0,CLE,287,141,0.326,2024-25,0.4912891986062718
1629637,Jaxson Hayes,25.0,LAL,223,3,0.0,2024-25,0.013452914798206279
1630643,Jay Huff,27.0,MEM,305,200,0.405,2024-25,0.6557377049180327
1627759,Jaylen Brown,28.0,BOS,1118,358,0.324,2024-25,0.32021466905187834
1641740,Jaylen Clark,23.0,MIN,120,51,0.431,2024-25,0.425
1641798,Jaylen Martin,21.0,WAS,74,23,0.304,2024-25,0.3108108108108108
1629669,Jaylen Nowell,25.0,WAS,73,27,0.296,2024-25,0.3698630136986301
1631301,Jaylen Sims,26.0,CHA,28,15,0.4,2024-25,0.5357142857142857
1642377,Jaylen Wells,21.0,MEM,676,392,0.352,2024-25,0.5798816568047337
1631119,Jaylin Williams,23.0,OKC,221,153,0.399,2024-25,0.6923076923076923
1642281,Jaylon Tyson,22.0,CLE,149,58,0.345,2024-25,0.38926174496644295
1628369,Jayson Tatum,27.0,BOS,1465,728,0.343,2024-25,0.4969283276450512
1641789,Jazian Gortman,22.0,DAL,23,11,0.364,2024-25,0.4782608695652174
1630288,Jeff Dowtin Jr.,28.0,PHI,230,70,0.4,2024-25,0.30434782608695654
201145,Jeff Green,38.0,HOU,121,79,0.367,2024-25,0.6528925619834711
203924,Jerami Grant,31.0,POR,574,296,0.365,2024-25,0.5156794425087108
1630526,Jeremiah Robinson-Earl,24.0,NOP,347,164,0.341,2024-25,0.47262247838616717
1631110,Jeremy Sochan,22.0,SAS,469,91,0.308,2024-25,0.19402985074626866
1630579,Jericho Sims,26.0,MIL,71,0,0.0,2024-25,0.0
1641724,Jett Howard,21.0,ORL,262,186,0.296,2024-25,0.7099236641221374
1628975,Jevon Carter,29.0,CHI,146,105,0.333,2024-25,0.7191780821917808
202710,Jimmy Butler III,35.0,GSW,597,104,0.308,2024-25,0.17420435510887772
1629111,Jock Landale,29.0,HOU,152,26,0.423,2024-25,0.17105263157894737
204060,Joe Ingles,37.0,MIN,23,15,0.2,2024-25,0.6521739130434783
203954,Joel Embiid,31.0,PHI,315,77,0.299,2024-25,0.24444444444444444
1628381,John Collins,27.0,UTA,531,148,0.399,2024-25,0.2787193973634652
1629723,John Konchar,29.0,MEM,91,62,0.371,2024-25,0.6813186813186813
1631098,Johnny Davis,23.0,WAS,78,29,0.241,2024-25,0.3717948717948718
1642277,Johnny Furphy,20.0,IND,92,50,0.3,2024-25,0.5434782608695652
1630548,Johnny Juzang,24.0,UTA,475,314,0.376,2024-25,0.6610526315789473
202685,Jonas Valančiūnas,33.0,SAC,627,37,0.216,2024-25,0.05901116427432217
1628371,Jonathan Isaac,27.0,ORL,324,151,0.258,2024-25,0.4660493827160494
1630228,Jonathan Kuminga,22.0,GSW,568,151,0.305,2024-25,0.2658450704225352
1642367,Jonathan Mogbo,23.0,TOR,356,70,0.243,2024-25,0.19662921348314608
203903,Jordan Clarkson,33.0,UTA,493,232,0.362,2024-25,0.47058823529411764
1630692,Jordan Goodwin,26.0,LAL,144,68,0.382,2024-25,0.4722222222222222
1641722,Jordan Hawkins,23.0,NOP,556,332,0.331,2024-25,0.5971223021582733
1629162,Jordan McLaughlin,29.0,SAS,72,46,0.413,2024-25,0.6388888888888888
1641757,Jordan Miller,25.0,LAC,134,38,0.211,2024-25,0.2835820895522388
1629673,Jordan Poole,26.0,WAS,1057,622,0.378,2024-25,0.5884578997161779
1641775,Jordan Walsh,21.0,BOS,83,55,0.273,2024-25,0.6626506024096386
1630631,Jose Alvarado,27.0,NOP,521,309,0.359,2024-25,0.5930902111324377
1630528,Josh Christopher,23.0,MIA,31,11,0.182,2024-25,0.3548387096774194
1630581,Josh Giddey,22.0,CHI,798,278,0.378,2024-25,0.3483709273182957
1630182,Josh Green,24.0,CHA,421,248,0.391,2024-25,0.5890736342042755
1628404,Josh Hart,30.0,NYK,770,252,0.333,2024-25,0.32727272727272727
1631169,Josh Minott,22.0,MIN,90,43,0.326,2024-25,0.4777777777777778
1629006,Josh Okogie,26.0,CHA,212,92,0.348,2024-25,0.4339622641509434
1626196,Josh Richardson,31.0,MIA,38,22,0.273,2024-25,0.5789473684210527
201950,Jrue Holiday,35.0,BOS,573,306,0.353,2024-25,0.5340314136125655
1630577,Julian Champagnie,24.0,SAS,665,480,0.371,2024-25,0.7218045112781954
1641763,Julian Phillips,21.0,CHI,287,153,0.327,2024-25,0.5331010452961672
1631124,Julian Strawther,23.0,DEN,486,269,0.349,2024-25,0.5534979423868313
203944,Julius Randle,30.0,MIN,939,314,0.344,2024-25,0.3343982960596379
1630551,Justin Champagnie,24.0,WAS,411,193,0.383,2024-25,0.46958637469586373
1642348,Justin Edwards,21.0,PHI,378,190,0.363,2024-25,0.5026455026455027
1631303,Justin Minaya,26.0,POR,21,10,0.2,2024-25,0.47619047619047616
203994,Jusuf Nurkić,30.0,CHA,352,105,0.305,2024-25,0.29829545454545453
1630231,KJ Martin,24.0,UTA,201,58,0.259,2024-25,0.2885572139303483
1642354,KJ Simpson,22.0,CHA,301,130,0.254,2024-25,0.4318936877076412
1630539,Kai Jones,24.0,DAL,109,5,0.2,2024-25,0.045871559633027525
1626157,Karl-Anthony Towns,29.0,NYK,1215,338,0.42,2024-25,0.2781893004115226
1631255,Karlo Matković,24.0,NOP,235,66,0.318,2024-25,0.28085106382978725
202695,Kawhi Leonard,34.0,LAC,623,190,0.411,2024-25,0.30497592295345105
1630811,Keaton Wallace,26.0,ATL,162,82,0.329,2024-25,0.5061728395061729
1631099,Keegan Murray,24.0,SAC,820,449,0.343,2024-25,0.5475609756097561
1631232,Keion Brooks Jr.,24.0,NOP,109,43,0.326,2024-25,0.3944954128440367
1642276,Kel'el Ware,21.0,MIA,464,111,0.315,2024-25,0.23922413793103448
1629640,Keldon Johnson,25.0,SAS,770,274,0.318,2024-25,0.35584415584415585
203482,Kelly Olynyk,34.0,NOP,268,79,0.418,2024-25,0.2947761194029851
1626162,Kelly Oubre Jr.,29.0,PHI,741,242,0.293,2024-25,0.3265856950067476
1629026,Kenrich Williams,30.0,OKC,354,171,0.386,2024-25,0.4830508474576271
203484,Kentavious Caldwell-Pope,32.0,MEM,544,330,0.342,2024-25,0.6066176470588235
1631165,Keon Ellis,25.0,SAC,464,321,0.433,2024-25,0.6918103448275862
1630553,Keon Johnson,23.0,BKN,779,401,0.314,2024-25,0.5147625160462131
1642352,Keshad Johnson,24.0,MIA,26,7,0.429,2024-25,0.2692307692307692
1630556,Kessler Edwards,24.0,DAL,135,54,0.407,2024-25,0.4
201142,Kevin Durant,36.0,PHX,1124,372,0.43,2024-25,0.3309608540925267
1628989,Kevin Huerter,26.0,CHI,604,391,0.338,2024-25,0.6473509933774835
1628995,Kevin Knox II,25.0,GSW,36,15,0.267,2024-25,0.4166666666666667
201567,Kevin Love,36.0,MIA,115,67,0.358,2024-25,0.5826086956521739
1641755,Kevin McCullar Jr.,24.0,NYK,7,1,0.0,2024-25,0.14285714285714285
1629645,Kevin Porter Jr.,25.0,MIL,652,177,0.311,2024-25,0.2714723926380368
1626172,Kevon Looney,29.0,GSW,278,5,0.4,2024-25,0.017985611510791366
1641718,Keyonte George,21.0,UTA,919,507,0.343,2024-25,0.5516866158868335
203114,Khris Middleton,33.0,WAS,337,133,0.361,2024-25,0.39465875370919884
1630165,Killian Hayes,23.0,BKN,43,21,0.381,2024-25,0.4883720930232558
202691,Klay Thompson,35.0,DAL,877,553,0.391,2024-25,0.6305587229190421
1641738,Kobe Brown,25.0,LAC,72,26,0.231,2024-25,0.3611111111111111
1641723,Kobe Bufkin,21.0,ATL,47,19,0.211,2024-25,0.40425531914893614
1627739,Kris Dunn,31.0,LAC,437,224,0.335,2024-25,0.5125858123569794
1631200,Kris Murray,24.0,POR,279,120,0.225,2024-25,0.43010752688172044
204001,Kristaps Porziņģis,29.0,BOS,574,250,0.412,2024-25,0.4355400696864111
203937,Kyle Anderson,31.0,MIA,303,70,0.357,2024-25,0.23102310231023102
1642271,Kyle Filipowski,21.0,UTA,518,220,0.35,2024-25,0.4247104247104247
1628398,Kyle Kuzma,29.0,MIL,848,313,0.307,2024-25,0.36910377358490565
200768,Kyle Lowry,39.0,PHI,117,88,0.33,2024-25,0.7521367521367521
1630283,Kylor Kelley,27.0,LAL,22,0,0.0,2024-25,0.0
202681,Kyrie Irving,33.0,DAL,945,359,0.401,2024-25,0.3798941798941799
1642273,Kyshawn George,21.0,WAS,546,354,0.322,2024-25,0.6483516483516484
1630163,LaMelo Ball,23.0,CHA,1003,528,0.339,2024-25,0.5264207377866401
1630205,Lamar Stevens,27.0,MEM,63,27,0.296,2024-25,0.42857142857142855
1629013,Landry Shamet,28.0,NYK,230,156,0.397,2024-25,0.6782608695652174
1626204,Larry Nance Jr.,32.0,ATL,155,76,0.447,2024-25,0.49032258064516127
1628374,Lauri Markkanen,28.0,UTA,700,399,0.346,2024-25,0.57
2544,LeBron James,40.0,LAL,1270,396,0.376,2024-25,0.31181102362204727
1631159,Leonard Miller,21.0,MIN,15,5,0.0,2024-25,0.3333333333333333
1631311,Lester Quinones,24.0,NOP,78,44,0.295,2024-25,0.5641025641025641
1641857,Liam Robbins,25.0,MIL,8,2,0.0,2024-25,0.25
1630322,Lindy Waters III,27.0,DET,249,186,0.344,2024-25,0.7469879518072289
1629022,Lonnie Walker IV,26.0,PHI,212,127,0.354,2024-25,0.5990566037735849
1628366,Lonzo Ball,27.0,CHI,243,195,0.344,2024-25,0.8024691358024691
1629652,Luguentz Dort,26.0,OKC,593,413,0.412,2024-25,0.6964586846543002
1629029,Luka Dončić,26.0,LAL,1025,481,0.368,2024-25,0.4692682926829268
1630568,Luka Garza,26.0,MIN,105,36,0.278,2024-25,0.34285714285714286
1628379,Luke Kennard,29.0,MEM,431,261,0.433,2024-25,0.605568445475638
1628436,Luke Kornet,29.0,BOS,280,3,0.0,2024-25,0.010714285714285714
1631247,Luke Travers,23.0,CLE,20,9,0.0,2024-25,0.45
1630644,Mac McClung,26.0,ORL,2,1,0.0,2024-25,0.5
1630201,Malachi Flynn,27.0,SAS,13,4,0.25,2024-25,0.3076923076923077
1631103,Malaki Branham,22.0,SAS,190,84,0.405,2024-25,0.4421052631578947
1627763,Malcolm Brogdon,32.0,WAS,240,56,0.286,2024-25,0.23333333333333334
1642502,Malevy Leons,25.0,OKC,2,1,0.0,2024-25,0.5
1627736,Malik Beasley,28.0,DET,1071,766,0.416,2024-25,0.715219421101774
1628370,Malik Monk,27.0,SAC,939,428,0.325,2024-25,0.45580404685835996
1630699,MarJon Beauchamp,24.0,NYK,65,29,0.345,2024-25,0.4461538461538462
1630542,Marcus Bagley,23.0,PHI,69,32,0.156,2024-25,0.463768115942029
1630585,Marcus Garrett,26.0,CHA,27,8,0.375,2024-25,0.2962962962962963
1631204,Marcus Sasser,24.0,DET,296,152,0.382,2024-25,0.5135135135135135
203935,Marcus Smart,31.0,WAS,257,141,0.348,2024-25,0.5486381322957199
1631109,Mark Williams,23.0,CHA,447,4,0.0,2024-25,0.008948545861297539
1628365,Markelle Fultz,27.0,SAC,67,8,0.5,2024-25,0.11940298507462686
202693,Markieff Morris,35.0,LAL,70,36,0.25,2024-25,0.5142857142857142
1628963,Marvin Bagley III,26.0,MEM,106,19,0.158,2024-25,0.1792452830188679
1630222,Mason Jones,26.0,SAC,18,8,0.125,2024-25,0.4444444444444444
203486,Mason Plumlee,35.0,PHX,202,4,0.0,2024-25,0.019801980198019802
1641824,Matas Buzelis,20.0,CHI,555,266,0.361,2024-25,0.47927927927927927
1629680,Matisse Thybulle,28.0,POR,88,48,0.438,2024-25,0.5454545454545454
1630346,Matt Ryan,28.0,NOP,31,19,0.316,2024-25,0.6129032258064516
1631108,Max Christie,22.0,DAL,590,314,0.366,2024-25,0.5322033898305085
1629622,Max Strus,29.0,CLE,373,293,0.386,2024-25,0.7855227882037533
1628467,Maxi Kleber,33.0,LAL,96,49,0.265,2024-25,0.5104166666666666
1641721,Maxwell Lewis,22.0,BKN,108,50,0.38,2024-25,0.46296296296296297
1630695,Micah Potter,27.0,UTA,135,98,0.316,2024-25,0.725925925925926
1629008,Michael Porter Jr.,27.0,DEN,1048,489,0.395,2024-25,0.4666030534351145
1628969,Mikal Bridges,28.0,NYK,1183,463,0.354,2024-25,0.39137785291631444
201144,Mike Conley,37.0,MIN,468,310,0.41,2024-25,0.6623931623931624
1628970,Miles Bridges,27.0,CHA,1089,450,0.313,2024-25,0.4132231404958678
1630540,Miles McBride,24.0,NYK,547,312,0.369,2024-25,0.5703839122486288
1641936,Miles Norris,25.0,BOS,9,7,0.286,2024-25,0.7777777777777778
1629011,Mitchell Robinson,27.0,NYK,56,0,0.0,2024-25,0.0
1628964,Mo Bamba,27.0,NOP,112,54,0.278,2024-25,0.48214285714285715
1628420,Monte Morris,30.0,PHX,195,86,0.36,2024-25,0.441025641025641
1629021,Moritz Wagner,28.0,ORL,249,75,0.36,2024-25,0.30120481927710846
1629650,Moses Brown,25.0,DAL,49,0,0.0,2024-25,0.0
1630541,Moses Moody,23.0,GSW,568,337,0.374,2024-25,0.5933098591549296
1631243,Mouhamed Gueye,22.0,ATL,171,81,0.259,2024-25,0.47368421052631576
1631217,Moussa Diabaté,23.0,CHA,280,6,0.0,2024-25,0.02142857142857143
1626167,Myles Turner,29.0,IND,811,394,0.396,2024-25,0.48581997533908755
1642368,N'Faly Dante,23.0,HOU,13,0,0.0,2024-25,0.0
1641772,Nae'Qwan Tomlin,24.0,CLE,32,10,0.2,2024-25,0.3125
1630230,Naji Marshall,27.0,DAL,712,218,0.275,2024-25,0.3061797752808989
1631466,Nate Williams,26.0,HOU,62,26,0.231,2024-25,0.41935483870967744
1629675,Naz Reid,25.0,MIN,923,462,0.379,2024-25,0.5005417118093174
1629674,Neemias Queta,25.0,BOS,203,3,0.0,2024-25,0.014778325123152709
1629651,Nic Claxton,26.0,BKN,568,21,0.238,2024-25,0.03697183098591549
1630208,Nick Richards,27.0,PHX,347,2,0.0,2024-25,0.005763688760806916
1641733,Nick Smith Jr.,21.0,CHA,568,306,0.34,2024-25,0.5387323943661971
1629638,Nickeil Alexander-Walker,26.0,MIN,616,370,0.381,2024-25,0.6006493506493507
201587,Nicolas Batum,36.0,LAC,238,203,0.433,2024-25,0.8529411764705882
203999,Nikola Jokić,30.0,DEN,1364,331,0.417,2024-25,0.24266862170087977
1631107,Nikola Jović,22.0,MIA,377,210,0.371,2024-25,0.5570291777188329
202696,Nikola Vučević,34.0,CHI,1038,321,0.402,2024-25,0.3092485549132948
1641730,Noah Clowney,20.0,BKN,372,261,0.333,2024-25,0.7016129032258065
1626181,Norman Powell,32.0,LAC,945,428,0.418,2024-25,0.45291005291005293
1628384,OG Anunoby,27.0,NYK,1027,460,0.372,2024-25,0.44790652385589097
1630167,Obi Toppin,27.0,IND,599,301,0.365,2024-25,0.5025041736227045
1630534,Ochai Agbaji,25.0,TOR,534,253,0.399,2024-25,0.4737827715355805
1641765,Olivier-Maxence Prosper,22.0,DAL,174,51,0.235,2024-25,0.29310344827586204
1630168,Onyeka Okongwu,24.0,ATL,684,148,0.324,2024-25,0.21637426900584794
1631115,Orlando Robinson,24.0,TOR,261,52,0.327,2024-25,0.19923371647509577
1631131,Oscar Tshiebwe,25.0,UTA,70,0,0.0,2024-25,0.0
1629052,Oshae Brissett,27.0,PHI,39,18,0.333,2024-25,0.46153846153846156
1642345,Oso Ighodaro,22.0,PHX,187,2,0.0,2024-25,0.0106951871657754
1631172,Ousmane Dieng,22.0,OKC,125,71,0.324,2024-25,0.568
200782,P.J. Tucker,40.0,NYK,7,6,0.5,2024-25,0.8571428571428571
1629023,P.J. Washington,26.0,DAL,665,239,0.381,2024-25,0.3593984962406015
1628408,PJ Dozier,28.0,MIN,3,3,0.667,2024-25,1.0
1641790,PJ Hall,23.0,DEN,24,8,0.25,2024-25,0.3333333333333333
1642359,Pacôme Dadiet,19.0,NYK,31,19,0.316,2024-25,0.6129032258064516
1631094,Paolo Banchero,22.0,ORL,911,272,0.32,2024-25,0.29857299670691545
1627783,Pascal Siakam,31.0,IND,1182,324,0.389,2024-25,0.27411167512690354
1626192,Pat Connaughton,32.0,MIL,177,81,0.321,2024-25,0.4576271186440678
1630311,Pat Spencer,28.0,GSW,101,22,0.227,2024-25,0.21782178217821782
1631116,Patrick Baldwin Jr.,22.0,LAC,35,23,0.565,2024-25,0.6571428571428571
1630172,Patrick Williams,23.0,CHI,516,272,0.353,2024-25,0.5271317829457365
201988,Patty Mills,36.0,LAC,96,75,0.347,2024-25,0.78125
202331,Paul George,35.0,PHI,570,268,0.358,2024-25,0.47017543859649125
1630194,Paul Reed,26.0,DET,142,28,0.286,2024-25,0.19718309859154928
1630202,Payton Pritchard,27.0,BOS,866,626,0.407,2024-25,0.7228637413394919
1641796,Pelle Larsson,24.0,MIA,203,95,0.337,2024-25,0.46798029556650245
1631250,Pete Nance,25.0,MIL,32,24,0.375,2024-25,0.75
1631212,Peyton Watson,22.0,DEN,428,136,0.353,2024-25,0.3177570093457944
1630762,Phillip Wheeler,23.0,PHI,21,10,0.0,2024-25,0.47619047619047616
1630173,Precious Achiuwa,25.0,NYK,327,36,0.278,2024-25,0.11009174311926606
1629656,Quentin Grimes,25.0,PHI,823,421,0.385,2024-25,0.511543134872418
1631245,Quenton Jackson,26.0,IND,122,40,0.375,2024-25,0.32786885245901637
1642439,Quincy Olivari,24.0,LAL,5,5,0.2,2024-25,1.0
1642366,Quinten Post,25.0,GSW,274,179,0.408,2024-25,0.6532846715328468
1629628,RJ Barrett,25.0,TOR,982,306,0.35,2024-25,0.31160896130346233
1642484,RayJ Dennis,24.0,IND,33,21,0.286,2024-25,0.6363636363636364
1641712,Rayan Rupert,21.0,POR,142,59,0.271,2024-25,0.4154929577464789
1641736,Reece Beekman,23.0,BKN,107,40,0.175,2024-25,0.37383177570093457
1642263,Reed Sheppard,21.0,HOU,239,142,0.338,2024-25,0.5941422594142259
202704,Reggie Jackson,35.0,PHI,133,74,0.338,2024-25,0.556390977443609
1626158,Richaun Holmes,31.0,WAS,139,3,0.0,2024-25,0.02158273381294964
1641741,Ricky Council IV,23.0,PHI,463,213,0.258,2024-25,0.46004319654427644
1642434,Riley Minix,24.0,SAS,1,1,0.0,2024-25,1.0
1642265,Rob Dillingham,20.0,MIN,211,74,0.338,2024-25,0.35071090047393366
1629057,Robert Williams III,27.0,POR,78,3,0.333,2024-25,0.038461538461538464
1631199,Ron Harper Jr.,25.0,DET,8,6,0.0,2024-25,0.75
1641842,Ronald Holland II,19.0,DET,416,151,0.238,2024-25,0.3629807692307692
1626220,Royce O'Neale,32.0,PHX,570,441,0.406,2024-25,0.7736842105263158
203497,Rudy Gobert,33.0,MIN,510,0,0.0,2024-25,0.0
1629060,Rui Hachimura,27.0,LAL,576,247,0.413,2024-25,0.4288194444444444
201566,Russell Westbrook,36.0,DEN,831,291,0.323,2024-25,0.35018050541516244
1642346,Ryan Dunn,22.0,PHX,477,264,0.311,2024-25,0.5534591194968553
1631157,Ryan Rollins,22.0,MIL,271,120,0.408,2024-25,0.44280442804428044
1630573,Sam Hauser,27.0,BOS,474,399,0.416,2024-25,0.8417721518987342
1630241,Sam Merrill,29.0,CLE,424,368,0.372,2024-25,0.8679245283018868
1630572,Sandro Mamukelashvili,26.0,SAS,281,161,0.373,2024-25,0.5729537366548043
1630583,Santi Aldama,24.0,MEM,648,326,0.368,2024-25,0.5030864197530864
1630703,Scoot Henderson,21.0,POR,685,297,0.354,2024-25,0.4335766423357664
1630567,Scottie Barnes,23.0,TOR,1063,280,0.271,2024-25,0.2634054562558796
1630590,Scotty Pippen Jr.,24.0,MEM,594,219,0.397,2024-25,0.3686868686868687
203552,Seth Curry,34.0,CHA,343,182,0.456,2024-25,0.5306122448979592
1631101,Shaedon Sharpe,22.0,POR,1104,472,0.311,2024-25,0.427536231884058
1628983,Shai Gilgeous-Alexander,26.0,OKC,1656,435,0.375,2024-25,0.26268115942028986
1629003,Shake Milton,28.0,LAL,254,106,0.358,2024-25,0.41732283464566927
1631321,Sidy Cissoko,21.0,POR,30,13,0.231,2024-25,0.43333333333333335
1631323,Simone Fontecchio,29.0,DET,373,227,0.335,2024-25,0.6085790884718498
1627746,Skal Labissiere,29.0,SAC,4,1,1.0,2024-25,0.25
203915,Spencer Dinwiddie,32.0,DAL,682,326,0.334,2024-25,0.4780058651026393
1642461,Spencer Jones,24.0,DEN,34,17,0.059,2024-25,0.5
1630649,Stanley Umude,26.0,MIL,26,15,0.2,2024-25,0.5769230769230769
201939,Stephen Curry,37.0,GSW,1258,784,0.397,2024-25,0.6232114467408585
1642264,Stephon Castle,20.0,SAS,988,333,0.285,2024-25,0.33704453441295545
203500,Steven Adams,31.0,HOU,167,2,0.0,2024-25,0.011976047904191617
1629004,Svi Mykhailiuk,28.0,UTA,302,203,0.345,2024-25,0.6721854304635762
204456,T.J. McConnell,33.0,IND,624,49,0.306,2024-25,0.07852564102564102
201959,Taj Gibson,40.0,CHA,95,2,0.5,2024-25,0.021052631578947368
1629659,Talen Horton-Tucker,24.0,CHI,291,122,0.336,2024-25,0.41924398625429554
1631106,Tari Eason,24.0,HOU,559,184,0.342,2024-25,0.3291592128801431
1627752,Taurean Prince,31.0,MIL,514,335,0.439,2024-25,0.6517509727626459
1641707,Taylor Hendricks,21.0,UTA,18,12,0.25,2024-25,0.6666666666666666
1631386,Taze Moore,27.0,POR,10,4,0.25,2024-25,0.4
1629611,Terance Mann,28.0,ATL,413,163,0.368,2024-25,0.3946731234866828
1629056,Terence Davis,28.0,SAC,2,1,0.0,2024-25,0.5
1630545,Terrence Shannon Jr.,24.0,MIN,114,31,0.355,2024-25,0.2719298245614035
1626179,Terry Rozier,31.0,MIA,635,308,0.295,2024-25,0.48503937007874015
1630678,Terry Taylor,25.0,SAC,1,0,0.0,2024-25,0.0
1628418,Thomas Bryant,27.0,IND,321,148,0.324,2024-25,0.46105919003115264
1642275,Tidjane Salaün,19.0,CHA,345,205,0.283,2024-25,0.5942028985507246
203501,Tim Hardaway Jr.,33.0,DET,680,457,0.368,2024-25,0.6720588235294118
202699,Tobias Harris,32.0,DET,805,264,0.345,2024-25,0.3279503105590062
1642449,Tolu Smith,24.0,DET,9,0,0.0,2024-25,0.0
1628396,Tony Bradley,27.0,IND,45,3,0.333,2024-25,0.06666666666666667
1628470,Torrey Craig,34.0,BOS,90,66,0.364,2024-25,0.7333333333333333
1641787,Tosan Evbuomwan,24.0,BKN,220,77,0.312,2024-25,0.35
1641739,Toumani Camara,25.0,POR,716,360,0.375,2024-25,0.5027932960893855
1629027,Trae Young,26.0,ATL,1376,642,0.34,2024-25,0.46656976744186046
1631218,Trayce Jackson-Davis,25.0,GSW,302,3,0.0,2024-25,0.009933774834437087
1630200,Tre Jones,25.0,CHI,238,48,0.396,2024-25,0.20168067226890757
1630544,Tre Mann,24.0,CHA,161,60,0.4,2024-25,0.37267080745341613
1630570,Trendon Watford,24.0,BKN,350,88,0.33,2024-25,0.25142857142857145
1642280,Trentyn Flowers,20.0,LAC,11,2,0.0,2024-25,0.18181818181818182
1630243,Trevelin Queen,28.0,ORL,147,77,0.286,2024-25,0.5238095238095238
1641725,Trey Alexander,22.0,DEN,41,17,0.176,2024-25,0.4146341463414634
1641998,Trey Jemison III,25.0,LAL,74,0,0.0,2024-25,0.0
1626168,Trey Lyles,29.0,SAC,374,238,0.34,2024-25,0.6363636363636364
1630530,Trey Murphy III,25.0,NOP,839,438,0.361,2024-25,0.5220500595947557
202684,Tristan Thompson,34.0,CLE,71,3,0.0,2024-25,0.04225352112676056
1641774,Tristan Vukcevic,22.0,WAS,242,102,0.373,2024-25,0.4214876033057851
1641783,Tristan da Silva,24.0,ORL,483,239,0.335,2024-25,0.494824016563147
1641803,Tristen Newton,24.0,MIN,8,3,0.0,2024-25,0.375
1629660,Ty Jerome,27.0,CLE,618,253,0.439,2024-25,0.40938511326860844
1631102,TyTy Washington Jr.,23.0,PHX,45,21,0.19,2024-25,0.4666666666666667
1629639,Tyler Herro,25.0,MIA,1378,670,0.375,2024-25,0.4862119013062409
1642278,Tyler Kolek,24.0,NYK,82,47,0.298,2024-25,0.573170731707317
1641890,Tyler Smith,20.0,MIL,50,30,0.433,2024-25,0.6
1630169,Tyrese Haliburton,25.0,IND,1006,562,0.388,2024-25,0.558648111332008
1631213,Tyrese Martin,26.0,BKN,465,282,0.351,2024-25,0.6064516129032258
1630178,Tyrese Maxey,24.0,PHI,1091,478,0.337,2024-25,0.4381301558203483
1630623,Tyson Etienne,25.0,BKN,52,44,0.295,2024-25,0.8461538461538461
1626145,Tyus Jones,29.0,PHX,683,401,0.414,2024-25,0.5871156661786238
1642279,Ulrich Chomche,19.0,TOR,5,0,0.0,2024-25,0.0
203995,Vasilije Micic,31.0,PHX,273,125,0.36,2024-25,0.45787545787545786
1641705,Victor Wembanyama,21.0,SAS,857,403,0.352,2024-25,0.47024504084014
1631246,Vince Williams Jr.,24.0,MEM,167,95,0.274,2024-25,0.5688622754491018
1628427,Vlatko Čančar,28.0,DEN,26,15,0.267,2024-25,0.5769230769230769
1630249,Vít Krejčí,25.0,ATL,292,206,0.437,2024-25,0.7054794520547946
1631117,Walker Kessler,23.0,UTA,419,34,0.176,2024-25,0.081145584725537
1628976,Wendell Carter Jr.,26.0,ORL,491,158,0.234,2024-25,0.32179226069246436
1631111,Wendell Moore Jr.,23.0,CHA,126,41,0.341,2024-25,0.3253968253968254
1630214,Xavier Tillman,26.0,BOS,53,32,0.156,2024-25,0.6037735849056604
1642530,Yuki Kawamura,24.0,MEM,30,23,0.304,2024-25,0.7666666666666667
1641879,Yuri Collins,24.0,GSW,3,0,0.0,2024-25,0.0
1642274,Yves Missi,21.0,NOP,492,1,0.0,2024-25,0.0020325203252032522
1642258,Zaccharie Risacher,20.0,ATL,779,344,0.355,2024-25,0.441591784338896
1628380,Zach Collins,27.0,CHI,302,106,0.302,2024-25,0.3509933774834437
1641744,Zach Edey,23.0,MEM,433,52,0.346,2024-25,0.12009237875288684
203897,Zach LaVine,30.0,SAC,1223,536,0.446,2024-25,0.4382665576451349
1630192,Zeke Nnaji,24.0,DEN,141,52,0.327,2024-25,0.36879432624113473
1630533,Ziaire Williams,23.0,BKN,520,302,0.341,2024-25,0.5807692307692308
1629627,Zion Williamson,24.0,NOP,508,13,0.231,2024-25,0.025590551181102362
1642389,Zyon Pullin,24.0,MEM,1,0,0.0,2024-25,0.0
