PLAYER_ID,NAME,TEAM_ID,TEAM,AGE,SEASON,LEFT_CORNER_3_FGM,LEFT_CORNER_3_FGA,LEFT_CORNER_3_PCT,RIGHT_CORNER_3_FGM,RIGHT_CORNER_3_FGA,RIGHT_CORNER_3_PCT,ABOVE_THE_BREAK_3_FGM,ABOVE_THE_BREAK_3_FGA,ABOVE_BREAK_3_PCT,CORNER_3_FGM,CORNER_3_FGA,CORNER_3_PCT
201985,AJ Price,1610612739,CLE,28.0,2014-15,1.0,5.0,0.2,0.0,2.0,0.0,14.0,50.0,0.28,1.0,7.0,0.143
201166,Aaron Brooks,1610612741,CHI,30.0,2014-15,4.0,21.0,0.19,9.0,17.0,0.529,108.0,273.0,0.396,13.0,38.0,0.342
203932,Aaron Gordon,1610612753,ORL,19.0,2014-15,2.0,10.0,0.2,7.0,16.0,0.438,4.0,21.0,0.19,9.0,26.0,0.346
203940,Adreian Payne,1610612750,MIN,24.0,2014-15,0.0,0.0,0.0,0.0,1.0,0.0,1.0,8.0,0.125,0.0,1.0,0.0
201143,Al Horford,1610612737,ATL,29.0,2014-15,3.0,11.0,0.273,8.0,18.0,0.444,0.0,7.0,0.0,11.0,29.0,0.379
2744,Al Jefferson,1610612766,CHA,30.0,2014-15,1.0,1.0,1.0,0.0,0.0,0.0,1.0,4.0,0.25,1.0,1.0,1.0
202329,Al-Farouq Aminu,1610612742,DAL,24.0,2014-15,9.0,33.0,0.273,10.0,30.0,0.333,15.0,61.0,0.246,19.0,63.0,0.302
101187,Alan Anderson,1610612751,BKN,32.0,2014-15,19.0,47.0,0.404,14.0,31.0,0.452,40.0,127.0,0.315,33.0,78.0,0.423
202692,Alec Burks,1610612762,UTA,23.0,2014-15,3.0,6.0,0.5,5.0,11.0,0.455,18.0,49.0,0.367,8.0,17.0,0.471
203945,Alex Kirk,1610612739,CLE,23.0,2014-15,0.0,0.0,0.0,,,,0.0,0.0,0.0,0.0,0.0,0.0
203458,Alex Len,1610612756,PHX,22.0,2014-15,1.0,1.0,1.0,0.0,0.0,0.0,0.0,2.0,0.0,1.0,1.0,1.0
203144,Alexey Shved,1610612752,NYK,26.0,2014-15,1.0,4.0,0.25,3.0,7.0,0.429,43.0,125.0,0.344,4.0,11.0,0.364
201582,Alexis Ajinca,1610612740,NOP,27.0,2014-15,0.0,0.0,0.0,0.0,0.0,0.0,0.0,0.0,0.0,0.0,0.0,0.0
203459,Allen Crabbe,1610612757,POR,23.0,2014-15,7.0,22.0,0.318,7.0,13.0,0.538,16.0,50.0,0.32,14.0,35.0,0.4
202087,Alonzo Gee,1610612757,POR,28.0,2014-15,6.0,15.0,0.4,6.0,14.0,0.429,1.0,6.0,0.167,12.0,29.0,0.414
2405,Amar'e Stoudemire,1610612742,DAL,32.0,2014-15,0.0,0.0,0.0,0.0,0.0,0.0,0.0,3.0,0.0,0.0,0.0,0.0
101161,Amir Johnson,1610612761,TOR,28.0,2014-15,2.0,5.0,0.4,1.0,5.0,0.2,16.0,36.0,0.444,3.0,10.0,0.3
2760,Anderson Varejao,1610612739,CLE,32.0,2014-15,0.0,0.0,0.0,0.0,1.0,0.0,0.0,1.0,0.0,0.0,1.0,0.0
203958,Andre Dawkins,1610612748,MIA,23.0,2014-15,0.0,1.0,0.0,0.0,0.0,0.0,1.0,5.0,0.2,0.0,1.0,0.0
203083,Andre Drummond,1610612765,DET,21.0,2014-15,0.0,0.0,0.0,0.0,0.0,0.0,0.0,0.0,0.0,0.0,0.0,0.0
2738,Andre Iguodala,1610612744,GSW,31.0,2014-15,15.0,42.0,0.357,11.0,40.0,0.275,48.0,124.0,0.387,26.0,82.0,0.317
1889,Andre Miller,1610612758,SAC,39.0,2014-15,1.0,4.0,0.25,0.0,1.0,0.0,6.0,27.0,0.222,1.0,5.0,0.2
203460,Andre Roberson,1610612760,OKC,23.0,2014-15,11.0,33.0,0.333,4.0,14.0,0.286,6.0,36.0,0.167,15.0,47.0,0.319
200745,Andrea Bargnani,1610612752,NYK,29.0,2014-15,0.0,0.0,0.0,0.0,0.0,0.0,15.0,41.0,0.366,0.0,0.0,0.0
1905,Andrei Kirilenko,1610612751,BKN,34.0,2014-15,0.0,0.0,0.0,0.0,0.0,0.0,0.0,0.0,0.0,0.0,0.0,0.0
101106,Andrew Bogut,1610612744,GSW,30.0,2014-15,0.0,0.0,0.0,0.0,0.0,0.0,0.0,0.0,0.0,0.0,0.0,0.0
203094,Andrew Nicholson,1610612753,ORL,25.0,2014-15,2.0,8.0,0.25,1.0,6.0,0.167,10.0,27.0,0.37,3.0,14.0,0.214
203952,Andrew Wiggins,1610612750,MIN,20.0,2014-15,8.0,22.0,0.364,5.0,10.0,0.5,26.0,93.0,0.28,13.0,32.0,0.406
203461,Anthony Bennett,1610612750,MIN,22.0,2014-15,1.0,1.0,1.0,2.0,5.0,0.4,4.0,17.0,0.235,3.0,6.0,0.5
203076,Anthony Davis,1610612740,NOP,22.0,2014-15,0.0,2.0,0.0,0.0,2.0,0.0,1.0,5.0,0.2,0.0,4.0,0.0
201627,Anthony Morrow,1610612760,OKC,29.0,2014-15,26.0,57.0,0.456,33.0,60.0,0.55,82.0,208.0,0.394,59.0,117.0,0.504
201229,Anthony Tolliver,1610612765,DET,30.0,2014-15,19.0,44.0,0.432,28.0,70.0,0.4,59.0,176.0,0.335,47.0,114.0,0.412
203462,Archie Goodwin,1610612756,PHX,20.0,2014-15,1.0,3.0,0.333,2.0,5.0,0.4,9.0,31.0,0.29,3.0,8.0,0.375
202620,Arinze Onuaku,1610612750,MIN,27.0,2014-15,0.0,0.0,0.0,0.0,0.0,0.0,0.0,0.0,0.0,0.0,0.0,0.0
203382,Aron Baynes,1610612759,SAS,28.0,2014-15,0.0,0.0,0.0,0.0,1.0,0.0,1.0,3.0,0.333,0.0,1.0,0.0
201167,Arron Afflalo,1610612757,POR,29.0,2014-15,21.0,71.0,0.296,24.0,59.0,0.407,73.0,203.0,0.36,45.0,130.0,0.346
201948,Austin Daye,1610612737,ATL,27.0,2014-15,3.0,10.0,0.3,8.0,12.0,0.667,13.0,49.0,0.265,11.0,22.0,0.5
203085,Austin Rivers,1610612746,LAC,22.0,2014-15,8.0,18.0,0.444,6.0,19.0,0.316,25.0,93.0,0.269,14.0,37.0,0.378
202340,Avery Bradley,1610612738,BOS,24.0,2014-15,26.0,66.0,0.394,25.0,63.0,0.397,73.0,220.0,0.332,51.0,129.0,0.395
2732,Ben Gordon,1610612753,ORL,32.0,2014-15,6.0,10.0,0.6,5.0,9.0,0.556,24.0,78.0,0.308,11.0,19.0,0.579
203463,Ben McLemore,1610612758,SAC,22.0,2014-15,28.0,63.0,0.444,32.0,82.0,0.39,80.0,241.0,0.332,60.0,145.0,0.414
2757,Beno Udrih,1610612763,MEM,32.0,2014-15,6.0,13.0,0.462,2.0,9.0,0.222,18.0,73.0,0.247,8.0,22.0,0.364
203108,Bernard James,1610612742,DAL,30.0,2014-15,0.0,0.0,0.0,0.0,0.0,0.0,0.0,0.0,0.0,0.0,0.0,0.0
202687,Bismack Biyombo,1610612766,CHA,22.0,2014-15,0.0,0.0,0.0,0.0,0.0,0.0,0.0,0.0,0.0,0.0,0.0,0.0
201933,Blake Griffin,1610612746,LAC,26.0,2014-15,1.0,2.0,0.5,2.0,4.0,0.5,7.0,18.0,0.389,3.0,6.0,0.5
202711,Bojan Bogdanovic,1610612751,BKN,26.0,2014-15,28.0,59.0,0.475,22.0,56.0,0.393,41.0,141.0,0.291,50.0,115.0,0.435
2564,Boris Diaw,1610612759,SAS,33.0,2014-15,2.0,8.0,0.25,1.0,12.0,0.083,51.0,148.0,0.345,3.0,20.0,0.15
203078,Bradley Beal,1610612764,WAS,22.0,2014-15,12.0,39.0,0.308,13.0,30.0,0.433,81.0,190.0,0.426,25.0,69.0,0.362
201148,Brandan Wright,1610612756,PHX,27.0,2014-15,0.0,0.0,0.0,0.0,1.0,0.0,0.0,1.0,0.0,0.0,1.0,0.0
101138,Brandon Bass,1610612738,BOS,30.0,2014-15,6.0,19.0,0.316,3.0,9.0,0.333,0.0,4.0,0.0,9.0,28.0,0.321
203561,Brandon Davies,1610612755,PHI,23.0,2014-15,0.0,1.0,0.0,0.0,1.0,0.0,8.0,32.0,0.25,0.0,2.0,0.0
201943,Brandon Jennings,1610612765,DET,25.0,2014-15,9.0,18.0,0.5,7.0,14.0,0.5,60.0,178.0,0.337,16.0,32.0,0.5
202688,Brandon Knight,1610612756,PHX,23.0,2014-15,16.0,42.0,0.381,12.0,25.0,0.48,97.0,254.0,0.382,28.0,67.0,0.418
201575,Brandon Rush,1610612744,GSW,29.0,2014-15,1.0,6.0,0.167,0.0,1.0,0.0,2.0,20.0,0.1,1.0,7.0,0.143
2217,Brendan Haywood,1610612739,CLE,35.0,2014-15,0.0,0.0,0.0,0.0,0.0,0.0,0.0,0.0,0.0,0.0,0.0,0.0
203148,Brian Roberts,1610612766,CHA,29.0,2014-15,2.0,5.0,0.4,10.0,23.0,0.435,50.0,163.0,0.307,12.0,28.0,0.429
201572,Brook Lopez,1610612751,BKN,27.0,2014-15,0.0,0.0,0.0,0.0,4.0,0.0,1.0,6.0,0.167,0.0,4.0,0.0
203998,Bruno Caboclo,1610612761,TOR,19.0,2014-15,0.0,0.0,0.0,1.0,1.0,1.0,1.0,2.0,0.5,1.0,1.0,1.0
203955,Bryce Cotton,1610612762,UTA,22.0,2014-15,0.0,1.0,0.0,1.0,1.0,1.0,6.0,18.0,0.333,1.0,2.0,0.5
201228,C.J. Watson,1610612754,IND,31.0,2014-15,6.0,23.0,0.261,10.0,24.0,0.417,54.0,126.0,0.429,16.0,47.0,0.34
203912,C.J. Wilcox,1610612746,LAC,24.0,2014-15,2.0,5.0,0.4,0.0,0.0,0.0,5.0,14.0,0.357,2.0,5.0,0.4
203468,CJ McCollum,1610612757,POR,23.0,2014-15,12.0,28.0,0.429,7.0,19.0,0.368,36.0,92.0,0.391,19.0,47.0,0.404
101139,CJ Miles,1610612754,IND,28.0,2014-15,11.0,36.0,0.306,31.0,77.0,0.403,112.0,328.0,0.341,42.0,113.0,0.372
203946,Cameron Bairstow,1610612741,CHI,24.0,2014-15,0.0,0.0,0.0,0.0,0.0,0.0,0.0,0.0,0.0,0.0,0.0,0.0
201171,Carl Landry,1610612758,SAC,31.0,2014-15,0.0,0.0,0.0,0.0,0.0,0.0,0.0,0.0,0.0,0.0,0.0,0.0
2430,Carlos Boozer,1610612747,LAL,33.0,2014-15,0.0,0.0,0.0,0.0,0.0,0.0,0.0,0.0,0.0,0.0,0.0,0.0
2546,Carmelo Anthony,1610612752,NYK,31.0,2014-15,8.0,12.0,0.667,3.0,5.0,0.6,50.0,161.0,0.311,11.0,17.0,0.647
2406,Caron Butler,1610612765,DET,35.0,2014-15,7.0,15.0,0.467,18.0,37.0,0.486,58.0,164.0,0.354,25.0,52.0,0.481
201858,Cartier Martin,1610612765,DET,30.0,2014-15,1.0,4.0,0.25,0.0,6.0,0.0,5.0,22.0,0.227,1.0,10.0,0.1
202718,Chandler Parsons,1610612742,DAL,26.0,2014-15,17.0,50.0,0.34,19.0,49.0,0.388,96.0,248.0,0.387,36.0,99.0,0.364
101112,Channing Frye,1610612753,ORL,32.0,2014-15,6.0,14.0,0.429,5.0,20.0,0.25,125.0,312.0,0.401,11.0,34.0,0.324
101111,Charlie Villanueva,1610612742,DAL,30.0,2014-15,13.0,34.0,0.382,6.0,21.0,0.286,64.0,166.0,0.386,19.0,55.0,0.345
201978,Chase Budinger,1610612750,MIN,27.0,2014-15,9.0,23.0,0.391,7.0,21.0,0.333,36.0,99.0,0.364,16.0,44.0,0.364
2365,Chris Andersen,1610612748,MIA,36.0,2014-15,1.0,2.0,0.5,3.0,5.0,0.6,0.0,3.0,0.0,4.0,7.0,0.571
2547,Chris Bosh,1610612748,MIA,31.0,2014-15,2.0,7.0,0.286,5.0,13.0,0.385,56.0,148.0,0.378,7.0,20.0,0.35
203142,Chris Copeland,1610612754,IND,31.0,2014-15,10.0,31.0,0.323,6.0,16.0,0.375,36.0,120.0,0.3,16.0,47.0,0.34
201604,Chris Douglas-Roberts,1610612746,LAC,28.0,2014-15,1.0,5.0,0.2,0.0,1.0,0.0,0.0,1.0,0.0,1.0,6.0,0.167
203187,Chris Johnson,1610612762,UTA,25.0,2014-15,8.0,28.0,0.286,5.0,22.0,0.227,15.0,45.0,0.333,13.0,50.0,0.26
2549,Chris Kaman,1610612757,POR,33.0,2014-15,0.0,0.0,0.0,0.0,0.0,0.0,0.0,0.0,0.0,0.0,0.0,0.0
101108,Chris Paul,1610612746,LAC,30.0,2014-15,11.0,35.0,0.314,6.0,13.0,0.462,122.0,301.0,0.405,17.0,48.0,0.354
101236,Chuck Hayes,1610612761,TOR,32.0,2014-15,0.0,0.0,0.0,0.0,0.0,0.0,0.0,0.0,0.0,0.0,0.0,0.0
203921,Cleanthony Early,1610612752,NYK,24.0,2014-15,4.0,13.0,0.308,5.0,13.0,0.385,13.0,58.0,0.224,9.0,26.0,0.346
203991,Clint Capela,1610612745,HOU,21.0,2014-15,0.0,0.0,0.0,0.0,0.0,0.0,0.0,0.0,0.0,0.0,0.0,0.0
203469,Cody Zeller,1610612766,CHA,22.0,2014-15,0.0,0.0,0.0,0.0,0.0,0.0,1.0,1.0,1.0,0.0,0.0,0.0
202332,Cole Aldrich,1610612752,NYK,26.0,2014-15,0.0,0.0,0.0,0.0,0.0,0.0,0.0,0.0,0.0,0.0,0.0,0.0
201147,Corey Brewer,1610612745,HOU,29.0,2014-15,18.0,78.0,0.231,21.0,71.0,0.296,23.0,78.0,0.295,39.0,149.0,0.262
203928,Cory Jefferson,1610612751,BKN,24.0,2014-15,0.0,1.0,0.0,2.0,4.0,0.5,0.0,9.0,0.0,2.0,5.0,0.4
202709,Cory Joseph,1610612759,SAS,23.0,2014-15,6.0,16.0,0.375,3.0,9.0,0.333,7.0,16.0,0.438,9.0,25.0,0.36
201584,Courtney Lee,1610612763,MEM,29.0,2014-15,16.0,42.0,0.381,15.0,37.0,0.405,59.0,144.0,0.41,31.0,79.0,0.392
201571,D.J. Augustin,1610612760,OKC,27.0,2014-15,6.0,22.0,0.273,11.0,24.0,0.458,65.0,192.0,0.339,17.0,46.0,0.37
2563,Dahntay Jones,1610612746,LAC,34.0,2014-15,0.0,3.0,0.0,0.0,1.0,0.0,0.0,0.0,0.0,0.0,4.0,0.0
203081,Damian Lillard,1610612757,POR,24.0,2014-15,17.0,40.0,0.425,8.0,32.0,0.25,171.0,498.0,0.343,25.0,72.0,0.347
204014,Damjan Rudez,1610612754,IND,29.0,2014-15,21.0,46.0,0.457,12.0,19.0,0.632,36.0,105.0,0.343,33.0,65.0,0.508
201568,Danilo Gallinari,1610612743,DEN,26.0,2014-15,10.0,32.0,0.313,15.0,37.0,0.405,81.0,228.0,0.355,25.0,69.0,0.362
101122,Danny Granger,1610612756,PHX,32.0,2014-15,7.0,18.0,0.389,3.0,7.0,0.429,20.0,59.0,0.339,10.0,25.0,0.4
201980,Danny Green,1610612759,SAS,28.0,2014-15,31.0,79.0,0.392,41.0,74.0,0.554,119.0,303.0,0.393,72.0,153.0,0.471
201967,Dante Cunningham,1610612740,NOP,28.0,2014-15,1.0,1.0,1.0,0.0,3.0,0.0,0.0,5.0,0.0,1.0,4.0,0.25
203957,Dante Exum,1610612762,UTA,19.0,2014-15,24.0,58.0,0.414,12.0,48.0,0.25,47.0,157.0,0.299,36.0,106.0,0.34
203121,Darius Miller,1610612740,NOP,25.0,2014-15,0.0,0.0,0.0,0.0,0.0,0.0,0.0,1.0,0.0,0.0,0.0,0.0
202721,Darius Morris,1610612751,BKN,24.0,2014-15,1.0,6.0,0.167,0.0,7.0,0.0,6.0,20.0,0.3,1.0,13.0,0.077
201589,Darrell Arthur,1610612743,DEN,27.0,2014-15,2.0,8.0,0.25,1.0,11.0,0.091,23.0,90.0,0.256,3.0,19.0,0.158
201954,Darren Collison,1610612758,SAC,27.0,2014-15,9.0,19.0,0.474,15.0,31.0,0.484,36.0,108.0,0.333,24.0,50.0,0.48
101135,David Lee,1610612744,GSW,32.0,2014-15,0.0,0.0,0.0,0.0,0.0,0.0,0.0,1.0,0.0,0.0,0.0,0.0
204065,David Stockton,1610612758,SAC,24.0,2014-15,0.0,0.0,0.0,0.0,0.0,0.0,1.0,2.0,0.5,0.0,0.0,0.0
204033,David Wear,1610612758,SAC,24.0,2014-15,0.0,0.0,0.0,0.0,0.0,0.0,0.0,1.0,0.0,0.0,0.0,0.0
2561,David West,1610612754,IND,34.0,2014-15,1.0,2.0,0.5,0.0,1.0,0.0,3.0,17.0,0.176,1.0,3.0,0.333
201599,DeAndre Jordan,1610612746,LAC,26.0,2014-15,0.0,0.0,0.0,0.0,0.0,0.0,1.0,4.0,0.25,0.0,0.0,0.0
201971,DeJuan Blair,1610612764,WAS,26.0,2014-15,0.0,0.0,0.0,0.0,0.0,0.0,0.0,0.0,0.0,0.0,0.0,0.0
201942,DeMar DeRozan,1610612761,TOR,25.0,2014-15,11.0,32.0,0.344,11.0,26.0,0.423,3.0,29.0,0.103,22.0,58.0,0.379
202326,DeMarcus Cousins,1610612758,SAC,24.0,2014-15,0.0,1.0,0.0,0.0,0.0,0.0,2.0,7.0,0.286,0.0,1.0,0.0
201960,DeMarre Carroll,1610612737,ATL,28.0,2014-15,23.0,50.0,0.46,37.0,86.0,0.43,60.0,168.0,0.357,60.0,136.0,0.441
203471,Dennis Schröder,1610612737,ATL,21.0,2014-15,2.0,5.0,0.4,1.0,10.0,0.1,49.0,132.0,0.371,3.0,15.0,0.2
101114,Deron Williams,1610612751,BKN,31.0,2014-15,9.0,20.0,0.45,8.0,18.0,0.444,70.0,196.0,0.357,17.0,38.0,0.447
202324,Derrick Favors,1610612762,UTA,23.0,2014-15,1.0,1.0,1.0,0.0,1.0,0.0,0.0,4.0,0.0,1.0,2.0,0.5
201565,Derrick Rose,1610612741,CHI,26.0,2014-15,4.0,8.0,0.5,0.0,4.0,0.0,71.0,253.0,0.281,4.0,12.0,0.333
202682,Derrick Williams,1610612758,SAC,24.0,2014-15,10.0,22.0,0.455,9.0,26.0,0.346,30.0,108.0,0.278,19.0,48.0,0.396
2734,Devin Harris,1610612742,DAL,32.0,2014-15,12.0,22.0,0.545,17.0,26.0,0.654,65.0,213.0,0.305,29.0,48.0,0.604
203906,Devyn Marble,1610612753,ORL,22.0,2014-15,1.0,8.0,0.125,0.0,6.0,0.0,3.0,8.0,0.375,1.0,14.0,0.071
203473,Dewayne Dedmon,1610612753,ORL,25.0,2014-15,0.0,0.0,0.0,0.0,0.0,0.0,0.0,1.0,0.0,0.0,0.0,0.0
203079,Dion Waiters,1610612760,OKC,23.0,2014-15,19.0,57.0,0.333,18.0,53.0,0.34,36.0,136.0,0.265,37.0,110.0,0.336
1717,Dirk Nowitzki,1610612742,DAL,37.0,2014-15,3.0,10.0,0.3,1.0,1.0,1.0,100.0,263.0,0.38,4.0,11.0,0.364
202388,Donald Sloan,1610612754,IND,27.0,2014-15,3.0,5.0,0.6,2.0,12.0,0.167,36.0,112.0,0.321,5.0,17.0,0.294
202700,Donatas Motiejunas,1610612745,HOU,24.0,2014-15,10.0,32.0,0.313,11.0,26.0,0.423,28.0,74.0,0.378,21.0,58.0,0.362
2748,Dorell Wright,1610612757,POR,29.0,2014-15,8.0,20.0,0.4,6.0,17.0,0.353,27.0,70.0,0.386,14.0,37.0,0.378
203926,Doug McDermott,1610612741,CHI,23.0,2014-15,1.0,4.0,0.25,1.0,3.0,0.333,11.0,34.0,0.324,2.0,7.0,0.286
203110,Draymond Green,1610612744,GSW,25.0,2014-15,3.0,20.0,0.15,5.0,9.0,0.556,103.0,300.0,0.343,8.0,29.0,0.276
2400,Drew Gooden,1610612764,WAS,33.0,2014-15,2.0,4.0,0.5,4.0,8.0,0.5,17.0,46.0,0.37,6.0,12.0,0.5
204079,Drew Gordon,1610612755,PHI,24.0,2014-15,0.0,0.0,0.0,0.0,0.0,0.0,0.0,3.0,0.0,0.0,0.0,0.0
202779,Dwight Buycks,1610612747,LAL,26.0,2014-15,1.0,1.0,1.0,1.0,1.0,1.0,5.0,9.0,0.556,2.0,2.0,1.0
2730,Dwight Howard,1610612745,HOU,29.0,2014-15,0.0,0.0,0.0,0.0,0.0,0.0,1.0,1.0,1.0,0.0,0.0,0.0
203939,Dwight Powell,1610612742,DAL,23.0,2014-15,1.0,3.0,0.333,1.0,1.0,1.0,1.0,7.0,0.143,2.0,4.0,0.5
2548,Dwyane Wade,1610612748,MIA,33.0,2014-15,5.0,13.0,0.385,1.0,5.0,0.2,23.0,83.0,0.277,6.0,18.0,0.333
202734,E'Twaun Moore,1610612741,CHI,26.0,2014-15,4.0,14.0,0.286,2.0,2.0,1.0,7.0,22.0,0.318,6.0,16.0,0.375
2853,Earl Barron,1610612756,PHX,33.0,2014-15,0.0,0.0,0.0,1.0,1.0,1.0,1.0,3.0,0.333,1.0,1.0,1.0
201947,Earl Clark,1610612751,BKN,27.0,2014-15,0.0,1.0,0.0,0.0,1.0,0.0,4.0,12.0,0.333,0.0,2.0,0.0
202334,Ed Davis,1610612747,LAL,26.0,2014-15,0.0,0.0,0.0,0.0,0.0,0.0,0.0,0.0,0.0,0.0,0.0,0.0
202327,Ekpe Udoh,1610612746,LAC,28.0,2014-15,0.0,0.0,0.0,0.0,0.0,0.0,0.0,0.0,0.0,0.0,0.0,0.0
203901,Elfrid Payton,1610612753,ORL,21.0,2014-15,2.0,6.0,0.333,3.0,7.0,0.429,6.0,29.0,0.207,5.0,13.0,0.385
202407,Elijah Millsap,1610612762,UTA,27.0,2014-15,4.0,7.0,0.571,8.0,25.0,0.32,16.0,56.0,0.286,12.0,32.0,0.375
202343,Elliot Williams,1610612755,PHI,26.0,2014-15,1.0,2.0,0.5,1.0,1.0,1.0,6.0,15.0,0.4,2.0,3.0,0.667
1882,Elton Brand,1610612737,ATL,36.0,2014-15,0.0,1.0,0.0,0.0,0.0,0.0,0.0,0.0,0.0,0.0,1.0,0.0
202683,Enes Freedom,1610612760,OKC,23.0,2014-15,10.0,25.0,0.4,2.0,10.0,0.2,4.0,10.0,0.4,12.0,35.0,0.343
202339,Eric Bledsoe,1610612756,PHX,25.0,2014-15,4.0,20.0,0.2,12.0,28.0,0.429,72.0,222.0,0.324,16.0,48.0,0.333
201569,Eric Gordon,1610612740,NOP,26.0,2014-15,8.0,21.0,0.381,13.0,29.0,0.448,120.0,263.0,0.456,21.0,50.0,0.42
203961,Eric Moreland,1610612758,SAC,23.0,2014-15,,,,,,,0.0,0.0,0.0,,,
203475,Erick Green,1610612743,DEN,24.0,2014-15,3.0,8.0,0.375,4.0,9.0,0.444,8.0,31.0,0.258,7.0,17.0,0.412
101141,Ersan Ilyasova,1610612749,MIL,28.0,2014-15,5.0,10.0,0.5,7.0,15.0,0.467,62.0,165.0,0.376,12.0,25.0,0.48
203095,Evan Fournier,1610612753,ORL,22.0,2014-15,8.0,26.0,0.308,8.0,20.0,0.4,69.0,176.0,0.392,16.0,46.0,0.348
202323,Evan Turner,1610612738,BOS,26.0,2014-15,7.0,21.0,0.333,6.0,20.0,0.3,20.0,78.0,0.256,13.0,41.0,0.317
203105,Festus Ezeli,1610612744,GSW,25.0,2014-15,0.0,0.0,0.0,0.0,0.0,0.0,0.0,0.0,0.0,0.0,0.0,0.0
101128,Francisco Garcia,1610612745,HOU,33.0,2014-15,2.0,6.0,0.333,3.0,12.0,0.25,5.0,26.0,0.192,5.0,18.0,0.278
203128,Furkan Aldemir,1610612755,PHI,23.0,2014-15,0.0,1.0,0.0,0.0,0.0,0.0,0.0,4.0,0.0,0.0,1.0,0.0
203539,Gal Mekel,1610612742,DAL,27.0,2014-15,0.0,0.0,0.0,0.0,1.0,0.0,0.0,2.0,0.0,0.0,1.0,0.0
202066,Garrett Temple,1610612764,WAS,29.0,2014-15,4.0,20.0,0.2,10.0,17.0,0.588,19.0,50.0,0.38,14.0,37.0,0.378
203914,Gary Harris,1610612743,DEN,20.0,2014-15,4.0,23.0,0.174,2.0,12.0,0.167,15.0,68.0,0.221,6.0,35.0,0.171
202390,Gary Neal,1610612750,MIN,30.0,2014-15,2.0,10.0,0.2,3.0,11.0,0.273,45.0,143.0,0.315,5.0,21.0,0.238
201588,George Hill,1610612754,IND,29.0,2014-15,9.0,27.0,0.333,5.0,16.0,0.313,55.0,148.0,0.372,14.0,43.0,0.326
101123,Gerald Green,1610612756,PHX,29.0,2014-15,18.0,51.0,0.353,20.0,59.0,0.339,99.0,274.0,0.361,38.0,110.0,0.345
201945,Gerald Henderson,1610612766,CHA,27.0,2014-15,13.0,27.0,0.481,16.0,42.0,0.381,16.0,67.0,0.239,29.0,69.0,0.42
2222,Gerald Wallace,1610612738,BOS,32.0,2014-15,1.0,1.0,1.0,0.0,0.0,0.0,0.0,1.0,0.0,1.0,1.0,1.0
203507,Giannis Antetokounmpo,1610612749,MIL,20.0,2014-15,0.0,3.0,0.0,1.0,4.0,0.25,6.0,36.0,0.167,1.0,7.0,0.143
203540,Gigi Datome,1610612738,BOS,27.0,2014-15,0.0,2.0,0.0,1.0,3.0,0.333,17.0,35.0,0.486,1.0,5.0,0.2
201175,Glen Davis,1610612746,LAC,29.0,2014-15,0.0,0.0,0.0,0.0,0.0,0.0,0.0,3.0,0.0,0.0,0.0,0.0
203318,Glen Rice,1610612764,WAS,24.0,2014-15,0.0,0.0,0.0,1.0,2.0,0.5,0.0,5.0,0.0,1.0,2.0,0.5
203922,Glenn Robinson III,1610612755,PHI,21.0,2014-15,2.0,6.0,0.333,0.0,0.0,0.0,3.0,13.0,0.231,2.0,6.0,0.333
201609,Goran Dragic,1610612748,MIA,29.0,2014-15,14.0,42.0,0.333,15.0,43.0,0.349,61.0,174.0,0.351,29.0,85.0,0.341
202330,Gordon Hayward,1610612762,UTA,25.0,2014-15,11.0,22.0,0.5,10.0,28.0,0.357,99.0,279.0,0.355,21.0,50.0,0.42
203476,Gorgui Dieng,1610612750,MIN,25.0,2014-15,0.0,0.0,0.0,0.0,0.0,0.0,1.0,3.0,0.333,0.0,0.0,0.0
203511,Grant Jerrett,1610612762,UTA,21.0,2014-15,0.0,1.0,0.0,0.0,3.0,0.0,1.0,11.0,0.091,0.0,4.0,0.0
202328,Greg Monroe,1610612765,DET,25.0,2014-15,0.0,0.0,0.0,0.0,0.0,0.0,0.0,0.0,0.0,0.0,0.0,0.0
202962,Greg Smith,1610612742,DAL,24.0,2014-15,0.0,0.0,0.0,0.0,0.0,0.0,0.0,0.0,0.0,0.0,0.0,0.0
201880,Greg Stiemsma,1610612761,TOR,29.0,2014-15,0.0,0.0,0.0,0.0,0.0,0.0,0.0,0.0,0.0,0.0,0.0,0.0
202349,Greivis Vasquez,1610612761,TOR,28.0,2014-15,10.0,17.0,0.588,13.0,32.0,0.406,110.0,299.0,0.368,23.0,49.0,0.469
203084,Harrison Barnes,1610612744,GSW,23.0,2014-15,23.0,62.0,0.371,31.0,53.0,0.585,33.0,99.0,0.333,54.0,115.0,0.47
202355,Hassan Whiteside,1610612748,MIA,26.0,2014-15,0.0,0.0,0.0,0.0,0.0,0.0,0.0,0.0,0.0,0.0,0.0,0.0
2045,Hedo Turkoglu,1610612746,LAC,36.0,2014-15,6.0,11.0,0.545,12.0,22.0,0.545,42.0,106.0,0.396,18.0,33.0,0.545
203156,Henry Sims,1610612755,PHI,25.0,2014-15,0.0,3.0,0.0,0.0,2.0,0.0,4.0,17.0,0.235,0.0,5.0,0.0
201611,Henry Walker,1610612748,MIA,27.0,2014-15,4.0,14.0,0.286,2.0,12.0,0.167,39.0,105.0,0.371,6.0,26.0,0.231
203138,Hollis Thompson,1610612755,PHI,24.0,2014-15,15.0,30.0,0.5,10.0,28.0,0.357,90.0,229.0,0.393,25.0,58.0,0.431
203546,Ian Clark,1610612743,DEN,24.0,2014-15,2.0,4.0,0.5,4.0,8.0,0.5,4.0,18.0,0.222,6.0,12.0,0.5
101133,Ian Mahinmi,1610612754,IND,28.0,2014-15,0.0,0.0,0.0,0.0,0.0,0.0,0.0,0.0,0.0,0.0,0.0,0.0
202697,Iman Shumpert,1610612739,CLE,25.0,2014-15,12.0,38.0,0.316,13.0,41.0,0.317,42.0,116.0,0.362,25.0,79.0,0.316
203477,Isaiah Canaan,1610612755,PHI,24.0,2014-15,9.0,19.0,0.474,6.0,20.0,0.3,76.0,206.0,0.369,15.0,39.0,0.385
202738,Isaiah Thomas,1610612738,BOS,26.0,2014-15,7.0,20.0,0.35,11.0,24.0,0.458,111.0,300.0,0.37,18.0,44.0,0.409
202397,Ish Smith,1610612755,PHI,26.0,2014-15,1.0,6.0,0.167,2.0,8.0,0.25,15.0,46.0,0.326,3.0,14.0,0.214
200826,J.J. Barea,1610612742,DAL,31.0,2014-15,12.0,16.0,0.75,3.0,13.0,0.231,39.0,137.0,0.285,15.0,29.0,0.517
201581,JJ Hickson,1610612743,DEN,26.0,2014-15,0.0,1.0,0.0,0.0,0.0,0.0,0.0,0.0,0.0,0.0,1.0,0.0
200755,JJ Redick,1610612746,LAC,31.0,2014-15,33.0,76.0,0.434,27.0,58.0,0.466,140.0,324.0,0.432,60.0,134.0,0.448
2747,JR Smith,1610612739,CLE,29.0,2014-15,21.0,45.0,0.467,13.0,39.0,0.333,129.0,339.0,0.381,34.0,84.0,0.405
203960,JaKarr Sampson,1610612755,PHI,22.0,2014-15,5.0,25.0,0.2,5.0,21.0,0.238,21.0,78.0,0.269,10.0,46.0,0.217
203210,JaMychal Green,1610612763,MEM,25.0,2014-15,0.0,1.0,0.0,0.0,2.0,0.0,0.0,3.0,0.0,0.0,3.0,0.0
201580,JaVale McGee,1610612743,DEN,27.0,2014-15,0.0,0.0,0.0,0.0,0.0,0.0,0.0,0.0,0.0,0.0,0.0,0.0
203913,Jabari Brown,1610612747,LAL,22.0,2014-15,1.0,5.0,0.2,2.0,4.0,0.5,20.0,53.0,0.377,3.0,9.0,0.333
203953,Jabari Parker,1610612749,MIL,20.0,2014-15,1.0,1.0,1.0,1.0,4.0,0.25,2.0,11.0,0.182,2.0,5.0,0.4
204022,Jack Cooley,1610612762,UTA,24.0,2014-15,0.0,0.0,0.0,0.0,0.0,0.0,0.0,0.0,0.0,0.0,0.0,0.0
203109,Jae Crowder,1610612738,BOS,24.0,2014-15,10.0,25.0,0.4,6.0,29.0,0.207,45.0,151.0,0.298,16.0,54.0,0.296
203479,Jamaal Franklin,1610612743,DEN,23.0,2014-15,0.0,0.0,0.0,0.0,0.0,0.0,1.0,2.0,0.5,0.0,0.0,0.0
2037,Jamal Crawford,1610612746,LAC,35.0,2014-15,14.0,38.0,0.368,12.0,34.0,0.353,93.0,285.0,0.326,26.0,72.0,0.361
2749,Jameer Nelson,1610612743,DEN,33.0,2014-15,8.0,16.0,0.5,4.0,10.0,0.4,77.0,232.0,0.332,12.0,26.0,0.462
203516,James Ennis III,1610612748,MIA,24.0,2014-15,6.0,22.0,0.273,9.0,22.0,0.409,16.0,50.0,0.32,15.0,44.0,0.341
201935,James Harden,1610612745,HOU,25.0,2014-15,10.0,25.0,0.4,20.0,38.0,0.526,178.0,491.0,0.363,30.0,63.0,0.476
201949,James Johnson,1610612761,TOR,28.0,2014-15,4.0,11.0,0.364,3.0,14.0,0.214,4.0,26.0,0.154,7.0,25.0,0.28
2592,James Jones,1610612739,CLE,34.0,2014-15,12.0,38.0,0.316,7.0,23.0,0.304,44.0,114.0,0.386,19.0,61.0,0.311
203949,James Michael McAdoo,1610612744,GSW,22.0,2014-15,0.0,0.0,0.0,0.0,0.0,0.0,0.0,0.0,0.0,0.0,0.0,0.0
203923,James Young,1610612738,BOS,19.0,2014-15,0.0,3.0,0.0,2.0,10.0,0.2,15.0,53.0,0.283,2.0,13.0,0.154
2457,Jannero Pargo,1610612766,CHA,35.0,2014-15,2.0,2.0,1.0,1.0,1.0,1.0,6.0,17.0,0.353,3.0,3.0,1.0
203099,Jared Cunningham,1610612746,LAC,24.0,2014-15,1.0,3.0,0.333,1.0,4.0,0.25,2.0,6.0,0.333,2.0,7.0,0.286
201162,Jared Dudley,1610612749,MIL,29.0,2014-15,12.0,24.0,0.5,15.0,46.0,0.326,47.0,122.0,0.385,27.0,70.0,0.386
203096,Jared Sullinger,1610612738,BOS,23.0,2014-15,3.0,10.0,0.3,1.0,1.0,1.0,48.0,172.0,0.279,4.0,11.0,0.364
203950,Jarnell Stokes,1610612763,MEM,21.0,2014-15,0.0,0.0,0.0,0.0,0.0,0.0,0.0,0.0,0.0,0.0,0.0,0.0
101127,Jarrett Jack,1610612751,BKN,31.0,2014-15,12.0,29.0,0.414,8.0,14.0,0.571,19.0,96.0,0.198,20.0,43.0,0.465
101131,Jason Maxiell,1610612766,CHA,32.0,2014-15,0.0,0.0,0.0,0.0,0.0,0.0,0.0,0.0,0.0,0.0,0.0,0.0
2202,Jason Richardson,1610612755,PHI,34.0,2014-15,1.0,6.0,0.167,6.0,14.0,0.429,24.0,76.0,0.316,7.0,20.0,0.35
201160,Jason Smith,1610612752,NYK,29.0,2014-15,7.0,19.0,0.368,8.0,17.0,0.471,0.0,6.0,0.0,15.0,36.0,0.417
1891,Jason Terry,1610612745,HOU,37.0,2014-15,33.0,61.0,0.541,38.0,85.0,0.447,55.0,177.0,0.311,71.0,146.0,0.486
201574,Jason Thompson,1610612758,SAC,28.0,2014-15,0.0,0.0,0.0,0.0,0.0,0.0,0.0,0.0,0.0,0.0,0.0,0.0
202399,Jeff Adrien,1610612745,HOU,29.0,2014-15,0.0,0.0,0.0,0.0,0.0,0.0,0.0,0.0,0.0,0.0,0.0,0.0
201965,Jeff Ayres,1610612759,SAS,28.0,2014-15,0.0,0.0,0.0,0.0,0.0,0.0,0.0,0.0,0.0,0.0,0.0,0.0
201145,Jeff Green,1610612763,MEM,28.0,2014-15,17.0,36.0,0.472,17.0,46.0,0.37,63.0,205.0,0.307,34.0,82.0,0.415
201952,Jeff Teague,1610612737,ATL,27.0,2014-15,4.0,14.0,0.286,4.0,11.0,0.364,63.0,182.0,0.346,8.0,25.0,0.32
203481,Jeff Withey,1610612740,NOP,25.0,2014-15,0.0,0.0,0.0,0.0,0.0,0.0,0.0,0.0,0.0,0.0,0.0,0.0
203106,Jeffery Taylor,1610612766,CHA,26.0,2014-15,2.0,9.0,0.222,4.0,7.0,0.571,5.0,20.0,0.25,6.0,16.0,0.375
203924,Jerami Grant,1610612755,PHI,21.0,2014-15,11.0,32.0,0.344,5.0,13.0,0.385,33.0,111.0,0.297,16.0,45.0,0.356
202077,Jerel McNeal,1610612756,PHX,28.0,2014-15,0.0,0.0,0.0,0.0,0.0,0.0,1.0,2.0,0.5,0.0,0.0,0.0
202379,Jeremy Evans,1610612762,UTA,27.0,2014-15,0.0,1.0,0.0,2.0,2.0,1.0,0.0,2.0,0.0,2.0,3.0,0.667
203087,Jeremy Lamb,1610612760,OKC,23.0,2014-15,2.0,10.0,0.2,2.0,5.0,0.4,34.0,94.0,0.362,4.0,15.0,0.267
202391,Jeremy Lin,1610612747,LAL,26.0,2014-15,3.0,8.0,0.375,3.0,8.0,0.375,59.0,159.0,0.371,6.0,16.0,0.375
202366,Jerome Jordan,1610612751,BKN,28.0,2014-15,0.0,0.0,0.0,0.0,0.0,0.0,0.0,0.0,0.0,0.0,0.0,0.0
203968,Jerrelle Benimon,1610612743,DEN,23.0,2014-15,,,,,,,0.0,0.0,0.0,,,
201573,Jerryd Bayless,1610612749,MIL,26.0,2014-15,8.0,31.0,0.258,8.0,24.0,0.333,21.0,64.0,0.328,16.0,55.0,0.291
202690,Jimmer Fredette,1610612740,NOP,26.0,2014-15,2.0,3.0,0.667,1.0,9.0,0.111,6.0,36.0,0.167,3.0,12.0,0.25
202710,Jimmy Butler III,1610612741,CHI,25.0,2014-15,12.0,22.0,0.545,10.0,26.0,0.385,51.0,143.0,0.357,22.0,48.0,0.458
201149,Joakim Noah,1610612741,CHI,30.0,2014-15,0.0,0.0,0.0,0.0,0.0,0.0,0.0,0.0,0.0,0.0,0.0,0.0
201975,Jodie Meeks,1610612765,DET,27.0,2014-15,12.0,28.0,0.429,5.0,19.0,0.263,57.0,165.0,0.345,17.0,47.0,0.362
203925,Joe Harris,1610612739,CLE,23.0,2014-15,8.0,25.0,0.32,9.0,20.0,0.45,14.0,39.0,0.359,17.0,45.0,0.378
204060,Joe Ingles,1610612762,UTA,27.0,2014-15,13.0,34.0,0.382,16.0,32.0,0.5,43.0,135.0,0.319,29.0,66.0,0.439
2207,Joe Johnson,1610612751,BKN,34.0,2014-15,16.0,51.0,0.314,16.0,46.0,0.348,89.0,238.0,0.374,32.0,97.0,0.33
201202,Joel Anthony,1610612765,DET,32.0,2014-15,0.0,0.0,0.0,0.0,0.0,0.0,0.0,0.0,0.0,0.0,0.0,0.0
200777,Joel Freeland,1610612757,POR,28.0,2014-15,0.0,0.0,0.0,0.0,0.0,0.0,0.0,0.0,0.0,0.0,0.0,0.0
201595,Joey Dorsey,1610612745,HOU,31.0,2014-15,0.0,0.0,0.0,0.0,0.0,0.0,0.0,0.0,0.0,0.0,0.0,0.0
203530,Joffrey Lauvergne,1610612743,DEN,23.0,2014-15,0.0,3.0,0.0,0.0,4.0,0.0,3.0,8.0,0.375,0.0,7.0,0.0
203089,John Henson,1610612749,MIL,24.0,2014-15,0.0,0.0,0.0,0.0,0.0,0.0,0.0,0.0,0.0,0.0,0.0,0.0
203098,John Jenkins,1610612737,ATL,24.0,2014-15,4.0,5.0,0.8,4.0,12.0,0.333,13.0,35.0,0.371,8.0,17.0,0.471
101249,John Lucas III,1610612765,DET,32.0,2014-15,2.0,4.0,0.5,0.0,0.0,0.0,7.0,25.0,0.28,2.0,4.0,0.5
2422,John Salmons,1610612740,NOP,35.0,2014-15,0.0,4.0,0.0,2.0,5.0,0.4,6.0,17.0,0.353,2.0,9.0,0.222
202322,John Wall,1610612764,WAS,24.0,2014-15,6.0,23.0,0.261,5.0,20.0,0.25,54.0,167.0,0.323,11.0,43.0,0.256
203948,Johnny O'Bryant III,1610612749,MIL,22.0,2014-15,0.0,0.0,0.0,0.0,0.0,0.0,0.0,0.0,0.0,0.0,0.0,0.0
202720,Jon Leuer,1610612763,MEM,26.0,2014-15,2.0,5.0,0.4,2.0,5.0,0.4,3.0,19.0,0.158,4.0,10.0,0.4
201973,Jonas Jerebko,1610612738,BOS,28.0,2014-15,9.0,18.0,0.5,9.0,20.0,0.45,36.0,102.0,0.353,18.0,38.0,0.474
202685,Jonas Valančiūnas,1610612761,TOR,23.0,2014-15,0.0,0.0,0.0,0.0,0.0,0.0,0.0,1.0,0.0,0.0,0.0,0.0
203919,Jordan Adams,1610612763,MEM,20.0,2014-15,1.0,5.0,0.2,1.0,4.0,0.25,8.0,16.0,0.5,2.0,9.0,0.222
203903,Jordan Clarkson,1610612747,LAL,23.0,2014-15,3.0,10.0,0.3,1.0,2.0,0.5,34.0,109.0,0.312,4.0,12.0,0.333
200770,Jordan Farmar,1610612746,LAC,28.0,2014-15,3.0,12.0,0.25,4.0,10.0,0.4,28.0,75.0,0.373,7.0,22.0,0.318
202706,Jordan Hamilton,1610612746,LAC,24.0,2014-15,1.0,1.0,1.0,1.0,1.0,1.0,8.0,19.0,0.421,2.0,2.0,1.0
201941,Jordan Hill,1610612747,LAL,27.0,2014-15,1.0,2.0,0.5,1.0,4.0,0.25,1.0,5.0,0.2,2.0,6.0,0.333
203268,Jorge Gutierrez,1610612749,MIL,26.0,2014-15,0.0,1.0,0.0,0.0,0.0,0.0,0.0,2.0,0.0,0.0,1.0,0.0
101181,Jose Calderon,1610612752,NYK,33.0,2014-15,7.0,19.0,0.368,7.0,10.0,0.7,45.0,113.0,0.398,14.0,29.0,0.483
201177,Josh McRoberts,1610612748,MIA,28.0,2014-15,0.0,0.0,0.0,0.0,0.0,0.0,8.0,19.0,0.421,0.0,0.0,0.0
2746,Josh Smith,1610612745,HOU,29.0,2014-15,10.0,26.0,0.385,13.0,27.0,0.481,49.0,174.0,0.282,23.0,53.0,0.434
201950,Jrue Holiday,1610612740,NOP,25.0,2014-15,7.0,17.0,0.412,7.0,20.0,0.35,37.0,98.0,0.378,14.0,37.0,0.378
203944,Julius Randle,1610612747,LAL,20.0,2014-15,0.0,0.0,0.0,0.0,0.0,0.0,0.0,0.0,0.0,0.0,0.0,0.0
203120,Justin Hamilton,1610612750,MIN,25.0,2014-15,1.0,3.0,0.333,0.0,2.0,0.0,9.0,26.0,0.346,1.0,5.0,0.2
203200,Justin Holiday,1610612744,GSW,26.0,2014-15,3.0,10.0,0.3,9.0,18.0,0.5,23.0,80.0,0.288,12.0,28.0,0.429
203994,Jusuf Nurkić,1610612743,DEN,20.0,2014-15,0.0,1.0,0.0,0.0,0.0,0.0,0.0,1.0,0.0,0.0,1.0,0.0
203909,KJ McDaniels,1610612745,HOU,22.0,2014-15,8.0,25.0,0.32,2.0,6.0,0.333,33.0,119.0,0.277,10.0,31.0,0.323
203564,Kalin Lucas,1610612763,MEM,26.0,2014-15,0.0,0.0,0.0,0.0,0.0,0.0,0.0,0.0,0.0,0.0,0.0,0.0
202695,Kawhi Leonard,1610612759,SAS,24.0,2014-15,19.0,43.0,0.442,15.0,33.0,0.455,33.0,116.0,0.284,34.0,76.0,0.447
203482,Kelly Olynyk,1610612738,BOS,24.0,2014-15,5.0,10.0,0.5,2.0,9.0,0.222,54.0,155.0,0.348,7.0,19.0,0.368
202689,Kemba Walker,1610612766,CHA,25.0,2014-15,6.0,17.0,0.353,1.0,9.0,0.111,78.0,250.0,0.312,7.0,26.0,0.269
203088,Kendall Marshall,1610612749,MIL,23.0,2014-15,0.0,5.0,0.0,1.0,4.0,0.25,17.0,37.0,0.459,1.0,9.0,0.111
2570,Kendrick Perkins,1610612739,CLE,30.0,2014-15,0.0,0.0,0.0,0.0,0.0,0.0,0.0,0.0,0.0,0.0,0.0,0.0
202702,Kenneth Faried,1610612743,DEN,25.0,2014-15,0.0,1.0,0.0,1.0,1.0,1.0,0.0,2.0,0.0,1.0,2.0,0.5
203145,Kent Bazemore,1610612737,ATL,25.0,2014-15,13.0,34.0,0.382,14.0,30.0,0.467,21.0,68.0,0.309,27.0,64.0,0.422
203484,Kentavious Caldwell-Pope,1610612765,DET,22.0,2014-15,27.0,70.0,0.386,16.0,47.0,0.34,110.0,323.0,0.341,43.0,117.0,0.368
2030,Kenyon Martin,1610612749,MIL,37.0,2014-15,0.0,0.0,0.0,0.0,0.0,0.0,0.0,0.0,0.0,0.0,0.0,0.0
201142,Kevin Durant,1610612760,OKC,26.0,2014-15,5.0,8.0,0.625,3.0,7.0,0.429,56.0,144.0,0.389,8.0,15.0,0.533
708,Kevin Garnett,1610612750,MIN,39.0,2014-15,0.0,0.0,0.0,0.0,2.0,0.0,1.0,5.0,0.2,0.0,2.0,0.0
201567,Kevin Love,1610612739,CLE,26.0,2014-15,30.0,82.0,0.366,18.0,47.0,0.383,96.0,263.0,0.365,48.0,129.0,0.372
2755,Kevin Martin,1610612750,MIN,32.0,2014-15,21.0,34.0,0.618,1.0,5.0,0.2,53.0,152.0,0.349,22.0,39.0,0.564
202338,Kevin Seraphin,1610612764,WAS,25.0,2014-15,0.0,0.0,0.0,0.0,0.0,0.0,0.0,1.0,0.0,0.0,0.0,0.0
203114,Khris Middleton,1610612749,MIL,23.0,2014-15,34.0,68.0,0.5,22.0,41.0,0.537,53.0,159.0,0.333,56.0,109.0,0.514
2550,Kirk Hinrich,1610612741,CHI,34.0,2014-15,13.0,38.0,0.342,12.0,27.0,0.444,34.0,103.0,0.33,25.0,65.0,0.385
202691,Klay Thompson,1610612744,GSW,25.0,2014-15,28.0,57.0,0.491,39.0,73.0,0.534,172.0,412.0,0.417,67.0,130.0,0.515
977,Kobe Bryant,1610612747,LAL,36.0,2014-15,6.0,7.0,0.857,4.0,13.0,0.308,44.0,163.0,0.27,10.0,20.0,0.5
201585,Kosta Koufos,1610612763,MEM,26.0,2014-15,0.0,0.0,0.0,0.0,0.0,0.0,0.0,0.0,0.0,0.0,0.0,0.0
203123,Kostas Papanikolaou,1610612745,HOU,24.0,2014-15,9.0,28.0,0.321,5.0,16.0,0.313,17.0,62.0,0.274,14.0,44.0,0.318
2743,Kris Humphries,1610612764,WAS,30.0,2014-15,0.0,1.0,0.0,0.0,4.0,0.0,0.0,2.0,0.0,0.0,5.0,0.0
203937,Kyle Anderson,1610612759,SAS,21.0,2014-15,1.0,4.0,0.25,2.0,2.0,1.0,0.0,5.0,0.0,3.0,6.0,0.5
2594,Kyle Korver,1610612737,ATL,34.0,2014-15,28.0,56.0,0.5,33.0,58.0,0.569,160.0,335.0,0.478,61.0,114.0,0.535
200768,Kyle Lowry,1610612761,TOR,29.0,2014-15,16.0,50.0,0.32,5.0,13.0,0.385,111.0,326.0,0.34,21.0,63.0,0.333
203124,Kyle O'Quinn,1610612753,ORL,25.0,2014-15,0.0,0.0,0.0,3.0,6.0,0.5,9.0,36.0,0.25,3.0,6.0,0.5
202713,Kyle Singler,1610612760,OKC,27.0,2014-15,16.0,39.0,0.41,26.0,61.0,0.426,54.0,142.0,0.38,42.0,100.0,0.42
202681,Kyrie Irving,1610612739,CLE,23.0,2014-15,19.0,37.0,0.514,21.0,44.0,0.477,115.0,294.0,0.391,40.0,81.0,0.494
200746,LaMarcus Aldridge,1610612757,POR,29.0,2014-15,9.0,19.0,0.474,2.0,13.0,0.154,26.0,72.0,0.361,11.0,32.0,0.344
202362,Lance Stephenson,1610612766,CHA,24.0,2014-15,0.0,4.0,0.0,1.0,5.0,0.2,17.0,94.0,0.181,1.0,9.0,0.111
202498,Lance Thomas,1610612752,NYK,27.0,2014-15,4.0,12.0,0.333,3.0,8.0,0.375,0.0,2.0,0.0,7.0,20.0,0.35
202361,Landry Fields,1610612761,TOR,27.0,2014-15,0.0,0.0,0.0,1.0,2.0,0.5,0.0,0.0,0.0,1.0,2.0,0.5
204038,Langston Galloway,1610612752,NYK,23.0,2014-15,2.0,9.0,0.222,7.0,17.0,0.412,52.0,145.0,0.359,9.0,26.0,0.346
203580,Larry Drew II,1610612755,PHI,25.0,2014-15,1.0,2.0,0.5,0.0,0.0,0.0,3.0,22.0,0.136,1.0,2.0,0.5
202336,Larry Sanders,1610612749,MIL,26.0,2014-15,0.0,0.0,0.0,0.0,0.0,0.0,0.0,0.0,0.0,0.0,0.0,0.0
202730,Lavoy Allen,1610612754,IND,26.0,2014-15,0.0,0.0,0.0,0.0,0.0,0.0,0.0,0.0,0.0,0.0,0.0,0.0
2544,LeBron James,1610612739,CLE,30.0,2014-15,6.0,18.0,0.333,9.0,23.0,0.391,105.0,298.0,0.352,15.0,41.0,0.366
2571,Leandro Barbosa,1610612744,GSW,32.0,2014-15,5.0,13.0,0.385,9.0,18.0,0.5,29.0,80.0,0.363,14.0,31.0,0.452
201991,Lester Hudson,1610612746,LAC,30.0,2014-15,0.0,2.0,0.0,1.0,2.0,0.5,2.0,2.0,1.0,1.0,4.0,0.25
203485,Lorenzo Brown,1610612750,MIN,24.0,2014-15,0.0,2.0,0.0,0.0,2.0,0.0,6.0,23.0,0.261,0.0,4.0,0.0
200811,Lou Amundson,1610612752,NYK,32.0,2014-15,0.0,0.0,0.0,0.0,0.0,0.0,0.0,0.0,0.0,0.0,0.0,0.0
101150,Lou Williams,1610612761,TOR,28.0,2014-15,35.0,73.0,0.479,15.0,31.0,0.484,102.0,342.0,0.298,50.0,104.0,0.481
201601,Luc Mbah a Moute,1610612755,PHI,28.0,2014-15,6.0,17.0,0.353,5.0,17.0,0.294,51.0,167.0,0.305,11.0,34.0,0.324
203512,Lucas Nogueira,1610612761,TOR,22.0,2014-15,0.0,0.0,0.0,0.0,0.0,0.0,0.0,0.0,0.0,0.0,0.0,0.0
2449,Luis Scola,1610612754,IND,35.0,2014-15,3.0,9.0,0.333,1.0,2.0,0.5,1.0,6.0,0.167,4.0,11.0,0.364
202337,Luke Babbitt,1610612740,NOP,26.0,2014-15,16.0,31.0,0.516,12.0,19.0,0.632,31.0,64.0,0.484,28.0,50.0,0.56
2557,Luke Ridnour,1610612753,ORL,34.0,2014-15,7.0,14.0,0.5,2.0,7.0,0.286,11.0,42.0,0.262,9.0,21.0,0.429
2736,Luol Deng,1610612748,MIA,30.0,2014-15,17.0,45.0,0.378,33.0,70.0,0.471,28.0,102.0,0.275,50.0,115.0,0.435
202723,Malcolm Lee,1610612755,PHI,25.0,2014-15,,,,,,,,,,,,
202952,Malcolm Thomas,1610612755,PHI,26.0,2014-15,0.0,1.0,0.0,0.0,0.0,0.0,0.0,6.0,0.0,0.0,1.0,0.0
1938,Manu Ginobili,1610612759,SAS,37.0,2014-15,11.0,24.0,0.458,9.0,20.0,0.45,69.0,213.0,0.324,20.0,44.0,0.455
201188,Marc Gasol,1610612763,MEM,30.0,2014-15,0.0,0.0,0.0,0.0,0.0,0.0,3.0,14.0,0.214,0.0,0.0,0.0
101162,Marcin Gortat,1610612764,WAS,31.0,2014-15,0.0,0.0,0.0,0.0,0.0,0.0,0.0,3.0,0.0,0.0,0.0,0.0
201158,Marco Belinelli,1610612759,SAS,29.0,2014-15,12.0,27.0,0.444,12.0,27.0,0.444,62.0,175.0,0.354,24.0,54.0,0.444
202694,Marcus Morris Sr.,1610612756,PHX,25.0,2014-15,21.0,57.0,0.368,22.0,49.0,0.449,68.0,201.0,0.338,43.0,106.0,0.406
203935,Marcus Smart,1610612738,BOS,21.0,2014-15,14.0,34.0,0.412,6.0,16.0,0.375,71.0,218.0,0.326,20.0,50.0,0.4
201977,Marcus Thornton,1610612756,PHX,28.0,2014-15,6.0,13.0,0.462,4.0,11.0,0.364,44.0,118.0,0.373,10.0,24.0,0.417
201596,Mario Chalmers,1610612748,MIA,29.0,2014-15,15.0,48.0,0.313,20.0,46.0,0.435,37.0,147.0,0.252,35.0,94.0,0.372
203900,Markel Brown,1610612751,BKN,23.0,2014-15,8.0,16.0,0.5,0.0,11.0,0.0,9.0,36.0,0.25,8.0,27.0,0.296
202693,Markieff Morris,1610612756,PHX,25.0,2014-15,4.0,11.0,0.364,3.0,16.0,0.188,50.0,150.0,0.333,7.0,27.0,0.259
201578,Marreese Speights,1610612744,GSW,27.0,2014-15,0.0,2.0,0.0,1.0,2.0,0.5,4.0,12.0,0.333,1.0,4.0,0.25
101110,Martell Webster,1610612764,WAS,28.0,2014-15,0.0,5.0,0.0,1.0,4.0,0.25,9.0,34.0,0.265,1.0,9.0,0.111
101107,Marvin Williams,1610612766,CHA,29.0,2014-15,18.0,40.0,0.45,15.0,29.0,0.517,62.0,195.0,0.318,33.0,69.0,0.478
203486,Mason Plumlee,1610612751,BKN,25.0,2014-15,0.0,0.0,0.0,0.0,0.0,0.0,0.0,0.0,0.0,0.0,0.0,0.0
2440,Matt Barnes,1610612746,LAC,35.0,2014-15,26.0,83.0,0.313,42.0,97.0,0.433,68.0,195.0,0.349,68.0,180.0,0.378
2588,Matt Bonner,1610612759,SAS,35.0,2014-15,3.0,7.0,0.429,4.0,13.0,0.308,39.0,105.0,0.371,7.0,20.0,0.35
203521,Matthew Dellavedova,1610612739,CLE,24.0,2014-15,4.0,22.0,0.182,13.0,33.0,0.394,51.0,112.0,0.455,17.0,55.0,0.309
203090,Maurice Harkless,1610612753,ORL,22.0,2014-15,1.0,13.0,0.077,6.0,18.0,0.333,3.0,23.0,0.13,7.0,31.0,0.226
203086,Meyers Leonard,1610612757,POR,23.0,2014-15,7.0,13.0,0.538,8.0,13.0,0.615,32.0,85.0,0.376,15.0,26.0,0.577
201563,Michael Beasley,1610612748,MIA,26.0,2014-15,3.0,6.0,0.5,2.0,4.0,0.5,3.0,24.0,0.125,5.0,10.0,0.5
203487,Michael Carter-Williams,1610612749,MIL,23.0,2014-15,1.0,10.0,0.1,3.0,9.0,0.333,32.0,132.0,0.242,4.0,19.0,0.211
203077,Michael Kidd-Gilchrist,1610612766,CHA,21.0,2014-15,0.0,0.0,0.0,0.0,0.0,0.0,0.0,0.0,0.0,0.0,0.0,0.0
201144,Mike Conley,1610612763,MEM,27.0,2014-15,11.0,20.0,0.55,9.0,26.0,0.346,87.0,229.0,0.38,20.0,46.0,0.435
2399,Mike Dunleavy,1610612741,CHI,34.0,2014-15,13.0,29.0,0.448,9.0,20.0,0.45,84.0,212.0,0.396,22.0,49.0,0.449
2034,Mike Miller,1610612739,CLE,35.0,2014-15,4.0,10.0,0.4,8.0,24.0,0.333,20.0,64.0,0.313,12.0,34.0,0.353
203488,Mike Muscala,1610612737,ATL,23.0,2014-15,3.0,6.0,0.5,1.0,3.0,0.333,5.0,13.0,0.385,4.0,9.0,0.444
203118,Mike Scott,1610612737,ATL,26.0,2014-15,7.0,18.0,0.389,9.0,20.0,0.45,50.0,152.0,0.329,16.0,38.0,0.421
203101,Miles Plumlee,1610612749,MIL,26.0,2014-15,0.0,0.0,0.0,0.0,0.0,0.0,0.0,0.0,0.0,0.0,0.0,0.0
203545,Miroslav Raduljica,1610612750,MIN,27.0,2014-15,0.0,0.0,0.0,0.0,0.0,0.0,0.0,0.0,0.0,0.0,0.0,0.0
203141,Mirza Teletovic,1610612751,BKN,29.0,2014-15,7.0,14.0,0.5,3.0,4.0,0.75,52.0,174.0,0.299,10.0,18.0,0.556
203956,Mitch McGary,1610612760,OKC,23.0,2014-15,0.0,0.0,0.0,0.0,1.0,0.0,0.0,1.0,0.0,0.0,1.0,0.0
2590,Mo Williams,1610612766,CHA,32.0,2014-15,5.0,11.0,0.455,5.0,18.0,0.278,109.0,314.0,0.347,10.0,29.0,0.345
101145,Monta Ellis,1610612742,DAL,29.0,2014-15,14.0,38.0,0.368,7.0,20.0,0.35,60.0,225.0,0.267,21.0,58.0,0.362
101126,Nate Robinson,1610612743,DEN,31.0,2014-15,5.0,12.0,0.417,1.0,8.0,0.125,25.0,92.0,0.272,6.0,20.0,0.3
203489,Nate Wolters,1610612749,MIL,24.0,2014-15,0.0,3.0,0.0,0.0,0.0,0.0,0.0,4.0,0.0,0.0,3.0,0.0
1737,Nazr Mohammed,1610612741,CHI,37.0,2014-15,0.0,0.0,0.0,0.0,0.0,0.0,0.0,0.0,0.0,0.0,0.0,0.0
2403,Nene,1610612764,WAS,32.0,2014-15,0.0,0.0,0.0,0.0,3.0,0.0,1.0,2.0,0.5,0.0,3.0,0.0
203457,Nerlens Noel,1610612755,PHI,21.0,2014-15,0.0,0.0,0.0,0.0,0.0,0.0,0.0,0.0,0.0,0.0,0.0,0.0
201979,Nick Calathes,1610612763,MEM,26.0,2014-15,1.0,6.0,0.167,0.0,3.0,0.0,10.0,34.0,0.294,1.0,9.0,0.111
2555,Nick Collison,1610612760,OKC,34.0,2014-15,6.0,18.0,0.333,4.0,16.0,0.25,6.0,26.0,0.231,10.0,34.0,0.294
203910,Nick Johnson,1610612745,HOU,22.0,2014-15,1.0,4.0,0.25,1.0,3.0,0.333,3.0,14.0,0.214,2.0,7.0,0.286
201156,Nick Young,1610612747,LAL,30.0,2014-15,12.0,27.0,0.444,8.0,18.0,0.444,63.0,178.0,0.354,20.0,45.0,0.444
201587,Nicolas Batum,1610612757,POR,26.0,2014-15,8.0,35.0,0.229,15.0,33.0,0.455,76.0,240.0,0.317,23.0,68.0,0.338
203917,Nik Stauskas,1610612758,SAC,21.0,2014-15,2.0,13.0,0.154,9.0,25.0,0.36,37.0,111.0,0.333,11.0,38.0,0.289
202703,Nikola Mirotic,1610612741,CHI,24.0,2014-15,16.0,48.0,0.333,16.0,46.0,0.348,67.0,218.0,0.307,32.0,94.0,0.34
201593,Nikola Pekovic,1610612750,MIN,29.0,2014-15,0.0,0.0,0.0,0.0,0.0,0.0,0.0,0.0,0.0,0.0,0.0,0.0
202696,Nikola Vučević,1610612753,ORL,24.0,2014-15,0.0,0.0,0.0,0.0,0.0,0.0,2.0,6.0,0.333,0.0,0.0,0.0
203943,Noah Vonleh,1610612766,CHA,19.0,2014-15,0.0,0.0,0.0,0.0,0.0,0.0,5.0,13.0,0.385,0.0,0.0,0.0
202708,Norris Cole,1610612740,NOP,26.0,2014-15,7.0,23.0,0.304,8.0,30.0,0.267,39.0,121.0,0.322,15.0,53.0,0.283
201564,O.J. Mayo,1610612749,MIL,27.0,2014-15,26.0,75.0,0.347,28.0,52.0,0.538,45.0,149.0,0.302,54.0,127.0,0.425
203136,Ognjen Kuzmic,1610612744,GSW,25.0,2014-15,0.0,0.0,0.0,0.0,0.0,0.0,0.0,0.0,0.0,0.0,0.0,0.0
201600,Omer Asik,1610612740,NOP,28.0,2014-15,0.0,0.0,0.0,0.0,0.0,0.0,0.0,0.0,0.0,0.0,0.0,0.0
201956,Omri Casspi,1610612758,SAC,27.0,2014-15,5.0,7.0,0.714,0.0,6.0,0.0,30.0,74.0,0.405,5.0,13.0,0.385
203490,Otto Porter Jr.,1610612764,WAS,22.0,2014-15,9.0,26.0,0.346,7.0,20.0,0.35,19.0,57.0,0.333,16.0,46.0,0.348
200782,P.J. Tucker,1610612756,PHX,30.0,2014-15,29.0,77.0,0.377,29.0,81.0,0.358,29.0,94.0,0.309,58.0,158.0,0.367
203798,PJ Hairston,1610612766,CHA,22.0,2014-15,8.0,16.0,0.5,2.0,8.0,0.25,39.0,137.0,0.285,10.0,24.0,0.417
203143,Pablo Prigioni,1610612745,HOU,38.0,2014-15,6.0,16.0,0.375,2.0,11.0,0.182,49.0,137.0,0.358,8.0,27.0,0.296
201976,Patrick Beverley,1610612745,HOU,26.0,2014-15,27.0,77.0,0.351,23.0,55.0,0.418,65.0,191.0,0.34,50.0,132.0,0.379
203565,Patrick Christopher,1610612763,MEM,27.0,2014-15,0.0,0.0,0.0,0.0,1.0,0.0,0.0,3.0,0.0,0.0,1.0,0.0
202335,Patrick Patterson,1610612761,TOR,26.0,2014-15,22.0,53.0,0.415,20.0,50.0,0.4,63.0,179.0,0.352,42.0,103.0,0.408
201988,Patty Mills,1610612759,SAS,26.0,2014-15,11.0,24.0,0.458,7.0,25.0,0.28,44.0,132.0,0.333,18.0,49.0,0.367
2200,Pau Gasol,1610612741,CHI,34.0,2014-15,5.0,10.0,0.5,6.0,11.0,0.545,1.0,4.0,0.25,11.0,21.0,0.524
202331,Paul George,1610612754,IND,25.0,2014-15,1.0,4.0,0.25,0.0,1.0,0.0,8.0,17.0,0.471,1.0,5.0,0.2
200794,Paul Millsap,1610612737,ATL,30.0,2014-15,10.0,27.0,0.37,13.0,25.0,0.52,54.0,164.0,0.329,23.0,52.0,0.442
1718,Paul Pierce,1610612764,WAS,37.0,2014-15,12.0,27.0,0.444,13.0,32.0,0.406,93.0,244.0,0.381,25.0,59.0,0.424
203544,Pero Antic,1610612737,ATL,32.0,2014-15,3.0,11.0,0.273,3.0,21.0,0.143,46.0,141.0,0.326,6.0,32.0,0.188
203103,Perry Jones III,1610612760,OKC,23.0,2014-15,2.0,9.0,0.222,1.0,7.0,0.143,11.0,41.0,0.268,3.0,16.0,0.188
203515,Phil Pressey,1610612738,BOS,24.0,2014-15,0.0,2.0,0.0,0.0,2.0,0.0,16.0,60.0,0.267,0.0,4.0,0.0
203112,Quincy Acy,1610612752,NYK,24.0,2014-15,3.0,12.0,0.25,3.0,12.0,0.25,12.0,35.0,0.343,6.0,24.0,0.25
203113,Quincy Miller,1610612765,DET,22.0,2014-15,0.0,2.0,0.0,1.0,1.0,1.0,2.0,15.0,0.133,1.0,3.0,0.333
202347,Quincy Pondexter,1610612740,NOP,27.0,2014-15,24.0,57.0,0.421,24.0,45.0,0.533,43.0,140.0,0.307,48.0,102.0,0.471
200765,Rajon Rondo,1610612742,DAL,29.0,2014-15,4.0,9.0,0.444,7.0,21.0,0.333,16.0,55.0,0.291,11.0,30.0,0.367
201196,Ramon Sessions,1610612764,WAS,29.0,2014-15,2.0,6.0,0.333,2.0,5.0,0.4,15.0,49.0,0.306,4.0,11.0,0.364
200751,Randy Foye,1610612743,DEN,31.0,2014-15,10.0,30.0,0.333,11.0,24.0,0.458,73.0,206.0,0.354,21.0,54.0,0.389
2446,Rasual Butler,1610612764,WAS,36.0,2014-15,21.0,58.0,0.362,20.0,42.0,0.476,50.0,135.0,0.37,41.0,100.0,0.41
203492,Ray McCallum,1610612758,SAC,24.0,2014-15,6.0,22.0,0.273,7.0,28.0,0.25,21.0,60.0,0.35,13.0,50.0,0.26
101109,Raymond Felton,1610612742,DAL,31.0,2014-15,0.0,1.0,0.0,0.0,3.0,0.0,10.0,29.0,0.345,0.0,4.0,0.0
203493,Reggie Bullock Jr.,1610612756,PHX,24.0,2014-15,7.0,12.0,0.583,2.0,8.0,0.25,5.0,25.0,0.2,9.0,20.0,0.45
2501,Reggie Evans,1610612758,SAC,35.0,2014-15,0.0,1.0,0.0,0.0,0.0,0.0,0.0,1.0,0.0,0.0,1.0,0.0
202704,Reggie Jackson,1610612765,DET,25.0,2014-15,4.0,10.0,0.4,2.0,13.0,0.154,66.0,215.0,0.307,6.0,23.0,0.261
202130,Reggie Williams,1610612759,SAS,28.0,2014-15,0.0,2.0,0.0,0.0,3.0,0.0,3.0,13.0,0.231,0.0,5.0,0.0
2210,Richard Jefferson,1610612742,DAL,35.0,2014-15,15.0,32.0,0.469,13.0,33.0,0.394,38.0,91.0,0.418,28.0,65.0,0.431
203495,Ricky Ledo,1610612752,NYK,22.0,2014-15,0.0,0.0,0.0,0.0,0.0,0.0,10.0,27.0,0.37,0.0,0.0,0.0
201937,Ricky Rubio,1610612750,MIN,24.0,2014-15,0.0,5.0,0.0,1.0,7.0,0.143,12.0,39.0,0.308,1.0,12.0,0.083
203133,Robbie Hummel,1610612750,MIN,26.0,2014-15,3.0,9.0,0.333,6.0,16.0,0.375,7.0,26.0,0.269,9.0,25.0,0.36
203496,Robert Covington,1610612755,PHI,24.0,2014-15,17.0,47.0,0.362,18.0,40.0,0.45,132.0,357.0,0.37,35.0,87.0,0.402
203135,Robert Sacre,1610612747,LAL,26.0,2014-15,0.0,0.0,0.0,0.0,0.0,0.0,0.0,1.0,0.0,0.0,0.0,0.0
201577,Robin Lopez,1610612757,POR,27.0,2014-15,0.0,0.0,0.0,0.0,0.0,0.0,0.0,1.0,0.0,0.0,0.0,0.0
203918,Rodney Hood,1610612762,UTA,22.0,2014-15,6.0,16.0,0.375,4.0,20.0,0.2,52.0,132.0,0.394,10.0,36.0,0.278
201155,Rodney Stuckey,1610612754,IND,29.0,2014-15,12.0,27.0,0.444,8.0,17.0,0.471,35.0,95.0,0.368,20.0,44.0,0.455
101179,Ronnie Price,1610612747,LAL,32.0,2014-15,5.0,13.0,0.385,2.0,6.0,0.333,24.0,89.0,0.27,7.0,19.0,0.368
101142,Ronny Turiaf,1610612750,MIN,32.0,2014-15,0.0,0.0,0.0,0.0,0.0,0.0,0.0,0.0,0.0,0.0,0.0,0.0
201579,Roy Hibbert,1610612754,IND,28.0,2014-15,0.0,0.0,0.0,0.0,0.0,0.0,0.0,2.0,0.0,0.0,0.0,0.0
200752,Rudy Gay,1610612758,SAC,28.0,2014-15,8.0,24.0,0.333,9.0,26.0,0.346,62.0,169.0,0.367,17.0,50.0,0.34
203497,Rudy Gobert,1610612762,UTA,23.0,2014-15,0.0,0.0,0.0,0.0,0.0,0.0,0.0,1.0,0.0,0.0,0.0,0.0
203893,Russ Smith,1610612763,MEM,24.0,2014-15,0.0,0.0,0.0,0.0,1.0,0.0,2.0,9.0,0.222,0.0,1.0,0.0
201566,Russell Westbrook,1610612760,OKC,26.0,2014-15,3.0,9.0,0.333,2.0,7.0,0.286,81.0,270.0,0.3,5.0,16.0,0.313
201583,Ryan Anderson,1610612740,NOP,27.0,2014-15,15.0,29.0,0.517,4.0,26.0,0.154,103.0,301.0,0.342,19.0,55.0,0.345
200797,Ryan Hollins,1610612758,SAC,30.0,2014-15,0.0,0.0,0.0,0.0,0.0,0.0,0.0,0.0,0.0,0.0,0.0,0.0
203527,Ryan Kelly,1610612747,LAL,24.0,2014-15,6.0,14.0,0.429,11.0,18.0,0.611,28.0,101.0,0.277,17.0,32.0,0.531
2223,Samuel Dalembert,1610612752,NYK,35.0,2014-15,0.0,0.0,0.0,0.0,0.0,0.0,0.0,0.0,0.0,0.0,0.0,0.0
203930,Sean Kilpatrick,1610612750,MIN,25.0,2014-15,0.0,1.0,0.0,1.0,1.0,1.0,3.0,11.0,0.273,1.0,2.0,0.5
2742,Sebastian Telfair,1610612760,OKC,30.0,2014-15,2.0,8.0,0.25,2.0,4.0,0.5,14.0,48.0,0.292,4.0,12.0,0.333
201586,Serge Ibaka,1610612760,OKC,25.0,2014-15,12.0,20.0,0.6,4.0,18.0,0.222,61.0,167.0,0.365,16.0,38.0,0.421
203508,Sergey Karasev,1610612751,BKN,21.0,2014-15,2.0,8.0,0.25,3.0,15.0,0.2,11.0,30.0,0.367,5.0,23.0,0.217
203552,Seth Curry,1610612756,PHX,24.0,2014-15,0.0,0.0,0.0,,,,0.0,1.0,0.0,0.0,0.0,0.0
203498,Shabazz Muhammad,1610612750,MIN,22.0,2014-15,7.0,16.0,0.438,2.0,6.0,0.333,11.0,29.0,0.379,9.0,22.0,0.409
203894,Shabazz Napier,1610612748,MIA,23.0,2014-15,4.0,16.0,0.25,7.0,15.0,0.467,32.0,86.0,0.372,11.0,31.0,0.355
203499,Shane Larkin,1610612752,NYK,22.0,2014-15,0.0,4.0,0.0,2.0,6.0,0.333,33.0,106.0,0.311,2.0,10.0,0.2
200769,Shannon Brown,1610612748,MIA,29.0,2014-15,2.0,2.0,1.0,0.0,0.0,0.0,1.0,5.0,0.2,2.0,2.0,1.0
2733,Shaun Livingston,1610612744,GSW,29.0,2014-15,0.0,0.0,0.0,0.0,0.0,0.0,0.0,1.0,0.0,0.0,0.0,0.0
101183,Shavlik Randolph,1610612756,PHX,31.0,2014-15,0.0,0.0,0.0,0.0,0.0,0.0,0.0,5.0,0.0,0.0,0.0,0.0
1890,Shawn Marion,1610612739,CLE,37.0,2014-15,4.0,18.0,0.222,6.0,18.0,0.333,2.0,11.0,0.182,10.0,36.0,0.278
200761,Shawne Williams,1610612765,DET,29.0,2014-15,11.0,39.0,0.282,21.0,49.0,0.429,32.0,90.0,0.356,32.0,88.0,0.364
203963,Shayne Whittington,1610612754,IND,24.0,2014-15,1.0,1.0,1.0,0.0,1.0,0.0,0.0,4.0,0.0,1.0,2.0,0.5
202714,Shelvin Mack,1610612737,ATL,25.0,2014-15,4.0,9.0,0.444,6.0,12.0,0.5,30.0,106.0,0.283,10.0,21.0,0.476
204021,Sim Bhullar,1610612758,SAC,22.0,2014-15,,,,,,,0.0,0.0,0.0,,,
203524,Solomon Hill,1610612754,IND,24.0,2014-15,19.0,39.0,0.487,8.0,33.0,0.242,41.0,135.0,0.304,27.0,72.0,0.375
203915,Spencer Dinwiddie,1610612765,DET,22.0,2014-15,0.0,2.0,0.0,1.0,2.0,0.5,11.0,59.0,0.186,1.0,4.0,0.25
201150,Spencer Hawes,1610612746,LAC,27.0,2014-15,4.0,12.0,0.333,5.0,18.0,0.278,46.0,145.0,0.317,9.0,30.0,0.3
201939,Stephen Curry,1610612744,GSW,27.0,2014-15,24.0,38.0,0.632,23.0,44.0,0.523,239.0,557.0,0.429,47.0,82.0,0.573
2581,Steve Blake,1610612757,POR,35.0,2014-15,15.0,35.0,0.429,14.0,29.0,0.483,47.0,146.0,0.322,29.0,64.0,0.453
200779,Steve Novak,1610612760,OKC,32.0,2014-15,3.0,7.0,0.429,2.0,6.0,0.333,14.0,35.0,0.4,5.0,13.0,0.385
203500,Steven Adams,1610612760,OKC,21.0,2014-15,0.0,0.0,0.0,0.0,0.0,0.0,0.0,1.0,0.0,0.0,0.0,0.0
203933,T.J. Warren,1610612756,PHX,21.0,2014-15,0.0,4.0,0.0,1.0,3.0,0.333,4.0,13.0,0.308,1.0,7.0,0.143
201959,Taj Gibson,1610612741,CHI,30.0,2014-15,0.0,0.0,0.0,0.0,0.0,0.0,0.0,0.0,0.0,0.0,0.0,0.0
204028,Tarik Black,1610612747,LAL,23.0,2014-15,0.0,0.0,0.0,0.0,0.0,0.0,0.0,0.0,0.0,0.0,0.0,0.0
2419,Tayshaun Prince,1610612765,DET,35.0,2014-15,12.0,21.0,0.571,12.0,26.0,0.462,7.0,20.0,0.35,24.0,47.0,0.511
203093,Terrence Jones,1610612745,HOU,23.0,2014-15,0.0,1.0,0.0,0.0,1.0,0.0,13.0,34.0,0.382,0.0,2.0,0.0
203082,Terrence Ross,1610612761,TOR,24.0,2014-15,33.0,86.0,0.384,22.0,53.0,0.415,90.0,248.0,0.363,55.0,139.0,0.396
200757,Thabo Sefolosha,1610612737,ATL,31.0,2014-15,10.0,24.0,0.417,4.0,19.0,0.211,11.0,35.0,0.314,14.0,43.0,0.326
201152,Thaddeus Young,1610612751,BKN,27.0,2014-15,4.0,17.0,0.235,1.0,2.0,0.5,33.0,95.0,0.347,5.0,19.0,0.263
203080,Thomas Robinson,1610612755,PHI,24.0,2014-15,0.0,0.0,0.0,0.0,0.0,0.0,0.0,0.0,0.0,0.0,0.0,0.0
201168,Tiago Splitter,1610612759,SAS,30.0,2014-15,0.0,0.0,0.0,0.0,0.0,0.0,0.0,0.0,0.0,0.0,0.0,0.0
1495,Tim Duncan,1610612759,SAS,39.0,2014-15,2.0,2.0,1.0,0.0,0.0,0.0,0.0,3.0,0.0,2.0,2.0,1.0
204025,Tim Frazier,1610612757,POR,24.0,2014-15,0.0,0.0,0.0,0.0,0.0,0.0,5.0,17.0,0.294,0.0,0.0,0.0
203501,Tim Hardaway Jr.,1610612752,NYK,23.0,2014-15,8.0,37.0,0.216,11.0,31.0,0.355,102.0,283.0,0.36,19.0,68.0,0.279
202389,Timofey Mozgov,1610612739,CLE,28.0,2014-15,2.0,4.0,0.5,0.0,1.0,0.0,0.0,1.0,0.0,2.0,5.0,0.4
202699,Tobias Harris,1610612753,ORL,22.0,2014-15,20.0,53.0,0.377,26.0,51.0,0.51,41.0,134.0,0.306,46.0,104.0,0.442
201962,Toney Douglas,1610612740,NOP,29.0,2014-15,2.0,2.0,1.0,1.0,3.0,0.333,2.0,13.0,0.154,3.0,5.0,0.6
2754,Tony Allen,1610612763,MEM,33.0,2014-15,4.0,10.0,0.4,2.0,10.0,0.2,4.0,9.0,0.444,6.0,20.0,0.3
2225,Tony Parker,1610612759,SAS,33.0,2014-15,12.0,31.0,0.387,15.0,37.0,0.405,11.0,21.0,0.524,27.0,68.0,0.397
203503,Tony Snell,1610612741,CHI,23.0,2014-15,11.0,30.0,0.367,13.0,27.0,0.481,49.0,139.0,0.353,24.0,57.0,0.421
203100,Tony Wroten,1610612755,PHI,22.0,2014-15,1.0,4.0,0.25,1.0,6.0,0.167,35.0,126.0,0.278,2.0,10.0,0.2
203315,Toure' Murry,1610612762,UTA,25.0,2014-15,0.0,0.0,0.0,0.0,0.0,0.0,0.0,0.0,0.0,0.0,0.0,0.0
204037,Travis Wear,1610612752,NYK,24.0,2014-15,2.0,6.0,0.333,2.0,4.0,0.5,7.0,20.0,0.35,4.0,10.0,0.4
2772,Trevor Ariza,1610612745,HOU,29.0,2014-15,31.0,77.0,0.403,57.0,137.0,0.416,106.0,341.0,0.311,88.0,214.0,0.411
202344,Trevor Booker,1610612762,UTA,27.0,2014-15,4.0,17.0,0.235,6.0,16.0,0.375,19.0,48.0,0.396,10.0,33.0,0.303
203504,Trey Burke,1610612762,UTA,22.0,2014-15,13.0,29.0,0.448,18.0,46.0,0.391,92.0,309.0,0.298,31.0,75.0,0.413
202684,Tristan Thompson,1610612739,CLE,24.0,2014-15,0.0,0.0,0.0,0.0,0.0,0.0,0.0,0.0,0.0,0.0,0.0,0.0
203584,Troy Daniels,1610612766,CHA,23.0,2014-15,6.0,13.0,0.462,5.0,14.0,0.357,32.0,91.0,0.352,11.0,27.0,0.407
201951,Ty Lawson,1610612743,DEN,27.0,2014-15,4.0,12.0,0.333,4.0,8.0,0.5,62.0,179.0,0.346,8.0,20.0,0.4
203898,Tyler Ennis,1610612749,MIL,20.0,2014-15,3.0,7.0,0.429,1.0,4.0,0.25,8.0,32.0,0.25,4.0,11.0,0.364
201946,Tyler Hansbrough,1610612761,TOR,29.0,2014-15,1.0,3.0,0.333,0.0,4.0,0.0,0.0,0.0,0.0,1.0,7.0,0.143
204020,Tyler Johnson,1610612748,MIA,23.0,2014-15,3.0,8.0,0.375,2.0,4.0,0.5,13.0,35.0,0.371,5.0,12.0,0.417
203092,Tyler Zeller,1610612738,BOS,25.0,2014-15,0.0,0.0,0.0,0.0,0.0,0.0,0.0,0.0,0.0,0.0,0.0,0.0
201936,Tyreke Evans,1610612740,NOP,25.0,2014-15,9.0,25.0,0.36,8.0,25.0,0.32,52.0,171.0,0.304,17.0,50.0,0.34
200748,Tyrus Thomas,1610612763,MEM,28.0,2014-15,,,,,,,0.0,0.0,0.0,,,
2199,Tyson Chandler,1610612742,DAL,32.0,2014-15,0.0,0.0,0.0,0.0,0.0,0.0,0.0,0.0,0.0,0.0,0.0,0.0
2617,Udonis Haslem,1610612748,MIA,35.0,2014-15,0.0,5.0,0.0,2.0,5.0,0.4,0.0,0.0,0.0,2.0,10.0,0.2
203505,Vander Blue,1610612747,LAL,22.0,2014-15,0.0,0.0,0.0,0.0,1.0,0.0,2.0,9.0,0.222,0.0,1.0,0.0
201964,Victor Claver,1610612757,POR,26.0,2014-15,1.0,2.0,0.5,1.0,1.0,1.0,4.0,8.0,0.5,2.0,3.0,0.667
203506,Victor Oladipo,1610612753,ORL,23.0,2014-15,10.0,34.0,0.294,9.0,21.0,0.429,65.0,192.0,0.339,19.0,55.0,0.345
1713,Vince Carter,1610612763,MEM,38.0,2014-15,5.0,20.0,0.25,8.0,14.0,0.571,56.0,196.0,0.286,13.0,34.0,0.382
201961,Wayne Ellington,1610612747,LAL,27.0,2014-15,1.0,9.0,0.111,11.0,32.0,0.344,78.0,202.0,0.386,12.0,41.0,0.293
202325,Wesley Johnson,1610612747,LAL,27.0,2014-15,18.0,47.0,0.383,14.0,41.0,0.341,59.0,170.0,0.347,32.0,88.0,0.364
202083,Wesley Matthews,1610612757,POR,28.0,2014-15,35.0,77.0,0.455,17.0,53.0,0.321,120.0,314.0,0.382,52.0,130.0,0.4
203115,Will Barton,1610612743,DEN,24.0,2014-15,2.0,8.0,0.25,4.0,17.0,0.235,17.0,58.0,0.293,6.0,25.0,0.24
101198,Will Bynum,1610612764,WAS,32.0,2014-15,0.0,0.0,0.0,0.0,0.0,0.0,0.0,9.0,0.0,0.0,0.0,0.0
203805,Will Cherry,1610612761,TOR,24.0,2014-15,0.0,1.0,0.0,1.0,2.0,0.5,1.0,6.0,0.167,1.0,3.0,0.333
2584,Willie Green,1610612753,ORL,33.0,2014-15,9.0,22.0,0.409,10.0,24.0,0.417,23.0,74.0,0.311,19.0,46.0,0.413
201163,Wilson Chandler,1610612743,DEN,28.0,2014-15,17.0,49.0,0.347,17.0,52.0,0.327,105.0,304.0,0.345,34.0,101.0,0.337
202333,Xavier Henry,1610612747,LAL,24.0,2014-15,0.0,0.0,0.0,0.0,0.0,0.0,0.0,0.0,0.0,0.0,0.0,0.0
203897,Zach LaVine,1610612750,MIN,20.0,2014-15,5.0,15.0,0.333,4.0,9.0,0.444,48.0,140.0,0.343,9.0,24.0,0.375
2216,Zach Randolph,1610612763,MEM,33.0,2014-15,0.0,0.0,0.0,0.0,2.0,0.0,5.0,13.0,0.385,0.0,2.0,0.0
2585,Zaza Pachulia,1610612749,MIL,31.0,2014-15,0.0,0.0,0.0,0.0,0.0,0.0,0.0,3.0,0.0,0.0,0.0,0.0
204054,Zoran Dragic,1610612748,MIA,26.0,2014-15,0.0,2.0,0.0,2.0,3.0,0.667,1.0,9.0,0.111,2.0,5.0,0.4
201166,Aaron Brooks,1610612741,CHI,31.0,2015-16,1.0,6.0,0.167,5.0,10.0,0.5,60.0,165.0,0.364,6.0,16.0,0.375
203932,Aaron Gordon,1610612753,ORL,20.0,2015-16,9.0,34.0,0.265,10.0,23.0,0.435,23.0,79.0,0.291,19.0,57.0,0.333
1626151,Aaron Harrison,1610612766,CHA,21.0,2015-16,0.0,3.0,0.0,1.0,1.0,1.0,2.0,6.0,0.333,1.0,4.0,0.25
203940,Adreian Payne,1610612750,MIN,25.0,2015-16,2.0,5.0,0.4,0.0,3.0,0.0,7.0,24.0,0.292,2.0,8.0,0.25
201143,Al Horford,1610612737,ATL,30.0,2015-16,4.0,14.0,0.286,11.0,43.0,0.256,73.0,199.0,0.367,15.0,57.0,0.263
2744,Al Jefferson,1610612766,CHA,31.0,2015-16,0.0,0.0,0.0,0.0,0.0,0.0,0.0,0.0,0.0,0.0,0.0,0.0
202329,Al-Farouq Aminu,1610612757,POR,25.0,2015-16,30.0,74.0,0.405,27.0,71.0,0.38,69.0,202.0,0.342,57.0,145.0,0.393
101187,Alan Anderson,1610612764,WAS,33.0,2015-16,2.0,7.0,0.286,1.0,2.0,0.5,9.0,27.0,0.333,3.0,9.0,0.333
1626210,Alan Williams,1610612756,PHX,23.0,2015-16,0.0,0.0,0.0,0.0,0.0,0.0,0.0,0.0,0.0,0.0,0.0,0.0
202692,Alec Burks,1610612762,UTA,24.0,2015-16,5.0,13.0,0.385,7.0,15.0,0.467,20.0,49.0,0.408,12.0,28.0,0.429
203458,Alex Len,1610612756,PHX,23.0,2015-16,1.0,4.0,0.25,0.0,0.0,0.0,0.0,3.0,0.0,1.0,4.0,0.25
1627293,Alex Stepheson,1610612763,MEM,28.0,2015-16,0.0,0.0,0.0,0.0,0.0,0.0,0.0,0.0,0.0,0.0,0.0,0.0
201582,Alexis Ajinca,1610612740,NOP,28.0,2015-16,0.0,0.0,0.0,0.0,0.0,0.0,0.0,1.0,0.0,0.0,0.0,0.0
203459,Allen Crabbe,1610612757,POR,24.0,2015-16,22.0,46.0,0.478,16.0,43.0,0.372,74.0,194.0,0.381,38.0,89.0,0.427
202087,Alonzo Gee,1610612740,NOP,29.0,2015-16,8.0,27.0,0.296,8.0,27.0,0.296,1.0,7.0,0.143,16.0,54.0,0.296
2405,Amar'e Stoudemire,1610612748,MIA,33.0,2015-16,0.0,0.0,0.0,0.0,0.0,0.0,0.0,0.0,0.0,0.0,0.0,0.0
101161,Amir Johnson,1610612738,BOS,29.0,2015-16,3.0,6.0,0.5,2.0,4.0,0.5,5.0,32.0,0.156,5.0,10.0,0.5
2760,Anderson Varejao,1610612744,GSW,33.0,2015-16,0.0,0.0,0.0,0.0,0.0,0.0,0.0,1.0,0.0,0.0,0.0,0.0
203083,Andre Drummond,1610612765,DET,22.0,2015-16,0.0,0.0,0.0,0.0,0.0,0.0,1.0,2.0,0.5,0.0,0.0,0.0
2738,Andre Iguodala,1610612744,GSW,32.0,2015-16,13.0,27.0,0.481,13.0,33.0,0.394,28.0,91.0,0.308,26.0,60.0,0.433
1889,Andre Miller,1610612759,SAS,40.0,2015-16,0.0,1.0,0.0,0.0,0.0,0.0,2.0,4.0,0.5,0.0,1.0,0.0
203460,Andre Roberson,1610612760,OKC,24.0,2015-16,17.0,54.0,0.315,11.0,25.0,0.44,4.0,22.0,0.182,28.0,79.0,0.354
200745,Andrea Bargnani,1610612751,BKN,30.0,2015-16,0.0,0.0,0.0,0.0,0.0,0.0,3.0,15.0,0.2,0.0,0.0,0.0
101106,Andrew Bogut,1610612744,GSW,31.0,2015-16,0.0,0.0,0.0,0.0,0.0,0.0,1.0,1.0,1.0,0.0,0.0,0.0
202726,Andrew Goudelock,1610612745,HOU,27.0,2015-16,0.0,2.0,0.0,0.0,0.0,0.0,1.0,7.0,0.143,0.0,2.0,0.0
203094,Andrew Nicholson,1610612753,ORL,26.0,2015-16,7.0,14.0,0.5,1.0,5.0,0.2,33.0,95.0,0.347,8.0,19.0,0.421
203952,Andrew Wiggins,1610612750,MIN,21.0,2015-16,10.0,21.0,0.476,2.0,9.0,0.222,45.0,159.0,0.283,12.0,30.0,0.4
203461,Anthony Bennett,1610612761,TOR,23.0,2015-16,2.0,3.0,0.667,0.0,1.0,0.0,1.0,10.0,0.1,2.0,4.0,0.5
1626148,Anthony Brown,1610612747,LAL,23.0,2015-16,6.0,14.0,0.429,1.0,8.0,0.125,13.0,48.0,0.271,7.0,22.0,0.318
203076,Anthony Davis,1610612740,NOP,23.0,2015-16,4.0,13.0,0.308,3.0,11.0,0.273,28.0,82.0,0.341,7.0,24.0,0.292
201627,Anthony Morrow,1610612760,OKC,30.0,2015-16,16.0,31.0,0.516,17.0,56.0,0.304,46.0,118.0,0.39,33.0,87.0,0.379
201229,Anthony Tolliver,1610612765,DET,31.0,2015-16,11.0,40.0,0.275,24.0,51.0,0.471,63.0,180.0,0.35,35.0,91.0,0.385
203462,Archie Goodwin,1610612756,PHX,21.0,2015-16,2.0,5.0,0.4,0.0,10.0,0.0,21.0,82.0,0.256,2.0,15.0,0.133
203382,Aron Baynes,1610612765,DET,29.0,2015-16,0.0,0.0,0.0,0.0,1.0,0.0,0.0,1.0,0.0,0.0,1.0,0.0
201167,Arron Afflalo,1610612752,NYK,30.0,2015-16,25.0,57.0,0.439,21.0,46.0,0.457,45.0,133.0,0.338,46.0,103.0,0.447
203085,Austin Rivers,1610612746,LAC,23.0,2015-16,15.0,27.0,0.556,2.0,15.0,0.133,45.0,140.0,0.321,17.0,42.0,0.405
202340,Avery Bradley,1610612738,BOS,25.0,2015-16,26.0,78.0,0.333,18.0,60.0,0.3,103.0,268.0,0.384,44.0,138.0,0.319
1626253,Axel Toupane,1610612743,DEN,23.0,2015-16,4.0,17.0,0.235,9.0,23.0,0.391,0.0,0.0,0.0,13.0,40.0,0.325
203463,Ben McLemore,1610612758,SAC,23.0,2015-16,11.0,33.0,0.333,15.0,42.0,0.357,41.0,110.0,0.373,26.0,75.0,0.347
2757,Beno Udrih,1610612763,MEM,33.0,2015-16,6.0,9.0,0.667,1.0,5.0,0.2,8.0,27.0,0.296,7.0,14.0,0.5
202687,Bismack Biyombo,1610612761,TOR,23.0,2015-16,0.0,0.0,0.0,0.0,0.0,0.0,0.0,1.0,0.0,0.0,0.0,0.0
201933,Blake Griffin,1610612746,LAC,27.0,2015-16,0.0,2.0,0.0,0.0,1.0,0.0,6.0,15.0,0.4,0.0,3.0,0.0
1626246,Boban Marjanovic,1610612759,SAS,27.0,2015-16,0.0,0.0,0.0,0.0,0.0,0.0,0.0,0.0,0.0,0.0,0.0,0.0
1626171,Bobby Portis,1610612741,CHI,21.0,2015-16,0.0,7.0,0.0,0.0,1.0,0.0,16.0,43.0,0.372,0.0,8.0,0.0
202711,Bojan Bogdanovic,1610612751,BKN,27.0,2015-16,29.0,63.0,0.46,29.0,76.0,0.382,71.0,198.0,0.359,58.0,139.0,0.417
2564,Boris Diaw,1610612759,SAS,34.0,2015-16,0.0,0.0,0.0,1.0,5.0,0.2,24.0,63.0,0.381,1.0,5.0,0.2
203078,Bradley Beal,1610612764,WAS,23.0,2015-16,13.0,28.0,0.464,9.0,19.0,0.474,83.0,221.0,0.376,22.0,47.0,0.468
201148,Brandan Wright,1610612763,MEM,28.0,2015-16,0.0,0.0,0.0,0.0,0.0,0.0,0.0,0.0,0.0,0.0,0.0,0.0
1626183,Branden Dawson,1610612746,LAC,23.0,2015-16,0.0,0.0,0.0,,,,0.0,0.0,0.0,0.0,0.0,0.0
101138,Brandon Bass,1610612747,LAL,31.0,2015-16,0.0,0.0,0.0,0.0,0.0,0.0,0.0,2.0,0.0,0.0,0.0,0.0
201943,Brandon Jennings,1610612753,ORL,26.0,2015-16,7.0,17.0,0.412,2.0,11.0,0.182,42.0,124.0,0.339,9.0,28.0,0.321
202688,Brandon Knight,1610612756,PHX,24.0,2015-16,13.0,29.0,0.448,9.0,21.0,0.429,98.0,299.0,0.328,22.0,50.0,0.44
201575,Brandon Rush,1610612744,GSW,30.0,2015-16,16.0,42.0,0.381,8.0,26.0,0.308,40.0,88.0,0.455,24.0,68.0,0.353
203148,Brian Roberts,1610612757,POR,30.0,2015-16,1.0,3.0,0.333,1.0,4.0,0.25,13.0,35.0,0.371,2.0,7.0,0.286
1627362,Briante Weber,1610612748,MIA,23.0,2015-16,0.0,0.0,0.0,0.0,0.0,0.0,0.0,5.0,0.0,0.0,0.0,0.0
201572,Brook Lopez,1610612751,BKN,28.0,2015-16,0.0,1.0,0.0,0.0,2.0,0.0,2.0,11.0,0.182,0.0,3.0,0.0
203998,Bruno Caboclo,1610612761,TOR,20.0,2015-16,1.0,4.0,0.25,0.0,1.0,0.0,0.0,2.0,0.0,1.0,5.0,0.2
203955,Bryce Cotton,1610612763,MEM,23.0,2015-16,0.0,0.0,0.0,0.0,0.0,0.0,0.0,3.0,0.0,0.0,0.0,0.0
1626214,Bryce Dejean-Jones,1610612740,NOP,23.0,2015-16,1.0,5.0,0.2,1.0,1.0,1.0,10.0,26.0,0.385,2.0,6.0,0.333
201228,C.J. Watson,1610612753,ORL,32.0,2015-16,4.0,7.0,0.571,5.0,7.0,0.714,5.0,32.0,0.156,9.0,14.0,0.643
203912,C.J. Wilcox,1610612746,LAC,25.0,2015-16,2.0,2.0,1.0,2.0,2.0,1.0,5.0,18.0,0.278,4.0,4.0,1.0
203468,CJ McCollum,1610612757,POR,24.0,2015-16,34.0,78.0,0.436,14.0,29.0,0.483,149.0,365.0,0.408,48.0,107.0,0.449
101139,CJ Miles,1610612754,IND,29.0,2015-16,11.0,25.0,0.44,18.0,38.0,0.474,113.0,322.0,0.351,29.0,63.0,0.46
203946,Cameron Bairstow,1610612765,DET,25.0,2015-16,0.0,1.0,0.0,1.0,2.0,0.5,0.0,2.0,0.0,1.0,3.0,0.333
1626166,Cameron Payne,1610612760,OKC,21.0,2015-16,5.0,18.0,0.278,6.0,13.0,0.462,25.0,79.0,0.316,11.0,31.0,0.355
201171,Carl Landry,1610612755,PHI,32.0,2015-16,1.0,1.0,1.0,0.0,1.0,0.0,5.0,11.0,0.455,1.0,2.0,0.5
2546,Carmelo Anthony,1610612752,NYK,32.0,2015-16,8.0,18.0,0.444,5.0,16.0,0.313,92.0,275.0,0.335,13.0,34.0,0.382
2406,Caron Butler,1610612758,SAC,36.0,2015-16,1.0,4.0,0.25,0.0,1.0,0.0,2.0,12.0,0.167,1.0,5.0,0.2
202718,Chandler Parsons,1610612742,DAL,27.0,2015-16,12.0,25.0,0.48,11.0,21.0,0.524,81.0,201.0,0.403,23.0,46.0,0.5
101112,Channing Frye,1610612739,CLE,33.0,2015-16,8.0,21.0,0.381,11.0,30.0,0.367,72.0,184.0,0.391,19.0,51.0,0.373
101111,Charlie Villanueva,1610612742,DAL,31.0,2015-16,7.0,10.0,0.7,3.0,18.0,0.167,36.0,143.0,0.252,10.0,28.0,0.357
201978,Chase Budinger,1610612756,PHX,28.0,2015-16,3.0,14.0,0.214,7.0,23.0,0.304,14.0,49.0,0.286,10.0,37.0,0.27
2365,Chris Andersen,1610612763,MEM,37.0,2015-16,0.0,0.0,0.0,0.0,1.0,0.0,4.0,13.0,0.308,0.0,1.0,0.0
2547,Chris Bosh,1610612748,MIA,32.0,2015-16,9.0,30.0,0.3,14.0,30.0,0.467,58.0,162.0,0.358,23.0,60.0,0.383
203142,Chris Copeland,1610612749,MIL,32.0,2015-16,0.0,3.0,0.0,1.0,7.0,0.143,9.0,26.0,0.346,1.0,10.0,0.1
203187,Chris Johnson,1610612762,UTA,26.0,2015-16,8.0,25.0,0.32,9.0,37.0,0.243,10.0,36.0,0.278,17.0,62.0,0.274
2549,Chris Kaman,1610612757,POR,34.0,2015-16,0.0,0.0,0.0,0.0,1.0,0.0,1.0,3.0,0.333,0.0,1.0,0.0
1626191,Chris McCullough,1610612751,BKN,21.0,2015-16,1.0,5.0,0.2,1.0,3.0,0.333,11.0,25.0,0.44,2.0,8.0,0.25
101108,Chris Paul,1610612746,LAC,31.0,2015-16,8.0,19.0,0.421,6.0,20.0,0.3,108.0,288.0,0.375,14.0,39.0,0.359
1626174,Christian Wood,1610612755,PHI,20.0,2015-16,1.0,2.0,0.5,0.0,0.0,0.0,3.0,9.0,0.333,1.0,2.0,0.5
101236,Chuck Hayes,1610612746,LAC,33.0,2015-16,0.0,0.0,0.0,0.0,0.0,0.0,0.0,0.0,0.0,0.0,0.0,0.0
203921,Cleanthony Early,1610612752,NYK,25.0,2015-16,0.0,3.0,0.0,0.0,3.0,0.0,4.0,9.0,0.444,0.0,6.0,0.0
1626146,Cliff Alexander,1610612757,POR,20.0,2015-16,0.0,0.0,0.0,0.0,0.0,0.0,0.0,0.0,0.0,0.0,0.0,0.0
203991,Clint Capela,1610612745,HOU,22.0,2015-16,0.0,0.0,0.0,0.0,0.0,0.0,0.0,0.0,0.0,0.0,0.0,0.0
203469,Cody Zeller,1610612766,CHA,23.0,2015-16,1.0,1.0,1.0,0.0,1.0,0.0,0.0,8.0,0.0,1.0,2.0,0.5
202332,Cole Aldrich,1610612746,LAC,27.0,2015-16,0.0,0.0,0.0,0.0,0.0,0.0,0.0,0.0,0.0,0.0,0.0,0.0
201147,Corey Brewer,1610612745,HOU,30.0,2015-16,22.0,77.0,0.286,19.0,63.0,0.302,20.0,72.0,0.278,41.0,140.0,0.293
203928,Cory Jefferson,1610612756,PHX,25.0,2015-16,0.0,0.0,0.0,0.0,0.0,0.0,0.0,1.0,0.0,0.0,0.0,0.0
202709,Cory Joseph,1610612761,TOR,24.0,2015-16,8.0,19.0,0.421,8.0,16.0,0.5,14.0,73.0,0.192,16.0,35.0,0.457
1626262,Coty Clarke,1610612738,BOS,23.0,2015-16,,,,1.0,1.0,1.0,1.0,1.0,1.0,1.0,1.0,1.0
201584,Courtney Lee,1610612766,CHA,30.0,2015-16,18.0,52.0,0.346,8.0,30.0,0.267,56.0,134.0,0.418,26.0,82.0,0.317
1626245,Cristiano Felicio,1610612741,CHI,23.0,2015-16,0.0,0.0,0.0,0.0,0.0,0.0,0.0,4.0,0.0,0.0,0.0,0.0
1626156,D'Angelo Russell,1610612747,LAL,20.0,2015-16,9.0,31.0,0.29,10.0,24.0,0.417,110.0,305.0,0.361,19.0,55.0,0.345
201571,D.J. Augustin,1610612743,DEN,28.0,2015-16,11.0,17.0,0.647,9.0,22.0,0.409,46.0,125.0,0.368,20.0,39.0,0.513
2563,Dahntay Jones,1610612739,CLE,35.0,2015-16,0.0,0.0,0.0,1.0,1.0,1.0,0.0,1.0,0.0,1.0,1.0,1.0
203081,Damian Lillard,1610612757,POR,25.0,2015-16,8.0,23.0,0.348,6.0,14.0,0.429,215.0,569.0,0.378,14.0,37.0,0.378
203996,Damien Inglis,1610612749,MIL,21.0,2015-16,0.0,0.0,0.0,2.0,5.0,0.4,1.0,6.0,0.167,2.0,5.0,0.4
204014,Damjan Rudez,1610612750,MIN,30.0,2015-16,0.0,3.0,0.0,3.0,9.0,0.333,14.0,37.0,0.378,3.0,12.0,0.25
201568,Danilo Gallinari,1610612743,DEN,27.0,2015-16,7.0,21.0,0.333,4.0,9.0,0.444,75.0,206.0,0.364,11.0,30.0,0.367
201980,Danny Green,1610612759,SAS,29.0,2015-16,13.0,46.0,0.283,22.0,66.0,0.333,80.0,232.0,0.345,35.0,112.0,0.313
201967,Dante Cunningham,1610612740,NOP,29.0,2015-16,21.0,57.0,0.368,16.0,53.0,0.302,18.0,62.0,0.29,37.0,110.0,0.336
201589,Darrell Arthur,1610612743,DEN,28.0,2015-16,6.0,15.0,0.4,6.0,18.0,0.333,33.0,82.0,0.402,12.0,33.0,0.364
201954,Darren Collison,1610612758,SAC,28.0,2015-16,18.0,30.0,0.6,12.0,36.0,0.333,57.0,149.0,0.383,30.0,66.0,0.455
1626199,Darrun Hilliard,1610612765,DET,23.0,2015-16,2.0,13.0,0.154,5.0,7.0,0.714,12.0,27.0,0.444,7.0,20.0,0.35
101135,David Lee,1610612742,DAL,33.0,2015-16,0.0,0.0,0.0,0.0,0.0,0.0,0.0,1.0,0.0,0.0,0.0,0.0
2561,David West,1610612759,SAS,35.0,2015-16,0.0,1.0,0.0,0.0,0.0,0.0,3.0,6.0,0.5,0.0,1.0,0.0
201599,DeAndre Jordan,1610612746,LAC,27.0,2015-16,0.0,0.0,0.0,0.0,0.0,0.0,0.0,1.0,0.0,0.0,0.0,0.0
201971,DeJuan Blair,1610612764,WAS,27.0,2015-16,0.0,0.0,0.0,0.0,0.0,0.0,0.0,0.0,0.0,0.0,0.0,0.0
201942,DeMar DeRozan,1610612761,TOR,26.0,2015-16,15.0,33.0,0.455,11.0,27.0,0.407,21.0,75.0,0.28,26.0,60.0,0.433
202326,DeMarcus Cousins,1610612758,SAC,25.0,2015-16,2.0,4.0,0.5,0.0,3.0,0.0,68.0,202.0,0.337,2.0,7.0,0.286
201960,DeMarre Carroll,1610612761,TOR,29.0,2015-16,5.0,13.0,0.385,5.0,15.0,0.333,36.0,90.0,0.4,10.0,28.0,0.357
1626153,Delon Wright,1610612761,TOR,24.0,2015-16,0.0,1.0,0.0,0.0,1.0,0.0,5.0,11.0,0.455,0.0,2.0,0.0
203471,Dennis Schröder,1610612737,ATL,22.0,2015-16,5.0,17.0,0.294,4.0,9.0,0.444,68.0,209.0,0.325,9.0,26.0,0.346
101114,Deron Williams,1610612742,DAL,32.0,2015-16,11.0,27.0,0.407,15.0,26.0,0.577,71.0,227.0,0.313,26.0,53.0,0.491
202324,Derrick Favors,1610612762,UTA,24.0,2015-16,0.0,0.0,0.0,0.0,0.0,0.0,0.0,2.0,0.0,0.0,0.0,0.0
201565,Derrick Rose,1610612741,CHI,27.0,2015-16,4.0,14.0,0.286,3.0,9.0,0.333,37.0,125.0,0.296,7.0,23.0,0.304
202682,Derrick Williams,1610612752,NYK,25.0,2015-16,9.0,20.0,0.45,12.0,33.0,0.364,22.0,94.0,0.234,21.0,53.0,0.396
1626164,Devin Booker,1610612756,PHX,19.0,2015-16,9.0,26.0,0.346,12.0,31.0,0.387,78.0,231.0,0.338,21.0,57.0,0.368
2734,Devin Harris,1610612742,DAL,33.0,2015-16,16.0,43.0,0.372,11.0,22.0,0.5,24.0,86.0,0.279,27.0,65.0,0.415
203906,Devyn Marble,1610612753,ORL,23.0,2015-16,2.0,4.0,0.5,2.0,6.0,0.333,4.0,22.0,0.182,4.0,10.0,0.4
203473,Dewayne Dedmon,1610612753,ORL,26.0,2015-16,0.0,0.0,0.0,0.0,0.0,0.0,0.0,0.0,0.0,0.0,0.0,0.0
203079,Dion Waiters,1610612760,OKC,24.0,2015-16,19.0,49.0,0.388,19.0,49.0,0.388,48.0,141.0,0.34,38.0,98.0,0.388
1717,Dirk Nowitzki,1610612742,DAL,38.0,2015-16,10.0,29.0,0.345,1.0,8.0,0.125,115.0,305.0,0.377,11.0,37.0,0.297
202388,Donald Sloan,1610612751,BKN,28.0,2015-16,6.0,17.0,0.353,6.0,12.0,0.5,25.0,67.0,0.373,12.0,29.0,0.414
202700,Donatas Motiejunas,1610612745,HOU,25.0,2015-16,1.0,8.0,0.125,2.0,13.0,0.154,13.0,36.0,0.361,3.0,21.0,0.143
203926,Doug McDermott,1610612741,CHI,24.0,2015-16,21.0,49.0,0.429,11.0,28.0,0.393,78.0,183.0,0.426,32.0,77.0,0.416
203110,Draymond Green,1610612744,GSW,26.0,2015-16,6.0,16.0,0.375,4.0,9.0,0.444,90.0,232.0,0.388,10.0,25.0,0.4
2400,Drew Gooden,1610612764,WAS,34.0,2015-16,1.0,3.0,0.333,1.0,4.0,0.25,5.0,34.0,0.147,2.0,7.0,0.286
1626251,Duje Dukan,1610612758,SAC,24.0,2015-16,0.0,2.0,0.0,0.0,0.0,0.0,2.0,3.0,0.667,0.0,2.0,0.0
2730,Dwight Howard,1610612745,HOU,30.0,2015-16,0.0,0.0,0.0,0.0,0.0,0.0,0.0,4.0,0.0,0.0,0.0,0.0
203939,Dwight Powell,1610612742,DAL,24.0,2015-16,0.0,3.0,0.0,2.0,3.0,0.667,0.0,10.0,0.0,2.0,6.0,0.333
2548,Dwyane Wade,1610612748,MIA,34.0,2015-16,0.0,4.0,0.0,2.0,3.0,0.667,4.0,34.0,0.118,2.0,7.0,0.286
202734,E'Twaun Moore,1610612741,CHI,27.0,2015-16,12.0,28.0,0.429,10.0,20.0,0.5,25.0,56.0,0.446,22.0,48.0,0.458
202334,Ed Davis,1610612757,POR,27.0,2015-16,0.0,0.0,0.0,0.0,0.0,0.0,0.0,0.0,0.0,0.0,0.0,0.0
204002,Edy Tavares,1610612737,ATL,24.0,2015-16,0.0,0.0,0.0,0.0,0.0,0.0,0.0,0.0,0.0,0.0,0.0,0.0
203901,Elfrid Payton,1610612753,ORL,22.0,2015-16,5.0,14.0,0.357,3.0,12.0,0.25,22.0,64.0,0.344,8.0,26.0,0.308
202407,Elijah Millsap,1610612762,UTA,28.0,2015-16,1.0,3.0,0.333,0.0,3.0,0.0,0.0,6.0,0.0,1.0,6.0,0.167
202343,Elliot Williams,1610612766,CHA,27.0,2015-16,0.0,1.0,0.0,0.0,0.0,0.0,1.0,3.0,0.333,0.0,1.0,0.0
1882,Elton Brand,1610612755,PHI,37.0,2015-16,0.0,1.0,0.0,0.0,0.0,0.0,0.0,0.0,0.0,0.0,1.0,0.0
1626144,Emmanuel Mudiay,1610612743,DEN,20.0,2015-16,5.0,12.0,0.417,1.0,7.0,0.143,68.0,212.0,0.321,6.0,19.0,0.316
202683,Enes Freedom,1610612760,OKC,24.0,2015-16,2.0,5.0,0.4,6.0,11.0,0.545,2.0,4.0,0.5,8.0,16.0,0.5
202339,Eric Bledsoe,1610612756,PHX,26.0,2015-16,2.0,11.0,0.182,1.0,6.0,0.167,45.0,112.0,0.402,3.0,17.0,0.176
201569,Eric Gordon,1610612740,NOP,27.0,2015-16,5.0,22.0,0.227,8.0,26.0,0.308,100.0,245.0,0.408,13.0,48.0,0.271
203961,Eric Moreland,1610612758,SAC,24.0,2015-16,0.0,0.0,0.0,0.0,0.0,0.0,0.0,0.0,0.0,0.0,0.0,0.0
203475,Erick Green,1610612743,DEN,25.0,2015-16,0.0,0.0,0.0,0.0,0.0,0.0,1.0,5.0,0.2,0.0,0.0,0.0
101141,Ersan Ilyasova,1610612753,ORL,29.0,2015-16,7.0,17.0,0.412,5.0,17.0,0.294,84.0,224.0,0.375,12.0,34.0,0.353
203095,Evan Fournier,1610612753,ORL,23.0,2015-16,17.0,47.0,0.362,15.0,36.0,0.417,124.0,302.0,0.411,32.0,83.0,0.386
202323,Evan Turner,1610612738,BOS,27.0,2015-16,9.0,17.0,0.529,5.0,26.0,0.192,6.0,39.0,0.154,14.0,43.0,0.326
203105,Festus Ezeli,1610612744,GSW,26.0,2015-16,0.0,0.0,0.0,0.0,0.0,0.0,0.0,0.0,0.0,0.0,0.0,0.0
1626163,Frank Kaminsky,1610612766,CHA,23.0,2015-16,6.0,17.0,0.353,1.0,9.0,0.111,61.0,175.0,0.349,7.0,26.0,0.269
202066,Garrett Temple,1610612764,WAS,30.0,2015-16,22.0,64.0,0.344,23.0,60.0,0.383,44.0,133.0,0.331,45.0,124.0,0.363
203914,Gary Harris,1610612743,DEN,21.0,2015-16,26.0,64.0,0.406,12.0,44.0,0.273,67.0,188.0,0.356,38.0,108.0,0.352
202390,Gary Neal,1610612764,WAS,31.0,2015-16,6.0,15.0,0.4,3.0,6.0,0.5,32.0,78.0,0.41,9.0,21.0,0.429
201588,George Hill,1610612754,IND,30.0,2015-16,35.0,80.0,0.438,20.0,46.0,0.435,72.0,185.0,0.389,55.0,126.0,0.437
101123,Gerald Green,1610612748,MIA,30.0,2015-16,15.0,46.0,0.326,16.0,46.0,0.348,52.0,166.0,0.313,31.0,92.0,0.337
201945,Gerald Henderson,1610612757,POR,28.0,2015-16,15.0,30.0,0.5,17.0,41.0,0.415,16.0,65.0,0.246,32.0,71.0,0.451
203507,Giannis Antetokounmpo,1610612749,MIL,21.0,2015-16,4.0,14.0,0.286,8.0,21.0,0.381,15.0,68.0,0.221,12.0,35.0,0.343
203922,Glenn Robinson III,1610612754,IND,22.0,2015-16,3.0,10.0,0.3,3.0,5.0,0.6,8.0,22.0,0.364,6.0,15.0,0.4
201609,Goran Dragic,1610612748,MIA,30.0,2015-16,8.0,26.0,0.308,5.0,24.0,0.208,51.0,155.0,0.329,13.0,50.0,0.26
202330,Gordon Hayward,1610612762,UTA,26.0,2015-16,19.0,41.0,0.463,20.0,58.0,0.345,104.0,309.0,0.337,39.0,99.0,0.394
203476,Gorgui Dieng,1610612750,MIN,26.0,2015-16,4.0,9.0,0.444,1.0,4.0,0.25,1.0,7.0,0.143,5.0,13.0,0.385
202328,Greg Monroe,1610612749,MIL,26.0,2015-16,0.0,0.0,0.0,0.0,0.0,0.0,0.0,1.0,0.0,0.0,0.0,0.0
202962,Greg Smith,1610612750,MIN,25.0,2015-16,0.0,0.0,0.0,0.0,0.0,0.0,0.0,0.0,0.0,0.0,0.0,0.0
202349,Greivis Vasquez,1610612749,MIL,29.0,2015-16,0.0,2.0,0.0,2.0,9.0,0.222,16.0,60.0,0.267,2.0,11.0,0.182
203084,Harrison Barnes,1610612744,GSW,24.0,2015-16,16.0,43.0,0.372,21.0,55.0,0.382,45.0,116.0,0.388,37.0,98.0,0.378
202355,Hassan Whiteside,1610612748,MIA,27.0,2015-16,0.0,0.0,0.0,0.0,0.0,0.0,0.0,0.0,0.0,0.0,0.0,0.0
203156,Henry Sims,1610612751,BKN,26.0,2015-16,0.0,0.0,0.0,0.0,0.0,0.0,0.0,0.0,0.0,0.0,0.0,0.0
203138,Hollis Thompson,1610612755,PHI,25.0,2015-16,29.0,68.0,0.426,28.0,57.0,0.491,92.0,266.0,0.346,57.0,125.0,0.456
203546,Ian Clark,1610612744,GSW,25.0,2015-16,6.0,19.0,0.316,3.0,9.0,0.333,20.0,55.0,0.364,9.0,28.0,0.321
101133,Ian Mahinmi,1610612754,IND,29.0,2015-16,0.0,0.0,0.0,0.0,0.0,0.0,0.0,0.0,0.0,0.0,0.0,0.0
202697,Iman Shumpert,1610612739,CLE,26.0,2015-16,10.0,31.0,0.323,8.0,30.0,0.267,25.0,81.0,0.309,18.0,61.0,0.295
203477,Isaiah Canaan,1610612755,PHI,25.0,2015-16,24.0,48.0,0.5,17.0,54.0,0.315,135.0,383.0,0.352,41.0,102.0,0.402
202738,Isaiah Thomas,1610612738,BOS,27.0,2015-16,21.0,37.0,0.568,12.0,31.0,0.387,134.0,397.0,0.338,33.0,68.0,0.485
202397,Ish Smith,1610612755,PHI,27.0,2015-16,5.0,8.0,0.625,3.0,13.0,0.231,48.0,148.0,0.324,8.0,21.0,0.381
200826,J.J. Barea,1610612742,DAL,32.0,2015-16,7.0,20.0,0.35,6.0,18.0,0.333,87.0,221.0,0.394,13.0,38.0,0.342
201581,JJ Hickson,1610612764,WAS,27.0,2015-16,0.0,0.0,0.0,0.0,0.0,0.0,0.0,1.0,0.0,0.0,0.0,0.0
1626266,JJ O'Brien,1610612762,UTA,24.0,2015-16,0.0,0.0,0.0,,,,0.0,0.0,0.0,0.0,0.0,0.0
200755,JJ Redick,1610612746,LAC,32.0,2015-16,21.0,39.0,0.538,22.0,37.0,0.595,154.0,337.0,0.457,43.0,76.0,0.566
2747,JR Smith,1610612739,CLE,30.0,2015-16,24.0,57.0,0.421,30.0,74.0,0.405,149.0,377.0,0.395,54.0,131.0,0.412
203960,JaKarr Sampson,1610612743,DEN,23.0,2015-16,2.0,10.0,0.2,4.0,19.0,0.211,8.0,33.0,0.242,6.0,29.0,0.207
203210,JaMychal Green,1610612763,MEM,26.0,2015-16,6.0,14.0,0.429,5.0,16.0,0.313,4.0,14.0,0.286,11.0,30.0,0.367
201580,JaVale McGee,1610612742,DAL,28.0,2015-16,0.0,0.0,0.0,0.0,0.0,0.0,0.0,1.0,0.0,0.0,0.0,0.0
203953,Jabari Parker,1610612749,MIL,21.0,2015-16,4.0,10.0,0.4,1.0,9.0,0.111,4.0,16.0,0.25,5.0,19.0,0.263
203109,Jae Crowder,1610612738,BOS,25.0,2015-16,13.0,40.0,0.325,15.0,43.0,0.349,94.0,278.0,0.338,28.0,83.0,0.337
1626143,Jahlil Okafor,1610612755,PHI,20.0,2015-16,0.0,1.0,0.0,0.0,0.0,0.0,1.0,5.0,0.2,0.0,1.0,0.0
2037,Jamal Crawford,1610612746,LAC,36.0,2015-16,20.0,48.0,0.417,14.0,33.0,0.424,82.0,253.0,0.324,34.0,81.0,0.42
2749,Jameer Nelson,1610612743,DEN,34.0,2015-16,2.0,8.0,0.25,1.0,4.0,0.25,40.0,132.0,0.303,3.0,12.0,0.25
202341,James Anderson,1610612758,SAC,27.0,2015-16,4.0,4.0,1.0,3.0,13.0,0.231,16.0,68.0,0.235,7.0,17.0,0.412
203516,James Ennis III,1610612740,NOP,25.0,2015-16,5.0,6.0,0.833,4.0,10.0,0.4,17.0,41.0,0.415,9.0,16.0,0.563
201935,James Harden,1610612745,HOU,26.0,2015-16,6.0,21.0,0.286,12.0,43.0,0.279,218.0,593.0,0.368,18.0,64.0,0.281
201949,James Johnson,1610612761,TOR,29.0,2015-16,3.0,21.0,0.143,7.0,16.0,0.438,10.0,28.0,0.357,10.0,37.0,0.27
2592,James Jones,1610612739,CLE,35.0,2015-16,7.0,15.0,0.467,4.0,8.0,0.5,30.0,81.0,0.37,11.0,23.0,0.478
203949,James Michael McAdoo,1610612744,GSW,23.0,2015-16,0.0,0.0,0.0,0.0,0.0,0.0,1.0,2.0,0.5,0.0,0.0,0.0
203923,James Young,1610612738,BOS,20.0,2015-16,0.0,3.0,0.0,1.0,8.0,0.125,5.0,13.0,0.385,1.0,11.0,0.091
203099,Jared Cunningham,1610612739,CLE,25.0,2015-16,4.0,12.0,0.333,4.0,9.0,0.444,4.0,17.0,0.235,8.0,21.0,0.381
201162,Jared Dudley,1610612764,WAS,30.0,2015-16,3.0,7.0,0.429,26.0,52.0,0.5,71.0,179.0,0.397,29.0,59.0,0.492
203096,Jared Sullinger,1610612738,BOS,24.0,2015-16,0.0,1.0,0.0,1.0,1.0,1.0,28.0,99.0,0.283,1.0,2.0,0.5
204067,Jarell Eddie,1610612764,WAS,24.0,2015-16,1.0,4.0,0.25,2.0,6.0,0.333,12.0,36.0,0.333,3.0,10.0,0.3
1626185,Jarell Martin,1610612763,MEM,22.0,2015-16,0.0,0.0,0.0,0.0,0.0,0.0,0.0,1.0,0.0,0.0,0.0,0.0
203950,Jarnell Stokes,1610612763,MEM,22.0,2015-16,0.0,0.0,0.0,0.0,0.0,0.0,0.0,0.0,0.0,0.0,0.0,0.0
101127,Jarrett Jack,1610612751,BKN,32.0,2015-16,7.0,19.0,0.368,2.0,6.0,0.333,22.0,75.0,0.293,9.0,25.0,0.36
201160,Jason Smith,1610612753,ORL,30.0,2015-16,1.0,4.0,0.25,2.0,3.0,0.667,1.0,9.0,0.111,3.0,7.0,0.429
1891,Jason Terry,1610612745,HOU,38.0,2015-16,18.0,50.0,0.36,25.0,67.0,0.373,50.0,141.0,0.355,43.0,117.0,0.368
201574,Jason Thompson,1610612761,TOR,29.0,2015-16,0.0,0.0,0.0,0.0,2.0,0.0,5.0,13.0,0.385,0.0,2.0,0.0
201965,Jeff Ayres,1610612746,LAC,29.0,2015-16,0.0,0.0,0.0,0.0,0.0,0.0,0.0,0.0,0.0,0.0,0.0,0.0
201145,Jeff Green,1610612746,LAC,29.0,2015-16,11.0,32.0,0.344,15.0,45.0,0.333,41.0,131.0,0.313,26.0,77.0,0.338
201952,Jeff Teague,1610612737,ATL,28.0,2015-16,6.0,19.0,0.316,7.0,11.0,0.636,97.0,243.0,0.399,13.0,30.0,0.433
203481,Jeff Withey,1610612762,UTA,26.0,2015-16,0.0,0.0,0.0,0.0,0.0,0.0,0.0,1.0,0.0,0.0,0.0,0.0
203924,Jerami Grant,1610612755,PHI,22.0,2015-16,13.0,40.0,0.325,9.0,34.0,0.265,13.0,72.0,0.181,22.0,74.0,0.297
202379,Jeremy Evans,1610612742,DAL,28.0,2015-16,1.0,6.0,0.167,0.0,1.0,0.0,3.0,9.0,0.333,1.0,7.0,0.143
203087,Jeremy Lamb,1610612766,CHA,24.0,2015-16,4.0,14.0,0.286,5.0,12.0,0.417,47.0,154.0,0.305,9.0,26.0,0.346
202391,Jeremy Lin,1610612766,CHA,27.0,2015-16,2.0,7.0,0.286,7.0,16.0,0.438,67.0,203.0,0.33,9.0,23.0,0.391
1626170,Jerian Grant,1610612752,NYK,23.0,2015-16,2.0,3.0,0.667,3.0,8.0,0.375,17.0,88.0,0.193,5.0,11.0,0.455
201573,Jerryd Bayless,1610612749,MIL,27.0,2015-16,14.0,40.0,0.35,19.0,32.0,0.594,66.0,153.0,0.431,33.0,72.0,0.458
202690,Jimmer Fredette,1610612759,SAS,27.0,2015-16,0.0,0.0,0.0,0.0,0.0,0.0,1.0,2.0,0.5,0.0,0.0,0.0
202710,Jimmy Butler III,1610612741,CHI,26.0,2015-16,3.0,17.0,0.176,10.0,18.0,0.556,50.0,164.0,0.305,13.0,35.0,0.371
201149,Joakim Noah,1610612741,CHI,31.0,2015-16,0.0,0.0,0.0,0.0,0.0,0.0,0.0,1.0,0.0,0.0,0.0,0.0
201975,Jodie Meeks,1610612765,DET,28.0,2015-16,0.0,2.0,0.0,0.0,0.0,0.0,4.0,7.0,0.571,0.0,2.0,0.0
203925,Joe Harris,1610612739,CLE,24.0,2015-16,0.0,0.0,0.0,1.0,1.0,1.0,0.0,3.0,0.0,1.0,1.0,1.0
204060,Joe Ingles,1610612762,UTA,28.0,2015-16,14.0,32.0,0.438,25.0,47.0,0.532,42.0,130.0,0.323,39.0,79.0,0.494
2207,Joe Johnson,1610612748,MIA,35.0,2015-16,24.0,62.0,0.387,20.0,45.0,0.444,76.0,203.0,0.374,44.0,107.0,0.411
1626202,Joe Young,1610612754,IND,24.0,2015-16,2.0,6.0,0.333,0.0,3.0,0.0,8.0,36.0,0.222,2.0,9.0,0.222
201202,Joel Anthony,1610612765,DET,33.0,2015-16,0.0,0.0,0.0,0.0,0.0,0.0,0.0,0.0,0.0,0.0,0.0,0.0
203530,Joffrey Lauvergne,1610612743,DEN,24.0,2015-16,1.0,10.0,0.1,3.0,11.0,0.273,9.0,33.0,0.273,4.0,21.0,0.19
203089,John Henson,1610612749,MIL,25.0,2015-16,0.0,0.0,0.0,0.0,0.0,0.0,0.0,1.0,0.0,0.0,0.0,0.0
203098,John Jenkins,1610612756,PHX,25.0,2015-16,2.0,8.0,0.25,5.0,7.0,0.714,9.0,36.0,0.25,7.0,15.0,0.467
202322,John Wall,1610612764,WAS,25.0,2015-16,4.0,25.0,0.16,10.0,17.0,0.588,100.0,281.0,0.356,14.0,42.0,0.333
203948,Johnny O'Bryant III,1610612749,MIL,23.0,2015-16,1.0,1.0,1.0,0.0,0.0,0.0,0.0,0.0,0.0,1.0,1.0,1.0
202720,Jon Leuer,1610612756,PHX,27.0,2015-16,0.0,3.0,0.0,4.0,14.0,0.286,38.0,92.0,0.413,4.0,17.0,0.235
201973,Jonas Jerebko,1610612738,BOS,29.0,2015-16,9.0,21.0,0.429,6.0,16.0,0.375,28.0,70.0,0.4,15.0,37.0,0.405
202685,Jonas Valančiūnas,1610612761,TOR,24.0,2015-16,0.0,0.0,0.0,0.0,0.0,0.0,0.0,0.0,0.0,0.0,0.0,0.0
203613,Jonathon Simmons,1610612759,SAS,26.0,2015-16,5.0,12.0,0.417,6.0,10.0,0.6,7.0,23.0,0.304,11.0,22.0,0.5
203919,Jordan Adams,1610612763,MEM,21.0,2015-16,,,,0.0,0.0,0.0,0.0,1.0,0.0,0.0,0.0,0.0
203903,Jordan Clarkson,1610612747,LAL,24.0,2015-16,11.0,38.0,0.289,8.0,25.0,0.32,91.0,253.0,0.36,19.0,63.0,0.302
200770,Jordan Farmar,1610612763,MEM,29.0,2015-16,3.0,7.0,0.429,1.0,7.0,0.143,12.0,31.0,0.387,4.0,14.0,0.286
202706,Jordan Hamilton,1610612740,NOP,25.0,2015-16,1.0,5.0,0.2,0.0,2.0,0.0,12.0,38.0,0.316,1.0,7.0,0.143
201941,Jordan Hill,1610612754,IND,28.0,2015-16,0.0,0.0,0.0,0.0,1.0,0.0,0.0,0.0,0.0,0.0,1.0,0.0
203895,Jordan McRae,1610612739,CLE,25.0,2015-16,2.0,3.0,0.667,0.0,2.0,0.0,8.0,17.0,0.471,2.0,5.0,0.4
1626175,Jordan Mickey,1610612738,BOS,21.0,2015-16,0.0,0.0,0.0,0.0,0.0,0.0,0.0,0.0,0.0,0.0,0.0,0.0
203268,Jorge Gutierrez,1610612766,CHA,27.0,2015-16,0.0,0.0,0.0,0.0,1.0,0.0,0.0,1.0,0.0,0.0,1.0,0.0
101181,Jose Calderon,1610612752,NYK,34.0,2015-16,10.0,17.0,0.588,4.0,11.0,0.364,70.0,175.0,0.4,14.0,28.0,0.5
203962,Josh Huestis,1610612760,OKC,24.0,2015-16,0.0,1.0,0.0,1.0,2.0,0.5,3.0,3.0,1.0,1.0,3.0,0.333
201177,Josh McRoberts,1610612748,MIA,29.0,2015-16,0.0,3.0,0.0,1.0,1.0,1.0,11.0,44.0,0.25,1.0,4.0,0.25
1626196,Josh Richardson,1610612748,MIA,22.0,2015-16,9.0,21.0,0.429,15.0,21.0,0.714,29.0,73.0,0.397,24.0,42.0,0.571
2746,Josh Smith,1610612745,HOU,30.0,2015-16,5.0,10.0,0.5,1.0,11.0,0.091,35.0,120.0,0.292,6.0,21.0,0.286
201950,Jrue Holiday,1610612740,NOP,26.0,2015-16,3.0,15.0,0.2,4.0,18.0,0.222,79.0,223.0,0.354,7.0,33.0,0.212
203944,Julius Randle,1610612747,LAL,21.0,2015-16,0.0,2.0,0.0,0.0,2.0,0.0,10.0,32.0,0.313,0.0,4.0,0.0
1626147,Justin Anderson,1610612742,DAL,22.0,2015-16,5.0,17.0,0.294,5.0,18.0,0.278,12.0,48.0,0.25,10.0,35.0,0.286
202712,Justin Harper,1610612751,BKN,26.0,2015-16,0.0,0.0,0.0,0.0,0.0,0.0,4.0,9.0,0.444,0.0,0.0,0.0
203200,Justin Holiday,1610612741,CHI,27.0,2015-16,6.0,17.0,0.353,8.0,21.0,0.381,22.0,67.0,0.328,14.0,38.0,0.368
1626159,Justise Winslow,1610612748,MIA,20.0,2015-16,13.0,49.0,0.265,10.0,37.0,0.27,9.0,27.0,0.333,23.0,86.0,0.267
203994,Jusuf Nurkić,1610612743,DEN,21.0,2015-16,0.0,0.0,0.0,0.0,1.0,0.0,0.0,2.0,0.0,0.0,1.0,0.0
203909,KJ McDaniels,1610612745,HOU,23.0,2015-16,2.0,5.0,0.4,1.0,4.0,0.25,4.0,16.0,0.25,3.0,9.0,0.333
1626157,Karl-Anthony Towns,1610612750,MIN,20.0,2015-16,1.0,7.0,0.143,1.0,2.0,0.5,28.0,78.0,0.359,2.0,9.0,0.222
202695,Kawhi Leonard,1610612759,SAS,25.0,2015-16,18.0,37.0,0.486,15.0,31.0,0.484,96.0,221.0,0.434,33.0,68.0,0.485
203951,Keith Appling,1610612753,ORL,24.0,2015-16,0.0,1.0,0.0,0.0,1.0,0.0,0.0,1.0,0.0,0.0,2.0,0.0
203482,Kelly Olynyk,1610612738,BOS,25.0,2015-16,6.0,9.0,0.667,8.0,14.0,0.571,71.0,187.0,0.38,14.0,23.0,0.609
1626162,Kelly Oubre Jr.,1610612764,WAS,20.0,2015-16,3.0,14.0,0.214,4.0,10.0,0.4,18.0,54.0,0.333,7.0,24.0,0.292
202689,Kemba Walker,1610612766,CHA,26.0,2015-16,10.0,27.0,0.37,12.0,27.0,0.444,159.0,432.0,0.368,22.0,54.0,0.407
203088,Kendall Marshall,1610612755,PHI,24.0,2015-16,0.0,5.0,0.0,4.0,6.0,0.667,12.0,37.0,0.324,4.0,11.0,0.364
2570,Kendrick Perkins,1610612740,NOP,31.0,2015-16,0.0,0.0,0.0,0.0,0.0,0.0,0.0,0.0,0.0,0.0,0.0,0.0
202702,Kenneth Faried,1610612743,DEN,26.0,2015-16,0.0,0.0,0.0,1.0,1.0,1.0,0.0,0.0,0.0,1.0,1.0,1.0
203145,Kent Bazemore,1610612737,ATL,26.0,2015-16,24.0,58.0,0.414,25.0,60.0,0.417,60.0,186.0,0.323,49.0,118.0,0.415
203484,Kentavious Caldwell-Pope,1610612765,DET,23.0,2015-16,30.0,78.0,0.385,8.0,28.0,0.286,76.0,257.0,0.296,38.0,106.0,0.358
201142,Kevin Durant,1610612760,OKC,27.0,2015-16,1.0,4.0,0.25,7.0,17.0,0.412,178.0,460.0,0.387,8.0,21.0,0.381
708,Kevin Garnett,1610612750,MIN,40.0,2015-16,0.0,0.0,0.0,0.0,1.0,0.0,0.0,0.0,0.0,0.0,1.0,0.0
201567,Kevin Love,1610612739,CLE,27.0,2015-16,23.0,67.0,0.343,32.0,71.0,0.451,102.0,300.0,0.34,55.0,138.0,0.399
2755,Kevin Martin,1610612759,SAS,33.0,2015-16,11.0,21.0,0.524,0.0,1.0,0.0,38.0,113.0,0.336,11.0,22.0,0.5
202338,Kevin Seraphin,1610612752,NYK,26.0,2015-16,0.0,0.0,0.0,0.0,0.0,0.0,0.0,1.0,0.0,0.0,0.0,0.0
1626172,Kevon Looney,1610612744,GSW,20.0,2015-16,0.0,0.0,0.0,,,,1.0,2.0,0.5,0.0,0.0,0.0
203114,Khris Middleton,1610612749,MIL,24.0,2015-16,22.0,53.0,0.415,14.0,31.0,0.452,107.0,275.0,0.389,36.0,84.0,0.429
2550,Kirk Hinrich,1610612737,ATL,35.0,2015-16,4.0,8.0,0.5,4.0,9.0,0.444,16.0,45.0,0.356,8.0,17.0,0.471
202691,Klay Thompson,1610612744,GSW,26.0,2015-16,24.0,66.0,0.364,44.0,100.0,0.44,208.0,480.0,0.433,68.0,166.0,0.41
977,Kobe Bryant,1610612747,LAL,37.0,2015-16,7.0,23.0,0.304,13.0,41.0,0.317,113.0,402.0,0.281,20.0,64.0,0.313
201585,Kosta Koufos,1610612758,SAC,27.0,2015-16,0.0,0.0,0.0,0.0,0.0,0.0,0.0,0.0,0.0,0.0,0.0,0.0
203123,Kostas Papanikolaou,1610612743,DEN,25.0,2015-16,2.0,5.0,0.4,0.0,3.0,0.0,8.0,23.0,0.348,2.0,8.0,0.25
2743,Kris Humphries,1610612737,ATL,31.0,2015-16,1.0,7.0,0.143,4.0,11.0,0.364,29.0,89.0,0.326,5.0,18.0,0.278
204001,Kristaps Porziņģis,1610612752,NYK,20.0,2015-16,4.0,15.0,0.267,4.0,10.0,0.4,73.0,217.0,0.336,8.0,25.0,0.32
203937,Kyle Anderson,1610612759,SAS,22.0,2015-16,6.0,19.0,0.316,6.0,13.0,0.462,0.0,5.0,0.0,12.0,32.0,0.375
2594,Kyle Korver,1610612737,ATL,35.0,2015-16,18.0,42.0,0.429,24.0,49.0,0.49,116.0,307.0,0.378,42.0,91.0,0.462
200768,Kyle Lowry,1610612761,TOR,30.0,2015-16,18.0,41.0,0.439,10.0,18.0,0.556,184.0,484.0,0.38,28.0,59.0,0.475
203124,Kyle O'Quinn,1610612752,NYK,26.0,2015-16,1.0,3.0,0.333,0.0,1.0,0.0,4.0,18.0,0.222,1.0,4.0,0.25
202713,Kyle Singler,1610612760,OKC,28.0,2015-16,12.0,32.0,0.375,6.0,29.0,0.207,12.0,35.0,0.343,18.0,61.0,0.295
202681,Kyrie Irving,1610612739,CLE,24.0,2015-16,13.0,30.0,0.433,9.0,29.0,0.31,62.0,203.0,0.305,22.0,59.0,0.373
200746,LaMarcus Aldridge,1610612759,SAS,30.0,2015-16,0.0,4.0,0.0,0.0,5.0,0.0,0.0,7.0,0.0,0.0,9.0,0.0
203934,Lamar Patterson,1610612737,ATL,24.0,2015-16,4.0,9.0,0.444,1.0,4.0,0.25,7.0,36.0,0.194,5.0,13.0,0.385
202362,Lance Stephenson,1610612763,MEM,25.0,2015-16,0.0,9.0,0.0,8.0,16.0,0.5,22.0,52.0,0.423,8.0,25.0,0.32
202498,Lance Thomas,1610612752,NYK,28.0,2015-16,18.0,41.0,0.439,7.0,21.0,0.333,19.0,45.0,0.422,25.0,62.0,0.403
204038,Langston Galloway,1610612752,NYK,24.0,2015-16,18.0,36.0,0.5,10.0,24.0,0.417,49.0,158.0,0.31,28.0,60.0,0.467
1626204,Larry Nance Jr.,1610612747,LAL,23.0,2015-16,1.0,5.0,0.2,0.0,0.0,0.0,0.0,3.0,0.0,1.0,5.0,0.2
202730,Lavoy Allen,1610612754,IND,27.0,2015-16,0.0,0.0,0.0,0.0,0.0,0.0,0.0,0.0,0.0,0.0,0.0,0.0
2544,LeBron James,1610612739,CLE,31.0,2015-16,5.0,20.0,0.25,4.0,17.0,0.235,78.0,244.0,0.32,9.0,37.0,0.243
2571,Leandro Barbosa,1610612744,GSW,33.0,2015-16,12.0,28.0,0.429,5.0,7.0,0.714,22.0,74.0,0.297,17.0,35.0,0.486
203485,Lorenzo Brown,1610612765,DET,25.0,2015-16,0.0,0.0,0.0,0.0,0.0,0.0,1.0,7.0,0.143,0.0,0.0,0.0
200811,Lou Amundson,1610612752,NYK,33.0,2015-16,0.0,0.0,0.0,0.0,0.0,0.0,0.0,0.0,0.0,0.0,0.0,0.0
101150,Lou Williams,1610612747,LAL,29.0,2015-16,19.0,55.0,0.345,9.0,27.0,0.333,80.0,235.0,0.34,28.0,82.0,0.341
201601,Luc Mbah a Moute,1610612746,LAC,29.0,2015-16,4.0,16.0,0.25,8.0,20.0,0.4,0.0,1.0,0.0,12.0,36.0,0.333
203512,Lucas Nogueira,1610612761,TOR,23.0,2015-16,0.0,0.0,0.0,0.0,0.0,0.0,1.0,3.0,0.333,0.0,0.0,0.0
1626242,Luis Montero,1610612757,POR,23.0,2015-16,0.0,0.0,0.0,0.0,1.0,0.0,1.0,7.0,0.143,0.0,1.0,0.0
2449,Luis Scola,1610612761,TOR,36.0,2015-16,20.0,43.0,0.465,19.0,41.0,0.463,26.0,76.0,0.342,39.0,84.0,0.464
202337,Luke Babbitt,1610612740,NOP,27.0,2015-16,5.0,15.0,0.333,2.0,10.0,0.2,37.0,84.0,0.44,7.0,25.0,0.28
2736,Luol Deng,1610612748,MIA,31.0,2015-16,19.0,57.0,0.333,32.0,84.0,0.381,36.0,113.0,0.319,51.0,141.0,0.362
1938,Manu Ginobili,1610612759,SAS,38.0,2015-16,7.0,13.0,0.538,6.0,11.0,0.545,57.0,154.0,0.37,13.0,24.0,0.542
201188,Marc Gasol,1610612763,MEM,31.0,2015-16,0.0,1.0,0.0,0.0,0.0,0.0,2.0,2.0,1.0,0.0,1.0,0.0
1626273,Marcelo Huertas,1610612747,LAL,33.0,2015-16,1.0,5.0,0.2,0.0,5.0,0.0,15.0,45.0,0.333,1.0,10.0,0.1
101162,Marcin Gortat,1610612764,WAS,32.0,2015-16,0.0,0.0,0.0,0.0,0.0,0.0,0.0,1.0,0.0,0.0,0.0,0.0
201158,Marco Belinelli,1610612758,SAC,30.0,2015-16,9.0,18.0,0.5,10.0,28.0,0.357,72.0,246.0,0.293,19.0,46.0,0.413
202694,Marcus Morris Sr.,1610612765,DET,26.0,2015-16,10.0,38.0,0.263,20.0,56.0,0.357,78.0,202.0,0.386,30.0,94.0,0.319
203935,Marcus Smart,1610612738,BOS,22.0,2015-16,3.0,24.0,0.125,9.0,36.0,0.25,49.0,177.0,0.277,12.0,60.0,0.2
201977,Marcus Thornton,1610612764,WAS,29.0,2015-16,13.0,32.0,0.406,10.0,28.0,0.357,68.0,205.0,0.332,23.0,60.0,0.383
201596,Mario Chalmers,1610612748,MIA,30.0,2015-16,6.0,24.0,0.25,4.0,15.0,0.267,36.0,106.0,0.34,10.0,39.0,0.256
1626209,Mario Hezonja,1610612753,ORL,21.0,2015-16,5.0,17.0,0.294,10.0,19.0,0.526,52.0,152.0,0.342,15.0,36.0,0.417
203900,Markel Brown,1610612751,BKN,24.0,2015-16,6.0,20.0,0.3,11.0,19.0,0.579,21.0,82.0,0.256,17.0,39.0,0.436
202693,Markieff Morris,1610612764,WAS,26.0,2015-16,5.0,12.0,0.417,2.0,10.0,0.2,39.0,131.0,0.298,7.0,22.0,0.318
201578,Marreese Speights,1610612744,GSW,28.0,2015-16,2.0,4.0,0.5,0.0,2.0,0.0,22.0,55.0,0.4,2.0,6.0,0.333
101107,Marvin Williams,1610612766,CHA,30.0,2015-16,27.0,61.0,0.443,21.0,46.0,0.457,104.0,269.0,0.387,48.0,107.0,0.449
203486,Mason Plumlee,1610612757,POR,26.0,2015-16,0.0,0.0,0.0,0.0,0.0,0.0,0.0,2.0,0.0,0.0,0.0,0.0
2440,Matt Barnes,1610612763,MEM,36.0,2015-16,18.0,50.0,0.36,14.0,55.0,0.255,85.0,260.0,0.327,32.0,105.0,0.305
2588,Matt Bonner,1610612759,SAS,36.0,2015-16,2.0,4.0,0.5,0.0,1.0,0.0,13.0,28.0,0.464,2.0,5.0,0.4
203521,Matthew Dellavedova,1610612739,CLE,25.0,2015-16,12.0,21.0,0.571,10.0,22.0,0.455,76.0,196.0,0.388,22.0,43.0,0.512
203090,Maurice Harkless,1610612757,POR,23.0,2015-16,12.0,34.0,0.353,7.0,36.0,0.194,20.0,69.0,0.29,19.0,70.0,0.271
1897,Metta World Peace,1610612747,LAL,36.0,2015-16,8.0,21.0,0.381,3.0,13.0,0.231,15.0,50.0,0.3,11.0,34.0,0.324
203086,Meyers Leonard,1610612757,POR,24.0,2015-16,6.0,15.0,0.4,4.0,14.0,0.286,76.0,196.0,0.388,10.0,29.0,0.345
201563,Michael Beasley,1610612745,HOU,27.0,2015-16,1.0,2.0,0.5,1.0,4.0,0.25,1.0,3.0,0.333,2.0,6.0,0.333
203487,Michael Carter-Williams,1610612749,MIL,24.0,2015-16,4.0,10.0,0.4,1.0,5.0,0.2,10.0,39.0,0.256,5.0,15.0,0.333
203077,Michael Kidd-Gilchrist,1610612766,CHA,22.0,2015-16,1.0,3.0,0.333,1.0,1.0,1.0,1.0,3.0,0.333,2.0,4.0,0.5
201144,Mike Conley,1610612763,MEM,28.0,2015-16,9.0,22.0,0.409,8.0,19.0,0.421,61.0,172.0,0.355,17.0,41.0,0.415
2399,Mike Dunleavy,1610612741,CHI,35.0,2015-16,0.0,4.0,0.0,9.0,18.0,0.5,30.0,77.0,0.39,9.0,22.0,0.409
2034,Mike Miller,1610612743,DEN,36.0,2015-16,1.0,4.0,0.25,3.0,6.0,0.5,15.0,42.0,0.357,4.0,10.0,0.4
203488,Mike Muscala,1610612737,ATL,24.0,2015-16,2.0,6.0,0.333,1.0,6.0,0.167,9.0,26.0,0.346,3.0,12.0,0.25
203118,Mike Scott,1610612737,ATL,27.0,2015-16,6.0,21.0,0.286,5.0,16.0,0.313,51.0,121.0,0.421,11.0,37.0,0.297
203101,Miles Plumlee,1610612749,MIL,27.0,2015-16,0.0,0.0,0.0,0.0,0.0,0.0,0.0,0.0,0.0,0.0,0.0,0.0
203141,Mirza Teletovic,1610612756,PHX,30.0,2015-16,9.0,32.0,0.281,7.0,16.0,0.438,165.0,411.0,0.401,16.0,48.0,0.333
203956,Mitch McGary,1610612760,OKC,24.0,2015-16,0.0,1.0,0.0,0.0,1.0,0.0,0.0,2.0,0.0,0.0,2.0,0.0
2590,Mo Williams,1610612739,CLE,33.0,2015-16,4.0,13.0,0.308,6.0,16.0,0.375,25.0,72.0,0.347,10.0,29.0,0.345
101145,Monta Ellis,1610612754,IND,30.0,2015-16,26.0,64.0,0.406,9.0,25.0,0.36,49.0,182.0,0.269,35.0,89.0,0.393
1626149,Montrezl Harrell,1610612745,HOU,22.0,2015-16,0.0,0.0,0.0,0.0,0.0,0.0,0.0,1.0,0.0,0.0,0.0,0.0
1626167,Myles Turner,1610612754,IND,20.0,2015-16,0.0,1.0,0.0,1.0,1.0,1.0,2.0,12.0,0.167,1.0,2.0,0.5
101126,Nate Robinson,1610612740,NOP,32.0,2015-16,0.0,0.0,0.0,,,,0.0,1.0,0.0,0.0,0.0,0.0
1737,Nazr Mohammed,1610612760,OKC,38.0,2015-16,0.0,0.0,0.0,0.0,0.0,0.0,0.0,0.0,0.0,0.0,0.0,0.0
202357,Nemanja Bjelica,1610612750,MIN,28.0,2015-16,3.0,8.0,0.375,3.0,5.0,0.6,42.0,112.0,0.375,6.0,13.0,0.462
2403,Nene,1610612764,WAS,33.0,2015-16,0.0,0.0,0.0,0.0,2.0,0.0,0.0,1.0,0.0,0.0,2.0,0.0
203457,Nerlens Noel,1610612755,PHI,22.0,2015-16,0.0,0.0,0.0,0.0,0.0,0.0,1.0,2.0,0.5,0.0,0.0,0.0
2555,Nick Collison,1610612760,OKC,35.0,2015-16,0.0,0.0,0.0,0.0,1.0,0.0,0.0,1.0,0.0,0.0,1.0,0.0
201156,Nick Young,1610612747,LAL,31.0,2015-16,10.0,24.0,0.417,13.0,31.0,0.419,54.0,179.0,0.302,23.0,55.0,0.418
201587,Nicolas Batum,1610612766,CHA,27.0,2015-16,11.0,27.0,0.407,5.0,16.0,0.313,123.0,355.0,0.346,16.0,43.0,0.372
203917,Nik Stauskas,1610612755,PHI,22.0,2015-16,15.0,49.0,0.306,23.0,59.0,0.39,68.0,217.0,0.313,38.0,108.0,0.352
203999,Nikola Jokić,1610612743,DEN,21.0,2015-16,1.0,8.0,0.125,3.0,5.0,0.6,24.0,71.0,0.338,4.0,13.0,0.308
202703,Nikola Mirotic,1610612741,CHI,25.0,2015-16,17.0,42.0,0.405,19.0,39.0,0.487,99.0,263.0,0.376,36.0,81.0,0.444
201593,Nikola Pekovic,1610612750,MIN,30.0,2015-16,0.0,0.0,0.0,0.0,0.0,0.0,0.0,0.0,0.0,0.0,0.0,0.0
202696,Nikola Vučević,1610612753,ORL,25.0,2015-16,0.0,0.0,0.0,0.0,0.0,0.0,2.0,8.0,0.25,0.0,0.0,0.0
203943,Noah Vonleh,1610612757,POR,20.0,2015-16,3.0,11.0,0.273,1.0,3.0,0.333,7.0,32.0,0.219,4.0,14.0,0.286
1626181,Norman Powell,1610612761,TOR,23.0,2015-16,12.0,27.0,0.444,9.0,15.0,0.6,15.0,46.0,0.326,21.0,42.0,0.5
202708,Norris Cole,1610612740,NOP,27.0,2015-16,3.0,9.0,0.333,6.0,11.0,0.545,24.0,82.0,0.293,9.0,20.0,0.45
201564,O.J. Mayo,1610612749,MIL,28.0,2015-16,9.0,29.0,0.31,3.0,17.0,0.176,40.0,111.0,0.36,12.0,46.0,0.261
201600,Omer Asik,1610612740,NOP,29.0,2015-16,0.0,0.0,0.0,0.0,0.0,0.0,0.0,0.0,0.0,0.0,0.0,0.0
201956,Omri Casspi,1610612758,SAC,28.0,2015-16,7.0,15.0,0.467,13.0,31.0,0.419,92.0,227.0,0.405,20.0,46.0,0.435
203111,Orlando Johnson,1610612740,NOP,27.0,2015-16,0.0,3.0,0.0,2.0,2.0,1.0,0.0,5.0,0.0,2.0,5.0,0.4
203490,Otto Porter Jr.,1610612764,WAS,23.0,2015-16,16.0,47.0,0.34,21.0,53.0,0.396,61.0,164.0,0.372,37.0,100.0,0.37
200782,P.J. Tucker,1610612756,PHX,31.0,2015-16,25.0,76.0,0.329,25.0,70.0,0.357,18.0,59.0,0.305,50.0,146.0,0.342
203798,PJ Hairston,1610612763,MEM,23.0,2015-16,11.0,35.0,0.314,10.0,29.0,0.345,49.0,177.0,0.277,21.0,64.0,0.328
203143,Pablo Prigioni,1610612746,LAC,39.0,2015-16,5.0,10.0,0.5,1.0,2.0,0.5,21.0,78.0,0.269,6.0,12.0,0.5
1626192,Pat Connaughton,1610612757,POR,23.0,2015-16,0.0,1.0,0.0,0.0,2.0,0.0,5.0,18.0,0.278,0.0,3.0,0.0
201976,Patrick Beverley,1610612745,HOU,27.0,2015-16,35.0,79.0,0.443,18.0,52.0,0.346,71.0,179.0,0.397,53.0,131.0,0.405
202335,Patrick Patterson,1610612761,TOR,27.0,2015-16,21.0,66.0,0.318,23.0,52.0,0.442,62.0,174.0,0.356,44.0,118.0,0.373
201988,Patty Mills,1610612759,SAS,27.0,2015-16,14.0,38.0,0.368,18.0,46.0,0.391,91.0,234.0,0.389,32.0,84.0,0.381
2200,Pau Gasol,1610612741,CHI,35.0,2015-16,5.0,14.0,0.357,3.0,11.0,0.273,16.0,44.0,0.364,8.0,25.0,0.32
202331,Paul George,1610612754,IND,26.0,2015-16,28.0,76.0,0.368,29.0,64.0,0.453,151.0,422.0,0.358,57.0,140.0,0.407
200794,Paul Millsap,1610612737,ATL,31.0,2015-16,2.0,13.0,0.154,6.0,29.0,0.207,66.0,189.0,0.349,8.0,42.0,0.19
1718,Paul Pierce,1610612746,LAC,38.0,2015-16,1.0,12.0,0.083,6.0,18.0,0.333,67.0,209.0,0.321,7.0,30.0,0.233
203515,Phil Pressey,1610612757,POR,25.0,2015-16,0.0,2.0,0.0,0.0,0.0,0.0,4.0,15.0,0.267,0.0,2.0,0.0
203112,Quincy Acy,1610612758,SAC,25.0,2015-16,7.0,12.0,0.583,2.0,5.0,0.4,10.0,31.0,0.323,9.0,17.0,0.529
1626154,RJ Hunter,1610612738,BOS,22.0,2015-16,5.0,13.0,0.385,2.0,11.0,0.182,12.0,39.0,0.308,7.0,24.0,0.292
200765,Rajon Rondo,1610612758,SAC,30.0,2015-16,11.0,30.0,0.367,15.0,30.0,0.5,36.0,108.0,0.333,26.0,60.0,0.433
1626176,Rakeem Christmas,1610612754,IND,24.0,2015-16,,,,0.0,0.0,0.0,0.0,0.0,0.0,0.0,0.0,0.0
201196,Ramon Sessions,1610612764,WAS,30.0,2015-16,6.0,18.0,0.333,6.0,10.0,0.6,24.0,82.0,0.293,12.0,28.0,0.429
200751,Randy Foye,1610612760,OKC,32.0,2015-16,12.0,40.0,0.3,8.0,26.0,0.308,55.0,182.0,0.302,20.0,66.0,0.303
1626173,Rashad Vaughn,1610612749,MIL,19.0,2015-16,5.0,26.0,0.192,13.0,44.0,0.295,25.0,76.0,0.329,18.0,70.0,0.257
2446,Rasual Butler,1610612759,SAS,37.0,2015-16,2.0,9.0,0.222,4.0,11.0,0.364,9.0,29.0,0.31,6.0,20.0,0.3
203526,Raul Neto,1610612762,UTA,24.0,2015-16,14.0,35.0,0.4,13.0,27.0,0.481,37.0,97.0,0.381,27.0,62.0,0.435
203492,Ray McCallum,1610612759,SAS,25.0,2015-16,1.0,5.0,0.2,3.0,8.0,0.375,11.0,29.0,0.379,4.0,13.0,0.308
101109,Raymond Felton,1610612742,DAL,32.0,2015-16,6.0,28.0,0.214,6.0,15.0,0.4,48.0,168.0,0.286,12.0,43.0,0.279
203493,Reggie Bullock Jr.,1610612765,DET,25.0,2015-16,6.0,14.0,0.429,7.0,12.0,0.583,9.0,27.0,0.333,13.0,26.0,0.5
202704,Reggie Jackson,1610612765,DET,26.0,2015-16,7.0,21.0,0.333,8.0,19.0,0.421,103.0,292.0,0.353,15.0,40.0,0.375
2210,Richard Jefferson,1610612739,CLE,36.0,2015-16,14.0,34.0,0.412,25.0,53.0,0.472,27.0,85.0,0.318,39.0,87.0,0.448
1626158,Richaun Holmes,1610612755,PHI,22.0,2015-16,1.0,3.0,0.333,0.0,1.0,0.0,7.0,38.0,0.184,1.0,4.0,0.25
201937,Ricky Rubio,1610612750,MIN,25.0,2015-16,9.0,22.0,0.409,6.0,15.0,0.4,46.0,151.0,0.305,15.0,37.0,0.405
203496,Robert Covington,1610612755,PHI,25.0,2015-16,14.0,37.0,0.378,10.0,32.0,0.313,145.0,411.0,0.353,24.0,69.0,0.348
203135,Robert Sacre,1610612747,LAL,27.0,2015-16,0.0,0.0,0.0,0.0,0.0,0.0,0.0,0.0,0.0,0.0,0.0,0.0
201577,Robin Lopez,1610612752,NYK,28.0,2015-16,0.0,0.0,0.0,0.0,1.0,0.0,0.0,0.0,0.0,0.0,1.0,0.0
203918,Rodney Hood,1610612762,UTA,23.0,2015-16,24.0,52.0,0.462,15.0,49.0,0.306,122.0,346.0,0.353,39.0,101.0,0.386
201155,Rodney Stuckey,1610612754,IND,30.0,2015-16,5.0,25.0,0.2,2.0,11.0,0.182,12.0,43.0,0.279,7.0,36.0,0.194
1626178,Rondae Hollis-Jefferson,1610612751,BKN,21.0,2015-16,0.0,2.0,0.0,1.0,3.0,0.333,3.0,9.0,0.333,1.0,5.0,0.2
101179,Ronnie Price,1610612756,PHX,33.0,2015-16,13.0,26.0,0.5,12.0,29.0,0.414,42.0,138.0,0.304,25.0,55.0,0.455
201579,Roy Hibbert,1610612747,LAL,29.0,2015-16,0.0,0.0,0.0,0.0,0.0,0.0,0.0,2.0,0.0,0.0,0.0,0.0
200752,Rudy Gay,1610612758,SAC,29.0,2015-16,9.0,21.0,0.429,15.0,40.0,0.375,50.0,153.0,0.327,24.0,61.0,0.393
203497,Rudy Gobert,1610612762,UTA,24.0,2015-16,0.0,0.0,0.0,0.0,0.0,0.0,0.0,0.0,0.0,0.0,0.0,0.0
203893,Russ Smith,1610612763,MEM,25.0,2015-16,0.0,0.0,0.0,1.0,1.0,1.0,0.0,4.0,0.0,1.0,1.0,1.0
201566,Russell Westbrook,1610612760,OKC,27.0,2015-16,7.0,24.0,0.292,4.0,13.0,0.308,90.0,303.0,0.297,11.0,37.0,0.297
201583,Ryan Anderson,1610612740,NOP,28.0,2015-16,11.0,39.0,0.282,8.0,21.0,0.381,112.0,293.0,0.382,19.0,60.0,0.317
200797,Ryan Hollins,1610612763,MEM,31.0,2015-16,0.0,0.0,0.0,0.0,0.0,0.0,0.0,0.0,0.0,0.0,0.0,0.0
203527,Ryan Kelly,1610612747,LAL,25.0,2015-16,0.0,4.0,0.0,1.0,5.0,0.2,4.0,27.0,0.148,1.0,9.0,0.111
1626257,Salah Mejri,1610612742,DAL,30.0,2015-16,0.0,0.0,0.0,0.0,0.0,0.0,0.0,1.0,0.0,0.0,0.0,0.0
1626155,Sam Dekker,1610612745,HOU,22.0,2015-16,,,,,,,0.0,0.0,0.0,,,
201619,Sasha Kaun,1610612739,CLE,31.0,2015-16,0.0,0.0,0.0,0.0,0.0,0.0,0.0,0.0,0.0,0.0,0.0,0.0
2756,Sasha Vujacic,1610612752,NYK,32.0,2015-16,6.0,21.0,0.286,4.0,11.0,0.364,42.0,111.0,0.378,10.0,32.0,0.313
203930,Sean Kilpatrick,1610612751,BKN,26.0,2015-16,11.0,27.0,0.407,4.0,11.0,0.364,24.0,76.0,0.316,15.0,38.0,0.395
201586,Serge Ibaka,1610612760,OKC,26.0,2015-16,18.0,49.0,0.367,16.0,48.0,0.333,26.0,87.0,0.299,34.0,97.0,0.351
203508,Sergey Karasev,1610612751,BKN,22.0,2015-16,0.0,2.0,0.0,2.0,8.0,0.25,9.0,26.0,0.346,2.0,10.0,0.2
203552,Seth Curry,1610612758,SAC,25.0,2015-16,9.0,12.0,0.75,9.0,18.0,0.5,32.0,80.0,0.4,18.0,30.0,0.6
203498,Shabazz Muhammad,1610612750,MIN,23.0,2015-16,16.0,42.0,0.381,12.0,25.0,0.48,16.0,84.0,0.19,28.0,67.0,0.418
203894,Shabazz Napier,1610612753,ORL,24.0,2015-16,3.0,8.0,0.375,1.0,9.0,0.111,30.0,87.0,0.345,4.0,17.0,0.235
203499,Shane Larkin,1610612751,BKN,23.0,2015-16,2.0,11.0,0.182,4.0,11.0,0.364,33.0,86.0,0.384,6.0,22.0,0.273
2733,Shaun Livingston,1610612744,GSW,30.0,2015-16,2.0,4.0,0.5,0.0,4.0,0.0,0.0,3.0,0.0,2.0,8.0,0.25
203963,Shayne Whittington,1610612754,IND,25.0,2015-16,0.0,0.0,0.0,0.0,0.0,0.0,0.0,2.0,0.0,0.0,0.0,0.0
202714,Shelvin Mack,1610612762,UTA,26.0,2015-16,5.0,14.0,0.357,11.0,26.0,0.423,23.0,85.0,0.271,16.0,40.0,0.4
203524,Solomon Hill,1610612754,IND,25.0,2015-16,6.0,16.0,0.375,6.0,11.0,0.545,12.0,45.0,0.267,12.0,27.0,0.444
201603,Sonny Weems,1610612756,PHX,29.0,2015-16,1.0,6.0,0.167,5.0,10.0,0.5,9.0,24.0,0.375,6.0,16.0,0.375
203915,Spencer Dinwiddie,1610612741,CHI,23.0,2015-16,0.0,0.0,0.0,0.0,0.0,0.0,1.0,10.0,0.1,0.0,0.0,0.0
201150,Spencer Hawes,1610612766,CHA,28.0,2015-16,8.0,13.0,0.615,3.0,13.0,0.231,27.0,76.0,0.355,11.0,26.0,0.423
1626169,Stanley Johnson,1610612765,DET,20.0,2015-16,9.0,25.0,0.36,23.0,59.0,0.39,31.0,116.0,0.267,32.0,84.0,0.381
201939,Stephen Curry,1610612744,GSW,28.0,2015-16,30.0,63.0,0.476,27.0,53.0,0.509,342.0,757.0,0.452,57.0,116.0,0.491
2581,Steve Blake,1610612765,DET,36.0,2015-16,8.0,19.0,0.421,10.0,21.0,0.476,34.0,103.0,0.33,18.0,40.0,0.45
200779,Steve Novak,1610612749,MIL,33.0,2015-16,3.0,4.0,0.75,1.0,2.0,0.5,3.0,9.0,0.333,4.0,6.0,0.667
203500,Steven Adams,1610612760,OKC,22.0,2015-16,0.0,0.0,0.0,0.0,0.0,0.0,0.0,0.0,0.0,0.0,0.0,0.0
204456,T.J. McConnell,1610612755,PHI,24.0,2015-16,3.0,6.0,0.5,4.0,10.0,0.4,24.0,68.0,0.353,7.0,16.0,0.438
203933,T.J. Warren,1610612756,PHX,22.0,2015-16,6.0,13.0,0.462,11.0,25.0,0.44,11.0,30.0,0.367,17.0,38.0,0.447
201959,Taj Gibson,1610612741,CHI,31.0,2015-16,0.0,0.0,0.0,0.0,0.0,0.0,0.0,3.0,0.0,0.0,0.0,0.0
204028,Tarik Black,1610612747,LAL,24.0,2015-16,0.0,0.0,0.0,0.0,0.0,0.0,0.0,0.0,0.0,0.0,0.0,0.0
2419,Tayshaun Prince,1610612750,MIN,36.0,2015-16,3.0,16.0,0.188,1.0,6.0,0.167,0.0,1.0,0.0,4.0,22.0,0.182
203093,Terrence Jones,1610612745,HOU,24.0,2015-16,1.0,8.0,0.125,3.0,9.0,0.333,20.0,61.0,0.328,4.0,17.0,0.235
203082,Terrence Ross,1610612761,TOR,25.0,2015-16,27.0,67.0,0.403,12.0,35.0,0.343,92.0,232.0,0.397,39.0,102.0,0.382
1626179,Terry Rozier,1610612738,BOS,22.0,2015-16,1.0,5.0,0.2,2.0,4.0,0.5,3.0,18.0,0.167,3.0,9.0,0.333
200757,Thabo Sefolosha,1610612737,ATL,32.0,2015-16,14.0,30.0,0.467,14.0,34.0,0.412,13.0,57.0,0.228,28.0,64.0,0.438
201152,Thaddeus Young,1610612751,BKN,28.0,2015-16,1.0,7.0,0.143,0.0,2.0,0.0,6.0,19.0,0.316,1.0,9.0,0.111
203648,Thanasis Antetokounmpo,1610612752,NYK,23.0,2015-16,0.0,0.0,0.0,0.0,0.0,0.0,0.0,1.0,0.0,0.0,0.0,0.0
203080,Thomas Robinson,1610612751,BKN,25.0,2015-16,0.0,0.0,0.0,0.0,0.0,0.0,0.0,0.0,0.0,0.0,0.0,0.0
201168,Tiago Splitter,1610612737,ATL,31.0,2015-16,0.0,1.0,0.0,0.0,0.0,0.0,0.0,0.0,0.0,0.0,1.0,0.0
202353,Tibor Pleiss,1610612762,UTA,26.0,2015-16,0.0,1.0,0.0,0.0,0.0,0.0,0.0,1.0,0.0,0.0,1.0,0.0
1495,Tim Duncan,1610612759,SAS,40.0,2015-16,0.0,0.0,0.0,0.0,0.0,0.0,0.0,1.0,0.0,0.0,0.0,0.0
204025,Tim Frazier,1610612740,NOP,25.0,2015-16,1.0,1.0,1.0,0.0,2.0,0.0,15.0,45.0,0.333,1.0,3.0,0.333
203501,Tim Hardaway Jr.,1610612737,ATL,24.0,2015-16,4.0,23.0,0.174,13.0,24.0,0.542,31.0,94.0,0.33,17.0,47.0,0.362
202389,Timofey Mozgov,1610612739,CLE,29.0,2015-16,0.0,1.0,0.0,1.0,5.0,0.2,0.0,1.0,0.0,1.0,6.0,0.167
202699,Tobias Harris,1610612765,DET,23.0,2015-16,13.0,47.0,0.277,13.0,39.0,0.333,54.0,153.0,0.353,26.0,86.0,0.302
201962,Toney Douglas,1610612740,NOP,30.0,2015-16,10.0,15.0,0.667,11.0,24.0,0.458,59.0,161.0,0.366,21.0,39.0,0.538
2754,Tony Allen,1610612763,MEM,34.0,2015-16,4.0,13.0,0.308,7.0,18.0,0.389,4.0,11.0,0.364,11.0,31.0,0.355
2225,Tony Parker,1610612759,SAS,34.0,2015-16,6.0,21.0,0.286,10.0,24.0,0.417,11.0,20.0,0.55,16.0,45.0,0.356
203503,Tony Snell,1610612741,CHI,24.0,2015-16,7.0,20.0,0.35,4.0,16.0,0.25,45.0,118.0,0.381,11.0,36.0,0.306
203100,Tony Wroten,1610612752,NYK,23.0,2015-16,0.0,0.0,0.0,0.0,1.0,0.0,3.0,16.0,0.188,0.0,1.0,0.0
2772,Trevor Ariza,1610612745,HOU,31.0,2015-16,32.0,63.0,0.508,57.0,148.0,0.385,96.0,287.0,0.334,89.0,211.0,0.422
202344,Trevor Booker,1610612762,UTA,28.0,2015-16,7.0,21.0,0.333,4.0,11.0,0.364,1.0,8.0,0.125,11.0,32.0,0.344
203504,Trey Burke,1610612762,UTA,23.0,2015-16,11.0,25.0,0.44,10.0,33.0,0.303,67.0,192.0,0.349,21.0,58.0,0.362
1626168,Trey Lyles,1610612762,UTA,20.0,2015-16,20.0,47.0,0.426,11.0,24.0,0.458,18.0,56.0,0.321,31.0,71.0,0.437
202684,Tristan Thompson,1610612739,CLE,25.0,2015-16,0.0,0.0,0.0,0.0,0.0,0.0,0.0,0.0,0.0,0.0,0.0,0.0
203584,Troy Daniels,1610612766,CHA,24.0,2015-16,10.0,17.0,0.588,9.0,14.0,0.643,40.0,91.0,0.44,19.0,31.0,0.613
201951,Ty Lawson,1610612754,IND,28.0,2015-16,5.0,9.0,0.556,3.0,13.0,0.231,28.0,83.0,0.337,8.0,22.0,0.364
203898,Tyler Ennis,1610612749,MIL,21.0,2015-16,5.0,6.0,0.833,0.0,2.0,0.0,8.0,30.0,0.267,5.0,8.0,0.625
201946,Tyler Hansbrough,1610612766,CHA,30.0,2015-16,0.0,0.0,0.0,0.0,0.0,0.0,2.0,3.0,0.667,0.0,0.0,0.0
204020,Tyler Johnson,1610612748,MIA,24.0,2015-16,4.0,11.0,0.364,8.0,11.0,0.727,15.0,46.0,0.326,12.0,22.0,0.545
203092,Tyler Zeller,1610612738,BOS,26.0,2015-16,0.0,0.0,0.0,0.0,0.0,0.0,0.0,0.0,0.0,0.0,0.0,0.0
201936,Tyreke Evans,1610612740,NOP,26.0,2015-16,0.0,2.0,0.0,0.0,3.0,0.0,33.0,80.0,0.413,0.0,5.0,0.0
2199,Tyson Chandler,1610612756,PHX,33.0,2015-16,0.0,0.0,0.0,0.0,0.0,0.0,0.0,0.0,0.0,0.0,0.0,0.0
1626145,Tyus Jones,1610612750,MIN,20.0,2015-16,2.0,6.0,0.333,1.0,4.0,0.25,13.0,43.0,0.302,3.0,10.0,0.3
2617,Udonis Haslem,1610612748,MIA,36.0,2015-16,0.0,2.0,0.0,1.0,4.0,0.25,0.0,3.0,0.0,1.0,6.0,0.167
203506,Victor Oladipo,1610612753,ORL,24.0,2015-16,13.0,36.0,0.361,17.0,39.0,0.436,68.0,203.0,0.335,30.0,75.0,0.4
1713,Vince Carter,1610612763,MEM,39.0,2015-16,4.0,15.0,0.267,7.0,16.0,0.438,46.0,134.0,0.343,11.0,31.0,0.355
201961,Wayne Ellington,1610612751,BKN,28.0,2015-16,15.0,37.0,0.405,20.0,52.0,0.385,61.0,178.0,0.343,35.0,89.0,0.393
202325,Wesley Johnson,1610612746,LAC,28.0,2015-16,33.0,85.0,0.388,28.0,56.0,0.5,36.0,160.0,0.225,61.0,141.0,0.433
202083,Wesley Matthews,1610612742,DAL,29.0,2015-16,36.0,102.0,0.353,29.0,54.0,0.537,124.0,369.0,0.336,65.0,156.0,0.417
203115,Will Barton,1610612743,DEN,25.0,2015-16,13.0,33.0,0.394,3.0,14.0,0.214,96.0,273.0,0.352,16.0,47.0,0.34
1626161,Willie Cauley-Stein,1610612758,SAC,22.0,2015-16,0.0,2.0,0.0,0.0,0.0,0.0,0.0,0.0,0.0,0.0,2.0,0.0
203186,Willie Reed,1610612751,BKN,26.0,2015-16,0.0,0.0,0.0,0.0,0.0,0.0,0.0,0.0,0.0,0.0,0.0,0.0
204098,Xavier Munford,1610612763,MEM,24.0,2015-16,1.0,3.0,0.333,1.0,2.0,0.5,7.0,18.0,0.389,2.0,5.0,0.4
203897,Zach LaVine,1610612750,MIN,21.0,2015-16,10.0,22.0,0.455,12.0,26.0,0.462,101.0,269.0,0.375,22.0,48.0,0.458
2216,Zach Randolph,1610612763,MEM,34.0,2015-16,1.0,2.0,0.5,1.0,2.0,0.5,4.0,19.0,0.211,2.0,4.0,0.5
2585,Zaza Pachulia,1610612742,DAL,32.0,2015-16,0.0,0.0,0.0,0.0,0.0,0.0,0.0,0.0,0.0,0.0,0.0,0.0
1627773,AJ Hammons,1610612742,DAL,24.0,2016-17,0.0,2.0,0.0,0.0,0.0,0.0,5.0,8.0,0.625,0.0,2.0,0.0
201166,Aaron Brooks,1610612754,IND,32.0,2016-17,4.0,6.0,0.667,2.0,9.0,0.222,42.0,106.0,0.396,6.0,15.0,0.4
203932,Aaron Gordon,1610612753,ORL,21.0,2016-17,10.0,36.0,0.278,9.0,33.0,0.273,58.0,195.0,0.297,19.0,69.0,0.275
1626151,Aaron Harrison,1610612766,CHA,22.0,2016-17,0.0,0.0,0.0,0.0,1.0,0.0,0.0,1.0,0.0,0.0,1.0,0.0
203940,Adreian Payne,1610612750,MIN,26.0,2016-17,0.0,1.0,0.0,0.0,1.0,0.0,3.0,13.0,0.231,0.0,2.0,0.0
201143,Al Horford,1610612738,BOS,31.0,2016-17,3.0,9.0,0.333,11.0,29.0,0.379,72.0,204.0,0.353,14.0,38.0,0.368
2744,Al Jefferson,1610612754,IND,32.0,2016-17,0.0,0.0,0.0,0.0,0.0,0.0,0.0,1.0,0.0,0.0,0.0,0.0
202329,Al-Farouq Aminu,1610612757,POR,26.0,2016-17,11.0,35.0,0.314,17.0,43.0,0.395,42.0,132.0,0.318,28.0,78.0,0.359
101187,Alan Anderson,1610612746,LAC,34.0,2016-17,1.0,10.0,0.1,3.0,7.0,0.429,10.0,27.0,0.37,4.0,17.0,0.235
1626210,Alan Williams,1610612756,PHX,24.0,2016-17,0.0,0.0,0.0,0.0,0.0,0.0,0.0,0.0,0.0,0.0,0.0,0.0
202692,Alec Burks,1610612762,UTA,25.0,2016-17,5.0,17.0,0.294,6.0,11.0,0.545,14.0,48.0,0.292,11.0,28.0,0.393
203518,Alex Abrines,1610612760,OKC,23.0,2016-17,13.0,30.0,0.433,11.0,29.0,0.379,69.0,185.0,0.373,24.0,59.0,0.407
203458,Alex Len,1610612756,PHX,24.0,2016-17,2.0,7.0,0.286,0.0,0.0,0.0,1.0,3.0,0.333,2.0,7.0,0.286
1627816,Alex Poythress,1610612755,PHI,23.0,2016-17,2.0,4.0,0.5,1.0,2.0,0.5,3.0,13.0,0.231,3.0,6.0,0.5
201582,Alexis Ajinca,1610612740,NOP,29.0,2016-17,0.0,0.0,0.0,0.0,0.0,0.0,0.0,4.0,0.0,0.0,0.0,0.0
203459,Allen Crabbe,1610612757,POR,25.0,2016-17,21.0,46.0,0.457,15.0,39.0,0.385,98.0,217.0,0.452,36.0,85.0,0.424
202087,Alonzo Gee,1610612743,DEN,30.0,2016-17,0.0,1.0,0.0,0.0,1.0,0.0,0.0,1.0,0.0,0.0,2.0,0.0
101161,Amir Johnson,1610612738,BOS,30.0,2016-17,2.0,7.0,0.286,5.0,14.0,0.357,20.0,45.0,0.444,7.0,21.0,0.333
2760,Anderson Varejao,1610612744,GSW,34.0,2016-17,0.0,0.0,0.0,0.0,0.0,0.0,0.0,0.0,0.0,0.0,0.0,0.0
203083,Andre Drummond,1610612765,DET,23.0,2016-17,0.0,0.0,0.0,0.0,0.0,0.0,1.0,3.0,0.333,0.0,0.0,0.0
2738,Andre Iguodala,1610612744,GSW,33.0,2016-17,14.0,36.0,0.389,15.0,42.0,0.357,35.0,97.0,0.361,29.0,78.0,0.372
203460,Andre Roberson,1610612760,OKC,25.0,2016-17,12.0,45.0,0.267,8.0,40.0,0.2,25.0,98.0,0.255,20.0,85.0,0.235
101106,Andrew Bogut,1610612739,CLE,32.0,2016-17,0.0,0.0,0.0,0.0,0.0,0.0,0.0,1.0,0.0,0.0,0.0,0.0
1626150,Andrew Harrison,1610612763,MEM,22.0,2016-17,7.0,14.0,0.5,2.0,7.0,0.286,34.0,130.0,0.262,9.0,21.0,0.429
203094,Andrew Nicholson,1610612751,BKN,27.0,2016-17,0.0,3.0,0.0,0.0,3.0,0.0,5.0,20.0,0.25,0.0,6.0,0.0
203952,Andrew Wiggins,1610612750,MIN,22.0,2016-17,6.0,20.0,0.3,5.0,11.0,0.455,92.0,257.0,0.358,11.0,31.0,0.355
203461,Anthony Bennett,1610612751,BKN,24.0,2016-17,3.0,8.0,0.375,0.0,10.0,0.0,10.0,30.0,0.333,3.0,18.0,0.167
1626148,Anthony Brown,1610612753,ORL,24.0,2016-17,1.0,4.0,0.25,1.0,1.0,1.0,5.0,22.0,0.227,2.0,5.0,0.4
203076,Anthony Davis,1610612740,NOP,24.0,2016-17,2.0,5.0,0.4,1.0,6.0,0.167,37.0,121.0,0.306,3.0,11.0,0.273
201627,Anthony Morrow,1610612741,CHI,31.0,2016-17,5.0,16.0,0.313,7.0,31.0,0.226,29.0,87.0,0.333,12.0,47.0,0.255
201229,Anthony Tolliver,1610612758,SAC,32.0,2016-17,13.0,32.0,0.406,14.0,35.0,0.4,62.0,161.0,0.385,27.0,67.0,0.403
203462,Archie Goodwin,1610612751,BKN,22.0,2016-17,1.0,1.0,1.0,1.0,1.0,1.0,3.0,13.0,0.231,2.0,2.0,1.0
202620,Arinze Onuaku,1610612753,ORL,29.0,2016-17,0.0,0.0,0.0,,,,0.0,0.0,0.0,0.0,0.0,0.0
203382,Aron Baynes,1610612765,DET,30.0,2016-17,0.0,0.0,0.0,0.0,0.0,0.0,0.0,0.0,0.0,0.0,0.0,0.0
201167,Arron Afflalo,1610612758,SAC,31.0,2016-17,13.0,28.0,0.464,17.0,30.0,0.567,32.0,92.0,0.348,30.0,58.0,0.517
203085,Austin Rivers,1610612746,LAC,24.0,2016-17,13.0,35.0,0.371,11.0,26.0,0.423,87.0,236.0,0.369,24.0,61.0,0.393
202340,Avery Bradley,1610612738,BOS,26.0,2016-17,20.0,57.0,0.351,13.0,27.0,0.481,75.0,192.0,0.391,33.0,84.0,0.393
1626253,Axel Toupane,1610612740,NOP,24.0,2016-17,0.0,1.0,0.0,0.0,2.0,0.0,1.0,1.0,1.0,0.0,3.0,0.0
1627791,Ben Bentil,1610612742,DAL,22.0,2016-17,0.0,1.0,0.0,0.0,0.0,0.0,0.0,0.0,0.0,0.0,1.0,0.0
203463,Ben McLemore,1610612758,SAC,24.0,2016-17,13.0,26.0,0.5,10.0,28.0,0.357,41.0,114.0,0.36,23.0,54.0,0.426
2757,Beno Udrih,1610612765,DET,34.0,2016-17,0.0,1.0,0.0,3.0,4.0,0.75,8.0,23.0,0.348,3.0,5.0,0.6
202687,Bismack Biyombo,1610612753,ORL,24.0,2016-17,0.0,0.0,0.0,0.0,0.0,0.0,0.0,0.0,0.0,0.0,0.0,0.0
201933,Blake Griffin,1610612746,LAC,28.0,2016-17,12.0,26.0,0.462,1.0,4.0,0.25,25.0,81.0,0.309,13.0,30.0,0.433
1626246,Boban Marjanovic,1610612765,DET,28.0,2016-17,0.0,0.0,0.0,0.0,0.0,0.0,0.0,0.0,0.0,0.0,0.0,0.0
201628,Bobby Brown,1610612745,HOU,32.0,2016-17,2.0,2.0,1.0,0.0,1.0,0.0,12.0,32.0,0.375,2.0,3.0,0.667
1626171,Bobby Portis,1610612741,CHI,22.0,2016-17,7.0,25.0,0.28,9.0,19.0,0.474,16.0,51.0,0.314,16.0,44.0,0.364
202711,Bojan Bogdanovic,1610612764,WAS,28.0,2016-17,16.0,43.0,0.372,25.0,52.0,0.481,102.0,296.0,0.345,41.0,95.0,0.432
2564,Boris Diaw,1610612762,UTA,35.0,2016-17,6.0,13.0,0.462,3.0,8.0,0.375,11.0,60.0,0.183,9.0,21.0,0.429
203078,Bradley Beal,1610612764,WAS,24.0,2016-17,24.0,48.0,0.5,15.0,40.0,0.375,183.0,459.0,0.399,39.0,88.0,0.443
201148,Brandan Wright,1610612763,MEM,29.0,2016-17,0.0,0.0,0.0,0.0,0.0,0.0,0.0,1.0,0.0,0.0,0.0,0.0
101138,Brandon Bass,1610612746,LAC,32.0,2016-17,0.0,1.0,0.0,0.0,0.0,0.0,1.0,2.0,0.5,0.0,1.0,0.0
1627742,Brandon Ingram,1610612747,LAL,19.0,2016-17,14.0,33.0,0.424,15.0,46.0,0.326,25.0,102.0,0.245,29.0,79.0,0.367
201943,Brandon Jennings,1610612764,WAS,27.0,2016-17,8.0,20.0,0.4,9.0,26.0,0.346,62.0,204.0,0.304,17.0,46.0,0.37
202688,Brandon Knight,1610612756,PHX,25.0,2016-17,8.0,21.0,0.381,3.0,14.0,0.214,34.0,103.0,0.33,11.0,35.0,0.314
201575,Brandon Rush,1610612750,MIN,31.0,2016-17,21.0,44.0,0.477,11.0,32.0,0.344,12.0,38.0,0.316,32.0,76.0,0.421
203148,Brian Roberts,1610612766,CHA,31.0,2016-17,0.0,1.0,0.0,4.0,7.0,0.571,13.0,36.0,0.361,4.0,8.0,0.5
1627362,Briante Weber,1610612766,CHA,24.0,2016-17,0.0,0.0,0.0,0.0,1.0,0.0,1.0,9.0,0.111,0.0,1.0,0.0
1627744,Brice Johnson,1610612746,LAC,23.0,2016-17,,,,,,,0.0,0.0,0.0,,,
201572,Brook Lopez,1610612751,BKN,29.0,2016-17,14.0,35.0,0.4,10.0,20.0,0.5,110.0,332.0,0.331,24.0,55.0,0.436
203998,Bruno Caboclo,1610612761,TOR,21.0,2016-17,0.0,3.0,0.0,0.0,0.0,0.0,2.0,3.0,0.667,0.0,3.0,0.0
1627854,Bryn Forbes,1610612759,SAS,23.0,2016-17,2.0,4.0,0.5,1.0,7.0,0.143,14.0,42.0,0.333,3.0,11.0,0.273
1627741,Buddy Hield,1610612758,SAC,24.0,2016-17,14.0,35.0,0.4,16.0,30.0,0.533,117.0,312.0,0.375,30.0,65.0,0.462
201228,C.J. Watson,1610612753,ORL,33.0,2016-17,4.0,16.0,0.25,2.0,13.0,0.154,26.0,75.0,0.347,6.0,29.0,0.207
203912,C.J. Wilcox,1610612753,ORL,26.0,2016-17,0.0,2.0,0.0,1.0,2.0,0.5,2.0,11.0,0.182,1.0,4.0,0.25
203468,CJ McCollum,1610612757,POR,25.0,2016-17,14.0,33.0,0.424,15.0,36.0,0.417,156.0,364.0,0.429,29.0,69.0,0.42
101139,CJ Miles,1610612754,IND,30.0,2016-17,33.0,68.0,0.485,33.0,62.0,0.532,99.0,274.0,0.361,66.0,130.0,0.508
1626166,Cameron Payne,1610612741,CHI,22.0,2016-17,1.0,4.0,0.25,3.0,5.0,0.6,23.0,76.0,0.303,4.0,9.0,0.444
1627747,Caris LeVert,1610612751,BKN,22.0,2016-17,3.0,15.0,0.2,13.0,26.0,0.5,43.0,142.0,0.303,16.0,41.0,0.39
2546,Carmelo Anthony,1610612752,NYK,33.0,2016-17,9.0,25.0,0.36,11.0,22.0,0.5,131.0,367.0,0.357,20.0,47.0,0.426
202718,Chandler Parsons,1610612763,MEM,28.0,2016-17,4.0,6.0,0.667,3.0,10.0,0.3,18.0,77.0,0.234,7.0,16.0,0.438
101112,Channing Frye,1610612739,CLE,34.0,2016-17,20.0,41.0,0.488,13.0,37.0,0.351,104.0,257.0,0.405,33.0,78.0,0.423
1626184,Chasson Randle,1610612752,NYK,24.0,2016-17,2.0,4.0,0.5,0.0,2.0,0.0,14.0,41.0,0.341,2.0,6.0,0.333
1627767,Cheick Diallo,1610612740,NOP,20.0,2016-17,0.0,0.0,0.0,0.0,0.0,0.0,0.0,0.0,0.0,0.0,0.0,0.0
1627778,Chinanu Onuaku,1610612745,HOU,20.0,2016-17,0.0,0.0,0.0,0.0,0.0,0.0,0.0,0.0,0.0,0.0,0.0,0.0
2365,Chris Andersen,1610612739,CLE,38.0,2016-17,0.0,0.0,0.0,0.0,0.0,0.0,0.0,3.0,0.0,0.0,0.0,0.0
1626191,Chris McCullough,1610612764,WAS,22.0,2016-17,0.0,2.0,0.0,0.0,1.0,0.0,1.0,4.0,0.25,0.0,3.0,0.0
101108,Chris Paul,1610612746,LAC,32.0,2016-17,10.0,18.0,0.556,7.0,17.0,0.412,107.0,266.0,0.402,17.0,35.0,0.486
1626174,Christian Wood,1610612766,CHA,21.0,2016-17,0.0,1.0,0.0,0.0,0.0,0.0,0.0,4.0,0.0,0.0,1.0,0.0
203991,Clint Capela,1610612745,HOU,23.0,2016-17,0.0,0.0,0.0,0.0,0.0,0.0,0.0,0.0,0.0,0.0,0.0,0.0
203469,Cody Zeller,1610612766,CHA,24.0,2016-17,0.0,0.0,0.0,0.0,0.0,0.0,0.0,1.0,0.0,0.0,0.0,0.0
202332,Cole Aldrich,1610612750,MIN,28.0,2016-17,0.0,0.0,0.0,0.0,0.0,0.0,0.0,0.0,0.0,0.0,0.0,0.0
201147,Corey Brewer,1610612747,LAL,31.0,2016-17,8.0,38.0,0.211,11.0,36.0,0.306,8.0,39.0,0.205,19.0,74.0,0.257
202709,Cory Joseph,1610612761,TOR,25.0,2016-17,7.0,27.0,0.259,8.0,15.0,0.533,33.0,93.0,0.355,15.0,42.0,0.357
201584,Courtney Lee,1610612752,NYK,31.0,2016-17,30.0,63.0,0.476,20.0,49.0,0.408,58.0,157.0,0.369,50.0,112.0,0.446
1626245,Cristiano Felicio,1610612741,CHI,24.0,2016-17,0.0,0.0,0.0,0.0,0.0,0.0,0.0,0.0,0.0,0.0,0.0,0.0
1626156,D'Angelo Russell,1610612747,LAL,21.0,2016-17,14.0,29.0,0.483,9.0,22.0,0.409,112.0,328.0,0.341,23.0,51.0,0.451
201571,D.J. Augustin,1610612753,ORL,29.0,2016-17,13.0,34.0,0.382,6.0,19.0,0.316,76.0,217.0,0.35,19.0,53.0,0.358
2563,Dahntay Jones,1610612739,CLE,36.0,2016-17,0.0,0.0,0.0,0.0,2.0,0.0,0.0,0.0,0.0,0.0,2.0,0.0
1627745,Damian Jones,1610612744,GSW,22.0,2016-17,0.0,0.0,0.0,0.0,0.0,0.0,0.0,0.0,0.0,0.0,0.0,0.0
203081,Damian Lillard,1610612757,POR,26.0,2016-17,5.0,10.0,0.5,11.0,18.0,0.611,198.0,549.0,0.361,16.0,28.0,0.571
204014,Damjan Rudez,1610612753,ORL,31.0,2016-17,1.0,9.0,0.111,0.0,2.0,0.0,19.0,53.0,0.358,1.0,11.0,0.091
1627849,Daniel Ochefu,1610612764,WAS,23.0,2016-17,0.0,0.0,0.0,0.0,0.0,0.0,0.0,0.0,0.0,0.0,0.0,0.0
201568,Danilo Gallinari,1610612743,DEN,28.0,2016-17,17.0,38.0,0.447,9.0,23.0,0.391,100.0,263.0,0.38,26.0,61.0,0.426
201980,Danny Green,1610612759,SAS,30.0,2016-17,23.0,48.0,0.479,20.0,52.0,0.385,75.0,209.0,0.359,43.0,100.0,0.43
201967,Dante Cunningham,1610612740,NOP,30.0,2016-17,22.0,64.0,0.344,29.0,64.0,0.453,19.0,52.0,0.365,51.0,128.0,0.398
203957,Dante Exum,1610612762,UTA,21.0,2016-17,9.0,38.0,0.237,10.0,39.0,0.256,25.0,70.0,0.357,19.0,77.0,0.247
1627863,Danuel House Jr.,1610612764,WAS,24.0,2016-17,,,,,,,0.0,0.0,0.0,,,
203967,Dario Saric,1610612755,PHI,23.0,2016-17,4.0,17.0,0.235,6.0,13.0,0.462,95.0,310.0,0.306,10.0,30.0,0.333
201589,Darrell Arthur,1610612743,DEN,29.0,2016-17,5.0,13.0,0.385,8.0,15.0,0.533,40.0,89.0,0.449,13.0,28.0,0.464
201954,Darren Collison,1610612758,SAC,29.0,2016-17,9.0,19.0,0.474,19.0,31.0,0.613,45.0,125.0,0.36,28.0,50.0,0.56
1626199,Darrun Hilliard,1610612765,DET,24.0,2016-17,5.0,12.0,0.417,1.0,5.0,0.2,6.0,29.0,0.207,6.0,17.0,0.353
101135,David Lee,1610612759,SAS,34.0,2016-17,0.0,0.0,0.0,0.0,0.0,0.0,0.0,0.0,0.0,0.0,0.0,0.0
1628021,David Nwaba,1610612747,LAL,24.0,2016-17,1.0,1.0,1.0,0.0,3.0,0.0,0.0,0.0,0.0,1.0,4.0,0.25
2561,David West,1610612744,GSW,36.0,2016-17,1.0,2.0,0.5,0.0,0.0,0.0,2.0,5.0,0.4,1.0,2.0,0.5
202722,Davis Bertans,1610612759,SAS,24.0,2016-17,9.0,16.0,0.563,8.0,20.0,0.4,52.0,136.0,0.382,17.0,36.0,0.472
201599,DeAndre Jordan,1610612746,LAC,28.0,2016-17,0.0,0.0,0.0,0.0,0.0,0.0,0.0,2.0,0.0,0.0,0.0,0.0
202732,DeAndre Liggins,1610612742,DAL,29.0,2016-17,6.0,14.0,0.429,7.0,14.0,0.5,4.0,17.0,0.235,13.0,28.0,0.464
1627761,DeAndre' Bembry,1610612737,ATL,22.0,2016-17,1.0,5.0,0.2,0.0,2.0,0.0,0.0,10.0,0.0,1.0,7.0,0.143
201942,DeMar DeRozan,1610612761,TOR,27.0,2016-17,10.0,32.0,0.313,10.0,18.0,0.556,13.0,71.0,0.183,20.0,50.0,0.4
202326,DeMarcus Cousins,1610612740,NOP,26.0,2016-17,1.0,7.0,0.143,2.0,4.0,0.5,128.0,347.0,0.369,3.0,11.0,0.273
201960,DeMarre Carroll,1610612761,TOR,30.0,2016-17,18.0,47.0,0.383,23.0,59.0,0.39,68.0,211.0,0.322,41.0,106.0,0.387
1627749,Dejounte Murray,1610612759,SAS,20.0,2016-17,1.0,1.0,1.0,2.0,5.0,0.4,6.0,17.0,0.353,3.0,6.0,0.5
1626153,Delon Wright,1610612761,TOR,25.0,2016-17,1.0,5.0,0.2,1.0,2.0,0.5,8.0,23.0,0.348,2.0,7.0,0.286
1627743,Demetrius Jackson,1610612738,BOS,22.0,2016-17,,,,0.0,0.0,0.0,1.0,1.0,1.0,0.0,0.0,0.0
203471,Dennis Schröder,1610612737,ATL,23.0,2016-17,9.0,18.0,0.5,4.0,8.0,0.5,87.0,266.0,0.327,13.0,26.0,0.5
1627756,Denzel Valentine,1610612741,CHI,23.0,2016-17,18.0,32.0,0.563,10.0,34.0,0.294,45.0,141.0,0.319,28.0,66.0,0.424
101114,Deron Williams,1610612739,CLE,33.0,2016-17,5.0,14.0,0.357,10.0,23.0,0.435,70.0,196.0,0.357,15.0,37.0,0.405
202324,Derrick Favors,1610612762,UTA,25.0,2016-17,0.0,1.0,0.0,1.0,2.0,0.5,2.0,7.0,0.286,1.0,3.0,0.333
1627884,Derrick Jones Jr.,1610612756,PHX,20.0,2016-17,1.0,3.0,0.333,2.0,2.0,1.0,0.0,6.0,0.0,3.0,5.0,0.6
201565,Derrick Rose,1610612752,NYK,28.0,2016-17,3.0,6.0,0.5,2.0,5.0,0.4,8.0,44.0,0.182,5.0,11.0,0.455
202682,Derrick Williams,1610612739,CLE,26.0,2016-17,5.0,18.0,0.278,8.0,24.0,0.333,17.0,54.0,0.315,13.0,42.0,0.31
1626164,Devin Booker,1610612756,PHX,20.0,2016-17,7.0,30.0,0.233,17.0,29.0,0.586,123.0,344.0,0.358,24.0,59.0,0.407
2734,Devin Harris,1610612742,DAL,34.0,2016-17,6.0,15.0,0.4,8.0,24.0,0.333,44.0,133.0,0.331,14.0,39.0,0.359
203473,Dewayne Dedmon,1610612759,SAS,27.0,2016-17,0.0,0.0,0.0,0.0,0.0,0.0,0.0,0.0,0.0,0.0,0.0,0.0
1627738,Deyonta Davis,1610612763,MEM,20.0,2016-17,0.0,0.0,0.0,0.0,0.0,0.0,0.0,0.0,0.0,0.0,0.0,0.0
1627754,Diamond Stone,1610612746,LAC,20.0,2016-17,0.0,0.0,0.0,0.0,0.0,0.0,0.0,0.0,0.0,0.0,0.0,0.0
203079,Dion Waiters,1610612748,MIA,25.0,2016-17,21.0,35.0,0.6,9.0,21.0,0.429,55.0,157.0,0.35,30.0,56.0,0.536
1717,Dirk Nowitzki,1610612742,DAL,39.0,2016-17,4.0,8.0,0.5,1.0,5.0,0.2,74.0,196.0,0.378,5.0,13.0,0.385
1627734,Domantas Sabonis,1610612760,OKC,21.0,2016-17,9.0,26.0,0.346,4.0,20.0,0.2,38.0,113.0,0.336,13.0,46.0,0.283
202700,Donatas Motiejunas,1610612740,NOP,26.0,2016-17,2.0,5.0,0.4,1.0,3.0,0.333,8.0,39.0,0.205,3.0,8.0,0.375
1627827,Dorian Finney-Smith,1610612742,DAL,24.0,2016-17,8.0,36.0,0.222,13.0,45.0,0.289,35.0,107.0,0.327,21.0,81.0,0.259
203926,Doug McDermott,1610612760,OKC,25.0,2016-17,22.0,53.0,0.415,5.0,16.0,0.313,50.0,139.0,0.36,27.0,69.0,0.391
1627733,Dragan Bender,1610612756,PHX,19.0,2016-17,5.0,18.0,0.278,5.0,13.0,0.385,18.0,69.0,0.261,10.0,31.0,0.323
203110,Draymond Green,1610612744,GSW,27.0,2016-17,3.0,8.0,0.375,4.0,11.0,0.364,74.0,243.0,0.305,7.0,19.0,0.368
2730,Dwight Howard,1610612737,ATL,31.0,2016-17,0.0,1.0,0.0,0.0,1.0,0.0,0.0,0.0,0.0,0.0,2.0,0.0
203939,Dwight Powell,1610612742,DAL,25.0,2016-17,2.0,9.0,0.222,0.0,7.0,0.0,19.0,57.0,0.333,2.0,16.0,0.125
2548,Dwyane Wade,1610612741,CHI,35.0,2016-17,7.0,15.0,0.467,4.0,9.0,0.444,34.0,120.0,0.283,11.0,24.0,0.458
202734,E'Twaun Moore,1610612740,NOP,28.0,2016-17,21.0,47.0,0.447,9.0,28.0,0.321,47.0,132.0,0.356,30.0,75.0,0.4
202334,Ed Davis,1610612757,POR,28.0,2016-17,0.0,0.0,0.0,0.0,0.0,0.0,0.0,0.0,0.0,0.0,0.0,0.0
204002,Edy Tavares,1610612739,CLE,25.0,2016-17,0.0,0.0,0.0,0.0,0.0,0.0,0.0,0.0,0.0,0.0,0.0,0.0
203901,Elfrid Payton,1610612753,ORL,23.0,2016-17,5.0,19.0,0.263,8.0,20.0,0.4,27.0,105.0,0.257,13.0,39.0,0.333
202407,Elijah Millsap,1610612756,PHX,29.0,2016-17,0.0,0.0,0.0,0.0,0.0,0.0,0.0,2.0,0.0,0.0,0.0,0.0
1626144,Emmanuel Mudiay,1610612743,DEN,21.0,2016-17,5.0,22.0,0.227,6.0,17.0,0.353,45.0,138.0,0.326,11.0,39.0,0.282
202683,Enes Freedom,1610612760,OKC,25.0,2016-17,1.0,6.0,0.167,0.0,12.0,0.0,4.0,19.0,0.211,1.0,18.0,0.056
202339,Eric Bledsoe,1610612756,PHX,27.0,2016-17,3.0,7.0,0.429,4.0,17.0,0.235,97.0,282.0,0.344,7.0,24.0,0.292
201569,Eric Gordon,1610612745,HOU,28.0,2016-17,18.0,44.0,0.409,14.0,46.0,0.304,213.0,568.0,0.375,32.0,90.0,0.356
101141,Ersan Ilyasova,1610612737,ATL,30.0,2016-17,26.0,49.0,0.531,12.0,37.0,0.324,104.0,316.0,0.329,38.0,86.0,0.442
203095,Evan Fournier,1610612753,ORL,24.0,2016-17,8.0,26.0,0.308,17.0,42.0,0.405,102.0,287.0,0.355,25.0,68.0,0.368
202323,Evan Turner,1610612757,POR,28.0,2016-17,6.0,27.0,0.222,11.0,27.0,0.407,14.0,64.0,0.219,17.0,54.0,0.315
1626163,Frank Kaminsky,1610612766,CHA,24.0,2016-17,11.0,30.0,0.367,3.0,11.0,0.273,102.0,308.0,0.331,14.0,41.0,0.341
1627832,Fred VanVleet,1610612761,TOR,23.0,2016-17,4.0,4.0,1.0,2.0,5.0,0.4,5.0,19.0,0.263,6.0,9.0,0.667
202066,Garrett Temple,1610612758,SAC,31.0,2016-17,14.0,49.0,0.286,11.0,35.0,0.314,57.0,136.0,0.419,25.0,84.0,0.298
203914,Gary Harris,1610612743,DEN,22.0,2016-17,27.0,46.0,0.587,7.0,16.0,0.438,73.0,189.0,0.386,34.0,62.0,0.548
202390,Gary Neal,1610612737,ATL,32.0,2016-17,0.0,0.0,0.0,0.0,0.0,0.0,0.0,2.0,0.0,0.0,0.0,0.0
1627780,Gary Payton II,1610612749,MIL,24.0,2016-17,0.0,0.0,0.0,0.0,1.0,0.0,1.0,8.0,0.125,0.0,1.0,0.0
201588,George Hill,1610612762,UTA,31.0,2016-17,13.0,27.0,0.481,13.0,34.0,0.382,68.0,170.0,0.4,26.0,61.0,0.426
1627777,Georges Niang,1610612754,IND,24.0,2016-17,1.0,2.0,0.5,0.0,1.0,0.0,0.0,9.0,0.0,1.0,3.0,0.333
1627834,Georgios Papagiannis,1610612758,SAC,19.0,2016-17,0.0,0.0,0.0,0.0,0.0,0.0,0.0,2.0,0.0,0.0,0.0,0.0
101123,Gerald Green,1610612738,BOS,31.0,2016-17,5.0,18.0,0.278,6.0,13.0,0.462,28.0,77.0,0.364,11.0,31.0,0.355
201945,Gerald Henderson,1610612755,PHI,29.0,2016-17,9.0,21.0,0.429,10.0,31.0,0.323,41.0,117.0,0.35,19.0,52.0,0.365
203507,Giannis Antetokounmpo,1610612749,MIL,22.0,2016-17,0.0,8.0,0.0,5.0,14.0,0.357,44.0,153.0,0.288,5.0,22.0,0.227
203922,Glenn Robinson III,1610612754,IND,23.0,2016-17,18.0,38.0,0.474,15.0,37.0,0.405,16.0,49.0,0.327,33.0,75.0,0.44
201609,Goran Dragic,1610612748,MIA,31.0,2016-17,16.0,35.0,0.457,11.0,29.0,0.379,90.0,224.0,0.402,27.0,64.0,0.422
202330,Gordon Hayward,1610612762,UTA,27.0,2016-17,11.0,21.0,0.524,10.0,31.0,0.323,128.0,321.0,0.399,21.0,52.0,0.404
203476,Gorgui Dieng,1610612750,MIN,27.0,2016-17,4.0,9.0,0.444,10.0,23.0,0.435,2.0,8.0,0.25,14.0,32.0,0.438
202328,Greg Monroe,1610612749,MIL,27.0,2016-17,0.0,0.0,0.0,0.0,1.0,0.0,0.0,1.0,0.0,0.0,1.0,0.0
202349,Greivis Vasquez,1610612751,BKN,30.0,2016-17,0.0,0.0,0.0,0.0,0.0,0.0,1.0,3.0,0.333,0.0,0.0,0.0
203084,Harrison Barnes,1610612742,DAL,25.0,2016-17,9.0,32.0,0.281,12.0,32.0,0.375,56.0,157.0,0.357,21.0,64.0,0.328
202355,Hassan Whiteside,1610612748,MIA,28.0,2016-17,0.0,0.0,0.0,0.0,0.0,0.0,0.0,0.0,0.0,0.0,0.0,0.0
1627740,Henry Ellenson,1610612765,DET,20.0,2016-17,1.0,4.0,0.25,0.0,2.0,0.0,9.0,29.0,0.31,1.0,6.0,0.167
203138,Hollis Thompson,1610612740,NOP,26.0,2016-17,8.0,13.0,0.615,6.0,26.0,0.231,18.0,56.0,0.321,14.0,39.0,0.359
203546,Ian Clark,1610612744,GSW,26.0,2016-17,8.0,24.0,0.333,8.0,24.0,0.333,45.0,112.0,0.402,16.0,48.0,0.333
101133,Ian Mahinmi,1610612764,WAS,30.0,2016-17,0.0,0.0,0.0,0.0,0.0,0.0,0.0,0.0,0.0,0.0,0.0,0.0
202697,Iman Shumpert,1610612739,CLE,27.0,2016-17,27.0,56.0,0.482,17.0,57.0,0.298,49.0,147.0,0.333,44.0,113.0,0.389
203477,Isaiah Canaan,1610612741,CHI,26.0,2016-17,5.0,12.0,0.417,3.0,17.0,0.176,17.0,65.0,0.262,8.0,29.0,0.276
1627819,Isaiah Taylor,1610612745,HOU,22.0,2016-17,0.0,0.0,0.0,0.0,1.0,0.0,0.0,1.0,0.0,0.0,1.0,0.0
202738,Isaiah Thomas,1610612738,BOS,28.0,2016-17,7.0,28.0,0.25,30.0,59.0,0.508,208.0,559.0,0.372,37.0,87.0,0.425
1627785,Isaiah Whitehead,1610612751,BKN,22.0,2016-17,4.0,9.0,0.444,8.0,15.0,0.533,32.0,122.0,0.262,12.0,24.0,0.5
202397,Ish Smith,1610612765,DET,28.0,2016-17,4.0,11.0,0.364,6.0,13.0,0.462,18.0,79.0,0.228,10.0,24.0,0.417
1627826,Ivica Zubac,1610612747,LAL,20.0,2016-17,0.0,0.0,0.0,0.0,0.0,0.0,0.0,2.0,0.0,0.0,0.0,0.0
200826,J.J. Barea,1610612742,DAL,33.0,2016-17,1.0,4.0,0.25,2.0,6.0,0.333,50.0,138.0,0.362,3.0,10.0,0.3
200755,JJ Redick,1610612746,LAC,33.0,2016-17,19.0,33.0,0.576,14.0,39.0,0.359,161.0,388.0,0.415,33.0,72.0,0.458
2747,JR Smith,1610612739,CLE,31.0,2016-17,22.0,51.0,0.431,14.0,29.0,0.483,59.0,189.0,0.312,36.0,80.0,0.45
203210,JaMychal Green,1610612763,MEM,27.0,2016-17,18.0,46.0,0.391,16.0,38.0,0.421,21.0,60.0,0.35,34.0,84.0,0.405
201580,JaVale McGee,1610612744,GSW,29.0,2016-17,0.0,0.0,0.0,0.0,0.0,0.0,0.0,2.0,0.0,0.0,0.0,0.0
203953,Jabari Parker,1610612749,MIL,22.0,2016-17,11.0,27.0,0.407,13.0,29.0,0.448,41.0,118.0,0.347,24.0,56.0,0.429
203109,Jae Crowder,1610612738,BOS,26.0,2016-17,18.0,38.0,0.474,25.0,55.0,0.455,114.0,300.0,0.38,43.0,93.0,0.462
1626143,Jahlil Okafor,1610612755,PHI,21.0,2016-17,0.0,0.0,0.0,0.0,0.0,0.0,0.0,0.0,0.0,0.0,0.0,0.0
1627774,Jake Layman,1610612757,POR,23.0,2016-17,2.0,7.0,0.286,1.0,3.0,0.333,10.0,40.0,0.25,3.0,10.0,0.3
1627751,Jakob Poeltl,1610612761,TOR,21.0,2016-17,0.0,0.0,0.0,0.0,0.0,0.0,0.0,0.0,0.0,0.0,0.0,0.0
2037,Jamal Crawford,1610612746,LAC,37.0,2016-17,9.0,24.0,0.375,14.0,39.0,0.359,90.0,251.0,0.359,23.0,63.0,0.365
1627750,Jamal Murray,1610612743,DEN,20.0,2016-17,13.0,42.0,0.31,18.0,34.0,0.529,84.0,258.0,0.326,31.0,76.0,0.408
2749,Jameer Nelson,1610612743,DEN,35.0,2016-17,6.0,22.0,0.273,2.0,6.0,0.333,98.0,243.0,0.403,8.0,28.0,0.286
203516,James Ennis III,1610612763,MEM,26.0,2016-17,14.0,32.0,0.438,10.0,26.0,0.385,26.0,77.0,0.338,24.0,58.0,0.414
201935,James Harden,1610612745,HOU,27.0,2016-17,6.0,19.0,0.316,9.0,24.0,0.375,247.0,708.0,0.349,15.0,43.0,0.349
201949,James Johnson,1610612748,MIA,30.0,2016-17,9.0,35.0,0.257,26.0,54.0,0.481,52.0,161.0,0.323,35.0,89.0,0.393
2592,James Jones,1610612739,CLE,36.0,2016-17,4.0,9.0,0.444,8.0,15.0,0.533,19.0,42.0,0.452,12.0,24.0,0.5
203949,James Michael McAdoo,1610612744,GSW,24.0,2016-17,0.0,1.0,0.0,1.0,1.0,1.0,1.0,6.0,0.167,1.0,2.0,0.5
203923,James Young,1610612738,BOS,21.0,2016-17,2.0,5.0,0.4,3.0,8.0,0.375,6.0,21.0,0.286,5.0,13.0,0.385
201162,Jared Dudley,1610612756,PHX,31.0,2016-17,2.0,6.0,0.333,7.0,35.0,0.2,68.0,161.0,0.422,9.0,41.0,0.22
203096,Jared Sullinger,1610612761,TOR,25.0,2016-17,0.0,0.0,0.0,1.0,1.0,1.0,2.0,17.0,0.118,1.0,1.0,1.0
204067,Jarell Eddie,1610612756,PHX,25.0,2016-17,1.0,2.0,0.5,0.0,2.0,0.0,3.0,12.0,0.25,1.0,4.0,0.25
1626185,Jarell Martin,1610612763,MEM,23.0,2016-17,2.0,7.0,0.286,5.0,8.0,0.625,2.0,9.0,0.222,7.0,15.0,0.467
203950,Jarnell Stokes,1610612743,DEN,23.0,2016-17,,,,,,,0.0,0.0,0.0,,,
101127,Jarrett Jack,1610612740,NOP,33.0,2016-17,0.0,0.0,0.0,0.0,1.0,0.0,0.0,0.0,0.0,0.0,1.0,0.0
1627784,Jarrod Uthoff,1610612742,DAL,24.0,2016-17,2.0,2.0,1.0,1.0,3.0,0.333,0.0,4.0,0.0,3.0,5.0,0.6
201160,Jason Smith,1610612764,WAS,31.0,2016-17,7.0,17.0,0.412,10.0,19.0,0.526,19.0,41.0,0.463,17.0,36.0,0.472
1891,Jason Terry,1610612749,MIL,39.0,2016-17,13.0,43.0,0.302,22.0,49.0,0.449,37.0,77.0,0.481,35.0,92.0,0.38
1627759,Jaylen Brown,1610612738,BOS,20.0,2016-17,13.0,28.0,0.464,9.0,23.0,0.391,24.0,81.0,0.296,22.0,51.0,0.431
201145,Jeff Green,1610612753,ORL,30.0,2016-17,6.0,21.0,0.286,7.0,18.0,0.389,40.0,147.0,0.272,13.0,39.0,0.333
201952,Jeff Teague,1610612754,IND,29.0,2016-17,6.0,13.0,0.462,2.0,11.0,0.182,81.0,224.0,0.362,8.0,24.0,0.333
203481,Jeff Withey,1610612762,UTA,27.0,2016-17,0.0,0.0,0.0,0.0,0.0,0.0,0.0,0.0,0.0,0.0,0.0,0.0
203924,Jerami Grant,1610612760,OKC,23.0,2016-17,9.0,22.0,0.409,20.0,45.0,0.444,14.0,50.0,0.28,29.0,67.0,0.433
203087,Jeremy Lamb,1610612766,CHA,25.0,2016-17,3.0,19.0,0.158,1.0,10.0,0.1,37.0,115.0,0.322,4.0,29.0,0.138
202391,Jeremy Lin,1610612751,BKN,28.0,2016-17,2.0,6.0,0.333,2.0,8.0,0.25,54.0,140.0,0.386,4.0,14.0,0.286
1626170,Jerian Grant,1610612741,CHI,24.0,2016-17,6.0,12.0,0.5,9.0,21.0,0.429,34.0,100.0,0.34,15.0,33.0,0.455
201573,Jerryd Bayless,1610612755,PHI,28.0,2016-17,0.0,0.0,0.0,0.0,0.0,0.0,2.0,5.0,0.4,0.0,0.0,0.0
202710,Jimmy Butler III,1610612741,CHI,27.0,2016-17,9.0,17.0,0.529,12.0,21.0,0.571,70.0,207.0,0.338,21.0,38.0,0.553
201149,Joakim Noah,1610612752,NYK,32.0,2016-17,0.0,0.0,0.0,0.0,0.0,0.0,0.0,1.0,0.0,0.0,0.0,0.0
201975,Jodie Meeks,1610612753,ORL,29.0,2016-17,7.0,12.0,0.583,2.0,7.0,0.286,47.0,117.0,0.402,9.0,19.0,0.474
203925,Joe Harris,1610612751,BKN,25.0,2016-17,9.0,24.0,0.375,17.0,33.0,0.515,59.0,164.0,0.36,26.0,57.0,0.456
204060,Joe Ingles,1610612762,UTA,29.0,2016-17,20.0,53.0,0.377,23.0,48.0,0.479,80.0,177.0,0.452,43.0,101.0,0.426
2207,Joe Johnson,1610612762,UTA,36.0,2016-17,23.0,53.0,0.434,16.0,36.0,0.444,66.0,168.0,0.393,39.0,89.0,0.438
1626202,Joe Young,1610612754,IND,25.0,2016-17,1.0,3.0,0.333,0.0,1.0,0.0,4.0,18.0,0.222,1.0,4.0,0.25
201202,Joel Anthony,1610612759,SAS,34.0,2016-17,0.0,0.0,0.0,0.0,0.0,0.0,0.0,0.0,0.0,0.0,0.0,0.0
1627762,Joel Bolomboy,1610612762,UTA,23.0,2016-17,0.0,1.0,0.0,0.0,0.0,0.0,1.0,3.0,0.333,0.0,1.0,0.0
203954,Joel Embiid,1610612755,PHI,23.0,2016-17,0.0,2.0,0.0,0.0,0.0,0.0,36.0,96.0,0.375,0.0,2.0,0.0
203530,Joffrey Lauvergne,1610612741,CHI,25.0,2016-17,6.0,16.0,0.375,6.0,12.0,0.5,21.0,69.0,0.304,12.0,28.0,0.429
203089,John Henson,1610612749,MIL,26.0,2016-17,0.0,0.0,0.0,0.0,0.0,0.0,0.0,0.0,0.0,0.0,0.0,0.0
203098,John Jenkins,1610612756,PHX,26.0,2016-17,,,,0.0,1.0,0.0,1.0,1.0,1.0,0.0,1.0,0.0
101249,John Lucas III,1610612750,MIN,34.0,2016-17,0.0,0.0,0.0,,,,0.0,1.0,0.0,0.0,0.0,0.0
202322,John Wall,1610612764,WAS,26.0,2016-17,5.0,15.0,0.333,2.0,12.0,0.167,82.0,242.0,0.339,7.0,27.0,0.259
203948,Johnny O'Bryant III,1610612766,CHA,24.0,2016-17,0.0,0.0,0.0,0.0,0.0,0.0,3.0,6.0,0.5,0.0,0.0,0.0
202720,Jon Leuer,1610612765,DET,28.0,2016-17,8.0,21.0,0.381,3.0,17.0,0.176,38.0,129.0,0.295,11.0,38.0,0.289
201973,Jonas Jerebko,1610612738,BOS,30.0,2016-17,9.0,21.0,0.429,10.0,34.0,0.294,26.0,73.0,0.356,19.0,55.0,0.345
202685,Jonas Valančiūnas,1610612761,TOR,25.0,2016-17,0.0,0.0,0.0,0.0,0.0,0.0,1.0,1.0,1.0,0.0,0.0,0.0
1626780,Jonathan Gibson,1610612742,DAL,29.0,2016-17,0.0,1.0,0.0,1.0,1.0,1.0,14.0,42.0,0.333,1.0,2.0,0.5
203613,Jonathon Simmons,1610612759,SAS,27.0,2016-17,8.0,25.0,0.32,4.0,14.0,0.286,18.0,59.0,0.305,12.0,39.0,0.308
203903,Jordan Clarkson,1610612747,LAL,25.0,2016-17,8.0,36.0,0.222,8.0,25.0,0.32,99.0,291.0,0.34,16.0,61.0,0.262
202348,Jordan Crawford,1610612740,NOP,28.0,2016-17,2.0,9.0,0.222,1.0,3.0,0.333,34.0,83.0,0.41,3.0,12.0,0.25
200770,Jordan Farmar,1610612758,SAC,30.0,2016-17,0.0,0.0,0.0,0.0,2.0,0.0,4.0,7.0,0.571,0.0,2.0,0.0
201941,Jordan Hill,1610612750,MIN,29.0,2016-17,0.0,0.0,0.0,0.0,0.0,0.0,0.0,0.0,0.0,0.0,0.0,0.0
203895,Jordan McRae,1610612739,CLE,26.0,2016-17,7.0,14.0,0.5,2.0,7.0,0.286,9.0,28.0,0.321,9.0,21.0,0.429
1626175,Jordan Mickey,1610612738,BOS,22.0,2016-17,0.0,1.0,0.0,0.0,0.0,0.0,0.0,0.0,0.0,0.0,1.0,0.0
101181,Jose Calderon,1610612737,ATL,35.0,2016-17,0.0,7.0,0.0,2.0,7.0,0.286,18.0,50.0,0.36,2.0,14.0,0.143
203962,Josh Huestis,1610612760,OKC,25.0,2016-17,0.0,0.0,0.0,1.0,1.0,1.0,1.0,3.0,0.333,1.0,1.0,1.0
201177,Josh McRoberts,1610612748,MIA,30.0,2016-17,0.0,1.0,0.0,1.0,3.0,0.333,12.0,27.0,0.444,1.0,4.0,0.25
1626196,Josh Richardson,1610612748,MIA,23.0,2016-17,15.0,33.0,0.455,13.0,27.0,0.481,47.0,166.0,0.283,28.0,60.0,0.467
201950,Jrue Holiday,1610612740,NOP,27.0,2016-17,9.0,20.0,0.45,7.0,19.0,0.368,83.0,240.0,0.346,16.0,39.0,0.41
1627823,Juancho Hernangomez,1610612743,DEN,21.0,2016-17,7.0,15.0,0.467,8.0,15.0,0.533,31.0,83.0,0.373,15.0,30.0,0.5
203944,Julius Randle,1610612747,LAL,22.0,2016-17,1.0,2.0,0.5,1.0,2.0,0.5,15.0,59.0,0.254,2.0,4.0,0.5
1626147,Justin Anderson,1610612755,PHI,23.0,2016-17,7.0,25.0,0.28,8.0,20.0,0.4,43.0,147.0,0.293,15.0,45.0,0.333
203120,Justin Hamilton,1610612751,BKN,27.0,2016-17,14.0,37.0,0.378,7.0,34.0,0.206,34.0,109.0,0.312,21.0,71.0,0.296
202712,Justin Harper,1610612755,PHI,27.0,2016-17,0.0,0.0,0.0,0.0,0.0,0.0,2.0,7.0,0.286,0.0,0.0,0.0
203200,Justin Holiday,1610612752,NYK,28.0,2016-17,16.0,42.0,0.381,29.0,53.0,0.547,52.0,175.0,0.297,45.0,95.0,0.474
1626159,Justise Winslow,1610612748,MIA,21.0,2016-17,3.0,10.0,0.3,3.0,12.0,0.25,1.0,12.0,0.083,6.0,22.0,0.273
203994,Jusuf Nurkić,1610612757,POR,22.0,2016-17,0.0,0.0,0.0,0.0,0.0,0.0,0.0,1.0,0.0,0.0,0.0,0.0
203909,KJ McDaniels,1610612751,BKN,24.0,2016-17,2.0,8.0,0.25,4.0,6.0,0.667,14.0,52.0,0.269,6.0,14.0,0.429
1626157,Karl-Anthony Towns,1610612750,MIN,21.0,2016-17,15.0,28.0,0.536,9.0,29.0,0.31,77.0,214.0,0.36,24.0,57.0,0.421
202695,Kawhi Leonard,1610612759,SAS,26.0,2016-17,17.0,32.0,0.531,12.0,31.0,0.387,118.0,323.0,0.365,29.0,63.0,0.46
1627770,Kay Felder,1610612739,CLE,22.0,2016-17,2.0,4.0,0.5,1.0,3.0,0.333,4.0,15.0,0.267,3.0,7.0,0.429
203482,Kelly Olynyk,1610612738,BOS,26.0,2016-17,8.0,15.0,0.533,10.0,17.0,0.588,50.0,160.0,0.313,18.0,32.0,0.563
1626162,Kelly Oubre Jr.,1610612764,WAS,21.0,2016-17,5.0,38.0,0.132,10.0,45.0,0.222,39.0,103.0,0.379,15.0,83.0,0.181
202689,Kemba Walker,1610612766,CHA,27.0,2016-17,13.0,24.0,0.542,10.0,22.0,0.455,217.0,553.0,0.392,23.0,46.0,0.5
202702,Kenneth Faried,1610612743,DEN,27.0,2016-17,0.0,0.0,0.0,0.0,0.0,0.0,0.0,4.0,0.0,0.0,0.0,0.0
203145,Kent Bazemore,1610612737,ATL,27.0,2016-17,16.0,37.0,0.432,20.0,53.0,0.377,55.0,172.0,0.32,36.0,90.0,0.4
203484,Kentavious Caldwell-Pope,1610612765,DET,24.0,2016-17,28.0,59.0,0.475,7.0,17.0,0.412,118.0,353.0,0.334,35.0,76.0,0.461
201142,Kevin Durant,1610612744,GSW,28.0,2016-17,9.0,15.0,0.6,8.0,25.0,0.32,100.0,270.0,0.37,17.0,40.0,0.425
201567,Kevin Love,1610612739,CLE,28.0,2016-17,29.0,80.0,0.363,31.0,66.0,0.47,85.0,244.0,0.348,60.0,146.0,0.411
202338,Kevin Seraphin,1610612754,IND,27.0,2016-17,0.0,0.0,0.0,0.0,0.0,0.0,0.0,2.0,0.0,0.0,0.0,0.0
1626172,Kevon Looney,1610612744,GSW,21.0,2016-17,0.0,0.0,0.0,0.0,0.0,0.0,2.0,9.0,0.222,0.0,0.0,0.0
203114,Khris Middleton,1610612749,MIL,25.0,2016-17,7.0,15.0,0.467,7.0,17.0,0.412,31.0,72.0,0.431,14.0,32.0,0.438
202691,Klay Thompson,1610612744,GSW,27.0,2016-17,33.0,68.0,0.485,45.0,112.0,0.402,190.0,467.0,0.407,78.0,180.0,0.433
201585,Kosta Koufos,1610612758,SAC,28.0,2016-17,0.0,0.0,0.0,0.0,0.0,0.0,0.0,0.0,0.0,0.0,0.0,0.0
1627739,Kris Dunn,1610612750,MIN,23.0,2016-17,2.0,9.0,0.222,3.0,9.0,0.333,16.0,55.0,0.291,5.0,18.0,0.278
2743,Kris Humphries,1610612737,ATL,32.0,2016-17,1.0,2.0,0.5,3.0,9.0,0.333,15.0,43.0,0.349,4.0,11.0,0.364
204001,Kristaps Porziņģis,1610612752,NYK,21.0,2016-17,5.0,17.0,0.294,11.0,19.0,0.579,96.0,278.0,0.345,16.0,36.0,0.444
203937,Kyle Anderson,1610612759,SAS,23.0,2016-17,4.0,12.0,0.333,9.0,18.0,0.5,2.0,8.0,0.25,13.0,30.0,0.433
2594,Kyle Korver,1610612739,CLE,36.0,2016-17,32.0,54.0,0.593,21.0,47.0,0.447,109.0,258.0,0.422,53.0,101.0,0.525
200768,Kyle Lowry,1610612761,TOR,31.0,2016-17,6.0,15.0,0.4,7.0,28.0,0.25,180.0,424.0,0.425,13.0,43.0,0.302
203124,Kyle O'Quinn,1610612752,NYK,27.0,2016-17,1.0,2.0,0.5,0.0,0.0,0.0,1.0,12.0,0.083,1.0,2.0,0.5
202713,Kyle Singler,1610612760,OKC,29.0,2016-17,1.0,5.0,0.2,2.0,10.0,0.2,4.0,22.0,0.182,3.0,15.0,0.2
1627787,Kyle Wiltjer,1610612745,HOU,24.0,2016-17,0.0,0.0,0.0,0.0,0.0,0.0,4.0,13.0,0.308,0.0,0.0,0.0
202681,Kyrie Irving,1610612739,CLE,25.0,2016-17,16.0,43.0,0.372,20.0,50.0,0.4,141.0,345.0,0.409,36.0,93.0,0.387
200746,LaMarcus Aldridge,1610612759,SAS,31.0,2016-17,6.0,14.0,0.429,4.0,9.0,0.444,13.0,33.0,0.394,10.0,23.0,0.435
203934,Lamar Patterson,1610612737,ATL,25.0,2016-17,1.0,1.0,1.0,0.0,0.0,0.0,0.0,5.0,0.0,1.0,1.0,1.0
202362,Lance Stephenson,1610612754,IND,26.0,2016-17,0.0,0.0,0.0,2.0,2.0,1.0,4.0,17.0,0.235,2.0,2.0,1.0
202498,Lance Thomas,1610612752,NYK,29.0,2016-17,14.0,25.0,0.56,5.0,16.0,0.313,19.0,44.0,0.432,19.0,41.0,0.463
204038,Langston Galloway,1610612758,SAC,25.0,2016-17,10.0,23.0,0.435,8.0,25.0,0.32,101.0,257.0,0.393,18.0,48.0,0.375
1626204,Larry Nance Jr.,1610612747,LAL,24.0,2016-17,2.0,10.0,0.2,1.0,4.0,0.25,7.0,19.0,0.368,3.0,14.0,0.214
202336,Larry Sanders,1610612739,CLE,28.0,2016-17,,,,0.0,0.0,0.0,0.0,0.0,0.0,0.0,0.0,0.0
202730,Lavoy Allen,1610612754,IND,28.0,2016-17,0.0,0.0,0.0,0.0,1.0,0.0,0.0,0.0,0.0,0.0,1.0,0.0
2544,LeBron James,1610612739,CLE,32.0,2016-17,10.0,23.0,0.435,5.0,17.0,0.294,109.0,301.0,0.362,15.0,40.0,0.375
2571,Leandro Barbosa,1610612756,PHX,34.0,2016-17,8.0,23.0,0.348,6.0,16.0,0.375,21.0,59.0,0.356,14.0,39.0,0.359
101150,Lou Williams,1610612745,HOU,30.0,2016-17,30.0,62.0,0.484,16.0,33.0,0.485,116.0,348.0,0.333,46.0,95.0,0.484
201601,Luc Mbah a Moute,1610612746,LAC,30.0,2016-17,13.0,31.0,0.419,23.0,55.0,0.418,6.0,14.0,0.429,36.0,86.0,0.419
203512,Lucas Nogueira,1610612761,TOR,24.0,2016-17,0.0,1.0,0.0,1.0,1.0,1.0,2.0,8.0,0.25,1.0,2.0,0.5
2449,Luis Scola,1610612751,BKN,37.0,2016-17,5.0,10.0,0.5,2.0,8.0,0.25,10.0,32.0,0.313,7.0,18.0,0.389
202337,Luke Babbitt,1610612748,MIA,28.0,2016-17,14.0,31.0,0.452,13.0,33.0,0.394,60.0,146.0,0.411,27.0,64.0,0.422
2736,Luol Deng,1610612747,LAL,32.0,2016-17,12.0,31.0,0.387,11.0,28.0,0.393,28.0,102.0,0.275,23.0,59.0,0.39
1627781,Malachi Richardson,1610612758,SAC,21.0,2016-17,2.0,4.0,0.5,2.0,5.0,0.4,4.0,18.0,0.222,4.0,9.0,0.444
1627763,Malcolm Brogdon,1610612749,MIL,24.0,2016-17,13.0,28.0,0.464,11.0,21.0,0.524,52.0,140.0,0.371,24.0,49.0,0.49
1627098,Malcolm Delaney,1610612737,ATL,28.0,2016-17,1.0,16.0,0.063,5.0,19.0,0.263,20.0,73.0,0.274,6.0,35.0,0.171
1627736,Malik Beasley,1610612743,DEN,20.0,2016-17,3.0,8.0,0.375,2.0,4.0,0.5,4.0,16.0,0.25,5.0,12.0,0.417
202412,Manny Harris,1610612742,DAL,27.0,2016-17,0.0,0.0,0.0,0.0,0.0,0.0,0.0,2.0,0.0,0.0,0.0,0.0
1938,Manu Ginobili,1610612759,SAS,39.0,2016-17,8.0,24.0,0.333,4.0,15.0,0.267,77.0,184.0,0.418,12.0,39.0,0.308
201188,Marc Gasol,1610612763,MEM,32.0,2016-17,1.0,5.0,0.2,1.0,1.0,1.0,102.0,260.0,0.392,2.0,6.0,0.333
1626273,Marcelo Huertas,1610612747,LAL,34.0,2016-17,0.0,0.0,0.0,1.0,3.0,0.333,3.0,16.0,0.188,1.0,3.0,0.333
101162,Marcin Gortat,1610612764,WAS,33.0,2016-17,0.0,0.0,0.0,0.0,0.0,0.0,0.0,1.0,0.0,0.0,0.0,0.0
201158,Marco Belinelli,1610612766,CHA,31.0,2016-17,8.0,20.0,0.4,13.0,25.0,0.52,81.0,236.0,0.343,21.0,45.0,0.467
1627875,Marcus Georges-Hunt,1610612753,ORL,23.0,2016-17,0.0,0.0,0.0,0.0,0.0,0.0,1.0,2.0,0.5,0.0,0.0,0.0
202694,Marcus Morris Sr.,1610612765,DET,27.0,2016-17,8.0,18.0,0.444,16.0,37.0,0.432,94.0,296.0,0.318,24.0,55.0,0.436
203935,Marcus Smart,1610612738,BOS,23.0,2016-17,21.0,48.0,0.438,10.0,28.0,0.357,63.0,247.0,0.255,31.0,76.0,0.408
201977,Marcus Thornton,1610612764,WAS,30.0,2016-17,3.0,10.0,0.3,0.0,5.0,0.0,25.0,65.0,0.385,3.0,15.0,0.2
1626209,Mario Hezonja,1610612753,ORL,22.0,2016-17,3.0,16.0,0.188,5.0,17.0,0.294,35.0,107.0,0.327,8.0,33.0,0.242
202693,Markieff Morris,1610612764,WAS,27.0,2016-17,13.0,38.0,0.342,8.0,27.0,0.296,50.0,131.0,0.382,21.0,65.0,0.323
1627737,Marquese Chriss,1610612756,PHX,19.0,2016-17,22.0,57.0,0.386,12.0,42.0,0.286,38.0,124.0,0.306,34.0,99.0,0.343
201578,Marreese Speights,1610612746,LAC,29.0,2016-17,7.0,14.0,0.5,9.0,20.0,0.45,87.0,239.0,0.364,16.0,34.0,0.471
1627850,Marshall Plumlee,1610612752,NYK,24.0,2016-17,0.0,0.0,0.0,0.0,0.0,0.0,0.0,0.0,0.0,0.0,0.0,0.0
101107,Marvin Williams,1610612766,CHA,31.0,2016-17,20.0,48.0,0.417,12.0,39.0,0.308,91.0,266.0,0.342,32.0,87.0,0.368
203486,Mason Plumlee,1610612743,DEN,27.0,2016-17,0.0,0.0,0.0,0.0,0.0,0.0,0.0,1.0,0.0,0.0,0.0,0.0
2440,Matt Barnes,1610612744,GSW,37.0,2016-17,17.0,41.0,0.415,11.0,29.0,0.379,58.0,190.0,0.305,28.0,70.0,0.4
203521,Matthew Dellavedova,1610612749,MIL,26.0,2016-17,6.0,15.0,0.4,6.0,18.0,0.333,66.0,181.0,0.365,12.0,33.0,0.364
203090,Maurice Harkless,1610612757,POR,24.0,2016-17,14.0,45.0,0.311,13.0,45.0,0.289,40.0,102.0,0.392,27.0,90.0,0.3
1626254,Maurice Ndour,1610612752,NYK,25.0,2016-17,0.0,0.0,0.0,1.0,2.0,0.5,0.0,5.0,0.0,1.0,2.0,0.5
1897,Metta World Peace,1610612747,LAL,37.0,2016-17,2.0,6.0,0.333,0.0,5.0,0.0,7.0,26.0,0.269,2.0,11.0,0.182
203086,Meyers Leonard,1610612757,POR,25.0,2016-17,4.0,13.0,0.308,8.0,14.0,0.571,62.0,185.0,0.335,12.0,27.0,0.444
201563,Michael Beasley,1610612749,MIL,28.0,2016-17,5.0,11.0,0.455,4.0,12.0,0.333,9.0,20.0,0.45,9.0,23.0,0.391
203487,Michael Carter-Williams,1610612741,CHI,25.0,2016-17,5.0,15.0,0.333,3.0,12.0,0.25,7.0,37.0,0.189,8.0,27.0,0.296
1627771,Michael Gbinije,1610612765,DET,25.0,2016-17,0.0,0.0,0.0,0.0,0.0,0.0,0.0,4.0,0.0,0.0,0.0,0.0
203077,Michael Kidd-Gilchrist,1610612766,CHA,23.0,2016-17,0.0,3.0,0.0,0.0,1.0,0.0,1.0,3.0,0.333,0.0,4.0,0.0
201144,Mike Conley,1610612763,MEM,29.0,2016-17,12.0,26.0,0.462,10.0,24.0,0.417,149.0,360.0,0.414,22.0,50.0,0.44
2399,Mike Dunleavy,1610612737,ATL,36.0,2016-17,10.0,21.0,0.476,10.0,21.0,0.476,33.0,91.0,0.363,20.0,42.0,0.476
2034,Mike Miller,1610612743,DEN,37.0,2016-17,0.0,1.0,0.0,0.0,0.0,0.0,8.0,19.0,0.421,0.0,1.0,0.0
203488,Mike Muscala,1610612737,ATL,25.0,2016-17,5.0,14.0,0.357,10.0,20.0,0.5,31.0,74.0,0.419,15.0,34.0,0.441
203118,Mike Scott,1610612737,ATL,28.0,2016-17,0.0,3.0,0.0,0.0,3.0,0.0,4.0,21.0,0.19,0.0,6.0,0.0
1627861,Mike Tobey,1610612766,CHA,22.0,2016-17,0.0,0.0,0.0,0.0,0.0,0.0,0.0,0.0,0.0,0.0,0.0,0.0
203101,Miles Plumlee,1610612766,CHA,28.0,2016-17,0.0,0.0,0.0,0.0,0.0,0.0,0.0,0.0,0.0,0.0,0.0,0.0
1627851,Mindaugas Kuzminskas,1610612752,NYK,27.0,2016-17,9.0,21.0,0.429,7.0,20.0,0.35,38.0,127.0,0.299,16.0,41.0,0.39
203141,Mirza Teletovic,1610612749,MIL,31.0,2016-17,12.0,37.0,0.324,10.0,27.0,0.37,82.0,238.0,0.345,22.0,64.0,0.344
101145,Monta Ellis,1610612754,IND,31.0,2016-17,11.0,39.0,0.282,6.0,16.0,0.375,24.0,76.0,0.316,17.0,55.0,0.309
1626149,Montrezl Harrell,1610612745,HOU,23.0,2016-17,1.0,3.0,0.333,0.0,1.0,0.0,0.0,2.0,0.0,1.0,4.0,0.25
1626167,Myles Turner,1610612754,IND,21.0,2016-17,1.0,8.0,0.125,1.0,6.0,0.167,38.0,100.0,0.38,2.0,14.0,0.143
202357,Nemanja Bjelica,1610612750,MIN,29.0,2016-17,9.0,23.0,0.391,5.0,14.0,0.357,42.0,140.0,0.3,14.0,37.0,0.378
2403,Nene,1610612745,HOU,34.0,2016-17,0.0,0.0,0.0,0.0,0.0,0.0,3.0,9.0,0.333,0.0,0.0,0.0
203457,Nerlens Noel,1610612742,DAL,23.0,2016-17,0.0,0.0,0.0,0.0,0.0,0.0,0.0,1.0,0.0,0.0,0.0,0.0
2555,Nick Collison,1610612760,OKC,36.0,2016-17,0.0,0.0,0.0,0.0,0.0,0.0,0.0,1.0,0.0,0.0,0.0,0.0
201156,Nick Young,1610612747,LAL,32.0,2016-17,21.0,54.0,0.389,25.0,57.0,0.439,119.0,301.0,0.395,46.0,111.0,0.414
201587,Nicolas Batum,1610612766,CHA,28.0,2016-17,6.0,22.0,0.273,6.0,15.0,0.4,123.0,366.0,0.336,12.0,37.0,0.324
1627852,Nicolas Brussino,1610612742,DAL,24.0,2016-17,7.0,9.0,0.778,2.0,9.0,0.222,20.0,76.0,0.263,9.0,18.0,0.5
1627879,Nicolas Laprovittola,1610612759,SAS,27.0,2016-17,0.0,0.0,0.0,3.0,5.0,0.6,7.0,22.0,0.318,3.0,5.0,0.6
203917,Nik Stauskas,1610612755,PHI,23.0,2016-17,20.0,44.0,0.455,15.0,32.0,0.469,96.0,278.0,0.345,35.0,76.0,0.461
203999,Nikola Jokić,1610612743,DEN,22.0,2016-17,1.0,5.0,0.2,0.0,5.0,0.0,44.0,128.0,0.344,1.0,10.0,0.1
202703,Nikola Mirotic,1610612741,CHI,26.0,2016-17,28.0,57.0,0.491,12.0,34.0,0.353,89.0,283.0,0.314,40.0,91.0,0.44
202696,Nikola Vučević,1610612753,ORL,26.0,2016-17,1.0,3.0,0.333,0.0,3.0,0.0,22.0,70.0,0.314,1.0,6.0,0.167
203943,Noah Vonleh,1610612757,POR,21.0,2016-17,0.0,3.0,0.0,0.0,2.0,0.0,6.0,14.0,0.429,0.0,5.0,0.0
1626181,Norman Powell,1610612761,TOR,24.0,2016-17,18.0,50.0,0.36,10.0,31.0,0.323,28.0,91.0,0.308,28.0,81.0,0.346
202708,Norris Cole,1610612760,OKC,28.0,2016-17,0.0,0.0,0.0,1.0,1.0,1.0,2.0,12.0,0.167,1.0,1.0,1.0
1627855,Okaro White,1610612748,MIA,24.0,2016-17,3.0,8.0,0.375,3.0,8.0,0.375,6.0,18.0,0.333,6.0,16.0,0.375
201600,Omer Asik,1610612740,NOP,30.0,2016-17,0.0,0.0,0.0,0.0,0.0,0.0,0.0,0.0,0.0,0.0,0.0,0.0
201956,Omri Casspi,1610612750,MIN,29.0,2016-17,2.0,6.0,0.333,1.0,3.0,0.333,12.0,34.0,0.353,3.0,9.0,0.333
203490,Otto Porter Jr.,1610612764,WAS,24.0,2016-17,20.0,63.0,0.317,39.0,76.0,0.513,89.0,200.0,0.445,59.0,139.0,0.424
200782,P.J. Tucker,1610612761,TOR,32.0,2016-17,34.0,84.0,0.405,26.0,69.0,0.377,10.0,42.0,0.238,60.0,153.0,0.392
1627783,Pascal Siakam,1610612761,TOR,23.0,2016-17,0.0,2.0,0.0,0.0,2.0,0.0,1.0,2.0,0.5,0.0,4.0,0.0
1626192,Pat Connaughton,1610612757,POR,24.0,2016-17,1.0,3.0,0.333,2.0,3.0,0.667,14.0,27.0,0.519,3.0,6.0,0.5
1627868,Patricio Garino,1610612753,ORL,24.0,2016-17,0.0,4.0,0.0,0.0,0.0,0.0,0.0,1.0,0.0,0.0,4.0,0.0
201976,Patrick Beverley,1610612745,HOU,28.0,2016-17,16.0,40.0,0.4,21.0,55.0,0.382,72.0,190.0,0.379,37.0,95.0,0.389
1627775,Patrick McCaw,1610612744,GSW,21.0,2016-17,7.0,24.0,0.292,9.0,21.0,0.429,25.0,78.0,0.321,16.0,45.0,0.356
202335,Patrick Patterson,1610612761,TOR,28.0,2016-17,21.0,63.0,0.333,20.0,37.0,0.541,52.0,152.0,0.342,41.0,100.0,0.41
201988,Patty Mills,1610612759,SAS,28.0,2016-17,18.0,49.0,0.367,30.0,55.0,0.545,99.0,251.0,0.394,48.0,104.0,0.462
2200,Pau Gasol,1610612759,SAS,36.0,2016-17,14.0,17.0,0.824,8.0,15.0,0.533,34.0,72.0,0.472,22.0,32.0,0.688
202331,Paul George,1610612754,IND,27.0,2016-17,17.0,55.0,0.309,26.0,51.0,0.51,150.0,386.0,0.389,43.0,106.0,0.406
200794,Paul Millsap,1610612737,ATL,32.0,2016-17,10.0,23.0,0.435,8.0,18.0,0.444,57.0,199.0,0.286,18.0,41.0,0.439
1718,Paul Pierce,1610612746,LAC,39.0,2016-17,3.0,4.0,0.75,1.0,3.0,0.333,11.0,36.0,0.306,4.0,7.0,0.571
1627835,Paul Zipser,1610612741,CHI,23.0,2016-17,10.0,23.0,0.435,6.0,18.0,0.333,17.0,56.0,0.304,16.0,41.0,0.39
203510,Pierre Jackson,1610612742,DAL,25.0,2016-17,0.0,0.0,0.0,1.0,1.0,1.0,2.0,10.0,0.2,1.0,1.0,1.0
203112,Quincy Acy,1610612751,BKN,26.0,2016-17,8.0,17.0,0.471,1.0,8.0,0.125,28.0,64.0,0.438,9.0,25.0,0.36
1626188,Quinn Cook,1610612740,NOP,24.0,2016-17,0.0,2.0,0.0,1.0,2.0,0.5,10.0,22.0,0.455,1.0,4.0,0.25
1626154,RJ Hunter,1610612741,CHI,23.0,2016-17,,,,,,,0.0,1.0,0.0,,,
200765,Rajon Rondo,1610612741,CHI,31.0,2016-17,11.0,20.0,0.55,17.0,46.0,0.37,22.0,67.0,0.328,28.0,66.0,0.424
1626176,Rakeem Christmas,1610612754,IND,25.0,2016-17,0.0,0.0,0.0,0.0,0.0,0.0,0.0,0.0,0.0,0.0,0.0,0.0
201196,Ramon Sessions,1610612766,CHA,31.0,2016-17,5.0,10.0,0.5,1.0,3.0,0.333,15.0,49.0,0.306,6.0,13.0,0.462
200751,Randy Foye,1610612751,BKN,33.0,2016-17,5.0,20.0,0.25,9.0,13.0,0.692,52.0,164.0,0.317,14.0,33.0,0.424
1626173,Rashad Vaughn,1610612749,MIL,20.0,2016-17,3.0,9.0,0.333,4.0,11.0,0.364,19.0,61.0,0.311,7.0,20.0,0.35
203526,Raul Neto,1610612762,UTA,25.0,2016-17,1.0,7.0,0.143,0.0,3.0,0.0,9.0,19.0,0.474,1.0,10.0,0.1
101109,Raymond Felton,1610612746,LAC,33.0,2016-17,11.0,19.0,0.579,5.0,9.0,0.556,30.0,108.0,0.278,16.0,28.0,0.571
203493,Reggie Bullock Jr.,1610612765,DET,26.0,2016-17,6.0,15.0,0.4,4.0,10.0,0.4,18.0,48.0,0.375,10.0,25.0,0.4
202704,Reggie Jackson,1610612765,DET,27.0,2016-17,5.0,12.0,0.417,2.0,13.0,0.154,59.0,155.0,0.381,7.0,25.0,0.28
202130,Reggie Williams,1610612740,NOP,30.0,2016-17,1.0,3.0,0.333,0.0,1.0,0.0,4.0,7.0,0.571,1.0,4.0,0.25
2210,Richard Jefferson,1610612739,CLE,37.0,2016-17,13.0,36.0,0.361,20.0,52.0,0.385,28.0,96.0,0.292,33.0,88.0,0.375
1626158,Richaun Holmes,1610612755,PHI,23.0,2016-17,6.0,10.0,0.6,1.0,6.0,0.167,20.0,60.0,0.333,7.0,16.0,0.438
201937,Ricky Rubio,1610612750,MIN,26.0,2016-17,8.0,39.0,0.205,9.0,19.0,0.474,43.0,135.0,0.319,17.0,58.0,0.293
203496,Robert Covington,1610612755,PHI,26.0,2016-17,7.0,19.0,0.368,5.0,20.0,0.25,124.0,370.0,0.335,12.0,39.0,0.308
201577,Robin Lopez,1610612741,CHI,29.0,2016-17,0.0,1.0,0.0,0.0,0.0,0.0,0.0,1.0,0.0,0.0,1.0,0.0
203918,Rodney Hood,1610612762,UTA,24.0,2016-17,16.0,36.0,0.444,18.0,41.0,0.439,80.0,228.0,0.351,34.0,77.0,0.442
203585,Rodney McGruder,1610612748,MIA,25.0,2016-17,23.0,62.0,0.371,19.0,59.0,0.322,30.0,96.0,0.313,42.0,121.0,0.347
201155,Rodney Stuckey,1610612754,IND,31.0,2016-17,4.0,14.0,0.286,3.0,6.0,0.5,11.0,37.0,0.297,7.0,20.0,0.35
1627758,Ron Baker,1610612752,NYK,24.0,2016-17,6.0,22.0,0.273,1.0,8.0,0.125,15.0,52.0,0.288,7.0,30.0,0.233
1626178,Rondae Hollis-Jefferson,1610612751,BKN,22.0,2016-17,1.0,12.0,0.083,4.0,12.0,0.333,10.0,42.0,0.238,5.0,24.0,0.208
101179,Ronnie Price,1610612756,PHX,34.0,2016-17,1.0,4.0,0.25,0.0,1.0,0.0,2.0,12.0,0.167,1.0,5.0,0.2
201579,Roy Hibbert,1610612743,DEN,30.0,2016-17,0.0,0.0,0.0,0.0,0.0,0.0,0.0,0.0,0.0,0.0,0.0,0.0
200752,Rudy Gay,1610612758,SAC,30.0,2016-17,5.0,8.0,0.625,3.0,14.0,0.214,34.0,88.0,0.386,8.0,22.0,0.364
203497,Rudy Gobert,1610612762,UTA,25.0,2016-17,0.0,0.0,0.0,0.0,0.0,0.0,0.0,0.0,0.0,0.0,0.0,0.0
201566,Russell Westbrook,1610612760,OKC,28.0,2016-17,16.0,30.0,0.533,2.0,14.0,0.143,182.0,538.0,0.338,18.0,44.0,0.409
201583,Ryan Anderson,1610612745,HOU,29.0,2016-17,19.0,36.0,0.528,20.0,36.0,0.556,165.0,434.0,0.38,39.0,72.0,0.542
203527,Ryan Kelly,1610612737,ATL,26.0,2016-17,2.0,2.0,1.0,1.0,2.0,0.5,1.0,6.0,0.167,3.0,4.0,0.75
1626257,Salah Mejri,1610612742,DAL,31.0,2016-17,0.0,0.0,0.0,0.0,0.0,0.0,1.0,3.0,0.333,0.0,0.0,0.0
1626155,Sam Dekker,1610612745,HOU,23.0,2016-17,14.0,43.0,0.326,13.0,26.0,0.5,33.0,115.0,0.287,27.0,69.0,0.391
2756,Sasha Vujacic,1610612752,NYK,33.0,2016-17,2.0,7.0,0.286,1.0,6.0,0.167,20.0,60.0,0.333,3.0,13.0,0.231
203930,Sean Kilpatrick,1610612751,BKN,27.0,2016-17,15.0,49.0,0.306,8.0,19.0,0.421,82.0,233.0,0.352,23.0,68.0,0.338
203902,Semaj Christon,1610612760,OKC,24.0,2016-17,1.0,8.0,0.125,2.0,8.0,0.25,8.0,39.0,0.205,3.0,16.0,0.188
201586,Serge Ibaka,1610612761,TOR,27.0,2016-17,2.0,7.0,0.286,1.0,11.0,0.091,121.0,299.0,0.405,3.0,18.0,0.167
200771,Sergio Rodriguez,1610612755,PHI,31.0,2016-17,6.0,12.0,0.5,7.0,11.0,0.636,78.0,228.0,0.342,13.0,23.0,0.565
203552,Seth Curry,1610612742,DAL,26.0,2016-17,15.0,32.0,0.469,20.0,41.0,0.488,102.0,248.0,0.411,35.0,73.0,0.479
203498,Shabazz Muhammad,1610612750,MIN,24.0,2016-17,15.0,38.0,0.395,9.0,21.0,0.429,25.0,86.0,0.291,24.0,59.0,0.407
203894,Shabazz Napier,1610612757,POR,25.0,2016-17,2.0,9.0,0.222,2.0,3.0,0.667,30.0,80.0,0.375,4.0,12.0,0.333
2733,Shaun Livingston,1610612744,GSW,31.0,2016-17,0.0,0.0,0.0,0.0,0.0,0.0,1.0,1.0,1.0,0.0,0.0,0.0
1627848,Shawn Long,1610612755,PHI,24.0,2016-17,0.0,1.0,0.0,0.0,0.0,0.0,7.0,18.0,0.389,0.0,1.0,0.0
1627815,Sheldon Mac,1610612764,WAS,24.0,2016-17,1.0,4.0,0.25,0.0,8.0,0.0,6.0,17.0,0.353,1.0,12.0,0.083
202714,Shelvin Mack,1610612762,UTA,27.0,2016-17,4.0,11.0,0.364,4.0,19.0,0.211,29.0,90.0,0.322,8.0,30.0,0.267
1627746,Skal Labissiere,1610612758,SAC,21.0,2016-17,0.0,0.0,0.0,0.0,0.0,0.0,3.0,8.0,0.375,0.0,0.0,0.0
203524,Solomon Hill,1610612740,NOP,26.0,2016-17,25.0,60.0,0.417,12.0,36.0,0.333,57.0,170.0,0.335,37.0,96.0,0.385
203915,Spencer Dinwiddie,1610612751,BKN,24.0,2016-17,2.0,5.0,0.4,7.0,14.0,0.5,29.0,81.0,0.358,9.0,19.0,0.474
201150,Spencer Hawes,1610612749,MIL,29.0,2016-17,0.0,4.0,0.0,6.0,8.0,0.75,19.0,68.0,0.279,6.0,12.0,0.5
1626169,Stanley Johnson,1610612765,DET,21.0,2016-17,5.0,13.0,0.385,9.0,26.0,0.346,30.0,112.0,0.268,14.0,39.0,0.359
201939,Stephen Curry,1610612744,GSW,29.0,2016-17,29.0,67.0,0.433,22.0,46.0,0.478,271.0,657.0,0.412,51.0,113.0,0.451
1627757,Stephen Zimmerman,1610612753,ORL,20.0,2016-17,0.0,0.0,0.0,0.0,0.0,0.0,0.0,0.0,0.0,0.0,0.0,0.0
200779,Steve Novak,1610612749,MIL,34.0,2016-17,1.0,1.0,1.0,0.0,0.0,0.0,0.0,5.0,0.0,1.0,1.0,1.0
203500,Steven Adams,1610612760,OKC,23.0,2016-17,0.0,0.0,0.0,0.0,0.0,0.0,0.0,0.0,0.0,0.0,0.0,0.0
204456,T.J. McConnell,1610612755,PHI,25.0,2016-17,1.0,5.0,0.2,1.0,4.0,0.25,8.0,42.0,0.19,2.0,9.0,0.222
203933,T.J. Warren,1610612756,PHX,23.0,2016-17,8.0,32.0,0.25,5.0,20.0,0.25,13.0,43.0,0.302,13.0,52.0,0.25
201959,Taj Gibson,1610612760,OKC,32.0,2016-17,2.0,7.0,0.286,0.0,4.0,0.0,0.0,1.0,0.0,2.0,11.0,0.182
204028,Tarik Black,1610612747,LAL,25.0,2016-17,0.0,0.0,0.0,0.0,0.0,0.0,1.0,1.0,1.0,0.0,0.0,0.0
1627752,Taurean Prince,1610612737,ATL,23.0,2016-17,5.0,20.0,0.25,10.0,24.0,0.417,18.0,57.0,0.316,15.0,44.0,0.341
203093,Terrence Jones,1610612749,MIL,25.0,2016-17,0.0,5.0,0.0,0.0,2.0,0.0,19.0,68.0,0.279,0.0,7.0,0.0
203082,Terrence Ross,1610612753,ORL,26.0,2016-17,20.0,57.0,0.351,10.0,29.0,0.345,112.0,304.0,0.368,30.0,86.0,0.349
1626179,Terry Rozier,1610612738,BOS,23.0,2016-17,8.0,24.0,0.333,3.0,14.0,0.214,45.0,137.0,0.328,11.0,38.0,0.289
200757,Thabo Sefolosha,1610612737,ATL,33.0,2016-17,10.0,30.0,0.333,10.0,30.0,0.333,21.0,60.0,0.35,20.0,60.0,0.333
201152,Thaddeus Young,1610612754,IND,29.0,2016-17,18.0,46.0,0.391,2.0,12.0,0.167,25.0,59.0,0.424,20.0,58.0,0.345
203080,Thomas Robinson,1610612747,LAL,26.0,2016-17,0.0,0.0,0.0,0.0,1.0,0.0,0.0,0.0,0.0,0.0,1.0,0.0
1627748,Thon Maker,1610612749,MIL,20.0,2016-17,3.0,6.0,0.5,5.0,17.0,0.294,18.0,49.0,0.367,8.0,23.0,0.348
201168,Tiago Splitter,1610612755,PHI,32.0,2016-17,0.0,1.0,0.0,0.0,0.0,0.0,2.0,5.0,0.4,0.0,1.0,0.0
204025,Tim Frazier,1610612740,NOP,26.0,2016-17,1.0,5.0,0.2,1.0,6.0,0.167,38.0,117.0,0.325,2.0,11.0,0.182
203501,Tim Hardaway Jr.,1610612737,ATL,25.0,2016-17,9.0,30.0,0.3,20.0,40.0,0.5,120.0,343.0,0.35,29.0,70.0,0.414
1627817,Tim Quarterman,1610612757,POR,22.0,2016-17,0.0,1.0,0.0,0.0,1.0,0.0,5.0,11.0,0.455,0.0,2.0,0.0
202389,Timofey Mozgov,1610612747,LAL,30.0,2016-17,0.0,0.0,0.0,0.0,0.0,0.0,0.0,1.0,0.0,0.0,0.0,0.0
1627789,Timothe Luwawu-Cabarrot,1610612755,PHI,22.0,2016-17,15.0,37.0,0.405,8.0,18.0,0.444,27.0,104.0,0.26,23.0,55.0,0.418
202699,Tobias Harris,1610612765,DET,24.0,2016-17,11.0,40.0,0.275,17.0,42.0,0.405,81.0,229.0,0.354,28.0,82.0,0.341
203107,Tomas Satoransky,1610612764,WAS,25.0,2016-17,0.0,3.0,0.0,4.0,8.0,0.5,5.0,25.0,0.2,4.0,11.0,0.364
201962,Toney Douglas,1610612763,MEM,31.0,2016-17,1.0,1.0,1.0,0.0,1.0,0.0,6.0,38.0,0.158,1.0,2.0,0.5
2754,Tony Allen,1610612763,MEM,35.0,2016-17,5.0,12.0,0.417,7.0,26.0,0.269,3.0,16.0,0.188,12.0,38.0,0.316
2225,Tony Parker,1610612759,SAS,35.0,2016-17,6.0,17.0,0.353,11.0,35.0,0.314,6.0,17.0,0.353,17.0,52.0,0.327
203503,Tony Snell,1610612749,MIL,25.0,2016-17,24.0,70.0,0.343,32.0,75.0,0.427,87.0,208.0,0.418,56.0,145.0,0.386
1626203,Treveon Graham,1610612766,CHA,23.0,2016-17,1.0,3.0,0.333,2.0,3.0,0.667,6.0,9.0,0.667,3.0,6.0,0.5
2772,Trevor Ariza,1610612745,HOU,32.0,2016-17,20.0,61.0,0.328,56.0,135.0,0.415,114.0,357.0,0.319,76.0,196.0,0.388
202344,Trevor Booker,1610612751,BKN,29.0,2016-17,4.0,13.0,0.308,2.0,11.0,0.182,19.0,54.0,0.352,6.0,24.0,0.25
203504,Trey Burke,1610612764,WAS,24.0,2016-17,5.0,5.0,1.0,3.0,7.0,0.429,23.0,58.0,0.397,8.0,12.0,0.667
1626168,Trey Lyles,1610612762,UTA,21.0,2016-17,13.0,37.0,0.351,9.0,24.0,0.375,43.0,141.0,0.305,22.0,61.0,0.361
202684,Tristan Thompson,1610612739,CLE,26.0,2016-17,0.0,0.0,0.0,0.0,0.0,0.0,0.0,2.0,0.0,0.0,0.0,0.0
203584,Troy Daniels,1610612763,MEM,25.0,2016-17,11.0,22.0,0.5,16.0,28.0,0.571,110.0,302.0,0.364,27.0,50.0,0.54
1627786,Troy Williams,1610612745,HOU,22.0,2016-17,1.0,4.0,0.25,4.0,10.0,0.4,13.0,47.0,0.277,5.0,14.0,0.357
201951,Ty Lawson,1610612758,SAC,29.0,2016-17,5.0,15.0,0.333,5.0,10.0,0.5,24.0,90.0,0.267,10.0,25.0,0.4
203898,Tyler Ennis,1610612747,LAL,22.0,2016-17,0.0,5.0,0.0,0.0,5.0,0.0,27.0,59.0,0.458,0.0,10.0,0.0
204020,Tyler Johnson,1610612748,MIA,25.0,2016-17,8.0,24.0,0.333,13.0,30.0,0.433,71.0,193.0,0.368,21.0,54.0,0.389
1627755,Tyler Ulis,1610612756,PHX,21.0,2016-17,0.0,2.0,0.0,0.0,4.0,0.0,21.0,68.0,0.309,0.0,6.0,0.0
203092,Tyler Zeller,1610612738,BOS,27.0,2016-17,0.0,0.0,0.0,0.0,0.0,0.0,0.0,1.0,0.0,0.0,0.0,0.0
201936,Tyreke Evans,1610612758,SAC,27.0,2016-17,0.0,2.0,0.0,2.0,4.0,0.5,40.0,110.0,0.364,2.0,6.0,0.333
2199,Tyson Chandler,1610612756,PHX,34.0,2016-17,0.0,0.0,0.0,0.0,0.0,0.0,0.0,0.0,0.0,0.0,0.0,0.0
1626145,Tyus Jones,1610612750,MIN,21.0,2016-17,3.0,10.0,0.3,5.0,13.0,0.385,18.0,49.0,0.367,8.0,23.0,0.348
2617,Udonis Haslem,1610612748,MIA,37.0,2016-17,0.0,0.0,0.0,0.0,1.0,0.0,0.0,2.0,0.0,0.0,1.0,0.0
203506,Victor Oladipo,1610612760,OKC,25.0,2016-17,16.0,41.0,0.39,32.0,69.0,0.464,79.0,240.0,0.329,48.0,110.0,0.436
1713,Vince Carter,1610612763,MEM,40.0,2016-17,14.0,34.0,0.412,7.0,26.0,0.269,91.0,233.0,0.391,21.0,60.0,0.35
1627735,Wade Baldwin IV,1610612763,MEM,21.0,2016-17,0.0,3.0,0.0,0.0,1.0,0.0,3.0,17.0,0.176,0.0,4.0,0.0
201961,Wayne Ellington,1610612748,MIA,29.0,2016-17,27.0,54.0,0.5,21.0,60.0,0.35,101.0,278.0,0.363,48.0,114.0,0.421
1627782,Wayne Selden,1610612763,MEM,22.0,2016-17,2.0,3.0,0.667,2.0,4.0,0.5,3.0,21.0,0.143,4.0,7.0,0.571
202325,Wesley Johnson,1610612746,LAC,29.0,2016-17,9.0,31.0,0.29,4.0,16.0,0.25,16.0,66.0,0.242,13.0,47.0,0.277
202083,Wesley Matthews,1610612742,DAL,30.0,2016-17,20.0,44.0,0.455,18.0,47.0,0.383,136.0,386.0,0.352,38.0,91.0,0.418
203115,Will Barton,1610612743,DEN,26.0,2016-17,5.0,27.0,0.185,4.0,7.0,0.571,78.0,200.0,0.39,9.0,34.0,0.265
1626161,Willie Cauley-Stein,1610612758,SAC,23.0,2016-17,0.0,0.0,0.0,0.0,0.0,0.0,0.0,2.0,0.0,0.0,0.0,0.0
203186,Willie Reed,1610612748,MIA,27.0,2016-17,0.0,0.0,0.0,0.0,0.0,0.0,1.0,4.0,0.25,0.0,0.0,0.0
1626195,Willy Hernangomez,1610612752,NYK,23.0,2016-17,1.0,4.0,0.25,0.0,2.0,0.0,3.0,9.0,0.333,1.0,6.0,0.167
201163,Wilson Chandler,1610612743,DEN,30.0,2016-17,6.0,29.0,0.207,17.0,52.0,0.327,87.0,244.0,0.357,23.0,81.0,0.284
1627812,Yogi Ferrell,1610612742,DAL,24.0,2016-17,6.0,14.0,0.429,2.0,9.0,0.222,60.0,152.0,0.395,8.0,23.0,0.348
203897,Zach LaVine,1610612750,MIN,22.0,2016-17,21.0,47.0,0.447,11.0,26.0,0.423,88.0,237.0,0.371,32.0,73.0,0.438
2216,Zach Randolph,1610612763,MEM,35.0,2016-17,2.0,5.0,0.4,2.0,9.0,0.222,17.0,75.0,0.227,4.0,14.0,0.286
2585,Zaza Pachulia,1610612744,GSW,33.0,2016-17,0.0,0.0,0.0,0.0,0.0,0.0,0.0,1.0,0.0,0.0,0.0,0.0
201166,Aaron Brooks,1610612750,MIN,33.0,2017-18,1.0,3.0,0.333,2.0,2.0,1.0,8.0,24.0,0.333,3.0,5.0,0.6
203932,Aaron Gordon,1610612753,ORL,22.0,2017-18,16.0,45.0,0.356,10.0,26.0,0.385,89.0,270.0,0.33,26.0,71.0,0.366
1626151,Aaron Harrison,1610612742,DAL,23.0,2017-18,1.0,9.0,0.111,1.0,5.0,0.2,7.0,29.0,0.241,2.0,14.0,0.143
1628935,Aaron Jackson,1610612745,HOU,32.0,2017-18,0.0,1.0,0.0,0.0,0.0,0.0,1.0,3.0,0.333,0.0,1.0,0.0
1627846,Abdel Nader,1610612738,BOS,24.0,2017-18,4.0,10.0,0.4,5.0,14.0,0.357,14.0,41.0,0.341,9.0,24.0,0.375
203940,Adreian Payne,1610612753,ORL,27.0,2017-18,1.0,1.0,1.0,0.0,0.0,0.0,1.0,2.0,0.5,1.0,1.0,1.0
201143,Al Horford,1610612738,BOS,32.0,2017-18,9.0,18.0,0.5,10.0,18.0,0.556,78.0,191.0,0.408,19.0,36.0,0.528
2744,Al Jefferson,1610612754,IND,33.0,2017-18,0.0,0.0,0.0,0.0,0.0,0.0,0.0,2.0,0.0,0.0,0.0,0.0
202329,Al-Farouq Aminu,1610612757,POR,27.0,2017-18,20.0,47.0,0.426,26.0,50.0,0.52,79.0,242.0,0.326,46.0,97.0,0.474
1626210,Alan Williams,1610612756,PHX,25.0,2017-18,0.0,0.0,0.0,0.0,0.0,0.0,0.0,0.0,0.0,0.0,0.0,0.0
202692,Alec Burks,1610612762,UTA,26.0,2017-18,5.0,13.0,0.385,3.0,12.0,0.25,39.0,116.0,0.336,8.0,25.0,0.32
1628409,Alec Peters,1610612756,PHX,23.0,2017-18,4.0,11.0,0.364,1.0,7.0,0.143,13.0,40.0,0.325,5.0,18.0,0.278
203518,Alex Abrines,1610612760,OKC,24.0,2017-18,9.0,24.0,0.375,13.0,35.0,0.371,61.0,159.0,0.384,22.0,59.0,0.373
1627936,Alex Caruso,1610612747,LAL,24.0,2017-18,0.0,3.0,0.0,0.0,2.0,0.0,13.0,37.0,0.351,0.0,5.0,0.0
203458,Alex Len,1610612756,PHX,25.0,2017-18,0.0,0.0,0.0,0.0,0.0,0.0,1.0,3.0,0.333,0.0,0.0,0.0
1627816,Alex Poythress,1610612754,IND,24.0,2017-18,1.0,2.0,0.5,1.0,2.0,0.5,2.0,7.0,0.286,2.0,4.0,0.5
1628035,Alfonzo McKinnie,1610612761,TOR,25.0,2017-18,2.0,4.0,0.5,0.0,1.0,0.0,1.0,4.0,0.25,2.0,5.0,0.4
203459,Allen Crabbe,1610612751,BKN,26.0,2017-18,16.0,34.0,0.471,15.0,45.0,0.333,170.0,449.0,0.379,31.0,79.0,0.392
101161,Amir Johnson,1610612755,PHI,31.0,2017-18,0.0,3.0,0.0,3.0,6.0,0.5,7.0,22.0,0.318,3.0,9.0,0.333
203083,Andre Drummond,1610612765,DET,24.0,2017-18,0.0,0.0,0.0,0.0,0.0,0.0,0.0,7.0,0.0,0.0,0.0,0.0
2738,Andre Iguodala,1610612744,GSW,34.0,2017-18,0.0,11.0,0.0,4.0,12.0,0.333,29.0,91.0,0.319,4.0,23.0,0.174
201281,Andre Ingram,1610612747,LAL,32.0,2017-18,1.0,1.0,1.0,0.0,0.0,0.0,4.0,8.0,0.5,1.0,1.0,1.0
203460,Andre Roberson,1610612760,OKC,26.0,2017-18,4.0,14.0,0.286,0.0,7.0,0.0,4.0,15.0,0.267,4.0,21.0,0.19
101106,Andrew Bogut,1610612747,LAL,33.0,2017-18,0.0,0.0,0.0,0.0,0.0,0.0,0.0,0.0,0.0,0.0,0.0,0.0
1626150,Andrew Harrison,1610612763,MEM,23.0,2017-18,8.0,28.0,0.286,5.0,15.0,0.333,34.0,99.0,0.343,13.0,43.0,0.302
1628510,Andrew White III,1610612737,ATL,25.0,2017-18,2.0,4.0,0.5,2.0,6.0,0.333,14.0,39.0,0.359,4.0,10.0,0.4
203952,Andrew Wiggins,1610612750,MIN,23.0,2017-18,17.0,41.0,0.415,9.0,22.0,0.409,86.0,273.0,0.315,26.0,63.0,0.413
1627790,Ante Zizic,1610612739,CLE,21.0,2017-18,0.0,0.0,0.0,0.0,0.0,0.0,0.0,0.0,0.0,0.0,0.0,0.0
1626148,Anthony Brown,1610612750,MIN,25.0,2017-18,1.0,1.0,1.0,0.0,0.0,0.0,0.0,0.0,0.0,1.0,1.0,1.0
203076,Anthony Davis,1610612740,NOP,25.0,2017-18,4.0,12.0,0.333,2.0,3.0,0.667,49.0,144.0,0.34,6.0,15.0,0.4
201229,Anthony Tolliver,1610612765,DET,33.0,2017-18,10.0,33.0,0.303,29.0,61.0,0.475,120.0,271.0,0.443,39.0,94.0,0.415
1628469,Antonio Blakeney,1610612741,CHI,21.0,2017-18,5.0,10.0,0.5,2.0,7.0,0.286,8.0,35.0,0.229,7.0,17.0,0.412
1628499,Antonius Cleveland,1610612737,ATL,24.0,2017-18,1.0,1.0,1.0,0.0,0.0,0.0,2.0,3.0,0.667,1.0,1.0,1.0
203382,Aron Baynes,1610612738,BOS,31.0,2017-18,0.0,3.0,0.0,1.0,10.0,0.1,2.0,8.0,0.25,1.0,13.0,0.077
201167,Arron Afflalo,1610612753,ORL,32.0,2017-18,8.0,22.0,0.364,1.0,8.0,0.125,18.0,39.0,0.462,9.0,30.0,0.3
203085,Austin Rivers,1610612746,LAC,25.0,2017-18,12.0,31.0,0.387,8.0,27.0,0.296,116.0,302.0,0.384,20.0,58.0,0.345
202340,Avery Bradley,1610612746,LAC,27.0,2017-18,23.0,53.0,0.434,7.0,18.0,0.389,45.0,132.0,0.341,30.0,71.0,0.423
1628389,Bam Adebayo,1610612748,MIA,20.0,2017-18,0.0,1.0,0.0,0.0,0.0,0.0,0.0,2.0,0.0,0.0,1.0,0.0
203463,Ben McLemore,1610612763,MEM,25.0,2017-18,13.0,33.0,0.394,5.0,13.0,0.385,37.0,111.0,0.333,18.0,46.0,0.391
1628500,Ben Moore,1610612754,IND,23.0,2017-18,0.0,0.0,0.0,0.0,0.0,0.0,0.0,0.0,0.0,0.0,0.0,0.0
1627732,Ben Simmons,1610612755,PHI,21.0,2017-18,0.0,0.0,0.0,0.0,0.0,0.0,0.0,3.0,0.0,0.0,0.0,0.0
202687,Bismack Biyombo,1610612753,ORL,25.0,2017-18,0.0,0.0,0.0,0.0,0.0,0.0,0.0,0.0,0.0,0.0,0.0,0.0
201933,Blake Griffin,1610612765,DET,29.0,2017-18,10.0,25.0,0.4,6.0,12.0,0.5,95.0,283.0,0.336,16.0,37.0,0.432
1626246,Boban Marjanovic,1610612746,LAC,29.0,2017-18,0.0,0.0,0.0,0.0,0.0,0.0,0.0,0.0,0.0,0.0,0.0,0.0
201628,Bobby Brown,1610612745,HOU,33.0,2017-18,2.0,2.0,1.0,0.0,1.0,0.0,9.0,37.0,0.243,2.0,3.0,0.667
1626171,Bobby Portis,1610612741,CHI,23.0,2017-18,6.0,14.0,0.429,3.0,11.0,0.273,71.0,197.0,0.36,9.0,25.0,0.36
203992,Bogdan Bogdanović,1610612758,SAC,25.0,2017-18,9.0,15.0,0.6,11.0,27.0,0.407,107.0,276.0,0.388,20.0,42.0,0.476
202711,Bojan Bogdanovic,1610612754,IND,29.0,2017-18,24.0,57.0,0.421,29.0,58.0,0.5,101.0,270.0,0.374,53.0,115.0,0.461
203078,Bradley Beal,1610612764,WAS,25.0,2017-18,14.0,35.0,0.4,7.0,19.0,0.368,178.0,474.0,0.376,21.0,54.0,0.389
201148,Brandan Wright,1610612745,HOU,30.0,2017-18,0.0,0.0,0.0,0.0,0.0,0.0,0.0,0.0,0.0,0.0,0.0,0.0
1627742,Brandon Ingram,1610612747,LAL,20.0,2017-18,5.0,11.0,0.455,9.0,19.0,0.474,27.0,74.0,0.365,14.0,30.0,0.467
201943,Brandon Jennings,1610612749,MIL,28.0,2017-18,0.0,2.0,0.0,1.0,2.0,0.5,8.0,29.0,0.276,1.0,4.0,0.25
203464,Brandon Paul,1610612759,SAS,27.0,2017-18,2.0,7.0,0.286,2.0,8.0,0.25,11.0,38.0,0.289,4.0,15.0,0.267
1627362,Briante Weber,1610612763,MEM,25.0,2017-18,0.0,0.0,0.0,0.0,1.0,0.0,4.0,10.0,0.4,0.0,1.0,0.0
1627744,Brice Johnson,1610612763,MEM,24.0,2017-18,0.0,0.0,0.0,0.0,0.0,0.0,0.0,1.0,0.0,0.0,0.0,0.0
201572,Brook Lopez,1610612747,LAL,30.0,2017-18,10.0,23.0,0.435,10.0,20.0,0.5,92.0,282.0,0.326,20.0,43.0,0.465
203998,Bruno Caboclo,1610612758,SAC,22.0,2017-18,1.0,5.0,0.2,1.0,2.0,0.5,1.0,10.0,0.1,2.0,7.0,0.286
1627854,Bryn Forbes,1610612759,SAS,24.0,2017-18,14.0,31.0,0.452,9.0,14.0,0.643,66.0,181.0,0.365,23.0,45.0,0.511
1627741,Buddy Hield,1610612758,SAC,25.0,2017-18,21.0,45.0,0.467,17.0,28.0,0.607,137.0,331.0,0.414,38.0,73.0,0.521
203710,C.J. Williams,1610612746,LAC,28.0,2017-18,3.0,14.0,0.214,4.0,12.0,0.333,15.0,52.0,0.288,7.0,26.0,0.269
203468,CJ McCollum,1610612757,POR,26.0,2017-18,15.0,42.0,0.357,9.0,23.0,0.391,165.0,410.0,0.402,24.0,65.0,0.369
101139,CJ Miles,1610612761,TOR,31.0,2017-18,24.0,45.0,0.533,22.0,49.0,0.449,118.0,356.0,0.331,46.0,94.0,0.489
1628403,Caleb Swanigan,1610612757,POR,21.0,2017-18,0.0,1.0,0.0,0.0,0.0,0.0,1.0,7.0,0.143,0.0,1.0,0.0
1626166,Cameron Payne,1610612741,CHI,23.0,2017-18,1.0,2.0,0.5,2.0,6.0,0.333,32.0,83.0,0.386,3.0,8.0,0.375
1627747,Caris LeVert,1610612751,BKN,23.0,2017-18,7.0,20.0,0.35,2.0,14.0,0.143,76.0,211.0,0.36,9.0,34.0,0.265
2546,Carmelo Anthony,1610612760,OKC,34.0,2017-18,5.0,21.0,0.238,14.0,35.0,0.4,150.0,419.0,0.358,19.0,56.0,0.339
1626224,Cedi Osman,1610612739,CLE,23.0,2017-18,6.0,17.0,0.353,9.0,23.0,0.391,17.0,46.0,0.37,15.0,40.0,0.375
202718,Chandler Parsons,1610612763,MEM,29.0,2017-18,4.0,9.0,0.444,7.0,13.0,0.538,40.0,99.0,0.404,11.0,22.0,0.5
101112,Channing Frye,1610612747,LAL,35.0,2017-18,2.0,7.0,0.286,3.0,10.0,0.3,34.0,97.0,0.351,5.0,17.0,0.294
1628429,Charles Cooke,1610612740,NOP,23.0,2017-18,0.0,3.0,0.0,1.0,1.0,1.0,0.0,4.0,0.0,1.0,4.0,0.25
1627767,Cheick Diallo,1610612740,NOP,21.0,2017-18,0.0,0.0,0.0,0.0,0.0,0.0,0.0,0.0,0.0,0.0,0.0,0.0
1627778,Chinanu Onuaku,1610612745,HOU,21.0,2017-18,0.0,0.0,0.0,0.0,0.0,0.0,0.0,0.0,0.0,0.0,0.0,0.0
1628449,Chris Boucher,1610612744,GSW,25.0,2017-18,0.0,1.0,0.0,,,,,,,0.0,1.0,0.0
1626191,Chris McCullough,1610612764,WAS,23.0,2017-18,0.0,0.0,0.0,0.0,0.0,0.0,1.0,8.0,0.125,0.0,0.0,0.0
101108,Chris Paul,1610612745,HOU,33.0,2017-18,9.0,28.0,0.321,18.0,28.0,0.643,116.0,318.0,0.365,27.0,56.0,0.482
203991,Clint Capela,1610612745,HOU,24.0,2017-18,0.0,0.0,0.0,0.0,0.0,0.0,0.0,1.0,0.0,0.0,0.0,0.0
203469,Cody Zeller,1610612766,CHA,25.0,2017-18,0.0,0.0,0.0,0.0,0.0,0.0,2.0,3.0,0.667,0.0,0.0,0.0
202332,Cole Aldrich,1610612750,MIN,29.0,2017-18,0.0,0.0,0.0,0.0,0.0,0.0,0.0,0.0,0.0,0.0,0.0,0.0
201147,Corey Brewer,1610612760,OKC,32.0,2017-18,13.0,45.0,0.289,12.0,34.0,0.353,6.0,28.0,0.214,25.0,79.0,0.316
202709,Cory Joseph,1610612754,IND,26.0,2017-18,8.0,22.0,0.364,9.0,25.0,0.36,50.0,141.0,0.355,17.0,47.0,0.362
201584,Courtney Lee,1610612752,NYK,32.0,2017-18,27.0,55.0,0.491,14.0,33.0,0.424,72.0,190.0,0.379,41.0,88.0,0.466
1626245,Cristiano Felicio,1610612741,CHI,25.0,2017-18,0.0,0.0,0.0,0.0,0.0,0.0,0.0,2.0,0.0,0.0,0.0,0.0
1626156,D'Angelo Russell,1610612751,BKN,22.0,2017-18,4.0,11.0,0.364,6.0,16.0,0.375,80.0,251.0,0.319,10.0,27.0,0.37
201571,D.J. Augustin,1610612753,ORL,30.0,2017-18,13.0,27.0,0.481,3.0,16.0,0.188,98.0,227.0,0.432,16.0,43.0,0.372
1628391,D.J. Wilson,1610612749,MIL,22.0,2017-18,1.0,1.0,1.0,0.0,0.0,0.0,1.0,4.0,0.25,1.0,1.0,1.0
1626177,Dakari Johnson,1610612760,OKC,22.0,2017-18,0.0,0.0,0.0,0.0,0.0,0.0,0.0,0.0,0.0,0.0,0.0,0.0
1627745,Damian Jones,1610612744,GSW,23.0,2017-18,0.0,0.0,0.0,0.0,0.0,0.0,0.0,0.0,0.0,0.0,0.0,0.0
203081,Damian Lillard,1610612757,POR,27.0,2017-18,6.0,12.0,0.5,4.0,14.0,0.286,217.0,603.0,0.36,10.0,26.0,0.385
2863,Damien Wilkins,1610612754,IND,38.0,2017-18,1.0,7.0,0.143,3.0,3.0,1.0,0.0,8.0,0.0,4.0,10.0,0.4
1627814,Damion Lee,1610612737,ATL,25.0,2017-18,5.0,13.0,0.385,2.0,6.0,0.333,8.0,40.0,0.2,7.0,19.0,0.368
1628422,Damyean Dotson,1610612752,NYK,24.0,2017-18,2.0,12.0,0.167,3.0,4.0,0.75,17.0,51.0,0.333,5.0,16.0,0.313
1627772,Daniel Hamilton,1610612760,OKC,22.0,2017-18,1.0,3.0,0.333,0.0,0.0,0.0,1.0,2.0,0.5,1.0,3.0,0.333
1628464,Daniel Theis,1610612738,BOS,26.0,2017-18,6.0,8.0,0.75,2.0,7.0,0.286,10.0,43.0,0.233,8.0,15.0,0.533
201568,Danilo Gallinari,1610612746,LAC,29.0,2017-18,1.0,8.0,0.125,5.0,9.0,0.556,30.0,93.0,0.323,6.0,17.0,0.353
201980,Danny Green,1610612759,SAS,31.0,2017-18,16.0,41.0,0.39,27.0,55.0,0.491,72.0,223.0,0.323,43.0,96.0,0.448
201967,Dante Cunningham,1610612751,BKN,31.0,2017-18,19.0,63.0,0.302,24.0,54.0,0.444,15.0,51.0,0.294,43.0,117.0,0.368
203957,Dante Exum,1610612762,UTA,22.0,2017-18,0.0,1.0,0.0,3.0,7.0,0.429,2.0,9.0,0.222,3.0,8.0,0.375
1627863,Danuel House Jr.,1610612756,PHX,25.0,2017-18,3.0,8.0,0.375,4.0,9.0,0.444,8.0,40.0,0.2,7.0,17.0,0.412
203967,Dario Saric,1610612755,PHI,24.0,2017-18,5.0,15.0,0.333,13.0,28.0,0.464,139.0,356.0,0.39,18.0,43.0,0.419
203121,Darius Miller,1610612740,NOP,28.0,2017-18,17.0,29.0,0.586,24.0,47.0,0.511,106.0,280.0,0.379,41.0,76.0,0.539
201589,Darrell Arthur,1610612743,DEN,30.0,2017-18,1.0,4.0,0.25,1.0,1.0,1.0,6.0,18.0,0.333,2.0,5.0,0.4
201954,Darren Collison,1610612754,IND,30.0,2017-18,12.0,34.0,0.353,19.0,32.0,0.594,65.0,137.0,0.474,31.0,66.0,0.47
1626199,Darrun Hilliard,1610612759,SAS,25.0,2017-18,0.0,1.0,0.0,0.0,0.0,0.0,0.0,5.0,0.0,0.0,1.0,0.0
1628021,David Nwaba,1610612741,CHI,25.0,2017-18,3.0,13.0,0.231,4.0,14.0,0.286,11.0,24.0,0.458,7.0,27.0,0.259
204065,David Stockton,1610612762,UTA,27.0,2017-18,0.0,0.0,0.0,0.0,0.0,0.0,2.0,3.0,0.667,0.0,0.0,0.0
2561,David West,1610612744,GSW,37.0,2017-18,0.0,0.0,0.0,0.0,1.0,0.0,3.0,7.0,0.429,0.0,1.0,0.0
202722,Davis Bertans,1610612759,SAS,25.0,2017-18,5.0,12.0,0.417,13.0,24.0,0.542,76.0,215.0,0.353,18.0,36.0,0.5
1628432,Davon Reed,1610612756,PHX,23.0,2017-18,0.0,2.0,0.0,0.0,3.0,0.0,11.0,33.0,0.333,0.0,5.0,0.0
1628368,De'Aaron Fox,1610612758,SAC,20.0,2017-18,7.0,23.0,0.304,4.0,13.0,0.308,36.0,115.0,0.313,11.0,36.0,0.306
201599,DeAndre Jordan,1610612746,LAC,29.0,2017-18,0.0,0.0,0.0,0.0,0.0,0.0,0.0,0.0,0.0,0.0,0.0,0.0
202732,DeAndre Liggins,1610612740,NOP,30.0,2017-18,2.0,8.0,0.25,6.0,22.0,0.273,11.0,22.0,0.5,8.0,30.0,0.267
1627761,DeAndre' Bembry,1610612737,ATL,23.0,2017-18,3.0,4.0,0.75,2.0,7.0,0.286,6.0,19.0,0.316,5.0,11.0,0.455
201942,DeMar DeRozan,1610612761,TOR,28.0,2017-18,15.0,51.0,0.294,11.0,39.0,0.282,63.0,193.0,0.326,26.0,90.0,0.289
202326,DeMarcus Cousins,1610612740,NOP,27.0,2017-18,1.0,6.0,0.167,2.0,3.0,0.667,101.0,281.0,0.359,3.0,9.0,0.333
201960,DeMarre Carroll,1610612751,BKN,31.0,2017-18,17.0,49.0,0.347,26.0,55.0,0.473,101.0,284.0,0.356,43.0,104.0,0.413
1627749,Dejounte Murray,1610612759,SAS,21.0,2017-18,4.0,15.0,0.267,3.0,7.0,0.429,2.0,12.0,0.167,7.0,22.0,0.318
1626153,Delon Wright,1610612761,TOR,26.0,2017-18,8.0,17.0,0.471,6.0,17.0,0.353,41.0,115.0,0.357,14.0,34.0,0.412
1627743,Demetrius Jackson,1610612755,PHI,23.0,2017-18,0.0,1.0,0.0,0.0,1.0,0.0,1.0,5.0,0.2,0.0,2.0,0.0
203471,Dennis Schröder,1610612737,ATL,24.0,2017-18,3.0,11.0,0.273,1.0,7.0,0.143,72.0,237.0,0.304,4.0,18.0,0.222
1628372,Dennis Smith Jr.,1610612742,DAL,20.0,2017-18,4.0,17.0,0.235,3.0,6.0,0.5,99.0,314.0,0.315,7.0,23.0,0.304
1627756,Denzel Valentine,1610612741,CHI,24.0,2017-18,19.0,49.0,0.388,14.0,37.0,0.378,110.0,281.0,0.391,33.0,86.0,0.384
202324,Derrick Favors,1610612762,UTA,26.0,2017-18,5.0,26.0,0.192,8.0,29.0,0.276,1.0,7.0,0.143,13.0,55.0,0.236
1627884,Derrick Jones Jr.,1610612748,MIA,21.0,2017-18,0.0,0.0,0.0,2.0,8.0,0.25,1.0,10.0,0.1,2.0,8.0,0.25
201565,Derrick Rose,1610612750,MIN,29.0,2017-18,1.0,4.0,0.25,2.0,7.0,0.286,4.0,18.0,0.222,3.0,11.0,0.273
1628476,Derrick Walton Jr.,1610612748,MIA,23.0,2017-18,0.0,0.0,0.0,2.0,3.0,0.667,5.0,13.0,0.385,2.0,3.0,0.667
1628401,Derrick White,1610612759,SAS,23.0,2017-18,0.0,0.0,0.0,1.0,1.0,1.0,7.0,12.0,0.583,1.0,1.0,1.0
202682,Derrick Williams,1610612747,LAL,27.0,2017-18,0.0,0.0,0.0,0.0,2.0,0.0,0.0,0.0,0.0,0.0,2.0,0.0
1626164,Devin Booker,1610612756,PHX,21.0,2017-18,13.0,30.0,0.433,5.0,15.0,0.333,129.0,335.0,0.385,18.0,45.0,0.4
2734,Devin Harris,1610612743,DEN,35.0,2017-18,7.0,21.0,0.333,12.0,21.0,0.571,60.0,176.0,0.341,19.0,42.0,0.452
1628421,Devin Robinson,1610612764,WAS,23.0,2017-18,0.0,0.0,0.0,,,,0.0,0.0,0.0,0.0,0.0,0.0
203473,Dewayne Dedmon,1610612737,ATL,28.0,2017-18,11.0,31.0,0.355,16.0,38.0,0.421,22.0,71.0,0.31,27.0,69.0,0.391
1627738,Deyonta Davis,1610612763,MEM,21.0,2017-18,0.0,0.0,0.0,0.0,0.0,0.0,0.0,0.0,0.0,0.0,0.0,0.0
1628415,Dillon Brooks,1610612763,MEM,22.0,2017-18,4.0,21.0,0.19,15.0,30.0,0.5,75.0,206.0,0.364,19.0,51.0,0.373
203079,Dion Waiters,1610612748,MIA,26.0,2017-18,8.0,19.0,0.421,11.0,29.0,0.379,33.0,121.0,0.273,19.0,48.0,0.396
1717,Dirk Nowitzki,1610612742,DAL,40.0,2017-18,6.0,12.0,0.5,3.0,5.0,0.6,129.0,319.0,0.404,9.0,17.0,0.529
1627734,Domantas Sabonis,1610612754,IND,22.0,2017-18,3.0,4.0,0.75,0.0,1.0,0.0,10.0,32.0,0.313,3.0,5.0,0.6
1628378,Donovan Mitchell,1610612762,UTA,21.0,2017-18,18.0,30.0,0.6,14.0,37.0,0.378,155.0,482.0,0.322,32.0,67.0,0.478
1627827,Dorian Finney-Smith,1610612742,DAL,25.0,2017-18,2.0,8.0,0.25,7.0,17.0,0.412,11.0,42.0,0.262,9.0,25.0,0.36
203926,Doug McDermott,1610612742,DAL,26.0,2017-18,22.0,43.0,0.512,14.0,26.0,0.538,55.0,146.0,0.377,36.0,69.0,0.522
1627733,Dragan Bender,1610612756,PHX,20.0,2017-18,18.0,44.0,0.409,13.0,39.0,0.333,87.0,239.0,0.364,31.0,83.0,0.373
203110,Draymond Green,1610612744,GSW,28.0,2017-18,0.0,7.0,0.0,2.0,10.0,0.2,75.0,236.0,0.318,2.0,17.0,0.118
1628407,Dwayne Bacon,1610612766,CHA,22.0,2017-18,2.0,9.0,0.222,4.0,10.0,0.4,5.0,24.0,0.208,6.0,19.0,0.316
202779,Dwight Buycks,1610612765,DET,29.0,2017-18,0.0,1.0,0.0,1.0,1.0,1.0,14.0,40.0,0.35,1.0,2.0,0.5
2730,Dwight Howard,1610612766,CHA,32.0,2017-18,0.0,0.0,0.0,0.0,0.0,0.0,1.0,5.0,0.2,0.0,0.0,0.0
203939,Dwight Powell,1610612742,DAL,26.0,2017-18,4.0,9.0,0.444,5.0,5.0,1.0,19.0,68.0,0.279,9.0,14.0,0.643
2548,Dwyane Wade,1610612748,MIA,36.0,2017-18,5.0,19.0,0.263,2.0,6.0,0.333,25.0,86.0,0.291,7.0,25.0,0.28
202734,E'Twaun Moore,1610612740,NOP,29.0,2017-18,42.0,79.0,0.532,21.0,47.0,0.447,64.0,174.0,0.368,63.0,126.0,0.5
202334,Ed Davis,1610612757,POR,29.0,2017-18,0.0,0.0,0.0,0.0,0.0,0.0,0.0,0.0,0.0,0.0,0.0,0.0
1628410,Edmond Sumner,1610612754,IND,22.0,2017-18,0.0,0.0,0.0,0.0,0.0,0.0,0.0,0.0,0.0,0.0,0.0,0.0
202327,Ekpe Udoh,1610612762,UTA,31.0,2017-18,0.0,0.0,0.0,0.0,0.0,0.0,0.0,0.0,0.0,0.0,0.0,0.0
203901,Elfrid Payton,1610612756,PHX,24.0,2017-18,5.0,15.0,0.333,4.0,11.0,0.364,21.0,66.0,0.318,9.0,26.0,0.346
2731,Emeka Okafor,1610612740,NOP,35.0,2017-18,0.0,0.0,0.0,0.0,0.0,0.0,0.0,0.0,0.0,0.0,0.0,0.0
1626144,Emmanuel Mudiay,1610612752,NYK,22.0,2017-18,7.0,12.0,0.583,7.0,15.0,0.467,33.0,118.0,0.28,14.0,27.0,0.519
202683,Enes Freedom,1610612752,NYK,26.0,2017-18,0.0,0.0,0.0,0.0,0.0,0.0,0.0,2.0,0.0,0.0,0.0,0.0
202339,Eric Bledsoe,1610612749,MIL,28.0,2017-18,13.0,29.0,0.448,12.0,33.0,0.364,100.0,297.0,0.337,25.0,62.0,0.403
201569,Eric Gordon,1610612745,HOU,29.0,2017-18,21.0,45.0,0.467,14.0,37.0,0.378,182.0,521.0,0.349,35.0,82.0,0.427
203961,Eric Moreland,1610612765,DET,26.0,2017-18,0.0,0.0,0.0,0.0,0.0,0.0,0.0,0.0,0.0,0.0,0.0,0.0
1628571,Erik McCree,1610612762,UTA,24.0,2017-18,,,,0.0,0.0,0.0,0.0,1.0,0.0,0.0,0.0,0.0
101141,Ersan Ilyasova,1610612755,PHI,31.0,2017-18,16.0,36.0,0.444,19.0,38.0,0.5,56.0,179.0,0.313,35.0,74.0,0.473
203095,Evan Fournier,1610612753,ORL,25.0,2017-18,19.0,39.0,0.487,10.0,24.0,0.417,97.0,270.0,0.359,29.0,63.0,0.46
202323,Evan Turner,1610612757,POR,29.0,2017-18,8.0,27.0,0.296,12.0,34.0,0.353,22.0,71.0,0.31,20.0,61.0,0.328
1626163,Frank Kaminsky,1610612766,CHA,25.0,2017-18,4.0,11.0,0.364,2.0,10.0,0.2,98.0,253.0,0.387,6.0,21.0,0.286
1628412,Frank Mason III,1610612758,SAC,24.0,2017-18,2.0,6.0,0.333,1.0,3.0,0.333,28.0,73.0,0.384,3.0,9.0,0.333
1628373,Frank Ntilikina,1610612752,NYK,19.0,2017-18,6.0,12.0,0.5,3.0,12.0,0.25,41.0,129.0,0.318,9.0,24.0,0.375
1627832,Fred VanVleet,1610612761,TOR,24.0,2017-18,19.0,46.0,0.413,16.0,35.0,0.457,73.0,174.0,0.42,35.0,81.0,0.432
1627788,Furkan Korkmaz,1610612755,PHI,20.0,2017-18,0.0,0.0,0.0,0.0,2.0,0.0,5.0,15.0,0.333,0.0,2.0,0.0
202066,Garrett Temple,1610612758,SAC,32.0,2017-18,19.0,58.0,0.328,10.0,23.0,0.435,60.0,146.0,0.411,29.0,81.0,0.358
203914,Gary Harris,1610612743,DEN,23.0,2017-18,16.0,50.0,0.32,19.0,36.0,0.528,121.0,307.0,0.394,35.0,86.0,0.407
1627780,Gary Payton II,1610612747,LAL,25.0,2017-18,2.0,5.0,0.4,1.0,6.0,0.167,3.0,14.0,0.214,3.0,11.0,0.273
201588,George Hill,1610612739,CLE,32.0,2017-18,14.0,32.0,0.438,18.0,35.0,0.514,52.0,134.0,0.388,32.0,67.0,0.478
1627777,Georges Niang,1610612762,UTA,25.0,2017-18,0.0,0.0,0.0,0.0,3.0,0.0,0.0,1.0,0.0,0.0,3.0,0.0
1627834,Georgios Papagiannis,1610612757,POR,20.0,2017-18,0.0,0.0,0.0,0.0,0.0,0.0,0.0,0.0,0.0,0.0,0.0,0.0
101123,Gerald Green,1610612745,HOU,32.0,2017-18,18.0,38.0,0.474,12.0,41.0,0.293,80.0,217.0,0.369,30.0,79.0,0.38
1628492,Gian Clavell,1610612742,DAL,24.0,2017-18,0.0,1.0,0.0,3.0,5.0,0.6,3.0,9.0,0.333,3.0,6.0,0.5
203507,Giannis Antetokounmpo,1610612749,MIL,23.0,2017-18,4.0,9.0,0.444,1.0,6.0,0.167,37.0,123.0,0.301,5.0,15.0,0.333
203922,Glenn Robinson III,1610612754,IND,24.0,2017-18,4.0,6.0,0.667,7.0,11.0,0.636,3.0,17.0,0.176,11.0,17.0,0.647
201609,Goran Dragic,1610612748,MIA,32.0,2017-18,11.0,30.0,0.367,9.0,24.0,0.375,91.0,243.0,0.374,20.0,54.0,0.37
202330,Gordon Hayward,1610612738,BOS,28.0,2017-18,,,,,,,0.0,1.0,0.0,,,
203476,Gorgui Dieng,1610612750,MIN,28.0,2017-18,9.0,31.0,0.29,5.0,17.0,0.294,4.0,12.0,0.333,14.0,48.0,0.292
202328,Greg Monroe,1610612738,BOS,28.0,2017-18,0.0,0.0,0.0,0.0,0.0,0.0,0.0,0.0,0.0,0.0,0.0,0.0
1627824,Guerschon Yabusele,1610612738,BOS,22.0,2017-18,1.0,2.0,0.5,0.0,3.0,0.0,11.0,32.0,0.344,1.0,5.0,0.2
203084,Harrison Barnes,1610612742,DAL,26.0,2017-18,23.0,43.0,0.535,13.0,45.0,0.289,83.0,242.0,0.343,36.0,88.0,0.409
202355,Hassan Whiteside,1610612748,MIA,29.0,2017-18,0.0,0.0,0.0,0.0,0.0,0.0,2.0,2.0,1.0,0.0,0.0,0.0
1627740,Henry Ellenson,1610612765,DET,21.0,2017-18,4.0,10.0,0.4,0.0,3.0,0.0,16.0,47.0,0.34,4.0,13.0,0.308
203546,Ian Clark,1610612740,NOP,27.0,2017-18,9.0,27.0,0.333,12.0,28.0,0.429,41.0,138.0,0.297,21.0,55.0,0.382
101133,Ian Mahinmi,1610612764,WAS,31.0,2017-18,0.0,0.0,0.0,0.0,0.0,0.0,0.0,1.0,0.0,0.0,0.0,0.0
1628387,Ike Anigbogu,1610612754,IND,19.0,2017-18,0.0,0.0,0.0,0.0,0.0,0.0,0.0,0.0,0.0,0.0,0.0,0.0
202697,Iman Shumpert,1610612758,SAC,28.0,2017-18,1.0,5.0,0.2,1.0,3.0,0.333,5.0,18.0,0.278,2.0,8.0,0.25
203477,Isaiah Canaan,1610612756,PHX,27.0,2017-18,4.0,7.0,0.571,1.0,4.0,0.25,17.0,54.0,0.315,5.0,11.0,0.455
1628439,Isaiah Hicks,1610612752,NYK,23.0,2017-18,1.0,2.0,0.5,0.0,1.0,0.0,1.0,6.0,0.167,1.0,3.0,0.333
1627819,Isaiah Taylor,1610612737,ATL,23.0,2017-18,1.0,5.0,0.2,4.0,6.0,0.667,15.0,66.0,0.227,5.0,11.0,0.455
202738,Isaiah Thomas,1610612747,LAL,29.0,2017-18,4.0,13.0,0.308,4.0,12.0,0.333,47.0,162.0,0.29,8.0,25.0,0.32
1627785,Isaiah Whitehead,1610612751,BKN,23.0,2017-18,0.0,0.0,0.0,0.0,1.0,0.0,7.0,17.0,0.412,0.0,1.0,0.0
202397,Ish Smith,1610612765,DET,29.0,2017-18,4.0,15.0,0.267,4.0,14.0,0.286,26.0,69.0,0.377,8.0,29.0,0.276
1628397,Ivan Rabb,1610612763,MEM,21.0,2017-18,0.0,0.0,0.0,0.0,0.0,0.0,0.0,0.0,0.0,0.0,0.0,0.0
1627826,Ivica Zubac,1610612747,LAL,21.0,2017-18,0.0,0.0,0.0,0.0,0.0,0.0,0.0,1.0,0.0,0.0,0.0,0.0
200826,J.J. Barea,1610612742,DAL,34.0,2017-18,3.0,14.0,0.214,2.0,7.0,0.286,110.0,289.0,0.381,5.0,21.0,0.238
200755,JJ Redick,1610612755,PHI,34.0,2017-18,17.0,34.0,0.5,15.0,33.0,0.455,161.0,392.0,0.411,32.0,67.0,0.478
2747,JR Smith,1610612739,CLE,32.0,2017-18,26.0,60.0,0.433,36.0,66.0,0.545,81.0,254.0,0.319,62.0,126.0,0.492
203960,JaKarr Sampson,1610612758,SAC,25.0,2017-18,1.0,2.0,0.5,2.0,4.0,0.5,2.0,4.0,0.5,3.0,6.0,0.5
203210,JaMychal Green,1610612763,MEM,28.0,2017-18,9.0,27.0,0.333,10.0,26.0,0.385,24.0,75.0,0.32,19.0,53.0,0.358
201580,JaVale McGee,1610612744,GSW,30.0,2017-18,0.0,0.0,0.0,0.0,1.0,0.0,0.0,5.0,0.0,0.0,1.0,0.0
1628444,Jabari Bird,1610612738,BOS,23.0,2017-18,0.0,0.0,0.0,2.0,2.0,1.0,1.0,5.0,0.2,2.0,2.0,1.0
203953,Jabari Parker,1610612749,MIL,23.0,2017-18,1.0,4.0,0.25,6.0,10.0,0.6,24.0,65.0,0.369,7.0,14.0,0.5
204022,Jack Cooley,1610612758,SAC,27.0,2017-18,0.0,0.0,0.0,0.0,0.0,0.0,0.0,0.0,0.0,0.0,0.0,0.0
1626643,Jacob Pullen,1610612755,PHI,28.0,2017-18,0.0,0.0,0.0,0.0,0.0,0.0,0.0,1.0,0.0,0.0,0.0,0.0
1628451,Jacob Wiley,1610612751,BKN,23.0,2017-18,1.0,1.0,1.0,0.0,1.0,0.0,0.0,0.0,0.0,1.0,2.0,0.5
203109,Jae Crowder,1610612762,UTA,27.0,2017-18,14.0,52.0,0.269,23.0,46.0,0.5,73.0,243.0,0.3,37.0,98.0,0.378
1626143,Jahlil Okafor,1610612751,BKN,22.0,2017-18,0.0,1.0,0.0,1.0,1.0,1.0,0.0,2.0,0.0,1.0,2.0,0.5
1627774,Jake Layman,1610612757,POR,24.0,2017-18,1.0,4.0,0.25,1.0,1.0,1.0,2.0,15.0,0.133,2.0,5.0,0.4
1627751,Jakob Poeltl,1610612761,TOR,22.0,2017-18,0.0,0.0,0.0,1.0,2.0,0.5,0.0,0.0,0.0,1.0,2.0,0.5
1627883,Jalen Jones,1610612742,DAL,25.0,2017-18,2.0,5.0,0.4,0.0,0.0,0.0,8.0,21.0,0.381,2.0,5.0,0.4
2037,Jamal Crawford,1610612750,MIN,38.0,2017-18,15.0,45.0,0.333,14.0,27.0,0.519,75.0,238.0,0.315,29.0,72.0,0.403
1627750,Jamal Murray,1610612743,DEN,21.0,2017-18,15.0,36.0,0.417,13.0,24.0,0.542,137.0,371.0,0.369,28.0,60.0,0.467
1627866,Jameel Warney,1610612742,DAL,24.0,2017-18,0.0,0.0,0.0,0.0,0.0,0.0,0.0,0.0,0.0,0.0,0.0,0.0
2749,Jameer Nelson,1610612765,DET,36.0,2017-18,3.0,13.0,0.231,2.0,5.0,0.4,36.0,105.0,0.343,5.0,18.0,0.278
1628503,Jamel Artis,1610612753,ORL,25.0,2017-18,1.0,6.0,0.167,1.0,4.0,0.25,6.0,19.0,0.316,2.0,10.0,0.2
203516,James Ennis III,1610612765,DET,27.0,2017-18,11.0,29.0,0.379,7.0,24.0,0.292,32.0,99.0,0.323,18.0,53.0,0.34
201935,James Harden,1610612745,HOU,28.0,2017-18,8.0,22.0,0.364,10.0,33.0,0.303,247.0,665.0,0.371,18.0,55.0,0.327
201949,James Johnson,1610612748,MIA,31.0,2017-18,8.0,25.0,0.32,16.0,48.0,0.333,33.0,111.0,0.297,24.0,73.0,0.329
203949,James Michael McAdoo,1610612755,PHI,25.0,2017-18,1.0,1.0,1.0,0.0,0.0,0.0,1.0,6.0,0.167,1.0,1.0,1.0
1627821,James Webb III,1610612751,BKN,24.0,2017-18,3.0,8.0,0.375,0.0,3.0,0.0,1.0,7.0,0.143,3.0,11.0,0.273
203923,James Young,1610612755,PHI,22.0,2017-18,0.0,2.0,0.0,1.0,2.0,0.5,2.0,6.0,0.333,1.0,4.0,0.25
203966,Jamil Wilson,1610612746,LAC,27.0,2017-18,1.0,2.0,0.5,1.0,5.0,0.2,25.0,56.0,0.446,2.0,7.0,0.286
201162,Jared Dudley,1610612756,PHX,32.0,2017-18,1.0,2.0,0.5,8.0,16.0,0.5,20.0,62.0,0.323,9.0,18.0,0.5
204067,Jarell Eddie,1610612741,CHI,26.0,2017-18,0.0,0.0,0.0,0.0,0.0,0.0,0.0,2.0,0.0,0.0,0.0,0.0
1626185,Jarell Martin,1610612763,MEM,24.0,2017-18,11.0,25.0,0.44,3.0,18.0,0.167,20.0,53.0,0.377,14.0,43.0,0.326
1628386,Jarrett Allen,1610612751,BKN,20.0,2017-18,2.0,8.0,0.25,3.0,5.0,0.6,0.0,1.0,0.0,5.0,13.0,0.385
101127,Jarrett Jack,1610612752,NYK,34.0,2017-18,2.0,8.0,0.25,1.0,4.0,0.25,22.0,72.0,0.306,3.0,12.0,0.25
201160,Jason Smith,1610612764,WAS,32.0,2017-18,0.0,4.0,0.0,0.0,7.0,0.0,4.0,21.0,0.19,0.0,11.0,0.0
1891,Jason Terry,1610612749,MIL,40.0,2017-18,6.0,22.0,0.273,16.0,34.0,0.471,18.0,58.0,0.31,22.0,56.0,0.393
1628393,Jawun Evans,1610612746,LAC,21.0,2017-18,3.0,11.0,0.273,1.0,5.0,0.2,11.0,35.0,0.314,4.0,16.0,0.25
1627759,Jaylen Brown,1610612738,BOS,21.0,2017-18,30.0,62.0,0.484,22.0,58.0,0.379,69.0,184.0,0.375,52.0,120.0,0.433
1628537,Jaylen Morris,1610612737,ATL,22.0,2017-18,0.0,4.0,0.0,0.0,0.0,0.0,2.0,5.0,0.4,0.0,4.0,0.0
1628369,Jayson Tatum,1610612738,BOS,20.0,2017-18,14.0,29.0,0.483,19.0,32.0,0.594,71.0,180.0,0.394,33.0,61.0,0.541
201145,Jeff Green,1610612739,CLE,31.0,2017-18,8.0,28.0,0.286,16.0,43.0,0.372,29.0,91.0,0.319,24.0,71.0,0.338
201952,Jeff Teague,1610612750,MIN,30.0,2017-18,6.0,15.0,0.4,4.0,9.0,0.444,74.0,204.0,0.363,10.0,24.0,0.417
203481,Jeff Withey,1610612742,DAL,28.0,2017-18,0.0,0.0,0.0,1.0,2.0,0.5,1.0,8.0,0.125,1.0,2.0,0.5
203924,Jerami Grant,1610612760,OKC,24.0,2017-18,7.0,23.0,0.304,8.0,35.0,0.229,17.0,50.0,0.34,15.0,58.0,0.259
202379,Jeremy Evans,1610612737,ATL,30.0,2017-18,0.0,0.0,0.0,,,,0.0,0.0,0.0,0.0,0.0,0.0
203087,Jeremy Lamb,1610612766,CHA,26.0,2017-18,16.0,32.0,0.5,6.0,16.0,0.375,72.0,202.0,0.356,22.0,48.0,0.458
202391,Jeremy Lin,1610612751,BKN,29.0,2017-18,0.0,0.0,0.0,0.0,0.0,0.0,1.0,2.0,0.5,0.0,0.0,0.0
1626170,Jerian Grant,1610612741,CHI,25.0,2017-18,3.0,8.0,0.375,4.0,7.0,0.571,54.0,168.0,0.321,7.0,15.0,0.467
201573,Jerryd Bayless,1610612755,PHI,29.0,2017-18,8.0,18.0,0.444,13.0,33.0,0.394,33.0,95.0,0.347,21.0,51.0,0.412
202710,Jimmy Butler III,1610612750,MIN,28.0,2017-18,10.0,25.0,0.4,10.0,21.0,0.476,50.0,152.0,0.329,20.0,46.0,0.435
201149,Joakim Noah,1610612752,NYK,33.0,2017-18,0.0,0.0,0.0,0.0,0.0,0.0,0.0,0.0,0.0,0.0,0.0,0.0
201975,Jodie Meeks,1610612764,WAS,30.0,2017-18,7.0,23.0,0.304,8.0,19.0,0.421,57.0,168.0,0.339,15.0,42.0,0.357
203925,Joe Harris,1610612751,BKN,26.0,2017-18,10.0,37.0,0.27,17.0,46.0,0.37,123.0,275.0,0.447,27.0,83.0,0.325
204060,Joe Ingles,1610612762,UTA,30.0,2017-18,36.0,70.0,0.514,38.0,80.0,0.475,130.0,313.0,0.415,74.0,150.0,0.493
2207,Joe Johnson,1610612745,HOU,37.0,2017-18,8.0,31.0,0.258,10.0,28.0,0.357,22.0,84.0,0.262,18.0,59.0,0.305
1626202,Joe Young,1610612754,IND,26.0,2017-18,1.0,7.0,0.143,4.0,6.0,0.667,20.0,50.0,0.4,5.0,13.0,0.385
1627762,Joel Bolomboy,1610612749,MIL,24.0,2017-18,0.0,0.0,0.0,0.0,0.0,0.0,0.0,1.0,0.0,0.0,0.0,0.0
203954,Joel Embiid,1610612755,PHI,24.0,2017-18,3.0,8.0,0.375,1.0,5.0,0.2,62.0,201.0,0.308,4.0,13.0,0.308
203530,Joffrey Lauvergne,1610612759,SAS,26.0,2017-18,0.0,1.0,0.0,0.0,2.0,0.0,0.0,1.0,0.0,0.0,3.0,0.0
1628381,John Collins,1610612737,ATL,20.0,2017-18,7.0,18.0,0.389,5.0,17.0,0.294,3.0,9.0,0.333,12.0,35.0,0.343
203089,John Henson,1610612749,MIL,27.0,2017-18,0.0,1.0,0.0,0.0,0.0,0.0,1.0,4.0,0.25,0.0,1.0,0.0
204066,John Holland,1610612739,CLE,29.0,2017-18,2.0,5.0,0.4,0.0,5.0,0.0,9.0,26.0,0.346,2.0,10.0,0.2
202322,John Wall,1610612764,WAS,27.0,2017-18,1.0,2.0,0.5,5.0,6.0,0.833,56.0,156.0,0.359,6.0,8.0,0.75
1628405,Johnathan Motley,1610612742,DAL,23.0,2017-18,0.0,1.0,0.0,0.0,0.0,0.0,1.0,4.0,0.25,0.0,1.0,0.0
203948,Johnny O'Bryant III,1610612766,CHA,25.0,2017-18,0.0,2.0,0.0,1.0,2.0,0.5,13.0,37.0,0.351,1.0,4.0,0.25
202720,Jon Leuer,1610612765,DET,29.0,2017-18,0.0,0.0,0.0,0.0,2.0,0.0,0.0,1.0,0.0,0.0,2.0,0.0
201973,Jonas Jerebko,1610612762,UTA,31.0,2017-18,20.0,39.0,0.513,17.0,31.0,0.548,28.0,87.0,0.322,37.0,70.0,0.529
202685,Jonas Valančiūnas,1610612761,TOR,26.0,2017-18,4.0,5.0,0.8,0.0,1.0,0.0,26.0,68.0,0.382,4.0,6.0,0.667
1626780,Jonathan Gibson,1610612738,BOS,30.0,2017-18,1.0,1.0,1.0,0.0,0.0,0.0,5.0,11.0,0.455,1.0,1.0,1.0
1628371,Jonathan Isaac,1610612753,ORL,20.0,2017-18,2.0,6.0,0.333,3.0,13.0,0.231,11.0,27.0,0.407,5.0,19.0,0.263
203613,Jonathon Simmons,1610612753,ORL,28.0,2017-18,13.0,38.0,0.342,6.0,19.0,0.316,50.0,145.0,0.345,19.0,57.0,0.333
1628395,Jordan Bell,1610612744,GSW,23.0,2017-18,0.0,0.0,0.0,0.0,0.0,0.0,0.0,4.0,0.0,0.0,0.0,0.0
203903,Jordan Clarkson,1610612739,CLE,26.0,2017-18,19.0,37.0,0.514,6.0,19.0,0.316,86.0,260.0,0.331,25.0,56.0,0.446
202348,Jordan Crawford,1610612740,NOP,29.0,2017-18,1.0,1.0,1.0,0.0,0.0,0.0,7.0,13.0,0.538,1.0,1.0,1.0
1626175,Jordan Mickey,1610612748,MIA,23.0,2017-18,1.0,4.0,0.25,1.0,3.0,0.333,0.0,9.0,0.0,2.0,7.0,0.286
101181,Jose Calderon,1610612739,CLE,36.0,2017-18,2.0,4.0,0.5,7.0,11.0,0.636,35.0,81.0,0.432,9.0,15.0,0.6
1627982,Josh Gray,1610612756,PHX,24.0,2017-18,0.0,0.0,0.0,0.0,0.0,0.0,3.0,13.0,0.231,0.0,0.0,0.0
1628404,Josh Hart,1610612747,LAL,23.0,2017-18,14.0,25.0,0.56,6.0,15.0,0.4,58.0,157.0,0.369,20.0,40.0,0.5
203962,Josh Huestis,1610612760,OKC,26.0,2017-18,6.0,24.0,0.25,5.0,18.0,0.278,21.0,72.0,0.292,11.0,42.0,0.262
1628367,Josh Jackson,1610612756,PHX,21.0,2017-18,9.0,27.0,0.333,6.0,27.0,0.222,42.0,160.0,0.263,15.0,54.0,0.278
203705,Josh Magette,1610612737,ATL,28.0,2017-18,0.0,1.0,0.0,1.0,1.0,1.0,7.0,18.0,0.389,1.0,2.0,0.5
201177,Josh McRoberts,1610612742,DAL,31.0,2017-18,,,,,,,0.0,1.0,0.0,,,
1626196,Josh Richardson,1610612748,MIA,24.0,2017-18,13.0,45.0,0.289,16.0,41.0,0.39,98.0,249.0,0.394,29.0,86.0,0.337
2746,Josh Smith,1610612740,NOP,32.0,2017-18,0.0,0.0,0.0,0.0,0.0,0.0,0.0,0.0,0.0,0.0,0.0,0.0
201950,Jrue Holiday,1610612740,NOP,28.0,2017-18,16.0,37.0,0.432,5.0,32.0,0.156,99.0,285.0,0.347,21.0,69.0,0.304
1627823,Juancho Hernangomez,1610612743,DEN,22.0,2017-18,3.0,5.0,0.6,4.0,12.0,0.333,7.0,33.0,0.212,7.0,17.0,0.412
203944,Julius Randle,1610612747,LAL,23.0,2017-18,2.0,3.0,0.667,0.0,2.0,0.0,8.0,38.0,0.211,2.0,5.0,0.4
202933,Julyan Stone,1610612766,CHA,29.0,2017-18,2.0,4.0,0.5,2.0,4.0,0.5,2.0,5.0,0.4,4.0,8.0,0.5
1626147,Justin Anderson,1610612755,PHI,24.0,2017-18,3.0,12.0,0.25,6.0,18.0,0.333,25.0,71.0,0.352,9.0,30.0,0.3
203200,Justin Holiday,1610612741,CHI,29.0,2017-18,22.0,49.0,0.449,29.0,91.0,0.319,110.0,306.0,0.359,51.0,140.0,0.364
1628382,Justin Jackson,1610612758,SAC,23.0,2017-18,18.0,43.0,0.419,10.0,32.0,0.313,29.0,108.0,0.269,28.0,75.0,0.373
1628383,Justin Patton,1610612750,MIN,21.0,2017-18,0.0,0.0,0.0,0.0,0.0,0.0,0.0,0.0,0.0,0.0,0.0,0.0
1626159,Justise Winslow,1610612748,MIA,22.0,2017-18,11.0,32.0,0.344,17.0,40.0,0.425,21.0,53.0,0.396,28.0,72.0,0.389
203994,Jusuf Nurkić,1610612757,POR,23.0,2017-18,0.0,0.0,0.0,0.0,0.0,0.0,0.0,7.0,0.0,0.0,0.0,0.0
1628443,Kadeem Allen,1610612738,BOS,25.0,2017-18,0.0,2.0,0.0,0.0,2.0,0.0,0.0,7.0,0.0,0.0,4.0,0.0
1626157,Karl-Anthony Towns,1610612750,MIN,22.0,2017-18,15.0,27.0,0.556,11.0,20.0,0.55,94.0,237.0,0.397,26.0,47.0,0.553
202695,Kawhi Leonard,1610612759,SAS,27.0,2017-18,0.0,1.0,0.0,1.0,4.0,0.25,10.0,30.0,0.333,1.0,5.0,0.2
1627770,Kay Felder,1610612765,DET,23.0,2017-18,1.0,1.0,1.0,1.0,1.0,1.0,2.0,17.0,0.118,2.0,2.0,1.0
203482,Kelly Olynyk,1610612748,MIA,27.0,2017-18,7.0,20.0,0.35,10.0,22.0,0.455,89.0,237.0,0.376,17.0,42.0,0.405
1626162,Kelly Oubre Jr.,1610612764,WAS,22.0,2017-18,9.0,45.0,0.2,22.0,58.0,0.379,95.0,263.0,0.361,31.0,103.0,0.301
202689,Kemba Walker,1610612766,CHA,28.0,2017-18,6.0,15.0,0.4,5.0,16.0,0.313,220.0,563.0,0.391,11.0,31.0,0.355
2570,Kendrick Perkins,1610612739,CLE,33.0,2017-18,,,,,,,0.0,0.0,0.0,,,
202702,Kenneth Faried,1610612743,DEN,28.0,2017-18,0.0,0.0,0.0,0.0,0.0,0.0,0.0,0.0,0.0,0.0,0.0,0.0
203145,Kent Bazemore,1610612737,ATL,28.0,2017-18,19.0,43.0,0.442,18.0,40.0,0.45,70.0,189.0,0.37,37.0,83.0,0.446
203484,Kentavious Caldwell-Pope,1610612747,LAL,25.0,2017-18,17.0,41.0,0.415,15.0,30.0,0.5,127.0,343.0,0.37,32.0,71.0,0.451
201142,Kevin Durant,1610612744,GSW,29.0,2017-18,11.0,20.0,0.55,11.0,20.0,0.55,151.0,370.0,0.408,22.0,40.0,0.55
201567,Kevin Love,1610612739,CLE,29.0,2017-18,27.0,65.0,0.415,12.0,39.0,0.308,98.0,226.0,0.434,39.0,104.0,0.375
1626172,Kevon Looney,1610612744,GSW,22.0,2017-18,0.0,0.0,0.0,0.0,0.0,0.0,1.0,3.0,0.333,0.0,0.0,0.0
203920,Khem Birch,1610612753,ORL,25.0,2017-18,0.0,0.0,0.0,0.0,0.0,0.0,0.0,0.0,0.0,0.0,0.0,0.0
203114,Khris Middleton,1610612749,MIL,26.0,2017-18,13.0,40.0,0.325,24.0,43.0,0.558,109.0,323.0,0.337,37.0,83.0,0.446
202691,Klay Thompson,1610612744,GSW,28.0,2017-18,27.0,50.0,0.54,19.0,45.0,0.422,183.0,422.0,0.434,46.0,95.0,0.484
1628424,Kobi Simmons,1610612763,MEM,20.0,2017-18,4.0,7.0,0.571,0.0,6.0,0.0,7.0,23.0,0.304,4.0,13.0,0.308
201585,Kosta Koufos,1610612758,SAC,29.0,2017-18,0.0,0.0,0.0,0.0,0.0,0.0,0.0,0.0,0.0,0.0,0.0,0.0
1627739,Kris Dunn,1610612741,CHI,24.0,2017-18,2.0,10.0,0.2,5.0,9.0,0.556,36.0,114.0,0.316,7.0,19.0,0.368
204001,Kristaps Porziņģis,1610612752,NYK,22.0,2017-18,4.0,7.0,0.571,3.0,5.0,0.6,83.0,212.0,0.392,7.0,12.0,0.583
203937,Kyle Anderson,1610612759,SAS,24.0,2017-18,5.0,19.0,0.263,10.0,18.0,0.556,4.0,19.0,0.211,15.0,37.0,0.405
1627858,Kyle Collinsworth,1610612742,DAL,26.0,2017-18,1.0,3.0,0.333,0.0,3.0,0.0,3.0,11.0,0.273,1.0,6.0,0.167
2594,Kyle Korver,1610612739,CLE,37.0,2017-18,29.0,54.0,0.537,15.0,34.0,0.441,120.0,287.0,0.418,44.0,88.0,0.5
1628398,Kyle Kuzma,1610612747,LAL,22.0,2017-18,17.0,49.0,0.347,16.0,38.0,0.421,126.0,346.0,0.364,33.0,87.0,0.379
200768,Kyle Lowry,1610612761,TOR,32.0,2017-18,19.0,45.0,0.422,14.0,24.0,0.583,205.0,526.0,0.39,33.0,69.0,0.478
203124,Kyle O'Quinn,1610612752,NYK,28.0,2017-18,0.0,1.0,0.0,2.0,3.0,0.667,2.0,12.0,0.167,2.0,4.0,0.5
202713,Kyle Singler,1610612760,OKC,30.0,2017-18,0.0,0.0,0.0,0.0,0.0,0.0,2.0,5.0,0.4,0.0,0.0,0.0
202681,Kyrie Irving,1610612738,BOS,26.0,2017-18,11.0,28.0,0.393,13.0,25.0,0.52,142.0,352.0,0.403,24.0,53.0,0.453
200746,LaMarcus Aldridge,1610612759,SAS,32.0,2017-18,6.0,10.0,0.6,2.0,7.0,0.286,19.0,74.0,0.257,8.0,17.0,0.471
202362,Lance Stephenson,1610612754,IND,27.0,2017-18,7.0,21.0,0.333,9.0,25.0,0.36,51.0,177.0,0.288,16.0,46.0,0.348
202498,Lance Thomas,1610612752,NYK,30.0,2017-18,22.0,45.0,0.489,4.0,12.0,0.333,24.0,67.0,0.358,26.0,57.0,0.456
204038,Langston Galloway,1610612765,DET,26.0,2017-18,8.0,25.0,0.32,10.0,22.0,0.455,57.0,171.0,0.333,18.0,47.0,0.383
203580,Larry Drew II,1610612740,NOP,28.0,2017-18,0.0,1.0,0.0,1.0,1.0,1.0,2.0,7.0,0.286,1.0,2.0,0.5
1626204,Larry Nance Jr.,1610612739,CLE,25.0,2017-18,0.0,0.0,0.0,0.0,4.0,0.0,2.0,5.0,0.4,0.0,4.0,0.0
1628374,Lauri Markkanen,1610612741,CHI,21.0,2017-18,9.0,27.0,0.333,7.0,21.0,0.333,129.0,352.0,0.366,16.0,48.0,0.333
2544,LeBron James,1610612739,CLE,33.0,2017-18,7.0,18.0,0.389,7.0,20.0,0.35,135.0,367.0,0.368,14.0,38.0,0.368
1628506,London Perrantes,1610612739,CLE,23.0,2017-18,0.0,0.0,0.0,0.0,0.0,0.0,0.0,3.0,0.0,0.0,0.0,0.0
1628366,Lonzo Ball,1610612747,LAL,20.0,2017-18,4.0,21.0,0.19,5.0,16.0,0.313,80.0,254.0,0.315,9.0,37.0,0.243
203485,Lorenzo Brown,1610612761,TOR,27.0,2017-18,0.0,2.0,0.0,0.0,4.0,0.0,2.0,6.0,0.333,0.0,6.0,0.0
101150,Lou Williams,1610612746,LAC,31.0,2017-18,20.0,68.0,0.294,11.0,40.0,0.275,154.0,406.0,0.379,31.0,108.0,0.287
201601,Luc Mbah a Moute,1610612745,HOU,31.0,2017-18,6.0,22.0,0.273,15.0,50.0,0.3,42.0,101.0,0.416,21.0,72.0,0.292
203512,Lucas Nogueira,1610612761,TOR,25.0,2017-18,0.0,3.0,0.0,0.0,1.0,0.0,5.0,15.0,0.333,0.0,4.0,0.0
1626242,Luis Montero,1610612765,DET,25.0,2017-18,,,,0.0,0.0,0.0,0.0,0.0,0.0,0.0,0.0,0.0
202337,Luke Babbitt,1610612748,MIA,29.0,2017-18,12.0,26.0,0.462,6.0,19.0,0.316,42.0,110.0,0.382,18.0,45.0,0.4
1628379,Luke Kennard,1610612765,DET,22.0,2017-18,1.0,6.0,0.167,11.0,26.0,0.423,69.0,163.0,0.423,12.0,32.0,0.375
1628436,Luke Kornet,1610612752,NYK,22.0,2017-18,0.0,5.0,0.0,3.0,4.0,0.75,25.0,70.0,0.357,3.0,9.0,0.333
2736,Luol Deng,1610612747,LAL,33.0,2017-18,0.0,0.0,0.0,,,,0.0,0.0,0.0,0.0,0.0,0.0
1627781,Malachi Richardson,1610612761,TOR,22.0,2017-18,2.0,4.0,0.5,1.0,5.0,0.2,9.0,31.0,0.29,3.0,9.0,0.333
1627763,Malcolm Brogdon,1610612749,MIL,25.0,2017-18,11.0,21.0,0.524,10.0,22.0,0.455,41.0,117.0,0.35,21.0,43.0,0.488
1627098,Malcolm Delaney,1610612737,ATL,29.0,2017-18,8.0,23.0,0.348,5.0,8.0,0.625,33.0,92.0,0.359,13.0,31.0,0.419
1626259,Malcolm Miller,1610612761,TOR,25.0,2017-18,3.0,6.0,0.5,0.0,1.0,0.0,5.0,14.0,0.357,3.0,7.0,0.429
1627736,Malik Beasley,1610612743,DEN,21.0,2017-18,2.0,10.0,0.2,7.0,20.0,0.35,19.0,52.0,0.365,9.0,30.0,0.3
1628370,Malik Monk,1610612766,CHA,20.0,2017-18,5.0,18.0,0.278,10.0,27.0,0.37,68.0,194.0,0.351,15.0,45.0,0.333
1628493,Mangok Mathiang,1610612766,CHA,25.0,2017-18,0.0,0.0,0.0,0.0,0.0,0.0,0.0,0.0,0.0,0.0,0.0,0.0
1938,Manu Ginobili,1610612759,SAS,40.0,2017-18,8.0,16.0,0.5,5.0,23.0,0.217,51.0,151.0,0.338,13.0,39.0,0.333
202705,MarShon Brooks,1610612763,MEM,29.0,2017-18,0.0,0.0,0.0,1.0,2.0,0.5,18.0,30.0,0.6,1.0,2.0,0.5
201188,Marc Gasol,1610612763,MEM,33.0,2017-18,2.0,7.0,0.286,1.0,3.0,0.333,106.0,307.0,0.345,3.0,10.0,0.3
101162,Marcin Gortat,1610612764,WAS,34.0,2017-18,0.0,0.0,0.0,0.0,0.0,0.0,0.0,0.0,0.0,0.0,0.0,0.0
201158,Marco Belinelli,1610612755,PHI,32.0,2017-18,10.0,29.0,0.345,13.0,32.0,0.406,126.0,332.0,0.38,23.0,61.0,0.377
1627875,Marcus Georges-Hunt,1610612750,MIN,24.0,2017-18,1.0,3.0,0.333,1.0,1.0,1.0,2.0,11.0,0.182,2.0,4.0,0.5
202694,Marcus Morris Sr.,1610612738,BOS,28.0,2017-18,7.0,21.0,0.333,7.0,20.0,0.35,72.0,184.0,0.391,14.0,41.0,0.341
1627779,Marcus Paige,1610612766,CHA,24.0,2017-18,1.0,2.0,0.5,1.0,2.0,0.5,0.0,4.0,0.0,2.0,4.0,0.5
203935,Marcus Smart,1610612738,BOS,24.0,2017-18,3.0,17.0,0.176,8.0,20.0,0.4,64.0,208.0,0.308,11.0,37.0,0.297
201596,Mario Chalmers,1610612763,MEM,32.0,2017-18,5.0,20.0,0.25,8.0,22.0,0.364,40.0,141.0,0.284,13.0,42.0,0.31
1626209,Mario Hezonja,1610612753,ORL,23.0,2017-18,5.0,21.0,0.238,7.0,19.0,0.368,78.0,227.0,0.344,12.0,40.0,0.3
203900,Markel Brown,1610612745,HOU,26.0,2017-18,0.0,0.0,0.0,0.0,0.0,0.0,1.0,5.0,0.2,0.0,0.0,0.0
1628365,Markelle Fultz,1610612755,PHI,20.0,2017-18,0.0,0.0,0.0,0.0,0.0,0.0,0.0,1.0,0.0,0.0,0.0,0.0
202693,Markieff Morris,1610612764,WAS,28.0,2017-18,15.0,36.0,0.417,6.0,25.0,0.24,55.0,141.0,0.39,21.0,61.0,0.344
1627737,Marquese Chriss,1610612756,PHX,20.0,2017-18,9.0,38.0,0.237,5.0,19.0,0.263,42.0,134.0,0.313,14.0,57.0,0.246
203104,Marquis Teague,1610612763,MEM,25.0,2017-18,0.0,1.0,0.0,0.0,0.0,0.0,1.0,2.0,0.5,0.0,1.0,0.0
201578,Marreese Speights,1610612753,ORL,30.0,2017-18,4.0,7.0,0.571,3.0,6.0,0.5,79.0,220.0,0.359,7.0,13.0,0.538
1627850,Marshall Plumlee,1610612749,MIL,25.0,2017-18,0.0,0.0,0.0,0.0,0.0,0.0,0.0,0.0,0.0,0.0,0.0,0.0
101107,Marvin Williams,1610612766,CHA,32.0,2017-18,17.0,49.0,0.347,16.0,36.0,0.444,93.0,220.0,0.423,33.0,85.0,0.388
203486,Mason Plumlee,1610612743,DEN,28.0,2017-18,0.0,0.0,0.0,0.0,0.0,0.0,0.0,1.0,0.0,0.0,0.0,0.0
1627856,Matt Costello,1610612759,SAS,24.0,2017-18,0.0,0.0,0.0,0.0,0.0,0.0,0.0,0.0,0.0,0.0,0.0,0.0
1628475,Matt Williams Jr.,1610612748,MIA,24.0,2017-18,0.0,1.0,0.0,0.0,0.0,0.0,1.0,4.0,0.25,0.0,1.0,0.0
203521,Matthew Dellavedova,1610612749,MIL,27.0,2017-18,1.0,4.0,0.25,4.0,7.0,0.571,24.0,66.0,0.364,5.0,11.0,0.455
203090,Maurice Harkless,1610612757,POR,25.0,2017-18,13.0,26.0,0.5,9.0,29.0,0.31,27.0,63.0,0.429,22.0,55.0,0.4
1628467,Maxi Kleber,1610612742,DAL,26.0,2017-18,7.0,28.0,0.25,12.0,24.0,0.5,21.0,75.0,0.28,19.0,52.0,0.365
203086,Meyers Leonard,1610612757,POR,26.0,2017-18,2.0,3.0,0.667,0.0,1.0,0.0,9.0,22.0,0.409,2.0,4.0,0.5
201563,Michael Beasley,1610612752,NYK,29.0,2017-18,4.0,12.0,0.333,3.0,13.0,0.231,27.0,60.0,0.45,7.0,25.0,0.28
203487,Michael Carter-Williams,1610612766,CHA,26.0,2017-18,1.0,14.0,0.071,4.0,9.0,0.444,9.0,35.0,0.257,5.0,23.0,0.217
203077,Michael Kidd-Gilchrist,1610612766,CHA,24.0,2017-18,0.0,0.0,0.0,0.0,1.0,0.0,0.0,0.0,0.0,0.0,1.0,0.0
201144,Mike Conley,1610612763,MEM,30.0,2017-18,1.0,5.0,0.2,0.0,3.0,0.0,23.0,69.0,0.333,1.0,8.0,0.125
1628455,Mike James,1610612740,NOP,27.0,2017-18,4.0,8.0,0.5,2.0,3.0,0.667,20.0,86.0,0.233,6.0,11.0,0.545
203488,Mike Muscala,1610612737,ATL,26.0,2017-18,16.0,34.0,0.471,11.0,22.0,0.5,35.0,111.0,0.315,27.0,56.0,0.482
203118,Mike Scott,1610612764,WAS,29.0,2017-18,11.0,23.0,0.478,8.0,20.0,0.4,47.0,119.0,0.395,19.0,43.0,0.442
203101,Miles Plumlee,1610612737,ATL,29.0,2017-18,0.0,0.0,0.0,0.0,0.0,0.0,0.0,0.0,0.0,0.0,0.0,0.0
1628462,Milos Teodosic,1610612746,LAC,31.0,2017-18,2.0,11.0,0.182,6.0,9.0,0.667,80.0,212.0,0.377,8.0,20.0,0.4
1628495,Milton Doyle,1610612751,BKN,24.0,2017-18,1.0,3.0,0.333,0.0,1.0,0.0,3.0,19.0,0.158,1.0,4.0,0.25
1627851,Mindaugas Kuzminskas,1610612752,NYK,28.0,2017-18,,,,,,,0.0,0.0,0.0,,,
203141,Mirza Teletovic,1610612749,MIL,32.0,2017-18,3.0,6.0,0.5,0.0,0.0,0.0,18.0,39.0,0.462,3.0,6.0,0.5
1628420,Monte Morris,1610612743,DEN,23.0,2017-18,0.0,0.0,0.0,0.0,0.0,0.0,0.0,1.0,0.0,0.0,0.0,0.0
1626149,Montrezl Harrell,1610612746,LAC,24.0,2017-18,0.0,0.0,0.0,0.0,0.0,0.0,1.0,6.0,0.167,0.0,0.0,0.0
1627988,Myke Henry,1610612763,MEM,25.0,2017-18,3.0,8.0,0.375,7.0,13.0,0.538,9.0,37.0,0.243,10.0,21.0,0.476
1626167,Myles Turner,1610612754,IND,22.0,2017-18,1.0,8.0,0.125,3.0,6.0,0.5,52.0,142.0,0.366,4.0,14.0,0.286
203489,Nate Wolters,1610612762,UTA,27.0,2017-18,0.0,0.0,0.0,,,,0.0,0.0,0.0,0.0,0.0,0.0
1628513,Naz Mitrou-Long,1610612762,UTA,24.0,2017-18,,,,,,,1.0,1.0,1.0,,,
202357,Nemanja Bjelica,1610612750,MIN,30.0,2017-18,11.0,24.0,0.458,7.0,23.0,0.304,58.0,136.0,0.426,18.0,47.0,0.383
2403,Nene,1610612745,HOU,35.0,2017-18,0.0,0.0,0.0,0.0,2.0,0.0,0.0,0.0,0.0,0.0,2.0,0.0
203457,Nerlens Noel,1610612742,DAL,24.0,2017-18,0.0,0.0,0.0,0.0,0.0,0.0,0.0,1.0,0.0,0.0,0.0,0.0
2555,Nick Collison,1610612760,OKC,37.0,2017-18,0.0,0.0,0.0,0.0,0.0,0.0,0.0,0.0,0.0,0.0,0.0,0.0
201156,Nick Young,1610612744,GSW,33.0,2017-18,20.0,64.0,0.313,17.0,34.0,0.5,86.0,227.0,0.379,37.0,98.0,0.378
201587,Nicolas Batum,1610612766,CHA,29.0,2017-18,6.0,19.0,0.316,3.0,12.0,0.25,83.0,242.0,0.343,9.0,31.0,0.29
1627852,Nicolas Brussino,1610612737,ATL,25.0,2017-18,0.0,1.0,0.0,0.0,0.0,0.0,0.0,1.0,0.0,0.0,1.0,0.0
1628502,Nigel Hayes-Davis,1610612758,SAC,23.0,2017-18,2.0,7.0,0.286,2.0,2.0,1.0,0.0,7.0,0.0,4.0,9.0,0.444
203917,Nik Stauskas,1610612751,BKN,24.0,2017-18,5.0,12.0,0.417,2.0,3.0,0.667,33.0,84.0,0.393,7.0,15.0,0.467
203999,Nikola Jokić,1610612743,DEN,23.0,2017-18,4.0,10.0,0.4,8.0,11.0,0.727,98.0,255.0,0.384,12.0,21.0,0.571
202703,Nikola Mirotic,1610612740,NOP,27.0,2017-18,17.0,45.0,0.378,11.0,24.0,0.458,107.0,289.0,0.37,28.0,69.0,0.406
202696,Nikola Vučević,1610612753,ORL,27.0,2017-18,0.0,1.0,0.0,1.0,1.0,1.0,62.0,200.0,0.31,1.0,2.0,0.5
203943,Noah Vonleh,1610612741,CHI,22.0,2017-18,0.0,5.0,0.0,1.0,1.0,1.0,19.0,60.0,0.317,1.0,6.0,0.167
1626181,Norman Powell,1610612761,TOR,25.0,2017-18,7.0,44.0,0.159,12.0,22.0,0.545,34.0,120.0,0.283,19.0,66.0,0.288
1628384,OG Anunoby,1610612761,TOR,20.0,2017-18,21.0,55.0,0.382,26.0,52.0,0.5,25.0,88.0,0.284,47.0,107.0,0.439
1627855,Okaro White,1610612739,CLE,25.0,2017-18,1.0,4.0,0.25,0.0,0.0,0.0,3.0,7.0,0.429,1.0,4.0,0.25
204179,Omari Johnson,1610612763,MEM,29.0,2017-18,1.0,1.0,1.0,0.0,2.0,0.0,3.0,9.0,0.333,1.0,3.0,0.333
201600,Omer Asik,1610612741,CHI,31.0,2017-18,0.0,0.0,0.0,0.0,0.0,0.0,0.0,0.0,0.0,0.0,0.0,0.0
201956,Omri Casspi,1610612744,GSW,30.0,2017-18,2.0,2.0,1.0,2.0,3.0,0.667,6.0,16.0,0.375,4.0,5.0,0.8
203490,Otto Porter Jr.,1610612764,WAS,25.0,2017-18,12.0,29.0,0.414,16.0,34.0,0.471,110.0,247.0,0.445,28.0,63.0,0.444
200782,P.J. Tucker,1610612745,HOU,33.0,2017-18,50.0,117.0,0.427,33.0,89.0,0.371,32.0,104.0,0.308,83.0,206.0,0.403
1628408,PJ Dozier,1610612760,OKC,21.0,2017-18,0.0,0.0,0.0,0.0,0.0,0.0,0.0,0.0,0.0,0.0,0.0,0.0
1627783,Pascal Siakam,1610612761,TOR,24.0,2017-18,9.0,39.0,0.231,10.0,32.0,0.313,10.0,59.0,0.169,19.0,71.0,0.268
1626192,Pat Connaughton,1610612757,POR,25.0,2017-18,4.0,19.0,0.211,6.0,23.0,0.261,64.0,167.0,0.383,10.0,42.0,0.238
201976,Patrick Beverley,1610612746,LAC,29.0,2017-18,2.0,9.0,0.222,1.0,2.0,0.5,21.0,49.0,0.429,3.0,11.0,0.273
1627775,Patrick McCaw,1610612744,GSW,22.0,2017-18,5.0,10.0,0.5,5.0,12.0,0.417,9.0,57.0,0.158,10.0,22.0,0.455
202335,Patrick Patterson,1610612760,OKC,29.0,2017-18,12.0,32.0,0.375,17.0,42.0,0.405,37.0,97.0,0.381,29.0,74.0,0.392
201988,Patty Mills,1610612759,SAS,29.0,2017-18,16.0,36.0,0.444,12.0,26.0,0.462,125.0,349.0,0.358,28.0,62.0,0.452
2200,Pau Gasol,1610612759,SAS,37.0,2017-18,6.0,20.0,0.3,7.0,19.0,0.368,30.0,81.0,0.37,13.0,39.0,0.333
202331,Paul George,1610612760,OKC,28.0,2017-18,20.0,45.0,0.444,35.0,80.0,0.438,189.0,480.0,0.394,55.0,125.0,0.44
200794,Paul Millsap,1610612743,DEN,33.0,2017-18,8.0,11.0,0.727,3.0,10.0,0.3,28.0,91.0,0.308,11.0,21.0,0.524
1627835,Paul Zipser,1610612741,CHI,24.0,2017-18,6.0,17.0,0.353,3.0,6.0,0.5,28.0,87.0,0.322,9.0,23.0,0.391
203112,Quincy Acy,1610612751,BKN,27.0,2017-18,27.0,60.0,0.45,10.0,32.0,0.313,65.0,199.0,0.327,37.0,92.0,0.402
202347,Quincy Pondexter,1610612741,CHI,30.0,2017-18,1.0,4.0,0.25,0.0,2.0,0.0,2.0,15.0,0.133,1.0,6.0,0.167
1626188,Quinn Cook,1610612744,GSW,25.0,2017-18,6.0,10.0,0.6,2.0,8.0,0.25,37.0,84.0,0.44,8.0,18.0,0.444
1626154,RJ Hunter,1610612745,HOU,24.0,2017-18,1.0,1.0,1.0,0.0,1.0,0.0,2.0,12.0,0.167,1.0,2.0,0.5
200765,Rajon Rondo,1610612740,NOP,32.0,2017-18,6.0,30.0,0.2,12.0,35.0,0.343,32.0,85.0,0.376,18.0,65.0,0.277
201196,Ramon Sessions,1610612764,WAS,32.0,2017-18,2.0,5.0,0.4,1.0,4.0,0.25,5.0,17.0,0.294,3.0,9.0,0.333
1626173,Rashad Vaughn,1610612753,ORL,21.0,2017-18,3.0,6.0,0.5,3.0,4.0,0.75,8.0,27.0,0.296,6.0,10.0,0.6
203526,Raul Neto,1610612762,UTA,26.0,2017-18,4.0,10.0,0.4,3.0,4.0,0.75,12.0,28.0,0.429,7.0,14.0,0.5
101109,Raymond Felton,1610612760,OKC,34.0,2017-18,5.0,14.0,0.357,15.0,28.0,0.536,61.0,178.0,0.343,20.0,42.0,0.476
203493,Reggie Bullock Jr.,1610612765,DET,27.0,2017-18,16.0,35.0,0.457,18.0,43.0,0.419,91.0,202.0,0.45,34.0,78.0,0.436
203687,Reggie Hearn,1610612765,DET,26.0,2017-18,0.0,0.0,0.0,1.0,1.0,1.0,0.0,1.0,0.0,1.0,1.0,1.0
202704,Reggie Jackson,1610612765,DET,28.0,2017-18,6.0,13.0,0.462,4.0,12.0,0.333,42.0,140.0,0.3,10.0,25.0,0.4
2210,Richard Jefferson,1610612743,DEN,38.0,2017-18,0.0,0.0,0.0,0.0,0.0,0.0,2.0,7.0,0.286,0.0,0.0,0.0
1626158,Richaun Holmes,1610612755,PHI,24.0,2017-18,0.0,2.0,0.0,0.0,1.0,0.0,4.0,27.0,0.148,0.0,3.0,0.0
201937,Ricky Rubio,1610612762,UTA,27.0,2017-18,21.0,50.0,0.42,8.0,29.0,0.276,67.0,194.0,0.345,29.0,79.0,0.367
203496,Robert Covington,1610612755,PHI,27.0,2017-18,11.0,39.0,0.282,13.0,24.0,0.542,179.0,483.0,0.371,24.0,63.0,0.381
201577,Robin Lopez,1610612741,CHI,30.0,2017-18,0.0,0.0,0.0,0.0,0.0,0.0,4.0,14.0,0.286,0.0,0.0,0.0
203918,Rodney Hood,1610612739,CLE,25.0,2017-18,11.0,33.0,0.333,12.0,24.0,0.5,104.0,274.0,0.38,23.0,57.0,0.404
203585,Rodney McGruder,1610612748,MIA,26.0,2017-18,2.0,10.0,0.2,6.0,13.0,0.462,7.0,12.0,0.583,8.0,23.0,0.348
1628681,Rodney Purvis,1610612753,ORL,24.0,2017-18,3.0,10.0,0.3,0.0,5.0,0.0,10.0,36.0,0.278,3.0,15.0,0.2
1627758,Ron Baker,1610612752,NYK,25.0,2017-18,2.0,6.0,0.333,2.0,5.0,0.4,7.0,22.0,0.318,4.0,11.0,0.364
1626178,Rondae Hollis-Jefferson,1610612751,BKN,23.0,2017-18,6.0,19.0,0.316,3.0,10.0,0.3,4.0,23.0,0.174,9.0,29.0,0.31
1626220,Royce O'Neale,1610612762,UTA,25.0,2017-18,13.0,31.0,0.419,10.0,26.0,0.385,19.0,58.0,0.328,23.0,57.0,0.404
200752,Rudy Gay,1610612759,SAS,31.0,2017-18,6.0,16.0,0.375,3.0,13.0,0.231,28.0,83.0,0.337,9.0,29.0,0.31
203497,Rudy Gobert,1610612762,UTA,26.0,2017-18,0.0,0.0,0.0,0.0,0.0,0.0,0.0,0.0,0.0,0.0,0.0,0.0
201566,Russell Westbrook,1610612760,OKC,29.0,2017-18,4.0,9.0,0.444,2.0,10.0,0.2,90.0,305.0,0.295,6.0,19.0,0.316
201583,Ryan Anderson,1610612745,HOU,30.0,2017-18,5.0,16.0,0.313,10.0,21.0,0.476,116.0,302.0,0.384,15.0,37.0,0.405
1627853,Ryan Arcidiacono,1610612741,CHI,24.0,2017-18,4.0,6.0,0.667,3.0,5.0,0.6,2.0,19.0,0.105,7.0,11.0,0.636
1626257,Salah Mejri,1610612742,DAL,32.0,2017-18,0.0,0.0,0.0,0.0,0.0,0.0,0.0,3.0,0.0,0.0,0.0,0.0
1626155,Sam Dekker,1610612746,LAC,24.0,2017-18,1.0,8.0,0.125,2.0,9.0,0.222,7.0,42.0,0.167,3.0,17.0,0.176
203816,Scotty Hopson,1610612742,DAL,28.0,2017-18,0.0,0.0,0.0,,,,0.0,0.0,0.0,0.0,0.0,0.0
203930,Sean Kilpatrick,1610612741,CHI,28.0,2017-18,7.0,27.0,0.259,7.0,16.0,0.438,32.0,99.0,0.323,14.0,43.0,0.326
1628400,Semi Ojeleye,1610612738,BOS,23.0,2017-18,8.0,26.0,0.308,15.0,36.0,0.417,17.0,63.0,0.27,23.0,62.0,0.371
201586,Serge Ibaka,1610612761,TOR,28.0,2017-18,12.0,29.0,0.414,8.0,16.0,0.5,86.0,251.0,0.343,20.0,45.0,0.444
203498,Shabazz Muhammad,1610612749,MIL,25.0,2017-18,4.0,8.0,0.5,0.0,2.0,0.0,3.0,17.0,0.176,4.0,10.0,0.4
203894,Shabazz Napier,1610612757,POR,26.0,2017-18,8.0,26.0,0.308,6.0,9.0,0.667,68.0,183.0,0.372,14.0,35.0,0.4
203499,Shane Larkin,1610612738,BOS,25.0,2017-18,5.0,9.0,0.556,1.0,4.0,0.25,25.0,73.0,0.342,6.0,13.0,0.462
1627885,Shaquille Harrison,1610612756,PHX,24.0,2017-18,3.0,4.0,0.75,0.0,4.0,0.0,3.0,17.0,0.176,3.0,8.0,0.375
2733,Shaun Livingston,1610612744,GSW,32.0,2017-18,0.0,2.0,0.0,0.0,0.0,0.0,0.0,2.0,0.0,0.0,2.0,0.0
202714,Shelvin Mack,1610612753,ORL,28.0,2017-18,5.0,11.0,0.455,3.0,8.0,0.375,40.0,119.0,0.336,8.0,19.0,0.421
1628414,Sindarius Thornwell,1610612746,LAC,23.0,2017-18,7.0,16.0,0.438,5.0,13.0,0.385,11.0,29.0,0.379,12.0,29.0,0.414
1627746,Skal Labissiere,1610612758,SAC,22.0,2017-18,0.0,0.0,0.0,3.0,3.0,1.0,15.0,47.0,0.319,3.0,3.0,1.0
203524,Solomon Hill,1610612740,NOP,27.0,2017-18,1.0,3.0,0.333,0.0,1.0,0.0,3.0,16.0,0.188,1.0,4.0,0.25
203915,Spencer Dinwiddie,1610612751,BKN,25.0,2017-18,0.0,10.0,0.0,14.0,33.0,0.424,127.0,389.0,0.326,14.0,43.0,0.326
1626169,Stanley Johnson,1610612765,DET,22.0,2017-18,7.0,24.0,0.292,16.0,52.0,0.308,44.0,153.0,0.288,23.0,76.0,0.303
201939,Stephen Curry,1610612744,GSW,30.0,2017-18,16.0,45.0,0.356,10.0,29.0,0.345,186.0,419.0,0.444,26.0,74.0,0.351
1628425,Sterling Brown,1610612749,MIL,23.0,2017-18,9.0,24.0,0.375,6.0,17.0,0.353,17.0,49.0,0.347,15.0,41.0,0.366
203500,Steven Adams,1610612760,OKC,24.0,2017-18,0.0,0.0,0.0,0.0,0.0,0.0,0.0,0.0,0.0,0.0,0.0,0.0
1628388,T.J. Leaf,1610612754,IND,21.0,2017-18,1.0,7.0,0.143,4.0,7.0,0.571,13.0,28.0,0.464,5.0,14.0,0.357
204456,T.J. McConnell,1610612755,PHI,26.0,2017-18,3.0,8.0,0.375,11.0,16.0,0.688,13.0,34.0,0.382,14.0,24.0,0.583
203933,T.J. Warren,1610612756,PHX,24.0,2017-18,5.0,22.0,0.227,3.0,15.0,0.2,12.0,53.0,0.226,8.0,37.0,0.216
201959,Taj Gibson,1610612750,MIN,33.0,2017-18,5.0,19.0,0.263,2.0,9.0,0.222,0.0,6.0,0.0,7.0,28.0,0.25
204028,Tarik Black,1610612745,HOU,26.0,2017-18,0.0,2.0,0.0,1.0,1.0,1.0,0.0,7.0,0.0,1.0,3.0,0.333
1627752,Taurean Prince,1610612737,ATL,24.0,2017-18,24.0,56.0,0.429,28.0,51.0,0.549,124.0,349.0,0.355,52.0,107.0,0.486
1628390,Terrance Ferguson,1610612760,OKC,20.0,2017-18,19.0,36.0,0.528,7.0,26.0,0.269,14.0,58.0,0.241,26.0,62.0,0.419
203082,Terrence Ross,1610612753,ORL,27.0,2017-18,7.0,11.0,0.636,4.0,9.0,0.444,19.0,70.0,0.271,11.0,20.0,0.55
1626179,Terry Rozier,1610612738,BOS,24.0,2017-18,20.0,43.0,0.465,4.0,24.0,0.167,128.0,331.0,0.387,24.0,67.0,0.358
200757,Thabo Sefolosha,1610612762,UTA,34.0,2017-18,12.0,28.0,0.429,9.0,18.0,0.5,10.0,37.0,0.27,21.0,46.0,0.457
201152,Thaddeus Young,1610612754,IND,30.0,2017-18,14.0,40.0,0.35,5.0,20.0,0.25,39.0,119.0,0.328,19.0,60.0,0.317
1628418,Thomas Bryant,1610612747,LAL,20.0,2017-18,0.0,2.0,0.0,0.0,1.0,0.0,1.0,7.0,0.143,0.0,3.0,0.0
1627748,Thon Maker,1610612749,MIL,21.0,2017-18,5.0,10.0,0.5,11.0,37.0,0.297,15.0,55.0,0.273,16.0,47.0,0.34
204025,Tim Frazier,1610612764,WAS,27.0,2017-18,1.0,2.0,0.5,0.0,1.0,0.0,16.0,53.0,0.302,1.0,3.0,0.333
203501,Tim Hardaway Jr.,1610612752,NYK,26.0,2017-18,11.0,26.0,0.423,9.0,28.0,0.321,110.0,354.0,0.311,20.0,54.0,0.37
1627817,Tim Quarterman,1610612745,HOU,23.0,2017-18,0.0,0.0,0.0,0.0,0.0,0.0,0.0,2.0,0.0,0.0,0.0,0.0
202389,Timofey Mozgov,1610612751,BKN,31.0,2017-18,1.0,7.0,0.143,3.0,8.0,0.375,0.0,2.0,0.0,4.0,15.0,0.267
1627789,Timothe Luwawu-Cabarrot,1610612755,PHI,23.0,2017-18,8.0,27.0,0.296,9.0,23.0,0.391,36.0,108.0,0.333,17.0,50.0,0.34
202699,Tobias Harris,1610612746,LAC,25.0,2017-18,21.0,48.0,0.438,28.0,58.0,0.483,134.0,337.0,0.398,49.0,106.0,0.462
203107,Tomas Satoransky,1610612764,WAS,26.0,2017-18,3.0,11.0,0.273,18.0,31.0,0.581,26.0,57.0,0.456,21.0,42.0,0.5
2754,Tony Allen,1610612740,NOP,36.0,2017-18,2.0,2.0,1.0,1.0,2.0,0.5,1.0,7.0,0.143,3.0,4.0,0.75
1628396,Tony Bradley,1610612762,UTA,20.0,2017-18,0.0,0.0,0.0,0.0,0.0,0.0,0.0,1.0,0.0,0.0,0.0,0.0
2225,Tony Parker,1610612759,SAS,36.0,2017-18,8.0,16.0,0.5,0.0,12.0,0.0,2.0,8.0,0.25,8.0,28.0,0.286
203503,Tony Snell,1610612749,MIL,26.0,2017-18,20.0,43.0,0.465,25.0,61.0,0.41,63.0,164.0,0.384,45.0,104.0,0.433
1628470,Torrey Craig,1610612743,DEN,27.0,2017-18,5.0,11.0,0.455,3.0,11.0,0.273,9.0,33.0,0.273,8.0,22.0,0.364
204037,Travis Wear,1610612747,LAL,27.0,2017-18,1.0,1.0,1.0,4.0,6.0,0.667,12.0,39.0,0.308,5.0,7.0,0.714
1626203,Treveon Graham,1610612766,CHA,24.0,2017-18,6.0,14.0,0.429,10.0,25.0,0.4,24.0,58.0,0.414,16.0,39.0,0.41
2772,Trevor Ariza,1610612745,HOU,33.0,2017-18,32.0,75.0,0.427,49.0,113.0,0.434,89.0,272.0,0.327,81.0,188.0,0.431
202344,Trevor Booker,1610612754,IND,30.0,2017-18,1.0,4.0,0.25,1.0,5.0,0.2,6.0,24.0,0.25,2.0,9.0,0.222
203504,Trey Burke,1610612752,NYK,25.0,2017-18,5.0,10.0,0.5,2.0,5.0,0.4,31.0,87.0,0.356,7.0,15.0,0.467
1626168,Trey Lyles,1610612743,DEN,22.0,2017-18,8.0,30.0,0.267,9.0,14.0,0.643,66.0,171.0,0.386,17.0,44.0,0.386
203590,Trey McKinney-Jones,1610612754,IND,27.0,2017-18,,,,,,,0.0,0.0,0.0,,,
202684,Tristan Thompson,1610612739,CLE,27.0,2017-18,0.0,0.0,0.0,0.0,0.0,0.0,0.0,0.0,0.0,0.0,0.0,0.0
203584,Troy Daniels,1610612756,PHX,26.0,2017-18,28.0,55.0,0.509,28.0,59.0,0.475,127.0,342.0,0.371,56.0,114.0,0.491
1627786,Troy Williams,1610612752,NYK,23.0,2017-18,2.0,4.0,0.5,0.0,3.0,0.0,9.0,31.0,0.29,2.0,7.0,0.286
1628463,Tyler Cavanaugh,1610612737,ATL,24.0,2017-18,4.0,15.0,0.267,9.0,18.0,0.5,19.0,56.0,0.339,13.0,33.0,0.394
1628416,Tyler Dorsey,1610612737,ATL,22.0,2017-18,5.0,18.0,0.278,6.0,13.0,0.462,61.0,165.0,0.37,11.0,31.0,0.355
203898,Tyler Ennis,1610612747,LAL,23.0,2017-18,3.0,6.0,0.5,3.0,4.0,0.75,8.0,44.0,0.182,6.0,10.0,0.6
204020,Tyler Johnson,1610612748,MIA,26.0,2017-18,12.0,34.0,0.353,24.0,62.0,0.387,83.0,227.0,0.366,36.0,96.0,0.375
1628399,Tyler Lydon,1610612743,DEN,22.0,2017-18,,,,,,,0.0,0.0,0.0,,,
1627755,Tyler Ulis,1610612756,PHX,22.0,2017-18,5.0,14.0,0.357,0.0,6.0,0.0,37.0,123.0,0.301,5.0,20.0,0.25
203092,Tyler Zeller,1610612749,MIL,28.0,2017-18,8.0,15.0,0.533,2.0,7.0,0.286,0.0,6.0,0.0,10.0,22.0,0.455
201936,Tyreke Evans,1610612763,MEM,28.0,2017-18,2.0,6.0,0.333,2.0,9.0,0.222,109.0,269.0,0.405,4.0,15.0,0.267
1627820,Tyrone Wallace,1610612746,LAC,24.0,2017-18,5.0,11.0,0.455,3.0,11.0,0.273,2.0,17.0,0.118,8.0,22.0,0.364
2199,Tyson Chandler,1610612756,PHX,35.0,2017-18,0.0,0.0,0.0,0.0,0.0,0.0,0.0,0.0,0.0,0.0,0.0,0.0
1626145,Tyus Jones,1610612750,MIN,22.0,2017-18,13.0,35.0,0.371,3.0,10.0,0.3,29.0,82.0,0.354,16.0,45.0,0.356
2617,Udonis Haslem,1610612748,MIA,38.0,2017-18,0.0,0.0,0.0,1.0,3.0,0.333,0.0,5.0,0.0,1.0,3.0,0.333
203505,Vander Blue,1610612747,LAL,25.0,2017-18,0.0,0.0,0.0,0.0,0.0,0.0,0.0,2.0,0.0,0.0,0.0,0.0
203506,Victor Oladipo,1610612754,IND,26.0,2017-18,14.0,26.0,0.538,11.0,19.0,0.579,136.0,387.0,0.351,25.0,45.0,0.556
1713,Vince Carter,1610612758,SAC,41.0,2017-18,3.0,13.0,0.231,5.0,13.0,0.385,49.0,137.0,0.358,8.0,26.0,0.308
1626205,Vincent Hunter,1610612763,MEM,23.0,2017-18,,,,,,,0.0,0.0,0.0,,,
1627735,Wade Baldwin IV,1610612757,POR,22.0,2017-18,0.0,0.0,0.0,0.0,0.0,0.0,4.0,5.0,0.8,0.0,0.0,0.0
1627215,Walt Lemon Jr.,1610612740,NOP,25.0,2017-18,0.0,0.0,0.0,0.0,0.0,0.0,1.0,1.0,1.0,0.0,0.0,0.0
201961,Wayne Ellington,1610612748,MIA,30.0,2017-18,29.0,60.0,0.483,33.0,69.0,0.478,165.0,449.0,0.367,62.0,129.0,0.481
1627782,Wayne Selden,1610612763,MEM,23.0,2017-18,6.0,16.0,0.375,2.0,9.0,0.222,41.0,97.0,0.423,8.0,25.0,0.32
1628411,Wes Iwundu,1610612753,ORL,23.0,2017-18,4.0,19.0,0.211,2.0,6.0,0.333,3.0,21.0,0.143,6.0,25.0,0.24
202325,Wesley Johnson,1610612746,LAC,30.0,2017-18,24.0,63.0,0.381,14.0,35.0,0.4,22.0,78.0,0.282,38.0,98.0,0.388
202083,Wesley Matthews,1610612742,DAL,31.0,2017-18,21.0,51.0,0.412,18.0,35.0,0.514,114.0,315.0,0.362,39.0,86.0,0.453
203115,Will Barton,1610612743,DEN,27.0,2017-18,14.0,27.0,0.519,4.0,13.0,0.308,138.0,377.0,0.366,18.0,40.0,0.45
1626161,Willie Cauley-Stein,1610612758,SAC,24.0,2017-18,1.0,3.0,0.333,0.0,0.0,0.0,2.0,5.0,0.4,1.0,3.0,0.333
203186,Willie Reed,1610612765,DET,28.0,2017-18,0.0,0.0,0.0,0.0,0.0,0.0,1.0,2.0,0.5,0.0,0.0,0.0
1626195,Willy Hernangomez,1610612766,CHA,24.0,2017-18,2.0,2.0,1.0,0.0,1.0,0.0,3.0,9.0,0.333,2.0,3.0,0.667
201163,Wilson Chandler,1610612743,DEN,31.0,2017-18,5.0,18.0,0.278,14.0,44.0,0.318,69.0,183.0,0.377,19.0,62.0,0.306
204098,Xavier Munford,1610612749,MIL,26.0,2017-18,0.0,0.0,0.0,0.0,0.0,0.0,0.0,2.0,0.0,0.0,0.0,0.0
1628504,Xavier Rathan-Mayes,1610612763,MEM,24.0,2017-18,0.0,0.0,0.0,0.0,0.0,0.0,1.0,14.0,0.071,0.0,0.0,0.0
202918,Xavier Silas,1610612738,BOS,30.0,2017-18,0.0,0.0,0.0,,,,0.0,2.0,0.0,0.0,0.0,0.0
1627812,Yogi Ferrell,1610612742,DAL,25.0,2017-18,17.0,35.0,0.486,14.0,25.0,0.56,103.0,298.0,0.346,31.0,60.0,0.517
1628380,Zach Collins,1610612757,POR,20.0,2017-18,6.0,15.0,0.4,7.0,18.0,0.389,22.0,79.0,0.278,13.0,33.0,0.394
203897,Zach LaVine,1610612741,CHI,23.0,2017-18,1.0,8.0,0.125,2.0,6.0,0.333,39.0,108.0,0.361,3.0,14.0,0.214
2216,Zach Randolph,1610612758,SAC,36.0,2017-18,3.0,11.0,0.273,7.0,11.0,0.636,41.0,124.0,0.331,10.0,22.0,0.455
2585,Zaza Pachulia,1610612744,GSW,34.0,2017-18,0.0,0.0,0.0,0.0,0.0,0.0,0.0,0.0,0.0,0.0,0.0,0.0
1627753,Zhou Qi,1610612745,HOU,22.0,2017-18,0.0,1.0,0.0,1.0,2.0,0.5,1.0,16.0,0.063,1.0,3.0,0.333
203932,Aaron Gordon,1610612753,ORL,23.0,2018-19,17.0,52.0,0.327,19.0,40.0,0.475,85.0,251.0,0.339,36.0,92.0,0.391
1628988,Aaron Holiday,1610612754,IND,22.0,2018-19,2.0,6.0,0.333,3.0,10.0,0.3,38.0,110.0,0.345,5.0,16.0,0.313
1627846,Abdel Nader,1610612760,OKC,25.0,2018-19,6.0,20.0,0.3,9.0,20.0,0.45,17.0,58.0,0.293,15.0,40.0,0.375
201143,Al Horford,1610612738,BOS,33.0,2018-19,4.0,9.0,0.444,2.0,12.0,0.167,67.0,182.0,0.368,6.0,21.0,0.286
202329,Al-Farouq Aminu,1610612757,POR,28.0,2018-19,15.0,46.0,0.326,17.0,48.0,0.354,64.0,185.0,0.346,32.0,94.0,0.34
1626210,Alan Williams,1610612751,BKN,26.0,2018-19,0.0,0.0,0.0,0.0,0.0,0.0,0.0,1.0,0.0,0.0,0.0,0.0
202692,Alec Burks,1610612758,SAC,27.0,2018-19,8.0,24.0,0.333,4.0,10.0,0.4,49.0,132.0,0.371,12.0,34.0,0.353
203518,Alex Abrines,1610612760,OKC,25.0,2018-19,5.0,15.0,0.333,5.0,12.0,0.417,31.0,98.0,0.316,10.0,27.0,0.37
1627936,Alex Caruso,1610612747,LAL,25.0,2018-19,3.0,7.0,0.429,1.0,5.0,0.2,20.0,38.0,0.526,4.0,12.0,0.333
203458,Alex Len,1610612737,ATL,26.0,2018-19,14.0,40.0,0.35,24.0,64.0,0.375,36.0,99.0,0.364,38.0,104.0,0.365
1627816,Alex Poythress,1610612737,ATL,25.0,2018-19,4.0,11.0,0.364,4.0,7.0,0.571,1.0,5.0,0.2,8.0,18.0,0.444
1628035,Alfonzo McKinnie,1610612744,GSW,26.0,2018-19,16.0,37.0,0.432,6.0,26.0,0.231,20.0,55.0,0.364,22.0,63.0,0.349
1628993,Alize Johnson,1610612754,IND,23.0,2018-19,1.0,1.0,1.0,0.0,0.0,0.0,0.0,1.0,0.0,1.0,1.0,1.0
203459,Allen Crabbe,1610612751,BKN,27.0,2018-19,15.0,29.0,0.517,15.0,32.0,0.469,67.0,195.0,0.344,30.0,61.0,0.492
1629019,Allonzo Trier,1610612752,NYK,23.0,2018-19,3.0,11.0,0.273,5.0,11.0,0.455,44.0,110.0,0.4,8.0,22.0,0.364
1628518,Amile Jefferson,1610612753,ORL,26.0,2018-19,0.0,0.0,0.0,0.0,0.0,0.0,0.0,0.0,0.0,0.0,0.0,0.0
101161,Amir Johnson,1610612755,PHI,32.0,2018-19,0.0,3.0,0.0,1.0,4.0,0.25,11.0,32.0,0.344,1.0,7.0,0.143
203083,Andre Drummond,1610612765,DET,25.0,2018-19,1.0,4.0,0.25,0.0,3.0,0.0,4.0,24.0,0.167,1.0,7.0,0.143
2738,Andre Iguodala,1610612744,GSW,35.0,2018-19,11.0,31.0,0.355,14.0,30.0,0.467,23.0,82.0,0.28,25.0,61.0,0.41
201281,Andre Ingram,1610612747,LAL,33.0,2018-19,0.0,1.0,0.0,0.0,0.0,0.0,0.0,2.0,0.0,0.0,1.0,0.0
101106,Andrew Bogut,1610612744,GSW,34.0,2018-19,0.0,0.0,0.0,0.0,0.0,0.0,0.0,0.0,0.0,0.0,0.0,0.0
1626150,Andrew Harrison,1610612740,NOP,24.0,2018-19,0.0,1.0,0.0,1.0,3.0,0.333,4.0,20.0,0.2,1.0,4.0,0.25
203952,Andrew Wiggins,1610612750,MIN,24.0,2018-19,23.0,39.0,0.59,6.0,22.0,0.273,88.0,282.0,0.312,29.0,61.0,0.475
1629014,Anfernee Simons,1610612757,POR,20.0,2018-19,2.0,5.0,0.4,0.0,0.0,0.0,8.0,24.0,0.333,2.0,5.0,0.4
1629116,Angel Delgado,1610612746,LAC,24.0,2018-19,0.0,0.0,0.0,,,,0.0,0.0,0.0,0.0,0.0,0.0
1627790,Ante Zizic,1610612739,CLE,22.0,2018-19,0.0,0.0,0.0,0.0,0.0,0.0,0.0,0.0,0.0,0.0,0.0,0.0
203076,Anthony Davis,1610612740,NOP,26.0,2018-19,5.0,6.0,0.833,1.0,5.0,0.2,42.0,133.0,0.316,6.0,11.0,0.545
201229,Anthony Tolliver,1610612750,MIN,34.0,2018-19,10.0,29.0,0.345,11.0,32.0,0.344,60.0,155.0,0.387,21.0,61.0,0.344
1628469,Antonio Blakeney,1610612741,CHI,22.0,2018-19,16.0,31.0,0.516,4.0,8.0,0.5,15.0,50.0,0.3,20.0,39.0,0.513
203382,Aron Baynes,1610612738,BOS,32.0,2018-19,2.0,5.0,0.4,2.0,6.0,0.333,17.0,50.0,0.34,4.0,11.0,0.364
203085,Austin Rivers,1610612745,HOU,26.0,2018-19,10.0,42.0,0.238,13.0,32.0,0.406,81.0,252.0,0.321,23.0,74.0,0.311
202340,Avery Bradley,1610612763,MEM,28.0,2018-19,24.0,64.0,0.375,11.0,28.0,0.393,51.0,148.0,0.345,35.0,92.0,0.38
1629168,BJ Johnson,1610612758,SAC,23.0,2018-19,2.0,3.0,0.667,0.0,0.0,0.0,1.0,3.0,0.333,2.0,3.0,0.667
1628389,Bam Adebayo,1610612748,MIA,21.0,2018-19,0.0,3.0,0.0,0.0,1.0,0.0,3.0,9.0,0.333,0.0,4.0,0.0
203463,Ben McLemore,1610612758,SAC,26.0,2018-19,3.0,9.0,0.333,1.0,4.0,0.25,13.0,27.0,0.481,4.0,13.0,0.308
1627732,Ben Simmons,1610612755,PHI,22.0,2018-19,0.0,0.0,0.0,0.0,0.0,0.0,0.0,6.0,0.0,0.0,0.0,0.0
1628656,Billy Garrett,1610612752,NYK,24.0,2018-19,0.0,0.0,0.0,0.0,0.0,0.0,0.0,8.0,0.0,0.0,0.0,0.0
202687,Bismack Biyombo,1610612766,CHA,26.0,2018-19,0.0,0.0,0.0,0.0,0.0,0.0,0.0,0.0,0.0,0.0,0.0,0.0
201933,Blake Griffin,1610612765,DET,30.0,2018-19,33.0,72.0,0.458,9.0,28.0,0.321,146.0,418.0,0.349,42.0,100.0,0.42
1626246,Boban Marjanovic,1610612755,PHI,30.0,2018-19,0.0,0.0,0.0,3.0,4.0,0.75,1.0,6.0,0.167,3.0,4.0,0.75
1626171,Bobby Portis,1610612764,WAS,24.0,2018-19,6.0,13.0,0.462,1.0,9.0,0.111,68.0,169.0,0.402,7.0,22.0,0.318
203992,Bogdan Bogdanović,1610612758,SAC,26.0,2018-19,8.0,20.0,0.4,8.0,23.0,0.348,118.0,326.0,0.362,16.0,43.0,0.372
202711,Bojan Bogdanovic,1610612754,IND,30.0,2018-19,38.0,69.0,0.551,22.0,49.0,0.449,104.0,268.0,0.388,60.0,118.0,0.508
1629045,Bonzie Colson,1610612749,MIL,23.0,2018-19,0.0,5.0,0.0,2.0,3.0,0.667,3.0,12.0,0.25,2.0,8.0,0.25
202954,Brad Wanamaker,1610612738,BOS,29.0,2018-19,0.0,1.0,0.0,0.0,0.0,0.0,16.0,38.0,0.421,0.0,1.0,0.0
203078,Bradley Beal,1610612764,WAS,26.0,2018-19,22.0,51.0,0.431,16.0,39.0,0.41,171.0,506.0,0.338,38.0,90.0,0.422
1629164,Brandon Goodwin,1610612743,DEN,23.0,2018-19,0.0,0.0,0.0,0.0,0.0,0.0,2.0,6.0,0.333,0.0,0.0,0.0
1627742,Brandon Ingram,1610612747,LAL,21.0,2018-19,5.0,14.0,0.357,9.0,26.0,0.346,17.0,53.0,0.321,14.0,40.0,0.35
202688,Brandon Knight,1610612739,CLE,27.0,2018-19,3.0,9.0,0.333,2.0,11.0,0.182,36.0,109.0,0.33,5.0,20.0,0.25
1629102,Brandon Sampson,1610612741,CHI,22.0,2018-19,2.0,7.0,0.286,2.0,2.0,1.0,7.0,20.0,0.35,4.0,9.0,0.444
201572,Brook Lopez,1610612749,MIL,31.0,2018-19,13.0,26.0,0.5,18.0,49.0,0.367,156.0,437.0,0.357,31.0,75.0,0.413
1628971,Bruce Brown,1610612765,DET,22.0,2018-19,7.0,23.0,0.304,9.0,21.0,0.429,8.0,46.0,0.174,16.0,44.0,0.364
203998,Bruno Caboclo,1610612763,MEM,23.0,2018-19,12.0,33.0,0.364,7.0,21.0,0.333,29.0,75.0,0.387,19.0,54.0,0.352
1627854,Bryn Forbes,1610612759,SAS,25.0,2018-19,17.0,29.0,0.586,11.0,20.0,0.55,148.0,361.0,0.41,28.0,49.0,0.571
1627741,Buddy Hield,1610612758,SAC,26.0,2018-19,40.0,76.0,0.526,29.0,58.0,0.5,208.0,514.0,0.405,69.0,134.0,0.515
203710,C.J. Williams,1610612750,MIN,29.0,2018-19,0.0,1.0,0.0,0.0,3.0,0.0,5.0,12.0,0.417,0.0,4.0,0.0
203468,CJ McCollum,1610612757,POR,27.0,2018-19,12.0,22.0,0.545,9.0,20.0,0.45,146.0,402.0,0.363,21.0,42.0,0.5
101139,CJ Miles,1610612763,MEM,32.0,2018-19,9.0,21.0,0.429,11.0,28.0,0.393,47.0,153.0,0.307,20.0,49.0,0.408
1628403,Caleb Swanigan,1610612758,SAC,22.0,2018-19,1.0,3.0,0.333,0.0,1.0,0.0,0.0,3.0,0.0,1.0,4.0,0.25
1629244,Cam Reynolds,1610612750,MIN,24.0,2018-19,5.0,9.0,0.556,1.0,7.0,0.143,15.0,35.0,0.429,6.0,16.0,0.375
1626166,Cameron Payne,1610612739,CLE,24.0,2018-19,4.0,5.0,0.8,2.0,10.0,0.2,19.0,67.0,0.284,6.0,15.0,0.4
1627747,Caris LeVert,1610612751,BKN,24.0,2018-19,4.0,9.0,0.444,2.0,7.0,0.286,42.0,138.0,0.304,6.0,16.0,0.375
2546,Carmelo Anthony,1610612745,HOU,35.0,2018-19,0.0,1.0,0.0,1.0,2.0,0.5,20.0,61.0,0.328,1.0,3.0,0.333
1626224,Cedi Osman,1610612739,CLE,24.0,2018-19,14.0,43.0,0.326,16.0,47.0,0.34,100.0,283.0,0.353,30.0,90.0,0.333
1628990,Chandler Hutchison,1610612741,CHI,23.0,2018-19,5.0,14.0,0.357,2.0,9.0,0.222,6.0,23.0,0.261,7.0,23.0,0.304
202718,Chandler Parsons,1610612763,MEM,30.0,2018-19,3.0,9.0,0.333,2.0,12.0,0.167,24.0,73.0,0.329,5.0,21.0,0.238
101112,Channing Frye,1610612739,CLE,36.0,2018-19,1.0,4.0,0.25,2.0,3.0,0.667,29.0,72.0,0.403,3.0,7.0,0.429
1626184,Chasson Randle,1610612764,WAS,26.0,2018-19,2.0,9.0,0.222,6.0,17.0,0.353,38.0,89.0,0.427,8.0,26.0,0.308
1627767,Cheick Diallo,1610612740,NOP,22.0,2018-19,0.0,1.0,0.0,0.0,1.0,0.0,1.0,1.0,1.0,0.0,2.0,0.0
1629002,Chimezie Metu,1610612759,SAS,22.0,2018-19,0.0,0.0,0.0,0.0,0.0,0.0,0.0,2.0,0.0,0.0,0.0,0.0
1628449,Chris Boucher,1610612761,TOR,26.0,2018-19,1.0,3.0,0.333,2.0,5.0,0.4,9.0,29.0,0.31,3.0,8.0,0.375
1629185,Chris Chiozza,1610612745,HOU,23.0,2018-19,0.0,1.0,0.0,1.0,1.0,1.0,1.0,3.0,0.333,1.0,2.0,0.5
101108,Chris Paul,1610612745,HOU,34.0,2018-19,9.0,22.0,0.409,11.0,37.0,0.297,104.0,291.0,0.357,20.0,59.0,0.339
1626174,Christian Wood,1610612740,NOP,23.0,2018-19,0.0,1.0,0.0,1.0,4.0,0.25,8.0,21.0,0.381,1.0,5.0,0.2
203991,Clint Capela,1610612745,HOU,25.0,2018-19,0.0,0.0,0.0,0.0,0.0,0.0,0.0,0.0,0.0,0.0,0.0,0.0
203469,Cody Zeller,1610612766,CHA,26.0,2018-19,0.0,0.0,0.0,0.0,0.0,0.0,6.0,22.0,0.273,0.0,0.0,0.0
1629012,Collin Sexton,1610612739,CLE,20.0,2018-19,9.0,22.0,0.409,2.0,13.0,0.154,108.0,258.0,0.419,11.0,35.0,0.314
201147,Corey Brewer,1610612758,SAC,33.0,2018-19,3.0,11.0,0.273,3.0,7.0,0.429,8.0,26.0,0.308,6.0,18.0,0.333
202709,Cory Joseph,1610612754,IND,27.0,2018-19,7.0,17.0,0.412,6.0,22.0,0.273,41.0,128.0,0.32,13.0,39.0,0.333
201584,Courtney Lee,1610612742,DAL,33.0,2018-19,4.0,11.0,0.364,6.0,9.0,0.667,6.0,35.0,0.171,10.0,20.0,0.5
1626245,Cristiano Felicio,1610612741,CHI,26.0,2018-19,0.0,0.0,0.0,0.0,0.0,0.0,0.0,4.0,0.0,0.0,0.0,0.0
1626156,D'Angelo Russell,1610612751,BKN,23.0,2018-19,13.0,33.0,0.394,12.0,19.0,0.632,209.0,582.0,0.359,25.0,52.0,0.481
201571,D.J. Augustin,1610612753,ORL,31.0,2018-19,20.0,37.0,0.541,9.0,19.0,0.474,102.0,251.0,0.406,29.0,56.0,0.518
1628391,D.J. Wilson,1610612749,MIL,23.0,2018-19,7.0,22.0,0.318,12.0,32.0,0.375,27.0,73.0,0.37,19.0,54.0,0.352
203474,DJ Stephens,1610612763,MEM,28.0,2018-19,,,,,,,0.0,0.0,0.0,,,
1629541,Dairis Bertans,1610612740,NOP,29.0,2018-19,0.0,3.0,0.0,2.0,4.0,0.5,8.0,27.0,0.296,2.0,7.0,0.286
1627745,Damian Jones,1610612744,GSW,24.0,2018-19,0.0,0.0,0.0,0.0,0.0,0.0,0.0,0.0,0.0,0.0,0.0,0.0
203081,Damian Lillard,1610612757,POR,28.0,2018-19,5.0,14.0,0.357,5.0,18.0,0.278,227.0,608.0,0.373,10.0,32.0,0.313
1627814,Damion Lee,1610612744,GSW,26.0,2018-19,10.0,14.0,0.714,3.0,11.0,0.273,14.0,43.0,0.326,13.0,25.0,0.52
1628422,Damyean Dotson,1610612752,NYK,25.0,2018-19,17.0,33.0,0.515,11.0,28.0,0.393,98.0,279.0,0.351,28.0,61.0,0.459
1627772,Daniel Hamilton,1610612737,ATL,23.0,2018-19,2.0,9.0,0.222,2.0,2.0,1.0,4.0,12.0,0.333,4.0,11.0,0.364
1628464,Daniel Theis,1610612738,BOS,27.0,2018-19,0.0,1.0,0.0,0.0,4.0,0.0,26.0,62.0,0.419,0.0,5.0,0.0
201568,Danilo Gallinari,1610612746,LAC,30.0,2018-19,2.0,9.0,0.222,6.0,12.0,0.5,152.0,348.0,0.437,8.0,21.0,0.381
201980,Danny Green,1610612761,TOR,32.0,2018-19,32.0,68.0,0.471,61.0,116.0,0.526,105.0,249.0,0.422,93.0,184.0,0.505
201967,Dante Cunningham,1610612759,SAS,32.0,2018-19,8.0,23.0,0.348,10.0,20.0,0.5,12.0,21.0,0.571,18.0,43.0,0.419
203957,Dante Exum,1610612762,UTA,23.0,2018-19,4.0,11.0,0.364,7.0,23.0,0.304,7.0,28.0,0.25,11.0,34.0,0.324
1627863,Danuel House Jr.,1610612745,HOU,26.0,2018-19,11.0,23.0,0.478,19.0,54.0,0.352,44.0,101.0,0.436,30.0,77.0,0.39
203967,Dario Saric,1610612750,MIN,25.0,2018-19,9.0,26.0,0.346,13.0,33.0,0.394,96.0,263.0,0.365,22.0,59.0,0.373
203121,Darius Miller,1610612740,NOP,29.0,2018-19,14.0,32.0,0.438,11.0,37.0,0.297,107.0,293.0,0.365,25.0,69.0,0.362
201954,Darren Collison,1610612754,IND,31.0,2018-19,15.0,31.0,0.484,20.0,35.0,0.571,43.0,125.0,0.344,35.0,66.0,0.53
1629133,Daryl Macon,1610612742,DAL,23.0,2018-19,0.0,0.0,0.0,0.0,1.0,0.0,5.0,10.0,0.5,0.0,1.0,0.0
1628021,David Nwaba,1610612739,CLE,26.0,2018-19,6.0,16.0,0.375,8.0,24.0,0.333,10.0,34.0,0.294,14.0,40.0,0.35
202722,Davis Bertans,1610612759,SAS,26.0,2018-19,11.0,23.0,0.478,17.0,25.0,0.68,117.0,287.0,0.408,28.0,48.0,0.583
1628432,Davon Reed,1610612754,IND,24.0,2018-19,0.0,0.0,0.0,0.0,0.0,0.0,2.0,4.0,0.5,0.0,0.0,0.0
1628368,De'Aaron Fox,1610612758,SAC,21.0,2018-19,4.0,17.0,0.235,6.0,17.0,0.353,76.0,198.0,0.384,10.0,34.0,0.294
1629001,De'Anthony Melton,1610612756,PHX,21.0,2018-19,3.0,15.0,0.2,7.0,12.0,0.583,19.0,68.0,0.279,10.0,27.0,0.37
201599,DeAndre Jordan,1610612752,NYK,30.0,2018-19,0.0,0.0,0.0,0.0,0.0,0.0,0.0,0.0,0.0,0.0,0.0,0.0
1627761,DeAndre' Bembry,1610612737,ATL,24.0,2018-19,6.0,29.0,0.207,9.0,24.0,0.375,35.0,119.0,0.294,15.0,53.0,0.283
201942,DeMar DeRozan,1610612759,SAS,29.0,2018-19,4.0,13.0,0.308,2.0,9.0,0.222,1.0,22.0,0.045,6.0,22.0,0.273
202326,DeMarcus Cousins,1610612744,GSW,28.0,2018-19,1.0,4.0,0.25,0.0,1.0,0.0,25.0,90.0,0.278,1.0,5.0,0.2
201960,DeMarre Carroll,1610612751,BKN,32.0,2018-19,18.0,41.0,0.439,16.0,55.0,0.291,71.0,213.0,0.333,34.0,96.0,0.354
1629152,DeVaughn Akoon-Purcell,1610612743,DEN,26.0,2018-19,0.0,0.0,0.0,0.0,1.0,0.0,0.0,3.0,0.0,0.0,1.0,0.0
1629028,Deandre Ayton,1610612756,PHX,20.0,2018-19,0.0,1.0,0.0,0.0,0.0,0.0,0.0,3.0,0.0,0.0,1.0,0.0
1626153,Delon Wright,1610612763,MEM,27.0,2018-19,6.0,17.0,0.353,9.0,20.0,0.45,35.0,126.0,0.278,15.0,37.0,0.405
1627743,Demetrius Jackson,1610612755,PHI,24.0,2018-19,0.0,0.0,0.0,1.0,1.0,1.0,1.0,5.0,0.2,1.0,1.0,1.0
1629061,Deng Adel,1610612739,CLE,22.0,2018-19,1.0,4.0,0.25,1.0,2.0,0.5,4.0,17.0,0.235,2.0,6.0,0.333
203471,Dennis Schröder,1610612760,OKC,25.0,2018-19,12.0,27.0,0.444,8.0,26.0,0.308,104.0,307.0,0.339,20.0,53.0,0.377
1628372,Dennis Smith Jr.,1610612752,NYK,21.0,2018-19,3.0,8.0,0.375,5.0,13.0,0.385,59.0,186.0,0.317,8.0,21.0,0.381
1629126,Deonte Burton,1610612760,OKC,25.0,2018-19,1.0,7.0,0.143,1.0,5.0,0.2,6.0,15.0,0.4,2.0,12.0,0.167
202324,Derrick Favors,1610612762,UTA,27.0,2018-19,6.0,29.0,0.207,7.0,35.0,0.2,4.0,13.0,0.308,13.0,64.0,0.203
1627884,Derrick Jones Jr.,1610612748,MIA,22.0,2018-19,13.0,37.0,0.351,8.0,22.0,0.364,7.0,29.0,0.241,21.0,59.0,0.356
201565,Derrick Rose,1610612750,MIN,30.0,2018-19,8.0,19.0,0.421,3.0,5.0,0.6,42.0,118.0,0.356,11.0,24.0,0.458
1628401,Derrick White,1610612759,SAS,24.0,2018-19,1.0,6.0,0.167,8.0,18.0,0.444,39.0,118.0,0.331,9.0,24.0,0.375
1626164,Devin Booker,1610612756,PHX,22.0,2018-19,6.0,16.0,0.375,5.0,14.0,0.357,123.0,378.0,0.325,11.0,30.0,0.367
2734,Devin Harris,1610612742,DAL,36.0,2018-19,10.0,28.0,0.357,3.0,11.0,0.273,49.0,158.0,0.31,13.0,39.0,0.333
1628421,Devin Robinson,1610612764,WAS,24.0,2018-19,0.0,0.0,0.0,0.0,0.0,0.0,0.0,2.0,0.0,0.0,0.0,0.0
1628984,Devonte' Graham,1610612766,CHA,24.0,2018-19,2.0,7.0,0.286,7.0,13.0,0.538,25.0,96.0,0.26,9.0,20.0,0.45
203473,Dewayne Dedmon,1610612737,ATL,29.0,2018-19,8.0,17.0,0.471,21.0,51.0,0.412,53.0,148.0,0.358,29.0,68.0,0.426
1627738,Deyonta Davis,1610612737,ATL,22.0,2018-19,0.0,0.0,0.0,0.0,1.0,0.0,0.0,0.0,0.0,0.0,1.0,0.0
1628415,Dillon Brooks,1610612763,MEM,23.0,2018-19,1.0,2.0,0.5,1.0,4.0,0.25,13.0,33.0,0.394,2.0,6.0,0.333
203079,Dion Waiters,1610612748,MIA,27.0,2018-19,27.0,55.0,0.491,10.0,31.0,0.323,72.0,202.0,0.356,37.0,86.0,0.43
1717,Dirk Nowitzki,1610612742,DAL,41.0,2018-19,1.0,5.0,0.2,6.0,16.0,0.375,57.0,183.0,0.311,7.0,21.0,0.333
1627734,Domantas Sabonis,1610612754,IND,23.0,2018-19,1.0,2.0,0.5,0.0,1.0,0.0,8.0,14.0,0.571,1.0,3.0,0.333
202700,Donatas Motiejunas,1610612759,SAS,28.0,2018-19,0.0,0.0,0.0,,,,0.0,0.0,0.0,0.0,0.0,0.0
1628378,Donovan Mitchell,1610612762,UTA,22.0,2018-19,14.0,36.0,0.389,13.0,34.0,0.382,160.0,444.0,0.36,27.0,70.0,0.386
1628978,Donte DiVincenzo,1610612749,MIL,22.0,2018-19,3.0,9.0,0.333,2.0,8.0,0.25,17.0,66.0,0.258,5.0,17.0,0.294
1629055,Donte Grantham,1610612760,OKC,24.0,2018-19,,,,0.0,0.0,0.0,0.0,2.0,0.0,0.0,0.0,0.0
1627827,Dorian Finney-Smith,1610612742,DAL,26.0,2018-19,11.0,40.0,0.275,19.0,54.0,0.352,49.0,155.0,0.316,30.0,94.0,0.319
203926,Doug McDermott,1610612754,IND,27.0,2018-19,26.0,58.0,0.448,10.0,22.0,0.455,48.0,125.0,0.384,36.0,80.0,0.45
1627733,Dragan Bender,1610612756,PHX,21.0,2018-19,4.0,15.0,0.267,2.0,12.0,0.167,16.0,74.0,0.216,6.0,27.0,0.222
203110,Draymond Green,1610612744,GSW,29.0,2018-19,3.0,11.0,0.273,7.0,11.0,0.636,37.0,142.0,0.261,10.0,22.0,0.455
1629234,Drew Eubanks,1610612759,SAS,22.0,2018-19,0.0,0.0,0.0,0.0,0.0,0.0,0.0,0.0,0.0,0.0,0.0,0.0
1629130,Duncan Robinson,1610612748,MIA,25.0,2018-19,0.0,3.0,0.0,3.0,5.0,0.6,7.0,27.0,0.259,3.0,8.0,0.375
1628605,Dusty Hannahs,1610612763,MEM,25.0,2018-19,0.0,0.0,0.0,0.0,1.0,0.0,0.0,4.0,0.0,0.0,1.0,0.0
1628407,Dwayne Bacon,1610612766,CHA,23.0,2018-19,10.0,23.0,0.435,4.0,7.0,0.571,24.0,57.0,0.421,14.0,30.0,0.467
2730,Dwight Howard,1610612764,WAS,33.0,2018-19,0.0,0.0,0.0,0.0,0.0,0.0,0.0,0.0,0.0,0.0,0.0,0.0
203939,Dwight Powell,1610612742,DAL,27.0,2018-19,1.0,5.0,0.2,3.0,6.0,0.5,35.0,116.0,0.302,4.0,11.0,0.364
2548,Dwyane Wade,1610612748,MIA,37.0,2018-19,27.0,58.0,0.466,4.0,13.0,0.308,54.0,186.0,0.29,31.0,71.0,0.437
1629058,Dzanan Musa,1610612751,BKN,20.0,2018-19,0.0,1.0,0.0,0.0,1.0,0.0,1.0,8.0,0.125,0.0,2.0,0.0
202734,E'Twaun Moore,1610612740,NOP,30.0,2018-19,14.0,35.0,0.4,5.0,23.0,0.217,57.0,118.0,0.483,19.0,58.0,0.328
202334,Ed Davis,1610612751,BKN,30.0,2018-19,0.0,0.0,0.0,0.0,0.0,0.0,0.0,2.0,0.0,0.0,0.0,0.0
1628410,Edmond Sumner,1610612754,IND,23.0,2018-19,2.0,6.0,0.333,1.0,2.0,0.5,4.0,19.0,0.211,3.0,8.0,0.375
202327,Ekpe Udoh,1610612762,UTA,32.0,2018-19,0.0,0.0,0.0,0.0,0.0,0.0,0.0,0.0,0.0,0.0,0.0,0.0
203901,Elfrid Payton,1610612740,NOP,25.0,2018-19,0.0,1.0,0.0,1.0,6.0,0.167,31.0,96.0,0.323,1.0,7.0,0.143
1629059,Elie Okobo,1610612756,PHX,21.0,2018-19,2.0,8.0,0.25,2.0,7.0,0.286,35.0,116.0,0.302,4.0,15.0,0.267
1629150,Emanuel Terry,1610612748,MIA,22.0,2018-19,0.0,0.0,0.0,0.0,0.0,0.0,0.0,0.0,0.0,0.0,0.0,0.0
1626144,Emmanuel Mudiay,1610612752,NYK,23.0,2018-19,8.0,17.0,0.471,6.0,19.0,0.316,54.0,172.0,0.314,14.0,36.0,0.389
202683,Enes Freedom,1610612757,POR,27.0,2018-19,0.0,0.0,0.0,1.0,1.0,1.0,9.0,33.0,0.273,1.0,1.0,1.0
202339,Eric Bledsoe,1610612749,MIL,29.0,2018-19,4.0,21.0,0.19,12.0,37.0,0.324,108.0,319.0,0.339,16.0,58.0,0.276
201569,Eric Gordon,1610612745,HOU,30.0,2018-19,11.0,26.0,0.423,18.0,49.0,0.367,187.0,525.0,0.356,29.0,75.0,0.387
203961,Eric Moreland,1610612761,TOR,27.0,2018-19,0.0,0.0,0.0,0.0,0.0,0.0,1.0,1.0,1.0,0.0,0.0,0.0
101141,Ersan Ilyasova,1610612749,MIL,32.0,2018-19,4.0,18.0,0.222,10.0,24.0,0.417,44.0,117.0,0.376,14.0,42.0,0.333
203095,Evan Fournier,1610612753,ORL,26.0,2018-19,27.0,64.0,0.422,6.0,19.0,0.316,121.0,365.0,0.332,33.0,83.0,0.398
202323,Evan Turner,1610612757,POR,30.0,2018-19,2.0,10.0,0.2,2.0,8.0,0.25,7.0,34.0,0.206,4.0,18.0,0.222
1628402,Frank Jackson,1610612740,NOP,21.0,2018-19,9.0,38.0,0.237,13.0,34.0,0.382,31.0,97.0,0.32,22.0,72.0,0.306
1626163,Frank Kaminsky,1610612766,CHA,26.0,2018-19,0.0,6.0,0.0,1.0,6.0,0.167,49.0,127.0,0.386,1.0,12.0,0.083
1628412,Frank Mason III,1610612758,SAC,25.0,2018-19,0.0,2.0,0.0,1.0,4.0,0.25,13.0,58.0,0.224,1.0,6.0,0.167
1628373,Frank Ntilikina,1610612752,NYK,20.0,2018-19,4.0,11.0,0.364,2.0,13.0,0.154,26.0,89.0,0.292,6.0,24.0,0.25
1627832,Fred VanVleet,1610612761,TOR,25.0,2018-19,12.0,28.0,0.429,15.0,28.0,0.536,85.0,239.0,0.356,27.0,56.0,0.482
1627788,Furkan Korkmaz,1610612755,PHI,21.0,2018-19,2.0,5.0,0.4,8.0,21.0,0.381,36.0,113.0,0.319,10.0,26.0,0.385
202066,Garrett Temple,1610612746,LAC,33.0,2018-19,25.0,61.0,0.41,17.0,49.0,0.347,48.0,154.0,0.312,42.0,110.0,0.382
1629109,Gary Clark,1610612745,HOU,24.0,2018-19,3.0,18.0,0.167,4.0,23.0,0.174,34.0,97.0,0.351,7.0,41.0,0.171
203914,Gary Harris,1610612743,DEN,24.0,2018-19,16.0,42.0,0.381,12.0,28.0,0.429,54.0,172.0,0.314,28.0,70.0,0.4
1627780,Gary Payton II,1610612764,WAS,26.0,2018-19,0.0,0.0,0.0,1.0,2.0,0.5,0.0,0.0,0.0,1.0,2.0,0.5
1629018,Gary Trent Jr.,1610612757,POR,20.0,2018-19,2.0,2.0,1.0,0.0,2.0,0.0,3.0,17.0,0.176,2.0,4.0,0.5
201588,George Hill,1610612749,MIL,33.0,2018-19,10.0,22.0,0.455,3.0,15.0,0.2,35.0,115.0,0.304,13.0,37.0,0.351
1628994,George King,1610612756,PHX,25.0,2018-19,,,,0.0,0.0,0.0,0.0,0.0,0.0,0.0,0.0,0.0
1627777,Georges Niang,1610612762,UTA,26.0,2018-19,15.0,25.0,0.6,3.0,22.0,0.136,25.0,58.0,0.431,18.0,47.0,0.383
101123,Gerald Green,1610612745,HOU,33.0,2018-19,25.0,56.0,0.446,34.0,90.0,0.378,97.0,294.0,0.33,59.0,146.0,0.404
203507,Giannis Antetokounmpo,1610612749,MIL,24.0,2018-19,2.0,6.0,0.333,0.0,3.0,0.0,50.0,191.0,0.262,2.0,9.0,0.222
203922,Glenn Robinson III,1610612765,DET,25.0,2018-19,4.0,13.0,0.308,4.0,19.0,0.211,10.0,30.0,0.333,8.0,32.0,0.25
201609,Goran Dragic,1610612748,MIA,33.0,2018-19,5.0,14.0,0.357,4.0,18.0,0.222,48.0,132.0,0.364,9.0,32.0,0.281
202330,Gordon Hayward,1610612738,BOS,29.0,2018-19,14.0,32.0,0.438,14.0,38.0,0.368,49.0,160.0,0.306,28.0,70.0,0.4
203476,Gorgui Dieng,1610612750,MIN,29.0,2018-19,9.0,18.0,0.5,6.0,19.0,0.316,3.0,16.0,0.188,15.0,37.0,0.405
1628960,Grayson Allen,1610612762,UTA,23.0,2018-19,6.0,18.0,0.333,7.0,13.0,0.538,19.0,67.0,0.284,13.0,31.0,0.419
202328,Greg Monroe,1610612755,PHI,29.0,2018-19,0.0,0.0,0.0,0.0,0.0,0.0,1.0,5.0,0.2,0.0,0.0,0.0
1627824,Guerschon Yabusele,1610612738,BOS,23.0,2018-19,1.0,3.0,0.333,0.0,3.0,0.0,8.0,22.0,0.364,1.0,6.0,0.167
1628977,Hamidou Diallo,1610612760,OKC,20.0,2018-19,2.0,10.0,0.2,2.0,10.0,0.2,0.0,4.0,0.0,4.0,20.0,0.2
203084,Harrison Barnes,1610612758,SAC,27.0,2018-19,26.0,61.0,0.426,34.0,74.0,0.459,113.0,303.0,0.373,60.0,135.0,0.444
1628385,Harry Giles III,1610612758,SAC,21.0,2018-19,0.0,2.0,0.0,0.0,0.0,0.0,0.0,3.0,0.0,0.0,2.0,0.0
202355,Hassan Whiteside,1610612748,MIA,30.0,2018-19,0.0,5.0,0.0,1.0,3.0,0.333,1.0,8.0,0.125,1.0,8.0,0.125
1629312,Haywood Highsmith,1610612755,PHI,22.0,2018-19,0.0,1.0,0.0,0.0,1.0,0.0,1.0,3.0,0.333,0.0,2.0,0.0
1627740,Henry Ellenson,1610612752,NYK,22.0,2018-19,2.0,6.0,0.333,4.0,10.0,0.4,11.0,22.0,0.5,6.0,16.0,0.375
203546,Ian Clark,1610612740,NOP,28.0,2018-19,8.0,23.0,0.348,10.0,26.0,0.385,47.0,152.0,0.309,18.0,49.0,0.367
101133,Ian Mahinmi,1610612764,WAS,32.0,2018-19,1.0,6.0,0.167,1.0,4.0,0.25,1.0,6.0,0.167,2.0,10.0,0.2
1628387,Ike Anigbogu,1610612754,IND,20.0,2018-19,,,,0.0,0.0,0.0,0.0,0.0,0.0,0.0,0.0,0.0
202697,Iman Shumpert,1610612745,HOU,29.0,2018-19,20.0,48.0,0.417,14.0,38.0,0.368,61.0,186.0,0.328,34.0,86.0,0.395
1629067,Isaac Bonga,1610612747,LAL,19.0,2018-19,0.0,1.0,0.0,0.0,1.0,0.0,0.0,6.0,0.0,0.0,2.0,0.0
1629353,Isaac Humphries,1610612737,ATL,21.0,2018-19,0.0,3.0,0.0,2.0,2.0,1.0,1.0,6.0,0.167,2.0,5.0,0.4
1628515,Isaiah Briscoe,1610612753,ORL,23.0,2018-19,3.0,7.0,0.429,0.0,5.0,0.0,8.0,22.0,0.364,3.0,12.0,0.25
203477,Isaiah Canaan,1610612749,MIL,28.0,2018-19,5.0,14.0,0.357,6.0,13.0,0.462,23.0,69.0,0.333,11.0,27.0,0.407
1628392,Isaiah Hartenstein,1610612745,HOU,21.0,2018-19,1.0,2.0,0.5,0.0,0.0,0.0,1.0,4.0,0.25,1.0,2.0,0.5
1628439,Isaiah Hicks,1610612752,NYK,24.0,2018-19,0.0,0.0,0.0,0.0,0.0,0.0,0.0,0.0,0.0,0.0,0.0,0.0
202738,Isaiah Thomas,1610612743,DEN,30.0,2018-19,1.0,2.0,0.5,0.0,4.0,0.0,11.0,37.0,0.297,1.0,6.0,0.167
202397,Ish Smith,1610612765,DET,30.0,2018-19,5.0,11.0,0.455,7.0,16.0,0.438,32.0,104.0,0.308,12.0,27.0,0.444
1628397,Ivan Rabb,1610612763,MEM,22.0,2018-19,0.0,3.0,0.0,0.0,3.0,0.0,3.0,9.0,0.333,0.0,6.0,0.0
1627826,Ivica Zubac,1610612746,LAC,22.0,2018-19,0.0,0.0,0.0,0.0,0.0,0.0,0.0,0.0,0.0,0.0,0.0,0.0
200826,J.J. Barea,1610612742,DAL,35.0,2018-19,1.0,4.0,0.25,1.0,3.0,0.333,36.0,121.0,0.298,2.0,7.0,0.286
1629122,J.P. Macura,1610612766,CHA,24.0,2018-19,0.0,1.0,0.0,0.0,0.0,0.0,0.0,3.0,0.0,0.0,1.0,0.0
200755,JJ Redick,1610612755,PHI,35.0,2018-19,16.0,28.0,0.571,20.0,56.0,0.357,203.0,520.0,0.39,36.0,84.0,0.429
2747,JR Smith,1610612739,CLE,33.0,2018-19,3.0,5.0,0.6,0.0,0.0,0.0,9.0,34.0,0.265,3.0,5.0,0.6
203960,JaKarr Sampson,1610612741,CHI,26.0,2018-19,0.0,3.0,0.0,0.0,0.0,0.0,5.0,11.0,0.455,0.0,3.0,0.0
203210,JaMychal Green,1610612746,LAC,29.0,2018-19,12.0,33.0,0.364,11.0,20.0,0.55,48.0,122.0,0.393,23.0,53.0,0.434
201580,JaVale McGee,1610612747,LAL,31.0,2018-19,0.0,1.0,0.0,0.0,0.0,0.0,1.0,10.0,0.1,0.0,1.0,0.0
203953,Jabari Parker,1610612764,WAS,24.0,2018-19,14.0,29.0,0.483,8.0,24.0,0.333,38.0,140.0,0.271,22.0,53.0,0.415
1628980,Jacob Evans,1610612744,GSW,22.0,2018-19,0.0,1.0,0.0,1.0,3.0,0.333,3.0,11.0,0.273,1.0,4.0,0.25
203109,Jae Crowder,1610612762,UTA,28.0,2018-19,24.0,73.0,0.329,22.0,61.0,0.361,127.0,384.0,0.331,46.0,134.0,0.343
1626143,Jahlil Okafor,1610612740,NOP,23.0,2018-19,0.0,0.0,0.0,0.0,0.0,0.0,1.0,5.0,0.2,0.0,0.0,0.0
1627774,Jake Layman,1610612757,POR,25.0,2018-19,5.0,21.0,0.238,5.0,21.0,0.238,49.0,139.0,0.353,10.0,42.0,0.238
1627751,Jakob Poeltl,1610612759,SAS,23.0,2018-19,0.0,0.0,0.0,0.0,0.0,0.0,0.0,0.0,0.0,0.0,0.0,0.0
1628973,Jalen Brunson,1610612742,DAL,22.0,2018-19,9.0,33.0,0.273,8.0,23.0,0.348,46.0,124.0,0.371,17.0,56.0,0.304
1627883,Jalen Jones,1610612739,CLE,26.0,2018-19,1.0,4.0,0.25,2.0,4.0,0.5,7.0,20.0,0.35,3.0,8.0,0.375
2037,Jamal Crawford,1610612756,PHX,39.0,2018-19,4.0,22.0,0.182,5.0,15.0,0.333,58.0,163.0,0.356,9.0,37.0,0.243
1627750,Jamal Murray,1610612743,DEN,22.0,2018-19,15.0,25.0,0.6,7.0,17.0,0.412,128.0,368.0,0.348,22.0,42.0,0.524
203516,James Ennis III,1610612755,PHI,28.0,2018-19,15.0,34.0,0.441,17.0,46.0,0.37,23.0,76.0,0.303,32.0,80.0,0.4
201935,James Harden,1610612745,HOU,29.0,2018-19,9.0,35.0,0.257,21.0,50.0,0.42,348.0,942.0,0.369,30.0,85.0,0.353
201949,James Johnson,1610612748,MIA,32.0,2018-19,7.0,16.0,0.438,10.0,28.0,0.357,33.0,101.0,0.327,17.0,44.0,0.386
203263,James Nunnally,1610612745,HOU,28.0,2018-19,3.0,8.0,0.375,1.0,4.0,0.25,4.0,13.0,0.308,4.0,12.0,0.333
201162,Jared Dudley,1610612751,BKN,33.0,2018-19,3.0,9.0,0.333,11.0,24.0,0.458,39.0,118.0,0.331,14.0,33.0,0.424
1629123,Jared Terrell,1610612750,MIN,24.0,2018-19,1.0,1.0,1.0,0.0,3.0,0.0,3.0,13.0,0.231,1.0,4.0,0.25
1626185,Jarell Martin,1610612753,ORL,25.0,2018-19,3.0,14.0,0.214,6.0,15.0,0.4,11.0,28.0,0.393,9.0,29.0,0.31
1628991,Jaren Jackson Jr.,1610612763,MEM,19.0,2018-19,4.0,17.0,0.235,3.0,18.0,0.167,44.0,107.0,0.411,7.0,35.0,0.2
1628417,Jaron Blossomgame,1610612739,CLE,25.0,2018-19,3.0,11.0,0.273,1.0,6.0,0.167,6.0,22.0,0.273,4.0,17.0,0.235
1629020,Jarred Vanderbilt,1610612743,DEN,20.0,2018-19,0.0,0.0,0.0,0.0,1.0,0.0,0.0,0.0,0.0,0.0,1.0,0.0
1628386,Jarrett Allen,1610612751,BKN,21.0,2018-19,4.0,24.0,0.167,2.0,17.0,0.118,0.0,3.0,0.0,6.0,41.0,0.146
201160,Jason Smith,1610612740,NOP,33.0,2018-19,2.0,4.0,0.5,0.0,1.0,0.0,7.0,21.0,0.333,2.0,5.0,0.4
1628393,Jawun Evans,1610612760,OKC,22.0,2018-19,0.0,0.0,0.0,0.0,0.0,0.0,0.0,3.0,0.0,0.0,0.0,0.0
1629121,Jaylen Adams,1610612737,ATL,23.0,2018-19,0.0,2.0,0.0,2.0,12.0,0.167,23.0,59.0,0.39,2.0,14.0,0.143
1627759,Jaylen Brown,1610612738,BOS,22.0,2018-19,12.0,26.0,0.462,14.0,51.0,0.275,69.0,199.0,0.347,26.0,77.0,0.338
1628537,Jaylen Morris,1610612749,MIL,23.0,2018-19,0.0,0.0,0.0,0.0,0.0,0.0,1.0,3.0,0.333,0.0,0.0,0.0
1628369,Jayson Tatum,1610612738,BOS,21.0,2018-19,18.0,41.0,0.439,14.0,48.0,0.292,84.0,222.0,0.378,32.0,89.0,0.36
201145,Jeff Green,1610612764,WAS,32.0,2018-19,13.0,42.0,0.31,24.0,53.0,0.453,74.0,221.0,0.335,37.0,95.0,0.389
201952,Jeff Teague,1610612750,MIN,31.0,2018-19,1.0,5.0,0.2,0.0,0.0,0.0,34.0,101.0,0.337,1.0,5.0,0.2
1629203,Jemerrio Jones,1610612747,LAL,24.0,2018-19,0.0,0.0,0.0,0.0,0.0,0.0,2.0,10.0,0.2,0.0,0.0,0.0
203924,Jerami Grant,1610612760,OKC,25.0,2018-19,19.0,50.0,0.38,43.0,106.0,0.406,53.0,135.0,0.393,62.0,156.0,0.397
203087,Jeremy Lamb,1610612766,CHA,27.0,2018-19,18.0,32.0,0.563,10.0,20.0,0.5,86.0,277.0,0.31,28.0,52.0,0.538
202391,Jeremy Lin,1610612761,TOR,30.0,2018-19,6.0,17.0,0.353,5.0,13.0,0.385,44.0,157.0,0.28,11.0,30.0,0.367
1626170,Jerian Grant,1610612753,ORL,26.0,2018-19,4.0,12.0,0.333,2.0,3.0,0.667,34.0,95.0,0.358,6.0,15.0,0.4
1629010,Jerome Robinson,1610612746,LAC,22.0,2018-19,4.0,9.0,0.444,0.0,1.0,0.0,14.0,45.0,0.311,4.0,10.0,0.4
201573,Jerryd Bayless,1610612750,MIN,30.0,2018-19,2.0,4.0,0.5,2.0,10.0,0.2,25.0,82.0,0.305,4.0,14.0,0.286
1628975,Jevon Carter,1610612763,MEM,23.0,2018-19,3.0,13.0,0.231,8.0,20.0,0.4,23.0,67.0,0.343,11.0,33.0,0.333
202690,Jimmer Fredette,1610612756,PHX,30.0,2018-19,0.0,0.0,0.0,0.0,3.0,0.0,0.0,9.0,0.0,0.0,3.0,0.0
202710,Jimmy Butler III,1610612755,PHI,29.0,2018-19,6.0,17.0,0.353,10.0,30.0,0.333,51.0,145.0,0.352,16.0,47.0,0.34
201149,Joakim Noah,1610612763,MEM,34.0,2018-19,0.0,0.0,0.0,0.0,0.0,0.0,0.0,0.0,0.0,0.0,0.0,0.0
201975,Jodie Meeks,1610612761,TOR,31.0,2018-19,3.0,4.0,0.75,0.0,3.0,0.0,5.0,11.0,0.455,3.0,7.0,0.429
1629147,Joe Chealey,1610612766,CHA,23.0,2018-19,,,,,,,0.0,0.0,0.0,,,
203925,Joe Harris,1610612751,BKN,27.0,2018-19,11.0,21.0,0.524,21.0,41.0,0.512,151.0,324.0,0.466,32.0,62.0,0.516
204060,Joe Ingles,1610612762,UTA,31.0,2018-19,31.0,57.0,0.544,33.0,83.0,0.398,125.0,343.0,0.364,64.0,140.0,0.457
203954,Joel Embiid,1610612755,PHI,25.0,2018-19,4.0,7.0,0.571,0.0,3.0,0.0,75.0,251.0,0.299,4.0,10.0,0.4
1628381,John Collins,1610612737,ATL,21.0,2018-19,15.0,27.0,0.556,11.0,26.0,0.423,29.0,103.0,0.282,26.0,53.0,0.491
203089,John Henson,1610612739,CLE,28.0,2018-19,3.0,7.0,0.429,1.0,3.0,0.333,7.0,21.0,0.333,4.0,10.0,0.4
204066,John Holland,1610612739,CLE,30.0,2018-19,,,,,,,0.0,0.0,0.0,,,
203098,John Jenkins,1610612752,NYK,28.0,2018-19,1.0,7.0,0.143,4.0,9.0,0.444,17.0,42.0,0.405,5.0,16.0,0.313
202322,John Wall,1610612764,WAS,28.0,2018-19,2.0,7.0,0.286,5.0,11.0,0.455,44.0,151.0,0.291,7.0,18.0,0.389
1628405,Johnathan Motley,1610612746,LAC,24.0,2018-19,0.0,1.0,0.0,0.0,0.0,0.0,0.0,2.0,0.0,0.0,1.0,0.0
1629140,Johnathan Williams,1610612747,LAL,24.0,2018-19,0.0,0.0,0.0,0.0,1.0,0.0,0.0,0.0,0.0,0.0,1.0,0.0
202720,Jon Leuer,1610612765,DET,30.0,2018-19,0.0,4.0,0.0,0.0,1.0,0.0,1.0,6.0,0.167,0.0,5.0,0.0
1628413,Jonah Bolden,1610612755,PHI,23.0,2018-19,2.0,10.0,0.2,6.0,13.0,0.462,26.0,72.0,0.361,8.0,23.0,0.348
201973,Jonas Jerebko,1610612744,GSW,32.0,2018-19,8.0,28.0,0.286,12.0,24.0,0.5,48.0,134.0,0.358,20.0,52.0,0.385
202685,Jonas Valančiūnas,1610612763,MEM,27.0,2018-19,1.0,1.0,1.0,1.0,2.0,0.5,12.0,45.0,0.267,2.0,3.0,0.667
1628371,Jonathan Isaac,1610612753,ORL,21.0,2018-19,19.0,61.0,0.311,16.0,42.0,0.381,50.0,161.0,0.311,35.0,103.0,0.34
203613,Jonathon Simmons,1610612755,PHI,29.0,2018-19,7.0,17.0,0.412,2.0,9.0,0.222,19.0,76.0,0.25,9.0,26.0,0.346
1628395,Jordan Bell,1610612744,GSW,24.0,2018-19,0.0,0.0,0.0,0.0,0.0,0.0,0.0,1.0,0.0,0.0,0.0,0.0
203903,Jordan Clarkson,1610612739,CLE,27.0,2018-19,23.0,56.0,0.411,11.0,39.0,0.282,110.0,349.0,0.315,34.0,95.0,0.358
1628070,Jordan Loyd,1610612761,TOR,25.0,2018-19,0.0,0.0,0.0,0.0,0.0,0.0,4.0,8.0,0.5,0.0,0.0,0.0
203895,Jordan McRae,1610612764,WAS,28.0,2018-19,2.0,7.0,0.286,0.0,0.0,0.0,8.0,27.0,0.296,2.0,7.0,0.286
1626296,Jordan Sibert,1610612737,ATL,26.0,2018-19,0.0,0.0,0.0,0.0,0.0,0.0,1.0,1.0,1.0,0.0,0.0,0.0
101181,Jose Calderon,1610612765,DET,37.0,2018-19,2.0,4.0,0.5,1.0,5.0,0.2,11.0,47.0,0.234,3.0,9.0,0.333
1628404,Josh Hart,1610612747,LAL,24.0,2018-19,13.0,36.0,0.361,13.0,34.0,0.382,66.0,204.0,0.324,26.0,70.0,0.371
1628367,Josh Jackson,1610612756,PHX,22.0,2018-19,8.0,39.0,0.205,10.0,31.0,0.323,55.0,153.0,0.359,18.0,70.0,0.257
1629006,Josh Okogie,1610612750,MIN,20.0,2018-19,11.0,30.0,0.367,12.0,47.0,0.255,37.0,137.0,0.27,23.0,77.0,0.299
1626196,Josh Richardson,1610612748,MIA,25.0,2018-19,22.0,49.0,0.449,8.0,30.0,0.267,134.0,379.0,0.354,30.0,79.0,0.38
201950,Jrue Holiday,1610612740,NOP,29.0,2018-19,11.0,23.0,0.478,5.0,18.0,0.278,100.0,318.0,0.314,16.0,41.0,0.39
1627823,Juancho Hernangomez,1610612743,DEN,23.0,2018-19,10.0,26.0,0.385,8.0,31.0,0.258,48.0,124.0,0.387,18.0,57.0,0.316
1627395,Julian Washburn,1610612763,MEM,27.0,2018-19,1.0,3.0,0.333,2.0,8.0,0.25,2.0,12.0,0.167,3.0,11.0,0.273
203944,Julius Randle,1610612740,NOP,24.0,2018-19,8.0,22.0,0.364,4.0,13.0,0.308,55.0,160.0,0.344,12.0,35.0,0.343
1626147,Justin Anderson,1610612737,ATL,25.0,2018-19,3.0,13.0,0.231,3.0,7.0,0.429,18.0,56.0,0.321,6.0,20.0,0.3
203200,Justin Holiday,1610612763,MEM,30.0,2018-19,34.0,84.0,0.405,34.0,80.0,0.425,94.0,298.0,0.315,68.0,164.0,0.415
1628382,Justin Jackson,1610612742,DAL,24.0,2018-19,18.0,43.0,0.419,17.0,47.0,0.362,52.0,153.0,0.34,35.0,90.0,0.389
1628383,Justin Patton,1610612755,PHI,22.0,2018-19,0.0,0.0,0.0,0.0,0.0,0.0,0.0,2.0,0.0,0.0,0.0,0.0
1626159,Justise Winslow,1610612748,MIA,23.0,2018-19,25.0,55.0,0.455,10.0,37.0,0.27,61.0,163.0,0.374,35.0,92.0,0.38
203994,Jusuf Nurkić,1610612757,POR,24.0,2018-19,0.0,1.0,0.0,0.0,1.0,0.0,3.0,27.0,0.111,0.0,2.0,0.0
1628443,Kadeem Allen,1610612752,NYK,26.0,2018-19,1.0,1.0,1.0,1.0,5.0,0.2,15.0,30.0,0.5,2.0,6.0,0.333
203564,Kalin Lucas,1610612765,DET,30.0,2018-19,,,,,,,0.0,1.0,0.0,,,
1626157,Karl-Anthony Towns,1610612750,MIN,23.0,2018-19,11.0,27.0,0.407,7.0,15.0,0.467,123.0,311.0,0.395,18.0,42.0,0.429
202695,Kawhi Leonard,1610612761,TOR,28.0,2018-19,12.0,26.0,0.462,9.0,27.0,0.333,91.0,249.0,0.365,21.0,53.0,0.396
1628966,Keita Bates-Diop,1610612750,MIN,23.0,2018-19,1.0,9.0,0.111,3.0,11.0,0.273,9.0,31.0,0.29,4.0,20.0,0.2
203482,Kelly Olynyk,1610612748,MIA,28.0,2018-19,15.0,38.0,0.395,14.0,38.0,0.368,84.0,242.0,0.347,29.0,76.0,0.382
1626162,Kelly Oubre Jr.,1610612756,PHX,23.0,2018-19,8.0,32.0,0.25,17.0,48.0,0.354,83.0,257.0,0.323,25.0,80.0,0.313
202689,Kemba Walker,1610612766,CHA,29.0,2018-19,4.0,19.0,0.211,12.0,22.0,0.545,243.0,680.0,0.357,16.0,41.0,0.39
202702,Kenneth Faried,1610612745,HOU,29.0,2018-19,3.0,6.0,0.5,0.0,3.0,0.0,5.0,15.0,0.333,3.0,9.0,0.333
1629026,Kenrich Williams,1610612740,NOP,24.0,2018-19,6.0,18.0,0.333,6.0,24.0,0.25,40.0,111.0,0.36,12.0,42.0,0.286
203145,Kent Bazemore,1610612737,ATL,29.0,2018-19,20.0,62.0,0.323,17.0,50.0,0.34,59.0,184.0,0.321,37.0,112.0,0.33
203484,Kentavious Caldwell-Pope,1610612747,LAL,26.0,2018-19,29.0,65.0,0.446,20.0,54.0,0.37,102.0,314.0,0.325,49.0,119.0,0.412
201142,Kevin Durant,1610612744,GSW,30.0,2018-19,3.0,13.0,0.231,4.0,18.0,0.222,130.0,357.0,0.364,7.0,31.0,0.226
1628989,Kevin Huerter,1610612737,ATL,20.0,2018-19,15.0,33.0,0.455,19.0,45.0,0.422,101.0,272.0,0.371,34.0,78.0,0.436
1628995,Kevin Knox II,1610612752,NYK,19.0,2018-19,10.0,32.0,0.313,20.0,48.0,0.417,94.0,282.0,0.333,30.0,80.0,0.375
201567,Kevin Love,1610612739,CLE,30.0,2018-19,8.0,19.0,0.421,6.0,13.0,0.462,39.0,115.0,0.339,14.0,32.0,0.438
1626172,Kevon Looney,1610612744,GSW,23.0,2018-19,0.0,2.0,0.0,0.0,2.0,0.0,1.0,5.0,0.2,0.0,4.0,0.0
203920,Khem Birch,1610612753,ORL,26.0,2018-19,0.0,0.0,0.0,0.0,0.0,0.0,0.0,1.0,0.0,0.0,0.0,0.0
203114,Khris Middleton,1610612749,MIL,27.0,2018-19,9.0,33.0,0.273,11.0,28.0,0.393,159.0,413.0,0.385,20.0,61.0,0.328
1629017,Khyri Thomas,1610612765,DET,23.0,2018-19,3.0,9.0,0.333,3.0,8.0,0.375,4.0,18.0,0.222,6.0,17.0,0.353
202691,Klay Thompson,1610612744,GSW,29.0,2018-19,27.0,70.0,0.386,34.0,65.0,0.523,180.0,464.0,0.388,61.0,135.0,0.452
1628424,Kobi Simmons,1610612739,CLE,21.0,2018-19,,,,,,,0.0,0.0,0.0,,,
201585,Kosta Koufos,1610612758,SAC,30.0,2018-19,0.0,0.0,0.0,0.0,0.0,0.0,0.0,0.0,0.0,0.0,0.0,0.0
1628961,Kostas Antetokounmpo,1610612742,DAL,21.0,2018-19,,,,0.0,0.0,0.0,0.0,0.0,0.0,0.0,0.0,0.0
1627739,Kris Dunn,1610612741,CHI,25.0,2018-19,3.0,8.0,0.375,4.0,11.0,0.364,27.0,77.0,0.351,7.0,19.0,0.368
203937,Kyle Anderson,1610612763,MEM,25.0,2018-19,5.0,14.0,0.357,3.0,7.0,0.429,1.0,13.0,0.077,8.0,21.0,0.381
2594,Kyle Korver,1610612762,UTA,38.0,2018-19,26.0,50.0,0.52,18.0,43.0,0.419,94.0,258.0,0.364,44.0,93.0,0.473
1628398,Kyle Kuzma,1610612747,LAL,23.0,2018-19,17.0,49.0,0.347,13.0,42.0,0.31,98.0,328.0,0.299,30.0,91.0,0.33
200768,Kyle Lowry,1610612761,TOR,33.0,2018-19,17.0,39.0,0.436,6.0,16.0,0.375,134.0,394.0,0.34,23.0,55.0,0.418
203124,Kyle O'Quinn,1610612754,IND,29.0,2018-19,0.0,1.0,0.0,0.0,1.0,0.0,1.0,10.0,0.1,0.0,2.0,0.0
202681,Kyrie Irving,1610612738,BOS,27.0,2018-19,13.0,31.0,0.419,10.0,26.0,0.385,151.0,375.0,0.403,23.0,57.0,0.404
200746,LaMarcus Aldridge,1610612759,SAS,33.0,2018-19,1.0,2.0,0.5,0.0,2.0,0.0,9.0,38.0,0.237,1.0,4.0,0.25
202362,Lance Stephenson,1610612747,LAL,28.0,2018-19,7.0,20.0,0.35,20.0,37.0,0.541,46.0,136.0,0.338,27.0,57.0,0.474
202498,Lance Thomas,1610612752,NYK,31.0,2018-19,8.0,27.0,0.296,5.0,19.0,0.263,9.0,33.0,0.273,13.0,46.0,0.283
1629013,Landry Shamet,1610612746,LAC,22.0,2018-19,22.0,44.0,0.5,17.0,39.0,0.436,128.0,313.0,0.409,39.0,83.0,0.47
204038,Langston Galloway,1610612765,DET,27.0,2018-19,27.0,74.0,0.365,33.0,76.0,0.434,75.0,230.0,0.326,60.0,150.0,0.4
1626204,Larry Nance Jr.,1610612739,CLE,26.0,2018-19,3.0,11.0,0.273,2.0,7.0,0.286,28.0,79.0,0.354,5.0,18.0,0.278
1628374,Lauri Markkanen,1610612741,CHI,22.0,2018-19,7.0,19.0,0.368,7.0,19.0,0.368,106.0,291.0,0.364,14.0,38.0,0.368
2544,LeBron James,1610612747,LAL,34.0,2018-19,4.0,15.0,0.267,5.0,12.0,0.417,102.0,301.0,0.339,9.0,27.0,0.333
1629022,Lonnie Walker IV,1610612759,SAS,20.0,2018-19,0.0,0.0,0.0,1.0,1.0,1.0,4.0,12.0,0.333,1.0,1.0,1.0
1628366,Lonzo Ball,1610612747,LAL,21.0,2018-19,4.0,20.0,0.2,5.0,22.0,0.227,66.0,184.0,0.359,9.0,42.0,0.214
203485,Lorenzo Brown,1610612761,TOR,28.0,2018-19,2.0,6.0,0.333,1.0,3.0,0.333,3.0,17.0,0.176,3.0,9.0,0.333
101150,Lou Williams,1610612746,LAC,32.0,2018-19,8.0,22.0,0.364,7.0,13.0,0.538,90.0,256.0,0.352,15.0,35.0,0.429
201601,Luc Mbah a Moute,1610612746,LAC,32.0,2018-19,0.0,0.0,0.0,0.0,3.0,0.0,2.0,3.0,0.667,0.0,3.0,0.0
1629029,Luka Dončić,1610612742,DAL,20.0,2018-19,10.0,20.0,0.5,7.0,13.0,0.538,150.0,466.0,0.322,17.0,33.0,0.515
1628379,Luke Kennard,1610612765,DET,23.0,2018-19,12.0,25.0,0.48,12.0,28.0,0.429,82.0,214.0,0.383,24.0,53.0,0.453
1628436,Luke Kornet,1610612752,NYK,23.0,2018-19,7.0,14.0,0.5,6.0,13.0,0.462,57.0,165.0,0.345,13.0,27.0,0.481
2736,Luol Deng,1610612750,MIN,34.0,2018-19,2.0,9.0,0.222,7.0,11.0,0.636,5.0,23.0,0.217,9.0,20.0,0.45
1627781,Malachi Richardson,1610612761,TOR,23.0,2018-19,4.0,10.0,0.4,0.0,2.0,0.0,4.0,13.0,0.308,4.0,12.0,0.333
1627763,Malcolm Brogdon,1610612749,MIL,26.0,2018-19,10.0,24.0,0.417,14.0,24.0,0.583,80.0,196.0,0.408,24.0,48.0,0.5
1626259,Malcolm Miller,1610612761,TOR,26.0,2018-19,3.0,5.0,0.6,2.0,3.0,0.667,5.0,13.0,0.385,5.0,8.0,0.625
1627736,Malik Beasley,1610612743,DEN,22.0,2018-19,21.0,55.0,0.382,16.0,28.0,0.571,124.0,316.0,0.392,37.0,83.0,0.446
1628370,Malik Monk,1610612766,CHA,21.0,2018-19,7.0,34.0,0.206,14.0,37.0,0.378,88.0,253.0,0.348,21.0,71.0,0.296
202705,MarShon Brooks,1610612763,MEM,30.0,2018-19,1.0,4.0,0.25,1.0,2.0,0.5,13.0,48.0,0.271,2.0,6.0,0.333
201188,Marc Gasol,1610612761,TOR,34.0,2018-19,2.0,4.0,0.5,0.0,3.0,0.0,97.0,267.0,0.363,2.0,7.0,0.286
101162,Marcin Gortat,1610612746,LAC,35.0,2018-19,0.0,0.0,0.0,0.0,0.0,0.0,0.0,0.0,0.0,0.0,0.0,0.0
201158,Marco Belinelli,1610612759,SAS,33.0,2018-19,14.0,34.0,0.412,14.0,37.0,0.378,119.0,320.0,0.372,28.0,71.0,0.394
1629094,Marcus Derrickson,1610612744,GSW,23.0,2018-19,1.0,1.0,1.0,1.0,4.0,0.25,8.0,15.0,0.533,2.0,5.0,0.4
202694,Marcus Morris Sr.,1610612738,BOS,29.0,2018-19,10.0,38.0,0.263,5.0,29.0,0.172,131.0,318.0,0.412,15.0,67.0,0.224
203935,Marcus Smart,1610612738,BOS,25.0,2018-19,19.0,46.0,0.413,16.0,47.0,0.34,91.0,253.0,0.36,35.0,93.0,0.376
1626209,Mario Hezonja,1610612752,NYK,24.0,2018-19,2.0,17.0,0.118,1.0,10.0,0.1,39.0,125.0,0.312,3.0,27.0,0.111
1628365,Markelle Fultz,1610612753,ORL,21.0,2018-19,1.0,4.0,0.25,1.0,2.0,0.5,2.0,6.0,0.333,2.0,6.0,0.333
202693,Markieff Morris,1610612760,OKC,29.0,2018-19,8.0,26.0,0.308,8.0,29.0,0.276,52.0,147.0,0.354,16.0,55.0,0.291
1627737,Marquese Chriss,1610612739,CLE,21.0,2018-19,6.0,14.0,0.429,1.0,12.0,0.083,9.0,46.0,0.196,7.0,26.0,0.269
1628963,Marvin Bagley III,1610612758,SAC,20.0,2018-19,1.0,9.0,0.111,3.0,12.0,0.25,26.0,74.0,0.351,4.0,21.0,0.19
101107,Marvin Williams,1610612766,CHA,33.0,2018-19,36.0,86.0,0.419,16.0,41.0,0.39,88.0,254.0,0.346,52.0,127.0,0.409
203486,Mason Plumlee,1610612743,DEN,29.0,2018-19,0.0,0.0,0.0,0.0,1.0,0.0,2.0,6.0,0.333,0.0,1.0,0.0
203521,Matthew Dellavedova,1610612739,CLE,28.0,2018-19,1.0,5.0,0.2,0.0,3.0,0.0,43.0,118.0,0.364,1.0,8.0,0.125
203090,Maurice Harkless,1610612757,POR,26.0,2018-19,6.0,21.0,0.286,6.0,19.0,0.316,21.0,77.0,0.273,12.0,40.0,0.3
1628467,Maxi Kleber,1610612742,DAL,27.0,2018-19,16.0,38.0,0.421,6.0,33.0,0.182,55.0,147.0,0.374,22.0,71.0,0.31
1628982,Melvin Frazier Jr.,1610612753,ORL,22.0,2018-19,0.0,2.0,0.0,0.0,1.0,0.0,0.0,3.0,0.0,0.0,3.0,0.0
203086,Meyers Leonard,1610612757,POR,27.0,2018-19,5.0,9.0,0.556,2.0,6.0,0.333,43.0,95.0,0.453,7.0,15.0,0.467
201563,Michael Beasley,1610612747,LAL,30.0,2018-19,1.0,2.0,0.5,1.0,6.0,0.167,1.0,9.0,0.111,2.0,8.0,0.25
203487,Michael Carter-Williams,1610612753,ORL,27.0,2018-19,3.0,5.0,0.6,2.0,8.0,0.25,5.0,25.0,0.2,5.0,13.0,0.385
203077,Michael Kidd-Gilchrist,1610612766,CHA,25.0,2018-19,5.0,12.0,0.417,8.0,17.0,0.471,3.0,14.0,0.214,13.0,29.0,0.448
1628969,Mikal Bridges,1610612756,PHX,22.0,2018-19,23.0,58.0,0.397,21.0,81.0,0.259,61.0,171.0,0.357,44.0,139.0,0.317
201144,Mike Conley,1610612763,MEM,31.0,2018-19,11.0,25.0,0.44,14.0,30.0,0.467,130.0,369.0,0.352,25.0,55.0,0.455
203488,Mike Muscala,1610612747,LAL,27.0,2018-19,11.0,26.0,0.423,5.0,28.0,0.179,73.0,201.0,0.363,16.0,54.0,0.296
203118,Mike Scott,1610612755,PHI,30.0,2018-19,17.0,36.0,0.472,13.0,33.0,0.394,70.0,179.0,0.391,30.0,69.0,0.435
1628970,Miles Bridges,1610612766,CHA,21.0,2018-19,13.0,35.0,0.371,17.0,43.0,0.395,35.0,113.0,0.31,30.0,78.0,0.385
203101,Miles Plumlee,1610612737,ATL,30.0,2018-19,0.0,0.0,0.0,0.0,0.0,0.0,0.0,0.0,0.0,0.0,0.0,0.0
1628462,Milos Teodosic,1610612746,LAC,32.0,2018-19,1.0,2.0,0.5,1.0,2.0,0.5,8.0,22.0,0.364,2.0,4.0,0.5
1628249,Mitchell Creek,1610612750,MIN,27.0,2018-19,0.0,1.0,0.0,0.0,0.0,0.0,0.0,1.0,0.0,0.0,1.0,0.0
1629011,Mitchell Robinson,1610612752,NYK,21.0,2018-19,0.0,0.0,0.0,0.0,0.0,0.0,0.0,0.0,0.0,0.0,0.0,0.0
1628964,Mo Bamba,1610612753,ORL,21.0,2018-19,5.0,12.0,0.417,1.0,7.0,0.143,15.0,50.0,0.3,6.0,19.0,0.316
1628420,Monte Morris,1610612743,DEN,24.0,2018-19,15.0,40.0,0.375,14.0,28.0,0.5,63.0,156.0,0.404,29.0,68.0,0.426
1626149,Montrezl Harrell,1610612746,LAC,25.0,2018-19,0.0,1.0,0.0,0.0,0.0,0.0,3.0,13.0,0.231,0.0,1.0,0.0
1629021,Moritz Wagner,1610612747,LAL,22.0,2018-19,0.0,3.0,0.0,0.0,1.0,0.0,22.0,73.0,0.301,0.0,4.0,0.0
1626167,Myles Turner,1610612754,IND,23.0,2018-19,6.0,9.0,0.667,4.0,7.0,0.571,66.0,179.0,0.369,10.0,16.0,0.625
1628513,Naz Mitrou-Long,1610612762,UTA,25.0,2018-19,0.0,1.0,0.0,0.0,1.0,0.0,2.0,9.0,0.222,0.0,2.0,0.0
202357,Nemanja Bjelica,1610612758,SAC,31.0,2018-19,9.0,27.0,0.333,5.0,22.0,0.227,89.0,208.0,0.428,14.0,49.0,0.286
2403,Nene,1610612745,HOU,36.0,2018-19,0.0,0.0,0.0,0.0,0.0,0.0,0.0,3.0,0.0,0.0,0.0,0.0
203457,Nerlens Noel,1610612760,OKC,25.0,2018-19,0.0,0.0,0.0,0.0,0.0,0.0,0.0,0.0,0.0,0.0,0.0,0.0
201156,Nick Young,1610612743,DEN,34.0,2018-19,0.0,1.0,0.0,0.0,1.0,0.0,3.0,6.0,0.5,0.0,2.0,0.0
201587,Nicolas Batum,1610612766,CHA,30.0,2018-19,19.0,53.0,0.358,24.0,44.0,0.545,73.0,199.0,0.367,43.0,97.0,0.443
203917,Nik Stauskas,1610612739,CLE,25.0,2018-19,10.0,21.0,0.476,6.0,23.0,0.261,54.0,143.0,0.378,16.0,44.0,0.364
203999,Nikola Jokić,1610612743,DEN,24.0,2018-19,1.0,2.0,0.5,1.0,4.0,0.25,81.0,260.0,0.312,2.0,6.0,0.333
202703,Nikola Mirotic,1610612749,MIL,28.0,2018-19,12.0,31.0,0.387,9.0,22.0,0.409,95.0,263.0,0.361,21.0,53.0,0.396
202696,Nikola Vučević,1610612753,ORL,28.0,2018-19,0.0,1.0,0.0,1.0,2.0,0.5,83.0,227.0,0.366,1.0,3.0,0.333
203943,Noah Vonleh,1610612752,NYK,23.0,2018-19,2.0,6.0,0.333,5.0,12.0,0.417,39.0,119.0,0.328,7.0,18.0,0.389
1626181,Norman Powell,1610612761,TOR,26.0,2018-19,15.0,34.0,0.441,11.0,21.0,0.524,41.0,111.0,0.369,26.0,55.0,0.473
1628384,OG Anunoby,1610612761,TOR,21.0,2018-19,15.0,49.0,0.306,13.0,51.0,0.255,39.0,102.0,0.382,28.0,100.0,0.28
1627855,Okaro White,1610612764,WAS,26.0,2018-19,0.0,0.0,0.0,0.0,1.0,0.0,0.0,1.0,0.0,0.0,1.0,0.0
1629016,Omari Spellman,1610612737,ATL,21.0,2018-19,7.0,21.0,0.333,13.0,26.0,0.5,24.0,81.0,0.296,20.0,47.0,0.426
201956,Omri Casspi,1610612763,MEM,31.0,2018-19,2.0,3.0,0.667,0.0,4.0,0.0,13.0,36.0,0.361,2.0,7.0,0.286
203490,Otto Porter Jr.,1610612741,CHI,26.0,2018-19,16.0,39.0,0.41,16.0,35.0,0.457,72.0,182.0,0.396,32.0,74.0,0.432
200782,P.J. Tucker,1610612745,HOU,34.0,2018-19,39.0,115.0,0.339,70.0,162.0,0.432,37.0,106.0,0.349,109.0,277.0,0.394
1628408,PJ Dozier,1610612738,BOS,22.0,2018-19,0.0,0.0,0.0,1.0,2.0,0.5,1.0,6.0,0.167,1.0,2.0,0.5
1627783,Pascal Siakam,1610612761,TOR,25.0,2018-19,35.0,80.0,0.438,27.0,69.0,0.391,17.0,63.0,0.27,62.0,149.0,0.416
1626192,Pat Connaughton,1610612749,MIL,26.0,2018-19,7.0,21.0,0.333,5.0,16.0,0.313,54.0,163.0,0.331,12.0,37.0,0.324
201976,Patrick Beverley,1610612746,LAC,30.0,2018-19,11.0,27.0,0.407,19.0,33.0,0.576,82.0,221.0,0.371,30.0,60.0,0.5
1627775,Patrick McCaw,1610612761,TOR,23.0,2018-19,6.0,9.0,0.667,1.0,3.0,0.333,2.0,15.0,0.133,7.0,12.0,0.583
202335,Patrick Patterson,1610612760,OKC,30.0,2018-19,7.0,17.0,0.412,8.0,30.0,0.267,30.0,89.0,0.337,15.0,47.0,0.319
201988,Patty Mills,1610612759,SAS,30.0,2018-19,22.0,45.0,0.489,21.0,46.0,0.457,116.0,311.0,0.373,43.0,91.0,0.473
2200,Pau Gasol,1610612749,MIL,38.0,2018-19,0.0,2.0,0.0,0.0,1.0,0.0,6.0,10.0,0.6,0.0,3.0,0.0
202331,Paul George,1610612760,OKC,29.0,2018-19,19.0,47.0,0.404,29.0,65.0,0.446,242.0,637.0,0.38,48.0,112.0,0.429
200794,Paul Millsap,1610612743,DEN,34.0,2018-19,4.0,15.0,0.267,11.0,20.0,0.55,42.0,123.0,0.341,15.0,35.0,0.429
203112,Quincy Acy,1610612756,PHX,28.0,2018-19,0.0,2.0,0.0,1.0,3.0,0.333,1.0,10.0,0.1,1.0,5.0,0.2
202347,Quincy Pondexter,1610612759,SAS,31.0,2018-19,2.0,5.0,0.4,1.0,4.0,0.25,3.0,9.0,0.333,3.0,9.0,0.333
1626188,Quinn Cook,1610612744,GSW,26.0,2018-19,14.0,25.0,0.56,5.0,18.0,0.278,62.0,156.0,0.397,19.0,43.0,0.442
1626154,RJ Hunter,1610612738,BOS,25.0,2018-19,0.0,0.0,0.0,0.0,0.0,0.0,4.0,10.0,0.4,0.0,0.0,0.0
200765,Rajon Rondo,1610612747,LAL,33.0,2018-19,1.0,10.0,0.1,5.0,14.0,0.357,45.0,117.0,0.385,6.0,24.0,0.25
203526,Raul Neto,1610612762,UTA,27.0,2018-19,3.0,9.0,0.333,5.0,14.0,0.357,12.0,37.0,0.324,8.0,23.0,0.348
1628959,Rawle Alkins,1610612741,CHI,21.0,2018-19,1.0,2.0,0.5,1.0,2.0,0.5,1.0,8.0,0.125,2.0,4.0,0.5
1629034,Ray Spalding,1610612756,PHX,22.0,2018-19,0.0,0.0,0.0,0.0,1.0,0.0,0.0,2.0,0.0,0.0,1.0,0.0
101109,Raymond Felton,1610612760,OKC,35.0,2018-19,1.0,5.0,0.2,3.0,6.0,0.5,16.0,49.0,0.327,4.0,11.0,0.364
203493,Reggie Bullock Jr.,1610612747,LAL,28.0,2018-19,28.0,66.0,0.424,15.0,39.0,0.385,105.0,288.0,0.365,43.0,105.0,0.41
202704,Reggie Jackson,1610612765,DET,29.0,2018-19,21.0,46.0,0.457,13.0,38.0,0.342,140.0,382.0,0.366,34.0,84.0,0.405
1626158,Richaun Holmes,1610612756,PHX,25.0,2018-19,0.0,0.0,0.0,0.0,0.0,0.0,0.0,0.0,0.0,0.0,0.0,0.0
201937,Ricky Rubio,1610612762,UTA,28.0,2018-19,20.0,53.0,0.377,8.0,24.0,0.333,51.0,175.0,0.291,28.0,77.0,0.364
203496,Robert Covington,1610612750,MIN,28.0,2018-19,4.0,13.0,0.308,9.0,17.0,0.529,71.0,194.0,0.366,13.0,30.0,0.433
1629057,Robert Williams III,1610612738,BOS,21.0,2018-19,0.0,0.0,0.0,0.0,0.0,0.0,0.0,0.0,0.0,0.0,0.0,0.0
201577,Robin Lopez,1610612741,CHI,31.0,2018-19,0.0,1.0,0.0,0.0,0.0,0.0,7.0,30.0,0.233,0.0,1.0,0.0
1629066,Rodions Kurucs,1610612751,BKN,21.0,2018-19,10.0,25.0,0.4,6.0,19.0,0.316,41.0,135.0,0.304,16.0,44.0,0.364
203918,Rodney Hood,1610612757,POR,26.0,2018-19,13.0,39.0,0.333,14.0,28.0,0.5,56.0,167.0,0.335,27.0,67.0,0.403
203585,Rodney McGruder,1610612746,LAC,27.0,2018-19,14.0,40.0,0.35,16.0,45.0,0.356,49.0,139.0,0.353,30.0,85.0,0.353
1627758,Ron Baker,1610612764,WAS,26.0,2018-19,0.0,3.0,0.0,0.0,2.0,0.0,1.0,8.0,0.125,0.0,5.0,0.0
1626178,Rondae Hollis-Jefferson,1610612751,BKN,24.0,2018-19,6.0,23.0,0.261,2.0,12.0,0.167,1.0,14.0,0.071,8.0,35.0,0.229
1626220,Royce O'Neale,1610612762,UTA,26.0,2018-19,16.0,39.0,0.41,16.0,41.0,0.39,36.0,91.0,0.396,32.0,80.0,0.4
200752,Rudy Gay,1610612759,SAS,32.0,2018-19,12.0,23.0,0.522,17.0,38.0,0.447,45.0,121.0,0.372,29.0,61.0,0.475
203497,Rudy Gobert,1610612762,UTA,27.0,2018-19,0.0,0.0,0.0,0.0,0.0,0.0,0.0,0.0,0.0,0.0,0.0,0.0
201566,Russell Westbrook,1610612760,OKC,30.0,2018-19,12.0,35.0,0.343,7.0,16.0,0.438,100.0,359.0,0.279,19.0,51.0,0.373
201583,Ryan Anderson,1610612748,MIA,31.0,2018-19,0.0,3.0,0.0,1.0,4.0,0.25,8.0,32.0,0.25,1.0,7.0,0.143
1627853,Ryan Arcidiacono,1610612741,CHI,25.0,2018-19,9.0,27.0,0.333,14.0,26.0,0.538,58.0,164.0,0.354,23.0,53.0,0.434
1629151,Ryan Broekhoff,1610612742,DAL,28.0,2018-19,8.0,15.0,0.533,8.0,15.0,0.533,22.0,62.0,0.355,16.0,30.0,0.533
1626257,Salah Mejri,1610612742,DAL,33.0,2018-19,0.0,1.0,0.0,2.0,3.0,0.667,9.0,30.0,0.3,2.0,4.0,0.5
1626155,Sam Dekker,1610612764,WAS,25.0,2018-19,3.0,11.0,0.273,4.0,6.0,0.667,12.0,45.0,0.267,7.0,17.0,0.412
203159,Scott Machado,1610612747,LAL,29.0,2018-19,0.0,0.0,0.0,,,,1.0,1.0,1.0,0.0,0.0,0.0
1628400,Semi Ojeleye,1610612738,BOS,24.0,2018-19,8.0,17.0,0.471,4.0,17.0,0.235,16.0,54.0,0.296,12.0,34.0,0.353
201586,Serge Ibaka,1610612761,TOR,29.0,2018-19,4.0,12.0,0.333,2.0,7.0,0.286,43.0,150.0,0.287,6.0,19.0,0.316
203552,Seth Curry,1610612757,POR,28.0,2018-19,16.0,25.0,0.64,10.0,28.0,0.357,87.0,198.0,0.439,26.0,53.0,0.491
203894,Shabazz Napier,1610612751,BKN,27.0,2018-19,9.0,19.0,0.474,1.0,10.0,0.1,65.0,196.0,0.332,10.0,29.0,0.345
1628983,Shai Gilgeous-Alexander,1610612746,LAC,20.0,2018-19,12.0,32.0,0.375,14.0,34.0,0.412,25.0,71.0,0.352,26.0,66.0,0.394
1629003,Shake Milton,1610612755,PHI,22.0,2018-19,4.0,9.0,0.444,1.0,6.0,0.167,9.0,29.0,0.31,5.0,15.0,0.333
1627885,Shaquille Harrison,1610612741,CHI,25.0,2018-19,6.0,20.0,0.3,3.0,12.0,0.25,15.0,54.0,0.278,9.0,32.0,0.281
2733,Shaun Livingston,1610612744,GSW,33.0,2018-19,0.0,0.0,0.0,0.0,0.0,0.0,0.0,0.0,0.0,0.0,0.0,0.0
202714,Shelvin Mack,1610612766,CHA,29.0,2018-19,4.0,12.0,0.333,2.0,12.0,0.167,40.0,106.0,0.377,6.0,24.0,0.25
1628414,Sindarius Thornwell,1610612746,LAC,24.0,2018-19,0.0,4.0,0.0,1.0,3.0,0.333,2.0,8.0,0.25,1.0,7.0,0.143
1627746,Skal Labissiere,1610612757,POR,23.0,2018-19,0.0,1.0,0.0,0.0,0.0,0.0,6.0,12.0,0.5,0.0,1.0,0.0
203524,Solomon Hill,1610612740,NOP,28.0,2018-19,8.0,21.0,0.381,6.0,16.0,0.375,18.0,63.0,0.286,14.0,37.0,0.378
203915,Spencer Dinwiddie,1610612751,BKN,26.0,2018-19,7.0,24.0,0.292,20.0,43.0,0.465,95.0,298.0,0.319,27.0,67.0,0.403
1626169,Stanley Johnson,1610612740,NOP,23.0,2018-19,10.0,33.0,0.303,13.0,43.0,0.302,39.0,136.0,0.287,23.0,76.0,0.303
201939,Stephen Curry,1610612744,GSW,31.0,2018-19,41.0,77.0,0.532,26.0,56.0,0.464,286.0,666.0,0.429,67.0,133.0,0.504
1628425,Sterling Brown,1610612749,MIL,24.0,2018-19,14.0,26.0,0.538,15.0,31.0,0.484,24.0,87.0,0.276,29.0,57.0,0.509
203500,Steven Adams,1610612760,OKC,25.0,2018-19,0.0,0.0,0.0,0.0,0.0,0.0,0.0,0.0,0.0,0.0,0.0,0.0
1629004,Svi Mykhailiuk,1610612765,DET,22.0,2018-19,5.0,18.0,0.278,5.0,9.0,0.556,19.0,62.0,0.306,10.0,27.0,0.37
1628388,T.J. Leaf,1610612754,IND,22.0,2018-19,1.0,5.0,0.2,1.0,4.0,0.25,6.0,22.0,0.273,2.0,9.0,0.222
204456,T.J. McConnell,1610612755,PHI,27.0,2018-19,3.0,9.0,0.333,5.0,14.0,0.357,6.0,19.0,0.316,8.0,23.0,0.348
203933,T.J. Warren,1610612756,PHX,25.0,2018-19,18.0,36.0,0.5,8.0,21.0,0.381,51.0,123.0,0.415,26.0,57.0,0.456
1628769,Tahjere McCall,1610612751,BKN,24.0,2018-19,,,,0.0,1.0,0.0,0.0,0.0,0.0,0.0,1.0,0.0
201959,Taj Gibson,1610612750,MIN,34.0,2018-19,5.0,17.0,0.294,5.0,9.0,0.556,1.0,6.0,0.167,10.0,26.0,0.385
1627752,Taurean Prince,1610612737,ATL,25.0,2018-19,23.0,54.0,0.426,28.0,64.0,0.438,72.0,194.0,0.371,51.0,118.0,0.432
1628390,Terrance Ferguson,1610612760,OKC,21.0,2018-19,29.0,88.0,0.33,33.0,67.0,0.493,44.0,132.0,0.333,62.0,155.0,0.4
203093,Terrence Jones,1610612745,HOU,27.0,2018-19,,,,0.0,0.0,0.0,0.0,2.0,0.0,0.0,0.0,0.0
203082,Terrence Ross,1610612753,ORL,28.0,2018-19,14.0,36.0,0.389,12.0,22.0,0.545,191.0,501.0,0.381,26.0,58.0,0.448
1626179,Terry Rozier,1610612738,BOS,25.0,2018-19,22.0,44.0,0.5,5.0,25.0,0.2,92.0,267.0,0.345,27.0,69.0,0.391
200757,Thabo Sefolosha,1610612762,UTA,35.0,2018-19,9.0,25.0,0.36,12.0,22.0,0.545,13.0,31.0,0.419,21.0,47.0,0.447
201152,Thaddeus Young,1610612754,IND,31.0,2018-19,17.0,46.0,0.37,6.0,20.0,0.3,28.0,78.0,0.359,23.0,66.0,0.348
1629033,Theo Pinson,1610612751,BKN,23.0,2018-19,0.0,2.0,0.0,1.0,1.0,1.0,11.0,42.0,0.262,1.0,3.0,0.333
1628418,Thomas Bryant,1610612764,WAS,21.0,2018-19,1.0,5.0,0.2,1.0,6.0,0.167,31.0,88.0,0.352,2.0,11.0,0.182
1629118,Thomas Welsh,1610612743,DEN,23.0,2018-19,0.0,0.0,0.0,0.0,0.0,0.0,3.0,7.0,0.429,0.0,0.0,0.0
1627748,Thon Maker,1610612765,DET,22.0,2018-19,13.0,33.0,0.394,12.0,35.0,0.343,24.0,85.0,0.282,25.0,68.0,0.368
204025,Tim Frazier,1610612749,MIL,28.0,2018-19,4.0,13.0,0.308,7.0,11.0,0.636,26.0,77.0,0.338,11.0,24.0,0.458
203501,Tim Hardaway Jr.,1610612742,DAL,27.0,2018-19,5.0,17.0,0.294,15.0,43.0,0.349,142.0,415.0,0.342,20.0,60.0,0.333
1627789,Timothe Luwawu-Cabarrot,1610612741,CHI,24.0,2018-19,9.0,23.0,0.391,10.0,25.0,0.4,17.0,67.0,0.254,19.0,48.0,0.396
202699,Tobias Harris,1610612755,PHI,26.0,2018-19,16.0,34.0,0.471,16.0,35.0,0.457,124.0,320.0,0.388,32.0,69.0,0.464
203107,Tomas Satoransky,1610612764,WAS,27.0,2018-19,4.0,23.0,0.174,14.0,24.0,0.583,46.0,113.0,0.407,18.0,47.0,0.383
1628396,Tony Bradley,1610612762,UTA,21.0,2018-19,0.0,0.0,0.0,0.0,0.0,0.0,0.0,0.0,0.0,0.0,0.0,0.0
2225,Tony Parker,1610612766,CHA,37.0,2018-19,0.0,2.0,0.0,3.0,6.0,0.5,10.0,41.0,0.244,3.0,8.0,0.375
203503,Tony Snell,1610612749,MIL,27.0,2018-19,18.0,40.0,0.45,10.0,26.0,0.385,53.0,137.0,0.387,28.0,66.0,0.424
1628470,Torrey Craig,1610612743,DEN,28.0,2018-19,14.0,40.0,0.35,15.0,41.0,0.366,32.0,106.0,0.302,29.0,81.0,0.358
1629027,Trae Young,1610612737,ATL,20.0,2018-19,3.0,7.0,0.429,4.0,11.0,0.364,149.0,463.0,0.322,7.0,18.0,0.389
1626203,Treveon Graham,1610612751,BKN,25.0,2018-19,8.0,21.0,0.381,0.0,20.0,0.0,29.0,86.0,0.337,8.0,41.0,0.195
1628979,Trevon Duval,1610612745,HOU,20.0,2018-19,1.0,1.0,1.0,,,,0.0,0.0,0.0,1.0,1.0,1.0
2772,Trevor Ariza,1610612764,WAS,33.0,2018-19,24.0,52.0,0.462,31.0,83.0,0.373,90.0,298.0,0.302,55.0,135.0,0.407
203504,Trey Burke,1610612742,DAL,26.0,2018-19,4.0,14.0,0.286,4.0,10.0,0.4,48.0,132.0,0.364,8.0,24.0,0.333
1626168,Trey Lyles,1610612743,DEN,23.0,2018-19,9.0,26.0,0.346,5.0,10.0,0.5,37.0,162.0,0.228,14.0,36.0,0.389
202684,Tristan Thompson,1610612739,CLE,28.0,2018-19,0.0,0.0,0.0,0.0,0.0,0.0,0.0,0.0,0.0,0.0,0.0,0.0
1628972,Troy Brown Jr.,1610612764,WAS,19.0,2018-19,3.0,9.0,0.333,4.0,8.0,0.5,15.0,51.0,0.294,7.0,17.0,0.412
1628505,Troy Caupain,1610612753,ORL,23.0,2018-19,,,,0.0,0.0,0.0,2.0,3.0,0.667,0.0,0.0,0.0
203584,Troy Daniels,1610612756,PHX,27.0,2018-19,11.0,22.0,0.5,11.0,21.0,0.524,52.0,151.0,0.344,22.0,43.0,0.512
1627786,Troy Williams,1610612758,SAC,24.0,2018-19,0.0,2.0,0.0,2.0,6.0,0.333,12.0,35.0,0.343,2.0,8.0,0.25
1628463,Tyler Cavanaugh,1610612762,UTA,25.0,2018-19,0.0,2.0,0.0,0.0,1.0,0.0,1.0,2.0,0.5,0.0,3.0,0.0
1629093,Tyler Davis,1610612760,OKC,22.0,2018-19,,,,,,,,,,,,
1628416,Tyler Dorsey,1610612763,MEM,23.0,2018-19,6.0,14.0,0.429,3.0,15.0,0.2,35.0,103.0,0.34,9.0,29.0,0.31
204020,Tyler Johnson,1610612756,PHX,27.0,2018-19,9.0,24.0,0.375,6.0,29.0,0.207,74.0,206.0,0.359,15.0,53.0,0.283
1628399,Tyler Lydon,1610612743,DEN,23.0,2018-19,1.0,2.0,0.5,1.0,2.0,0.5,2.0,6.0,0.333,2.0,4.0,0.5
1627755,Tyler Ulis,1610612741,CHI,23.0,2018-19,,,,,,,,,,,,
203092,Tyler Zeller,1610612763,MEM,29.0,2018-19,0.0,1.0,0.0,0.0,0.0,0.0,0.0,0.0,0.0,0.0,1.0,0.0
201936,Tyreke Evans,1610612754,IND,29.0,2018-19,0.0,10.0,0.0,8.0,17.0,0.471,69.0,189.0,0.365,8.0,27.0,0.296
1627820,Tyrone Wallace,1610612746,LAC,25.0,2018-19,2.0,6.0,0.333,1.0,3.0,0.333,1.0,10.0,0.1,3.0,9.0,0.333
2199,Tyson Chandler,1610612747,LAL,36.0,2018-19,0.0,0.0,0.0,0.0,0.0,0.0,0.0,1.0,0.0,0.0,0.0,0.0
1626145,Tyus Jones,1610612750,MIN,23.0,2018-19,3.0,13.0,0.231,9.0,16.0,0.563,28.0,96.0,0.292,12.0,29.0,0.414
2617,Udonis Haslem,1610612748,MIA,39.0,2018-19,0.0,0.0,0.0,0.0,2.0,0.0,0.0,10.0,0.0,0.0,2.0,0.0
203506,Victor Oladipo,1610612754,IND,27.0,2018-19,2.0,5.0,0.4,4.0,15.0,0.267,68.0,195.0,0.349,6.0,20.0,0.3
1713,Vince Carter,1610612737,ATL,42.0,2018-19,10.0,23.0,0.435,15.0,31.0,0.484,97.0,258.0,0.376,25.0,54.0,0.463
1629053,Vincent Edwards,1610612745,HOU,23.0,2018-19,1.0,2.0,0.5,0.0,1.0,0.0,0.0,1.0,0.0,1.0,3.0,0.333
1627735,Wade Baldwin IV,1610612757,POR,23.0,2018-19,1.0,1.0,1.0,0.0,0.0,0.0,1.0,7.0,0.143,1.0,1.0,1.0
1627215,Walt Lemon Jr.,1610612741,CHI,26.0,2018-19,0.0,0.0,0.0,0.0,0.0,0.0,2.0,5.0,0.4,0.0,0.0,0.0
201961,Wayne Ellington,1610612765,DET,31.0,2018-19,18.0,52.0,0.346,23.0,52.0,0.442,97.0,268.0,0.362,41.0,104.0,0.394
1627782,Wayne Selden,1610612741,CHI,24.0,2018-19,8.0,25.0,0.32,9.0,17.0,0.529,37.0,131.0,0.282,17.0,42.0,0.405
1628976,Wendell Carter Jr.,1610612741,CHI,20.0,2018-19,2.0,10.0,0.2,0.0,4.0,0.0,4.0,18.0,0.222,2.0,14.0,0.143
1628411,Wes Iwundu,1610612753,ORL,24.0,2018-19,4.0,18.0,0.222,5.0,13.0,0.385,19.0,46.0,0.413,9.0,31.0,0.29
202325,Wesley Johnson,1610612764,WAS,31.0,2018-19,6.0,25.0,0.24,3.0,18.0,0.167,15.0,32.0,0.469,9.0,43.0,0.209
202083,Wesley Matthews,1610612754,IND,32.0,2018-19,22.0,50.0,0.44,14.0,35.0,0.4,114.0,317.0,0.36,36.0,85.0,0.424
203115,Will Barton,1610612743,DEN,28.0,2018-19,4.0,12.0,0.333,5.0,14.0,0.357,58.0,167.0,0.347,9.0,26.0,0.346
1626161,Willie Cauley-Stein,1610612758,SAC,25.0,2018-19,0.0,0.0,0.0,0.0,0.0,0.0,1.0,1.0,1.0,0.0,0.0,0.0
1626195,Willy Hernangomez,1610612766,CHA,25.0,2018-19,0.0,1.0,0.0,2.0,4.0,0.5,13.0,34.0,0.382,2.0,5.0,0.4
201163,Wilson Chandler,1610612746,LAC,32.0,2018-19,4.0,16.0,0.25,13.0,32.0,0.406,42.0,109.0,0.385,17.0,48.0,0.354
1628999,Yante Maten,1610612748,MIA,22.0,2018-19,0.0,0.0,0.0,0.0,0.0,0.0,0.0,1.0,0.0,0.0,0.0,0.0
1627812,Yogi Ferrell,1610612758,SAC,26.0,2018-19,9.0,17.0,0.529,1.0,10.0,0.1,44.0,119.0,0.37,10.0,27.0,0.37
1629139,Yuta Watanabe,1610612763,MEM,24.0,2018-19,0.0,5.0,0.0,1.0,1.0,1.0,1.0,10.0,0.1,1.0,6.0,0.167
1628380,Zach Collins,1610612757,POR,21.0,2018-19,3.0,7.0,0.429,0.0,4.0,0.0,37.0,110.0,0.336,3.0,11.0,0.273
203897,Zach LaVine,1610612741,CHI,24.0,2018-19,14.0,27.0,0.519,6.0,14.0,0.429,100.0,278.0,0.36,20.0,41.0,0.488
1629155,Zach Lofton,1610612765,DET,26.0,2018-19,,,,,,,0.0,1.0,0.0,,,
2585,Zaza Pachulia,1610612765,DET,35.0,2018-19,0.0,0.0,0.0,0.0,0.0,0.0,0.0,0.0,0.0,0.0,0.0,0.0
1629015,Zhaire Smith,1610612755,PHI,20.0,2018-19,0.0,2.0,0.0,0.0,2.0,0.0,6.0,12.0,0.5,0.0,4.0,0.0
1627753,Zhou Qi,1610612745,HOU,23.0,2018-19,,,,,,,0.0,0.0,0.0,,,
203932,Aaron Gordon,1610612753,ORL,24.0,2019-20,10.0,27.0,0.37,5.0,18.0,0.278,58.0,186.0,0.312,15.0,45.0,0.333
1628988,Aaron Holiday,1610612754,IND,23.0,2019-20,7.0,16.0,0.438,10.0,22.0,0.455,70.0,182.0,0.385,17.0,38.0,0.447
1627846,Abdel Nader,1610612760,OKC,26.0,2019-20,9.0,25.0,0.36,9.0,17.0,0.529,30.0,86.0,0.349,18.0,42.0,0.429
1629690,Adam Mokoka,1610612741,CHI,21.0,2019-20,1.0,4.0,0.25,2.0,4.0,0.5,3.0,7.0,0.429,3.0,8.0,0.375
1629678,Admiral Schofield,1610612764,WAS,23.0,2019-20,6.0,11.0,0.545,3.0,9.0,0.333,10.0,40.0,0.25,9.0,20.0,0.45
201143,Al Horford,1610612755,PHI,34.0,2019-20,4.0,15.0,0.267,6.0,22.0,0.273,89.0,246.0,0.362,10.0,37.0,0.27
202329,Al-Farouq Aminu,1610612753,ORL,29.0,2019-20,2.0,4.0,0.5,1.0,6.0,0.167,6.0,26.0,0.231,3.0,10.0,0.3
202692,Alec Burks,1610612755,PHI,28.0,2019-20,17.0,34.0,0.5,11.0,25.0,0.44,88.0,241.0,0.365,28.0,59.0,0.475
1629346,Alen Smailagic,1610612744,GSW,19.0,2019-20,1.0,2.0,0.5,0.0,3.0,0.0,2.0,8.0,0.25,1.0,5.0,0.2
1627936,Alex Caruso,1610612747,LAL,26.0,2019-20,5.0,17.0,0.294,7.0,22.0,0.318,28.0,80.0,0.35,12.0,39.0,0.308
203458,Alex Len,1610612758,SAC,27.0,2019-20,5.0,9.0,0.556,5.0,18.0,0.278,6.0,31.0,0.194,10.0,27.0,0.37
1628035,Alfonzo McKinnie,1610612739,CLE,27.0,2019-20,3.0,14.0,0.214,5.0,16.0,0.313,6.0,34.0,0.176,8.0,30.0,0.267
1628993,Alize Johnson,1610612754,IND,24.0,2019-20,0.0,2.0,0.0,2.0,3.0,0.667,1.0,3.0,0.333,2.0,5.0,0.4
203459,Allen Crabbe,1610612750,MIN,28.0,2019-20,5.0,15.0,0.333,8.0,17.0,0.471,23.0,84.0,0.274,13.0,32.0,0.406
1629019,Allonzo Trier,1610612752,NYK,24.0,2019-20,0.0,3.0,0.0,3.0,4.0,0.75,16.0,46.0,0.348,3.0,7.0,0.429
1628518,Amile Jefferson,1610612753,ORL,27.0,2019-20,0.0,0.0,0.0,0.0,0.0,0.0,0.0,0.0,0.0,0.0,0.0,0.0
1629599,Amir Coffey,1610612746,LAC,23.0,2019-20,2.0,3.0,0.667,2.0,4.0,0.5,2.0,12.0,0.167,4.0,7.0,0.571
203083,Andre Drummond,1610612739,CLE,26.0,2019-20,1.0,4.0,0.25,2.0,5.0,0.4,2.0,24.0,0.083,3.0,9.0,0.333
2738,Andre Iguodala,1610612748,MIA,36.0,2019-20,1.0,6.0,0.167,6.0,16.0,0.375,7.0,24.0,0.292,7.0,22.0,0.318
203460,Andre Roberson,1610612760,OKC,28.0,2019-20,0.0,3.0,0.0,0.0,1.0,0.0,3.0,9.0,0.333,0.0,4.0,0.0
203952,Andrew Wiggins,1610612744,GSW,25.0,2019-20,13.0,30.0,0.433,3.0,17.0,0.176,95.0,287.0,0.331,16.0,47.0,0.34
1629014,Anfernee Simons,1610612757,POR,21.0,2019-20,10.0,24.0,0.417,4.0,17.0,0.235,61.0,182.0,0.335,14.0,41.0,0.341
1627790,Ante Zizic,1610612739,CLE,23.0,2019-20,0.0,0.0,0.0,0.0,0.0,0.0,0.0,0.0,0.0,0.0,0.0,0.0
203076,Anthony Davis,1610612747,LAL,27.0,2019-20,15.0,28.0,0.536,4.0,15.0,0.267,53.0,172.0,0.308,19.0,43.0,0.442
201229,Anthony Tolliver,1610612763,MEM,35.0,2019-20,7.0,14.0,0.5,10.0,25.0,0.4,32.0,106.0,0.302,17.0,39.0,0.436
1628499,Antonius Cleveland,1610612742,DAL,26.0,2019-20,0.0,0.0,0.0,0.0,1.0,0.0,0.0,2.0,0.0,0.0,1.0,0.0
1628394,Anžejs Pasečņiks,1610612764,WAS,24.0,2019-20,0.0,0.0,0.0,0.0,0.0,0.0,0.0,3.0,0.0,0.0,0.0,0.0
203382,Aron Baynes,1610612756,PHX,33.0,2019-20,2.0,13.0,0.154,4.0,11.0,0.364,53.0,144.0,0.368,6.0,24.0,0.25
203085,Austin Rivers,1610612745,HOU,27.0,2019-20,20.0,32.0,0.625,8.0,31.0,0.258,68.0,207.0,0.329,28.0,63.0,0.444
202340,Avery Bradley,1610612747,LAL,29.0,2019-20,21.0,47.0,0.447,9.0,36.0,0.25,33.0,89.0,0.371,30.0,83.0,0.361
1629168,BJ Johnson,1610612753,ORL,24.0,2019-20,0.0,2.0,0.0,1.0,1.0,1.0,2.0,6.0,0.333,1.0,3.0,0.333
1628389,Bam Adebayo,1610612748,MIA,22.0,2019-20,0.0,4.0,0.0,1.0,4.0,0.25,1.0,5.0,0.2,1.0,8.0,0.125
203463,Ben McLemore,1610612745,HOU,27.0,2019-20,30.0,70.0,0.429,35.0,74.0,0.473,116.0,306.0,0.379,65.0,144.0,0.451
1627732,Ben Simmons,1610612755,PHI,23.0,2019-20,1.0,2.0,0.5,1.0,1.0,1.0,0.0,2.0,0.0,2.0,3.0,0.667
202687,Bismack Biyombo,1610612766,CHA,27.0,2019-20,0.0,0.0,0.0,0.0,0.0,0.0,0.0,0.0,0.0,0.0,0.0,0.0
201933,Blake Griffin,1610612765,DET,31.0,2019-20,3.0,15.0,0.2,1.0,10.0,0.1,23.0,87.0,0.264,4.0,25.0,0.16
1626246,Boban Marjanovic,1610612742,DAL,31.0,2019-20,0.0,0.0,0.0,1.0,1.0,1.0,3.0,16.0,0.188,1.0,1.0,1.0
1626171,Bobby Portis,1610612752,NYK,25.0,2019-20,12.0,23.0,0.522,4.0,16.0,0.25,50.0,147.0,0.34,16.0,39.0,0.41
203992,Bogdan Bogdanović,1610612758,SAC,27.0,2019-20,16.0,44.0,0.364,16.0,46.0,0.348,132.0,350.0,0.377,32.0,90.0,0.356
202711,Bojan Bogdanovic,1610612762,UTA,31.0,2019-20,29.0,58.0,0.5,40.0,94.0,0.426,120.0,305.0,0.393,69.0,152.0,0.454
1629626,Bol Bol,1610612743,DEN,20.0,2019-20,0.0,0.0,0.0,0.0,2.0,0.0,4.0,6.0,0.667,0.0,2.0,0.0
202954,Brad Wanamaker,1610612738,BOS,30.0,2019-20,2.0,3.0,0.667,2.0,3.0,0.667,33.0,96.0,0.344,4.0,6.0,0.667
203078,Bradley Beal,1610612764,WAS,27.0,2019-20,14.0,38.0,0.368,5.0,23.0,0.217,151.0,419.0,0.36,19.0,61.0,0.311
1629634,Brandon Clarke,1610612763,MEM,23.0,2019-20,4.0,12.0,0.333,5.0,16.0,0.313,14.0,35.0,0.4,9.0,28.0,0.321
1629164,Brandon Goodwin,1610612737,ATL,24.0,2019-20,2.0,7.0,0.286,0.0,10.0,0.0,24.0,68.0,0.353,2.0,17.0,0.118
1627742,Brandon Ingram,1610612740,NOP,22.0,2019-20,27.0,60.0,0.45,19.0,46.0,0.413,103.0,274.0,0.376,46.0,106.0,0.434
202688,Brandon Knight,1610612765,DET,28.0,2019-20,3.0,9.0,0.333,2.0,6.0,0.333,40.0,116.0,0.345,5.0,15.0,0.333
1628968,Brian Bowen II,1610612754,IND,21.0,2019-20,0.0,0.0,0.0,0.0,2.0,0.0,0.0,0.0,0.0,0.0,2.0,0.0
201572,Brook Lopez,1610612749,MIL,32.0,2019-20,12.0,36.0,0.333,11.0,36.0,0.306,78.0,252.0,0.31,23.0,72.0,0.319
1628971,Bruce Brown,1610612765,DET,23.0,2019-20,11.0,28.0,0.393,14.0,32.0,0.438,8.0,36.0,0.222,25.0,60.0,0.417
203998,Bruno Caboclo,1610612745,HOU,24.0,2019-20,1.0,5.0,0.2,3.0,9.0,0.333,1.0,18.0,0.056,4.0,14.0,0.286
1628981,Bruno Fernando,1610612737,ATL,21.0,2019-20,0.0,5.0,0.0,1.0,10.0,0.1,4.0,22.0,0.182,1.0,15.0,0.067
1627854,Bryn Forbes,1610612759,SAS,26.0,2019-20,5.0,15.0,0.333,10.0,22.0,0.455,133.0,343.0,0.388,15.0,37.0,0.405
1627741,Buddy Hield,1610612758,SAC,27.0,2019-20,38.0,82.0,0.463,23.0,48.0,0.479,210.0,558.0,0.376,61.0,130.0,0.469
203468,CJ McCollum,1610612757,POR,28.0,2019-20,23.0,40.0,0.575,21.0,40.0,0.525,150.0,432.0,0.347,44.0,80.0,0.55
101139,CJ Miles,1610612764,WAS,33.0,2019-20,0.0,2.0,0.0,2.0,5.0,0.4,9.0,28.0,0.321,2.0,7.0,0.286
1628997,Caleb Martin,1610612766,CHA,24.0,2019-20,1.0,2.0,0.5,3.0,5.0,0.6,16.0,30.0,0.533,4.0,7.0,0.571
1628403,Caleb Swanigan,1610612757,POR,23.0,2019-20,0.0,0.0,0.0,0.0,1.0,0.0,0.0,1.0,0.0,0.0,1.0,0.0
1629629,Cam Reddish,1610612737,ATL,20.0,2019-20,13.0,40.0,0.325,13.0,41.0,0.317,57.0,169.0,0.337,26.0,81.0,0.321
1629661,Cameron Johnson,1610612756,PHX,24.0,2019-20,22.0,53.0,0.415,24.0,61.0,0.393,60.0,157.0,0.382,46.0,114.0,0.404
1626166,Cameron Payne,1610612756,PHX,25.0,2019-20,0.0,1.0,0.0,2.0,4.0,0.5,13.0,23.0,0.565,2.0,5.0,0.4
1627747,Caris LeVert,1610612751,BKN,25.0,2019-20,8.0,18.0,0.444,4.0,7.0,0.571,68.0,194.0,0.351,12.0,25.0,0.48
2546,Carmelo Anthony,1610612757,POR,36.0,2019-20,5.0,14.0,0.357,22.0,35.0,0.629,60.0,175.0,0.343,27.0,49.0,0.551
1629035,Carsen Edwards,1610612738,BOS,22.0,2019-20,0.0,5.0,0.0,1.0,4.0,0.25,23.0,67.0,0.343,1.0,9.0,0.111
1626224,Cedi Osman,1610612739,CLE,25.0,2019-20,13.0,29.0,0.448,18.0,46.0,0.391,92.0,243.0,0.379,31.0,75.0,0.413
1628990,Chandler Hutchison,1610612741,CHI,24.0,2019-20,5.0,14.0,0.357,3.0,7.0,0.429,4.0,17.0,0.235,8.0,21.0,0.381
202718,Chandler Parsons,1610612737,ATL,31.0,2019-20,0.0,0.0,0.0,1.0,2.0,0.5,3.0,12.0,0.25,1.0,2.0,0.5
1629718,Charlie Brown Jr.,1610612737,ATL,23.0,2019-20,0.0,1.0,0.0,0.0,1.0,0.0,3.0,7.0,0.429,0.0,2.0,0.0
1626184,Chasson Randle,1610612744,GSW,27.0,2019-20,0.0,0.0,0.0,0.0,0.0,0.0,0.0,2.0,0.0,0.0,0.0,0.0
1627767,Cheick Diallo,1610612756,PHX,23.0,2019-20,0.0,0.0,0.0,1.0,2.0,0.5,0.0,1.0,0.0,1.0,2.0,0.5
1629002,Chimezie Metu,1610612759,SAS,23.0,2019-20,0.0,0.0,0.0,0.0,0.0,0.0,0.0,2.0,0.0,0.0,0.0,0.0
1628449,Chris Boucher,1610612761,TOR,27.0,2019-20,1.0,7.0,0.143,3.0,11.0,0.273,34.0,100.0,0.34,4.0,18.0,0.222
1629185,Chris Chiozza,1610612751,BKN,24.0,2019-20,2.0,5.0,0.4,3.0,3.0,1.0,22.0,63.0,0.349,5.0,8.0,0.625
1629598,Chris Clemons,1610612745,HOU,22.0,2019-20,0.0,0.0,0.0,1.0,2.0,0.5,36.0,105.0,0.343,1.0,2.0,0.5
101108,Chris Paul,1610612760,OKC,35.0,2019-20,9.0,21.0,0.429,2.0,13.0,0.154,100.0,261.0,0.383,11.0,34.0,0.324
1629735,Chris Silva,1610612748,MIA,23.0,2019-20,0.0,1.0,0.0,0.0,2.0,0.0,0.0,0.0,0.0,0.0,3.0,0.0
1626174,Christian Wood,1610612765,DET,24.0,2019-20,4.0,13.0,0.308,11.0,27.0,0.407,39.0,100.0,0.39,15.0,40.0,0.375
203991,Clint Capela,1610612737,ATL,26.0,2019-20,0.0,0.0,0.0,0.0,0.0,0.0,0.0,0.0,0.0,0.0,0.0,0.0
1629632,Coby White,1610612741,CHI,20.0,2019-20,13.0,41.0,0.317,7.0,15.0,0.467,113.0,319.0,0.354,20.0,56.0,0.357
1628998,Cody Martin,1610612766,CHA,24.0,2019-20,4.0,17.0,0.235,2.0,14.0,0.143,12.0,46.0,0.261,6.0,31.0,0.194
203469,Cody Zeller,1610612766,CHA,27.0,2019-20,1.0,1.0,1.0,1.0,3.0,0.333,16.0,71.0,0.225,2.0,4.0,0.5
1629012,Collin Sexton,1610612739,CLE,21.0,2019-20,9.0,16.0,0.563,8.0,16.0,0.5,80.0,223.0,0.359,17.0,32.0,0.531
201147,Corey Brewer,1610612758,SAC,34.0,2019-20,0.0,0.0,0.0,0.0,1.0,0.0,0.0,0.0,0.0,0.0,1.0,0.0
202709,Cory Joseph,1610612758,SAC,28.0,2019-20,11.0,26.0,0.423,6.0,14.0,0.429,39.0,118.0,0.331,17.0,40.0,0.425
201584,Courtney Lee,1610612742,DAL,34.0,2019-20,6.0,12.0,0.5,3.0,8.0,0.375,12.0,27.0,0.444,9.0,20.0,0.45
1626245,Cristiano Felicio,1610612741,CHI,27.0,2019-20,0.0,0.0,0.0,0.0,0.0,0.0,0.0,2.0,0.0,0.0,0.0,0.0
1626156,D'Angelo Russell,1610612750,MIN,24.0,2019-20,6.0,16.0,0.375,9.0,21.0,0.429,143.0,392.0,0.365,15.0,37.0,0.405
201571,D.J. Augustin,1610612753,ORL,32.0,2019-20,7.0,18.0,0.389,3.0,13.0,0.231,60.0,165.0,0.364,10.0,31.0,0.323
1628391,D.J. Wilson,1610612749,MIL,24.0,2019-20,7.0,12.0,0.583,4.0,7.0,0.571,7.0,54.0,0.13,11.0,19.0,0.579
1629610,DaQuan Jeffries,1610612758,SAC,22.0,2019-20,0.0,2.0,0.0,2.0,6.0,0.333,3.0,10.0,0.3,2.0,8.0,0.25
1627745,Damian Jones,1610612737,ATL,25.0,2019-20,0.0,2.0,0.0,2.0,5.0,0.4,0.0,2.0,0.0,2.0,7.0,0.286
203081,Damian Lillard,1610612757,POR,29.0,2019-20,4.0,10.0,0.4,8.0,17.0,0.471,258.0,644.0,0.401,12.0,27.0,0.444
1627814,Damion Lee,1610612744,GSW,27.0,2019-20,11.0,30.0,0.367,9.0,24.0,0.375,65.0,184.0,0.353,20.0,54.0,0.37
1628422,Damyean Dotson,1610612752,NYK,26.0,2019-20,2.0,10.0,0.2,7.0,17.0,0.412,50.0,136.0,0.368,9.0,27.0,0.333
1629655,Daniel Gafford,1610612741,CHI,21.0,2019-20,0.0,0.0,0.0,0.0,0.0,0.0,0.0,0.0,0.0,0.0,0.0,0.0
1628464,Daniel Theis,1610612738,BOS,28.0,2019-20,2.0,4.0,0.5,3.0,12.0,0.25,27.0,78.0,0.346,5.0,16.0,0.313
201568,Danilo Gallinari,1610612760,OKC,31.0,2019-20,7.0,22.0,0.318,11.0,26.0,0.423,160.0,390.0,0.41,18.0,48.0,0.375
201980,Danny Green,1610612747,LAL,33.0,2019-20,28.0,63.0,0.444,27.0,75.0,0.36,65.0,189.0,0.344,55.0,138.0,0.399
203957,Dante Exum,1610612739,CLE,24.0,2019-20,2.0,8.0,0.25,1.0,5.0,0.2,12.0,29.0,0.414,3.0,13.0,0.231
1627863,Danuel House Jr.,1610612745,HOU,27.0,2019-20,21.0,56.0,0.375,34.0,95.0,0.358,73.0,200.0,0.365,55.0,151.0,0.364
203967,Dario Saric,1610612756,PHX,26.0,2019-20,4.0,23.0,0.174,5.0,18.0,0.278,75.0,194.0,0.387,9.0,41.0,0.22
1629647,Darius Bazley,1610612760,OKC,20.0,2019-20,9.0,19.0,0.474,7.0,31.0,0.226,33.0,90.0,0.367,16.0,50.0,0.32
1629636,Darius Garland,1610612739,CLE,20.0,2019-20,14.0,36.0,0.389,10.0,23.0,0.435,81.0,236.0,0.343,24.0,59.0,0.407
1629133,Daryl Macon,1610612748,MIA,24.0,2019-20,1.0,1.0,1.0,0.0,0.0,0.0,0.0,1.0,0.0,1.0,1.0,1.0
1628021,David Nwaba,1610612745,HOU,27.0,2019-20,3.0,5.0,0.6,3.0,8.0,0.375,6.0,15.0,0.4,6.0,13.0,0.462
202722,Davis Bertans,1610612764,WAS,27.0,2019-20,9.0,19.0,0.474,12.0,19.0,0.632,179.0,433.0,0.413,21.0,38.0,0.553
1628368,De'Aaron Fox,1610612758,SAC,22.0,2019-20,4.0,18.0,0.222,2.0,11.0,0.182,49.0,155.0,0.316,6.0,29.0,0.207
1629631,De'Andre Hunter,1610612737,ATL,22.0,2019-20,21.0,55.0,0.382,18.0,54.0,0.333,69.0,194.0,0.356,39.0,109.0,0.358
1629001,De'Anthony Melton,1610612763,MEM,22.0,2019-20,6.0,15.0,0.4,6.0,15.0,0.4,28.0,108.0,0.259,12.0,30.0,0.4
201599,DeAndre Jordan,1610612751,BKN,31.0,2019-20,0.0,0.0,0.0,0.0,0.0,0.0,0.0,0.0,0.0,0.0,0.0,0.0
1627761,DeAndre' Bembry,1610612737,ATL,25.0,2019-20,5.0,17.0,0.294,3.0,11.0,0.273,7.0,36.0,0.194,8.0,28.0,0.286
201942,DeMar DeRozan,1610612759,SAS,30.0,2019-20,4.0,9.0,0.444,0.0,2.0,0.0,5.0,23.0,0.217,4.0,11.0,0.364
201960,DeMarre Carroll,1610612745,HOU,33.0,2019-20,3.0,6.0,0.5,3.0,6.0,0.5,2.0,21.0,0.095,6.0,12.0,0.5
1629731,Dean Wade,1610612739,CLE,23.0,2019-20,0.0,0.0,0.0,1.0,2.0,0.5,1.0,2.0,0.5,1.0,2.0,0.5
1629028,Deandre Ayton,1610612756,PHX,21.0,2019-20,0.0,1.0,0.0,1.0,1.0,1.0,2.0,11.0,0.182,1.0,2.0,0.5
1627749,Dejounte Murray,1610612759,SAS,23.0,2019-20,8.0,22.0,0.364,8.0,19.0,0.421,25.0,69.0,0.362,16.0,41.0,0.39
1626153,Delon Wright,1610612742,DAL,28.0,2019-20,6.0,12.0,0.5,8.0,14.0,0.571,33.0,98.0,0.337,14.0,26.0,0.538
203471,Dennis Schröder,1610612760,OKC,26.0,2019-20,13.0,25.0,0.52,5.0,10.0,0.5,107.0,286.0,0.374,18.0,35.0,0.514
1628372,Dennis Smith Jr.,1610612752,NYK,22.0,2019-20,1.0,5.0,0.2,2.0,4.0,0.5,13.0,45.0,0.289,3.0,9.0,0.333
1627756,Denzel Valentine,1610612741,CHI,26.0,2019-20,4.0,8.0,0.5,5.0,13.0,0.385,37.0,114.0,0.325,9.0,21.0,0.429
1629126,Deonte Burton,1610612760,OKC,26.0,2019-20,1.0,5.0,0.2,1.0,9.0,0.111,8.0,36.0,0.222,2.0,14.0,0.143
202324,Derrick Favors,1610612740,NOP,28.0,2019-20,1.0,4.0,0.25,0.0,1.0,0.0,0.0,2.0,0.0,1.0,5.0,0.2
1627884,Derrick Jones Jr.,1610612748,MIA,23.0,2019-20,13.0,40.0,0.325,6.0,37.0,0.162,18.0,50.0,0.36,19.0,77.0,0.247
201565,Derrick Rose,1610612765,DET,31.0,2019-20,3.0,8.0,0.375,6.0,11.0,0.545,36.0,127.0,0.283,9.0,19.0,0.474
1628476,Derrick Walton Jr.,1610612765,DET,25.0,2019-20,1.0,3.0,0.333,1.0,5.0,0.2,8.0,16.0,0.5,2.0,8.0,0.25
1628401,Derrick White,1610612759,SAS,25.0,2019-20,6.0,22.0,0.273,7.0,13.0,0.538,66.0,178.0,0.371,13.0,35.0,0.371
1626164,Devin Booker,1610612756,PHX,23.0,2019-20,11.0,23.0,0.478,4.0,16.0,0.25,126.0,358.0,0.352,15.0,39.0,0.385
1628985,Devon Hall,1610612760,OKC,24.0,2019-20,0.0,2.0,0.0,0.0,1.0,0.0,4.0,14.0,0.286,0.0,3.0,0.0
1629719,Devontae Cacok,1610612747,LAL,23.0,2019-20,0.0,0.0,0.0,0.0,0.0,0.0,0.0,0.0,0.0,0.0,0.0,0.0
1628984,Devonte' Graham,1610612766,CHA,25.0,2019-20,7.0,17.0,0.412,10.0,23.0,0.435,200.0,541.0,0.37,17.0,40.0,0.425
1629608,Dewan Hernandez,1610612761,TOR,23.0,2019-20,0.0,0.0,0.0,0.0,0.0,0.0,1.0,2.0,0.5,0.0,0.0,0.0
203473,Dewayne Dedmon,1610612737,ATL,30.0,2019-20,1.0,5.0,0.2,2.0,15.0,0.133,19.0,87.0,0.218,3.0,20.0,0.15
1628415,Dillon Brooks,1610612763,MEM,24.0,2019-20,7.0,24.0,0.292,10.0,25.0,0.4,130.0,361.0,0.36,17.0,49.0,0.347
203079,Dion Waiters,1610612747,LAL,28.0,2019-20,2.0,6.0,0.333,1.0,3.0,0.333,12.0,38.0,0.316,3.0,9.0,0.333
1627734,Domantas Sabonis,1610612754,IND,24.0,2019-20,1.0,2.0,0.5,0.0,4.0,0.0,16.0,61.0,0.262,1.0,6.0,0.167
1628378,Donovan Mitchell,1610612762,UTA,23.0,2019-20,8.0,28.0,0.286,19.0,38.0,0.5,146.0,403.0,0.362,27.0,66.0,0.409
1629743,Donta Hall,1610612751,BKN,22.0,2019-20,0.0,0.0,0.0,0.0,0.0,0.0,0.0,0.0,0.0,0.0,0.0,0.0
1628978,Donte DiVincenzo,1610612749,MIL,23.0,2019-20,4.0,22.0,0.182,6.0,19.0,0.316,72.0,202.0,0.356,10.0,41.0,0.244
1627827,Dorian Finney-Smith,1610612742,DAL,27.0,2019-20,33.0,77.0,0.429,33.0,78.0,0.423,48.0,147.0,0.327,66.0,155.0,0.426
203926,Doug McDermott,1610612754,IND,28.0,2019-20,26.0,60.0,0.433,5.0,12.0,0.417,98.0,223.0,0.439,31.0,72.0,0.431
1627733,Dragan Bender,1610612744,GSW,22.0,2019-20,2.0,8.0,0.25,3.0,5.0,0.6,10.0,30.0,0.333,5.0,13.0,0.385
203110,Draymond Green,1610612744,GSW,30.0,2019-20,1.0,4.0,0.25,3.0,9.0,0.333,32.0,116.0,0.276,4.0,13.0,0.308
1629234,Drew Eubanks,1610612759,SAS,23.0,2019-20,0.0,0.0,0.0,1.0,1.0,1.0,0.0,0.0,0.0,1.0,1.0,1.0
1629130,Duncan Robinson,1610612748,MIA,26.0,2019-20,36.0,66.0,0.545,37.0,83.0,0.446,197.0,456.0,0.432,73.0,149.0,0.49
1628605,Dusty Hannahs,1610612763,MEM,26.0,2019-20,0.0,0.0,0.0,0.0,0.0,0.0,2.0,3.0,0.667,0.0,0.0,0.0
1628407,Dwayne Bacon,1610612766,CHA,24.0,2019-20,2.0,9.0,0.222,1.0,2.0,0.5,16.0,56.0,0.286,3.0,11.0,0.273
2730,Dwight Howard,1610612747,LAL,34.0,2019-20,1.0,1.0,1.0,0.0,1.0,0.0,2.0,3.0,0.667,1.0,2.0,0.5
203939,Dwight Powell,1610612742,DAL,28.0,2019-20,1.0,5.0,0.2,3.0,7.0,0.429,6.0,27.0,0.222,4.0,12.0,0.333
1629058,Dzanan Musa,1610612751,BKN,21.0,2019-20,0.0,3.0,0.0,3.0,9.0,0.333,16.0,66.0,0.242,3.0,12.0,0.25
202734,E'Twaun Moore,1610612740,NOP,31.0,2019-20,13.0,33.0,0.394,10.0,25.0,0.4,40.0,109.0,0.367,23.0,58.0,0.397
202334,Ed Davis,1610612762,UTA,31.0,2019-20,0.0,0.0,0.0,0.0,0.0,0.0,0.0,0.0,0.0,0.0,0.0,0.0
1628410,Edmond Sumner,1610612754,IND,24.0,2019-20,3.0,8.0,0.375,7.0,8.0,0.875,4.0,36.0,0.111,10.0,16.0,0.625
203901,Elfrid Payton,1610612752,NYK,26.0,2019-20,0.0,3.0,0.0,3.0,8.0,0.375,11.0,58.0,0.19,3.0,11.0,0.273
1629059,Elie Okobo,1610612756,PHX,22.0,2019-20,5.0,10.0,0.5,1.0,5.0,0.2,19.0,55.0,0.345,6.0,15.0,0.4
1626144,Emmanuel Mudiay,1610612762,UTA,24.0,2019-20,4.0,16.0,0.25,3.0,8.0,0.375,23.0,62.0,0.371,7.0,24.0,0.292
202683,Enes Freedom,1610612738,BOS,28.0,2019-20,0.0,0.0,0.0,0.0,1.0,0.0,1.0,6.0,0.167,0.0,1.0,0.0
202339,Eric Bledsoe,1610612749,MIL,30.0,2019-20,3.0,14.0,0.214,5.0,17.0,0.294,66.0,184.0,0.359,8.0,31.0,0.258
201569,Eric Gordon,1610612745,HOU,31.0,2019-20,5.0,14.0,0.357,0.0,11.0,0.0,91.0,276.0,0.33,5.0,25.0,0.2
1628450,Eric Mika,1610612758,SAC,25.0,2019-20,0.0,0.0,0.0,0.0,0.0,0.0,0.0,0.0,0.0,0.0,0.0,0.0
1629672,Eric Paschall,1610612744,GSW,23.0,2019-20,5.0,17.0,0.294,5.0,17.0,0.294,27.0,93.0,0.29,10.0,34.0,0.294
101141,Ersan Ilyasova,1610612749,MIL,33.0,2019-20,6.0,13.0,0.462,5.0,24.0,0.208,39.0,100.0,0.39,11.0,37.0,0.297
203095,Evan Fournier,1610612753,ORL,27.0,2019-20,30.0,53.0,0.566,5.0,14.0,0.357,139.0,368.0,0.378,35.0,67.0,0.522
202323,Evan Turner,1610612750,MIN,31.0,2019-20,0.0,0.0,0.0,0.0,1.0,0.0,0.0,4.0,0.0,0.0,1.0,0.0
1628402,Frank Jackson,1610612740,NOP,22.0,2019-20,10.0,26.0,0.385,10.0,28.0,0.357,27.0,88.0,0.307,20.0,54.0,0.37
1626163,Frank Kaminsky,1610612756,PHX,27.0,2019-20,1.0,3.0,0.333,2.0,4.0,0.5,38.0,116.0,0.328,3.0,7.0,0.429
1628412,Frank Mason III,1610612749,MIL,26.0,2019-20,0.0,2.0,0.0,1.0,3.0,0.333,5.0,16.0,0.313,1.0,5.0,0.2
1628373,Frank Ntilikina,1610612752,NYK,21.0,2019-20,7.0,12.0,0.583,7.0,17.0,0.412,30.0,107.0,0.28,14.0,29.0,0.483
1627832,Fred VanVleet,1610612761,TOR,26.0,2019-20,14.0,33.0,0.424,13.0,30.0,0.433,119.0,310.0,0.384,27.0,63.0,0.429
1627788,Furkan Korkmaz,1610612755,PHI,22.0,2019-20,20.0,42.0,0.476,23.0,44.0,0.523,100.0,268.0,0.373,43.0,86.0,0.5
1629216,Gabe Vincent,1610612748,MIA,24.0,2019-20,1.0,1.0,1.0,0.0,2.0,0.0,5.0,24.0,0.208,1.0,3.0,0.333
202066,Garrett Temple,1610612751,BKN,34.0,2019-20,27.0,67.0,0.403,17.0,52.0,0.327,83.0,267.0,0.311,44.0,119.0,0.37
1629726,Garrison Mathews,1610612764,WAS,23.0,2019-20,3.0,4.0,0.75,2.0,7.0,0.286,14.0,35.0,0.4,5.0,11.0,0.455
1629109,Gary Clark,1610612753,ORL,25.0,2019-20,7.0,17.0,0.412,6.0,15.0,0.4,26.0,79.0,0.329,13.0,32.0,0.406
203914,Gary Harris,1610612743,DEN,25.0,2019-20,22.0,44.0,0.5,10.0,22.0,0.455,38.0,140.0,0.271,32.0,66.0,0.485
1627780,Gary Payton II,1610612764,WAS,27.0,2019-20,5.0,15.0,0.333,1.0,6.0,0.167,7.0,24.0,0.292,6.0,21.0,0.286
1629018,Gary Trent Jr.,1610612757,POR,21.0,2019-20,18.0,36.0,0.5,13.0,39.0,0.333,81.0,192.0,0.422,31.0,75.0,0.413
201588,George Hill,1610612749,MIL,34.0,2019-20,13.0,25.0,0.52,9.0,19.0,0.474,59.0,131.0,0.45,22.0,44.0,0.5
1627777,Georges Niang,1610612762,UTA,27.0,2019-20,21.0,52.0,0.404,19.0,44.0,0.432,50.0,129.0,0.388,40.0,96.0,0.417
203507,Giannis Antetokounmpo,1610612749,MIL,25.0,2019-20,5.0,8.0,0.625,0.0,2.0,0.0,84.0,283.0,0.297,5.0,10.0,0.5
203922,Glenn Robinson III,1610612755,PHI,26.0,2019-20,13.0,37.0,0.351,19.0,40.0,0.475,45.0,119.0,0.378,32.0,77.0,0.416
1629048,Goga Bitadze,1610612754,IND,20.0,2019-20,2.0,2.0,1.0,0.0,3.0,0.0,6.0,36.0,0.167,2.0,5.0,0.4
201609,Goran Dragic,1610612748,MIA,34.0,2019-20,19.0,33.0,0.576,8.0,32.0,0.25,97.0,272.0,0.357,27.0,65.0,0.415
202330,Gordon Hayward,1610612738,BOS,30.0,2019-20,11.0,25.0,0.44,9.0,24.0,0.375,65.0,172.0,0.378,20.0,49.0,0.408
203476,Gorgui Dieng,1610612763,MEM,30.0,2019-20,9.0,21.0,0.429,9.0,20.0,0.45,36.0,111.0,0.324,18.0,41.0,0.439
1629684,Grant Williams,1610612738,BOS,21.0,2019-20,9.0,28.0,0.321,4.0,16.0,0.25,11.0,50.0,0.22,13.0,44.0,0.295
1628960,Grayson Allen,1610612763,MEM,24.0,2019-20,17.0,28.0,0.607,3.0,10.0,0.3,37.0,103.0,0.359,20.0,38.0,0.526
1628977,Hamidou Diallo,1610612760,OKC,21.0,2019-20,7.0,20.0,0.35,5.0,17.0,0.294,4.0,20.0,0.2,12.0,37.0,0.324
203084,Harrison Barnes,1610612758,SAC,28.0,2019-20,20.0,46.0,0.435,16.0,50.0,0.32,65.0,171.0,0.38,36.0,96.0,0.375
1628385,Harry Giles III,1610612758,SAC,22.0,2019-20,0.0,1.0,0.0,0.0,0.0,0.0,0.0,1.0,0.0,0.0,1.0,0.0
202355,Hassan Whiteside,1610612757,POR,31.0,2019-20,0.0,0.0,0.0,0.0,0.0,0.0,4.0,7.0,0.571,0.0,0.0,0.0
1627740,Henry Ellenson,1610612751,BKN,23.0,2019-20,,,,0.0,2.0,0.0,0.0,2.0,0.0,0.0,2.0,0.0
101133,Ian Mahinmi,1610612764,WAS,33.0,2019-20,1.0,3.0,0.333,0.0,1.0,0.0,4.0,21.0,0.19,1.0,4.0,0.25
1629649,Ignas Brazdeikis,1610612752,NYK,21.0,2019-20,0.0,1.0,0.0,0.0,0.0,0.0,1.0,8.0,0.125,0.0,1.0,0.0
202697,Iman Shumpert,1610612751,BKN,30.0,2019-20,0.0,5.0,0.0,3.0,4.0,0.75,5.0,24.0,0.208,3.0,9.0,0.333
1629067,Isaac Bonga,1610612764,WAS,20.0,2019-20,7.0,14.0,0.5,5.0,13.0,0.385,13.0,42.0,0.31,12.0,27.0,0.444
1628392,Isaiah Hartenstein,1610612745,HOU,22.0,2019-20,0.0,1.0,0.0,0.0,0.0,0.0,0.0,4.0,0.0,0.0,1.0,0.0
1629676,Isaiah Roby,1610612760,OKC,22.0,2019-20,,,,0.0,0.0,0.0,0.0,0.0,0.0,0.0,0.0,0.0
202738,Isaiah Thomas,1610612764,WAS,31.0,2019-20,3.0,8.0,0.375,5.0,16.0,0.313,70.0,165.0,0.424,8.0,24.0,0.333
202397,Ish Smith,1610612764,WAS,31.0,2019-20,6.0,20.0,0.3,12.0,31.0,0.387,44.0,118.0,0.373,18.0,51.0,0.353
1627826,Ivica Zubac,1610612746,LAC,23.0,2019-20,0.0,0.0,0.0,0.0,0.0,0.0,0.0,2.0,0.0,0.0,0.0,0.0
200826,J.J. Barea,1610612742,DAL,36.0,2019-20,3.0,7.0,0.429,1.0,1.0,1.0,28.0,76.0,0.368,4.0,8.0,0.5
1629122,J.P. Macura,1610612739,CLE,25.0,2019-20,,,,,,,0.0,0.0,0.0,,,
200755,JJ Redick,1610612740,NOP,36.0,2019-20,8.0,23.0,0.348,25.0,39.0,0.641,147.0,336.0,0.438,33.0,62.0,0.532
2747,JR Smith,1610612747,LAL,34.0,2019-20,0.0,1.0,0.0,0.0,2.0,0.0,1.0,8.0,0.125,0.0,3.0,0.0
1629630,Ja Morant,1610612763,MEM,20.0,2019-20,4.0,10.0,0.4,5.0,9.0,0.556,51.0,156.0,0.327,9.0,19.0,0.474
203960,JaKarr Sampson,1610612754,IND,27.0,2019-20,0.0,6.0,0.0,1.0,4.0,0.25,1.0,3.0,0.333,1.0,10.0,0.1
203210,JaMychal Green,1610612746,LAC,30.0,2019-20,14.0,30.0,0.467,10.0,29.0,0.345,68.0,178.0,0.382,24.0,59.0,0.407
201580,JaVale McGee,1610612747,LAL,32.0,2019-20,0.0,0.0,0.0,0.0,0.0,0.0,3.0,5.0,0.6,0.0,0.0,0.0
203953,Jabari Parker,1610612758,SAC,25.0,2019-20,7.0,23.0,0.304,6.0,17.0,0.353,19.0,77.0,0.247,13.0,40.0,0.325
1628980,Jacob Evans,1610612750,MIN,23.0,2019-20,1.0,5.0,0.2,2.0,5.0,0.4,10.0,29.0,0.345,3.0,10.0,0.3
203109,Jae Crowder,1610612748,MIA,29.0,2019-20,20.0,41.0,0.488,15.0,52.0,0.288,100.0,300.0,0.333,35.0,93.0,0.376
1626143,Jahlil Okafor,1610612740,NOP,24.0,2019-20,0.0,0.0,0.0,0.0,1.0,0.0,1.0,2.0,0.5,0.0,1.0,0.0
1627774,Jake Layman,1610612750,MIN,26.0,2019-20,2.0,7.0,0.286,3.0,8.0,0.375,19.0,57.0,0.333,5.0,15.0,0.333
1627751,Jakob Poeltl,1610612759,SAS,24.0,2019-20,0.0,0.0,0.0,0.0,0.0,0.0,0.0,0.0,0.0,0.0,0.0,0.0
1628973,Jalen Brunson,1610612742,DAL,23.0,2019-20,4.0,13.0,0.308,6.0,16.0,0.375,33.0,91.0,0.363,10.0,29.0,0.345
1629665,Jalen Lecque,1610612756,PHX,20.0,2019-20,0.0,0.0,0.0,0.0,2.0,0.0,0.0,2.0,0.0,0.0,2.0,0.0
1629667,Jalen McDaniels,1610612766,CHA,22.0,2019-20,2.0,6.0,0.333,4.0,8.0,0.5,3.0,9.0,0.333,6.0,14.0,0.429
2037,Jamal Crawford,1610612751,BKN,40.0,2019-20,0.0,0.0,0.0,0.0,0.0,0.0,1.0,2.0,0.5,0.0,0.0,0.0
1627750,Jamal Murray,1610612743,DEN,23.0,2019-20,8.0,17.0,0.471,6.0,17.0,0.353,97.0,286.0,0.339,14.0,34.0,0.412
203516,James Ennis III,1610612753,ORL,29.0,2019-20,11.0,30.0,0.367,12.0,30.0,0.4,32.0,107.0,0.299,23.0,60.0,0.383
201935,James Harden,1610612745,HOU,30.0,2019-20,8.0,20.0,0.4,6.0,19.0,0.316,285.0,803.0,0.355,14.0,39.0,0.359
201949,James Johnson,1610612750,MIN,33.0,2019-20,4.0,8.0,0.5,1.0,9.0,0.111,28.0,72.0,0.389,5.0,17.0,0.294
201162,Jared Dudley,1610612747,LAL,34.0,2019-20,3.0,5.0,0.6,4.0,8.0,0.5,11.0,29.0,0.379,7.0,13.0,0.538
1629607,Jared Harper,1610612752,NYK,22.0,2019-20,0.0,0.0,0.0,0.0,0.0,0.0,0.0,2.0,0.0,0.0,0.0,0.0
1628991,Jaren Jackson Jr.,1610612763,MEM,20.0,2019-20,11.0,33.0,0.333,22.0,50.0,0.44,112.0,283.0,0.396,33.0,83.0,0.398
1629020,Jarred Vanderbilt,1610612750,MIN,21.0,2019-20,0.0,0.0,0.0,0.0,1.0,0.0,0.0,0.0,0.0,0.0,1.0,0.0
1629714,Jarrell Brantley,1610612762,UTA,24.0,2019-20,1.0,3.0,0.333,1.0,3.0,0.333,1.0,7.0,0.143,2.0,6.0,0.333
1628386,Jarrett Allen,1610612751,BKN,22.0,2019-20,0.0,3.0,0.0,0.0,2.0,0.0,0.0,1.0,0.0,0.0,5.0,0.0
1629633,Jarrett Culver,1610612750,MIN,21.0,2019-20,4.0,18.0,0.222,6.0,25.0,0.24,56.0,177.0,0.316,10.0,43.0,0.233
1627784,Jarrod Uthoff,1610612764,WAS,27.0,2019-20,0.0,1.0,0.0,1.0,1.0,1.0,2.0,7.0,0.286,1.0,2.0,0.5
1629750,Javonte Green,1610612738,BOS,26.0,2019-20,2.0,6.0,0.333,2.0,6.0,0.333,5.0,20.0,0.25,4.0,12.0,0.333
1629637,Jaxson Hayes,1610612740,NOP,20.0,2019-20,1.0,1.0,1.0,0.0,0.0,0.0,0.0,0.0,0.0,1.0,1.0,1.0
1627759,Jaylen Brown,1610612738,BOS,23.0,2019-20,24.0,51.0,0.471,22.0,44.0,0.5,83.0,241.0,0.344,46.0,95.0,0.484
1629658,Jaylen Hoard,1610612757,POR,21.0,2019-20,0.0,0.0,0.0,0.0,0.0,0.0,0.0,3.0,0.0,0.0,0.0,0.0
1629669,Jaylen Nowell,1610612750,MIN,20.0,2019-20,1.0,8.0,0.125,0.0,0.0,0.0,2.0,17.0,0.118,1.0,8.0,0.125
1628369,Jayson Tatum,1610612738,BOS,22.0,2019-20,24.0,48.0,0.5,9.0,37.0,0.243,156.0,381.0,0.409,33.0,85.0,0.388
201145,Jeff Green,1610612745,HOU,33.0,2019-20,15.0,39.0,0.385,13.0,36.0,0.361,34.0,100.0,0.34,28.0,75.0,0.373
201952,Jeff Teague,1610612737,ATL,32.0,2019-20,1.0,4.0,0.25,4.0,7.0,0.571,38.0,106.0,0.358,5.0,11.0,0.455
203924,Jerami Grant,1610612743,DEN,26.0,2019-20,7.0,34.0,0.206,21.0,47.0,0.447,69.0,168.0,0.411,28.0,81.0,0.346
1629725,Jeremiah Martin,1610612751,BKN,24.0,2019-20,0.0,2.0,0.0,0.0,0.0,0.0,5.0,16.0,0.313,0.0,2.0,0.0
203087,Jeremy Lamb,1610612754,IND,28.0,2019-20,4.0,13.0,0.308,6.0,14.0,0.429,43.0,130.0,0.331,10.0,27.0,0.37
202951,Jeremy Pargo,1610612744,GSW,34.0,2019-20,0.0,0.0,0.0,0.0,0.0,0.0,3.0,7.0,0.429,0.0,0.0,0.0
1626170,Jerian Grant,1610612764,WAS,27.0,2019-20,0.0,0.0,0.0,0.0,1.0,0.0,2.0,7.0,0.286,0.0,1.0,0.0
1629010,Jerome Robinson,1610612764,WAS,23.0,2019-20,8.0,28.0,0.286,4.0,17.0,0.235,37.0,108.0,0.343,12.0,45.0,0.267
1628975,Jevon Carter,1610612756,PHX,24.0,2019-20,11.0,30.0,0.367,13.0,22.0,0.591,38.0,92.0,0.413,24.0,52.0,0.462
202710,Jimmy Butler III,1610612748,MIA,30.0,2019-20,2.0,7.0,0.286,4.0,20.0,0.2,23.0,87.0,0.264,6.0,27.0,0.222
201149,Joakim Noah,1610612746,LAC,35.0,2019-20,0.0,0.0,0.0,0.0,0.0,0.0,0.0,0.0,0.0,0.0,0.0,0.0
1629147,Joe Chealey,1610612766,CHA,24.0,2019-20,0.0,1.0,0.0,0.0,2.0,0.0,0.0,1.0,0.0,0.0,3.0,0.0
203925,Joe Harris,1610612751,BKN,28.0,2019-20,25.0,37.0,0.676,13.0,36.0,0.361,134.0,333.0,0.402,38.0,73.0,0.521
204060,Joe Ingles,1610612762,UTA,32.0,2019-20,11.0,37.0,0.297,18.0,44.0,0.409,111.0,269.0,0.413,29.0,81.0,0.358
203954,Joel Embiid,1610612755,PHI,26.0,2019-20,2.0,3.0,0.667,0.0,4.0,0.0,55.0,163.0,0.337,2.0,7.0,0.286
1628381,John Collins,1610612737,ATL,22.0,2019-20,4.0,8.0,0.5,3.0,11.0,0.273,52.0,127.0,0.409,7.0,19.0,0.368
203089,John Henson,1610612765,DET,29.0,2019-20,3.0,8.0,0.375,1.0,3.0,0.333,4.0,24.0,0.167,4.0,11.0,0.364
1629723,John Konchar,1610612763,MEM,24.0,2019-20,0.0,3.0,0.0,0.0,1.0,0.0,5.0,6.0,0.833,0.0,4.0,0.0
1628405,Johnathan Motley,1610612746,LAC,25.0,2019-20,0.0,0.0,0.0,0.0,0.0,0.0,1.0,1.0,1.0,0.0,0.0,0.0
1629140,Johnathan Williams,1610612764,WAS,25.0,2019-20,0.0,0.0,0.0,0.0,1.0,0.0,0.0,0.0,0.0,0.0,1.0,0.0
1628413,Jonah Bolden,1610612756,PHX,24.0,2019-20,0.0,1.0,0.0,0.0,1.0,0.0,0.0,2.0,0.0,0.0,2.0,0.0
202685,Jonas Valančiūnas,1610612763,MEM,28.0,2019-20,2.0,5.0,0.4,1.0,9.0,0.111,29.0,76.0,0.382,3.0,14.0,0.214
1628371,Jonathan Isaac,1610612753,ORL,22.0,2019-20,8.0,18.0,0.444,3.0,7.0,0.429,21.0,69.0,0.304,11.0,25.0,0.44
1628395,Jordan Bell,1610612739,CLE,25.0,2019-20,0.0,1.0,0.0,4.0,7.0,0.571,0.0,4.0,0.0,4.0,8.0,0.5
1629648,Jordan Bone,1610612765,DET,22.0,2019-20,0.0,1.0,0.0,0.0,0.0,0.0,2.0,9.0,0.222,0.0,1.0,0.0
203903,Jordan Clarkson,1610612762,UTA,28.0,2019-20,26.0,57.0,0.456,16.0,47.0,0.34,110.0,308.0,0.357,42.0,104.0,0.404
1629162,Jordan McLaughlin,1610612750,MIN,24.0,2019-20,2.0,6.0,0.333,2.0,4.0,0.5,25.0,62.0,0.403,4.0,10.0,0.4
203895,Jordan McRae,1610612765,DET,29.0,2019-20,10.0,19.0,0.526,1.0,5.0,0.2,34.0,100.0,0.34,11.0,24.0,0.458
1629673,Jordan Poole,1610612744,GSW,21.0,2019-20,6.0,22.0,0.273,6.0,15.0,0.4,62.0,226.0,0.274,12.0,37.0,0.324
1627982,Josh Gray,1610612740,NOP,26.0,2019-20,0.0,0.0,0.0,0.0,0.0,0.0,0.0,0.0,0.0,0.0,0.0,0.0
1628404,Josh Hart,1610612740,NOP,25.0,2019-20,19.0,51.0,0.373,24.0,50.0,0.48,78.0,253.0,0.308,43.0,101.0,0.426
1628367,Josh Jackson,1610612763,MEM,23.0,2019-20,3.0,19.0,0.158,5.0,6.0,0.833,15.0,46.0,0.326,8.0,25.0,0.32
203705,Josh Magette,1610612753,ORL,30.0,2019-20,0.0,0.0,0.0,0.0,0.0,0.0,1.0,4.0,0.25,0.0,0.0,0.0
1629006,Josh Okogie,1610612750,MIN,21.0,2019-20,8.0,20.0,0.4,8.0,28.0,0.286,25.0,106.0,0.236,16.0,48.0,0.333
1629729,Josh Reaves,1610612742,DAL,23.0,2019-20,0.0,0.0,0.0,0.0,1.0,0.0,0.0,1.0,0.0,0.0,1.0,0.0
1626196,Josh Richardson,1610612755,PHI,26.0,2019-20,8.0,22.0,0.364,4.0,12.0,0.333,73.0,215.0,0.34,12.0,34.0,0.353
201950,Jrue Holiday,1610612740,NOP,30.0,2019-20,13.0,33.0,0.394,11.0,24.0,0.458,98.0,287.0,0.341,24.0,57.0,0.421
1629308,Juan Toscano-Anderson,1610612744,GSW,27.0,2019-20,3.0,4.0,0.75,0.0,4.0,0.0,5.0,15.0,0.333,3.0,8.0,0.375
1627823,Juancho Hernangomez,1610612750,MIN,24.0,2019-20,4.0,8.0,0.5,6.0,22.0,0.273,34.0,98.0,0.347,10.0,30.0,0.333
203944,Julius Randle,1610612752,NYK,25.0,2019-20,8.0,26.0,0.308,7.0,15.0,0.467,48.0,188.0,0.255,15.0,41.0,0.366
1626147,Justin Anderson,1610612751,BKN,26.0,2019-20,1.0,2.0,0.5,1.0,6.0,0.167,4.0,21.0,0.19,2.0,8.0,0.25
203200,Justin Holiday,1610612754,IND,31.0,2019-20,22.0,67.0,0.328,32.0,66.0,0.485,79.0,194.0,0.407,54.0,133.0,0.406
1628382,Justin Jackson,1610612742,DAL,25.0,2019-20,5.0,18.0,0.278,6.0,22.0,0.273,37.0,123.0,0.301,11.0,40.0,0.275
1629713,Justin James,1610612758,SAC,23.0,2019-20,2.0,7.0,0.286,2.0,3.0,0.667,5.0,18.0,0.278,4.0,10.0,0.4
1628383,Justin Patton,1610612765,DET,23.0,2019-20,0.0,1.0,0.0,0.0,1.0,0.0,1.0,2.0,0.5,0.0,2.0,0.0
1629620,Justin Robinson,1610612764,WAS,22.0,2019-20,0.0,0.0,0.0,0.0,0.0,0.0,3.0,5.0,0.6,0.0,0.0,0.0
1629625,Justin Wright-Foreman,1610612762,UTA,22.0,2019-20,1.0,1.0,1.0,0.0,0.0,0.0,1.0,9.0,0.111,1.0,1.0,1.0
1626159,Justise Winslow,1610612763,MEM,24.0,2019-20,0.0,6.0,0.0,1.0,2.0,0.5,5.0,19.0,0.263,1.0,8.0,0.125
203994,Jusuf Nurkić,1610612757,POR,25.0,2019-20,0.0,0.0,0.0,0.0,1.0,0.0,2.0,9.0,0.222,0.0,1.0,0.0
1629752,Juwan Morgan,1610612762,UTA,23.0,2019-20,1.0,3.0,0.333,0.0,1.0,0.0,2.0,4.0,0.5,1.0,4.0,0.25
1629644,KZ Okpala,1610612748,MIA,21.0,2019-20,0.0,0.0,0.0,0.0,1.0,0.0,0.0,0.0,0.0,0.0,1.0,0.0
1628443,Kadeem Allen,1610612752,NYK,27.0,2019-20,1.0,2.0,0.5,1.0,3.0,0.333,3.0,11.0,0.273,2.0,5.0,0.4
1626157,Karl-Anthony Towns,1610612750,MIN,24.0,2019-20,8.0,22.0,0.364,5.0,7.0,0.714,101.0,248.0,0.407,13.0,29.0,0.448
202695,Kawhi Leonard,1610612746,LAC,29.0,2019-20,5.0,10.0,0.5,4.0,10.0,0.4,113.0,304.0,0.372,9.0,20.0,0.45
1628966,Keita Bates-Diop,1610612743,DEN,24.0,2019-20,11.0,21.0,0.524,8.0,23.0,0.348,15.0,59.0,0.254,19.0,44.0,0.432
1629103,Kelan Martin,1610612750,MIN,24.0,2019-20,6.0,18.0,0.333,6.0,20.0,0.3,12.0,57.0,0.211,12.0,38.0,0.316
1629640,Keldon Johnson,1610612759,SAS,20.0,2019-20,6.0,12.0,0.5,2.0,3.0,0.667,5.0,6.0,0.833,8.0,15.0,0.533
203482,Kelly Olynyk,1610612748,MIA,29.0,2019-20,7.0,19.0,0.368,11.0,28.0,0.393,77.0,186.0,0.414,18.0,47.0,0.383
1626162,Kelly Oubre Jr.,1610612756,PHX,24.0,2019-20,9.0,34.0,0.265,21.0,57.0,0.368,78.0,215.0,0.363,30.0,91.0,0.33
202689,Kemba Walker,1610612738,BOS,30.0,2019-20,7.0,18.0,0.389,3.0,9.0,0.333,170.0,441.0,0.385,10.0,27.0,0.37
1629134,Kendrick Nunn,1610612748,MIA,24.0,2019-20,19.0,58.0,0.328,11.0,34.0,0.324,107.0,298.0,0.359,30.0,92.0,0.326
1629026,Kenrich Williams,1610612740,NOP,25.0,2019-20,8.0,23.0,0.348,8.0,21.0,0.381,9.0,51.0,0.176,16.0,44.0,0.364
203145,Kent Bazemore,1610612758,SAC,30.0,2019-20,16.0,54.0,0.296,20.0,59.0,0.339,47.0,125.0,0.376,36.0,113.0,0.319
203484,Kentavious Caldwell-Pope,1610612747,LAL,27.0,2019-20,20.0,48.0,0.417,18.0,49.0,0.367,53.0,140.0,0.379,38.0,97.0,0.392
1628987,Kevin Hervey,1610612760,OKC,23.0,2019-20,1.0,2.0,0.5,0.0,0.0,0.0,2.0,18.0,0.111,1.0,2.0,0.5
1628989,Kevin Huerter,1610612737,ATL,21.0,2019-20,16.0,31.0,0.516,11.0,30.0,0.367,100.0,272.0,0.368,27.0,61.0,0.443
1628995,Kevin Knox II,1610612752,NYK,20.0,2019-20,6.0,29.0,0.207,7.0,22.0,0.318,52.0,147.0,0.354,13.0,51.0,0.255
201567,Kevin Love,1610612739,CLE,31.0,2019-20,20.0,43.0,0.465,8.0,17.0,0.471,118.0,330.0,0.358,28.0,60.0,0.467
1629645,Kevin Porter Jr.,1610612739,CLE,20.0,2019-20,5.0,15.0,0.333,9.0,20.0,0.45,39.0,122.0,0.32,14.0,35.0,0.4
1626172,Kevon Looney,1610612744,GSW,24.0,2019-20,0.0,1.0,0.0,1.0,5.0,0.2,0.0,7.0,0.0,1.0,6.0,0.167
203920,Khem Birch,1610612753,ORL,27.0,2019-20,0.0,1.0,0.0,0.0,0.0,0.0,0.0,0.0,0.0,0.0,1.0,0.0
203114,Khris Middleton,1610612749,MIL,28.0,2019-20,13.0,24.0,0.542,13.0,30.0,0.433,121.0,298.0,0.406,26.0,54.0,0.481
1629017,Khyri Thomas,1610612765,DET,24.0,2019-20,0.0,0.0,0.0,1.0,3.0,0.333,3.0,9.0,0.333,1.0,3.0,0.333
1628961,Kostas Antetokounmpo,1610612747,LAL,22.0,2019-20,0.0,0.0,0.0,0.0,0.0,0.0,0.0,0.0,0.0,0.0,0.0,0.0
1627739,Kris Dunn,1610612741,CHI,26.0,2019-20,4.0,17.0,0.235,4.0,13.0,0.308,21.0,81.0,0.259,8.0,30.0,0.267
204001,Kristaps Porziņģis,1610612742,DAL,24.0,2019-20,1.0,8.0,0.125,5.0,11.0,0.455,136.0,382.0,0.356,6.0,19.0,0.316
1629065,Ky Bowman,1610612744,GSW,23.0,2019-20,10.0,17.0,0.588,2.0,10.0,0.2,21.0,79.0,0.266,12.0,27.0,0.444
1629734,Kyle Alexander,1610612748,MIA,23.0,2019-20,0.0,0.0,0.0,0.0,0.0,0.0,0.0,0.0,0.0,0.0,0.0,0.0
203937,Kyle Anderson,1610612763,MEM,26.0,2019-20,9.0,27.0,0.333,4.0,20.0,0.2,11.0,37.0,0.297,13.0,47.0,0.277
1629657,Kyle Guy,1610612758,SAC,22.0,2019-20,,,,0.0,1.0,0.0,0.0,2.0,0.0,0.0,1.0,0.0
2594,Kyle Korver,1610612749,MIL,39.0,2019-20,13.0,29.0,0.448,13.0,30.0,0.433,73.0,178.0,0.41,26.0,59.0,0.441
1628398,Kyle Kuzma,1610612747,LAL,24.0,2019-20,15.0,33.0,0.455,19.0,32.0,0.594,52.0,205.0,0.254,34.0,65.0,0.523
200768,Kyle Lowry,1610612761,TOR,34.0,2019-20,11.0,27.0,0.407,2.0,16.0,0.125,151.0,418.0,0.361,13.0,43.0,0.302
203124,Kyle O'Quinn,1610612755,PHI,30.0,2019-20,0.0,2.0,0.0,0.0,3.0,0.0,7.0,22.0,0.318,0.0,5.0,0.0
202681,Kyrie Irving,1610612751,BKN,28.0,2019-20,3.0,5.0,0.6,5.0,10.0,0.5,48.0,127.0,0.378,8.0,15.0,0.533
200746,LaMarcus Aldridge,1610612759,SAS,34.0,2019-20,10.0,21.0,0.476,1.0,8.0,0.125,50.0,127.0,0.394,11.0,29.0,0.379
202498,Lance Thomas,1610612751,BKN,32.0,2019-20,2.0,5.0,0.4,1.0,5.0,0.2,1.0,3.0,0.333,3.0,10.0,0.3
1629013,Landry Shamet,1610612746,LAC,23.0,2019-20,15.0,42.0,0.357,20.0,40.0,0.5,76.0,212.0,0.358,35.0,82.0,0.427
204038,Langston Galloway,1610612765,DET,28.0,2019-20,38.0,60.0,0.633,31.0,71.0,0.437,63.0,198.0,0.318,69.0,131.0,0.527
1626204,Larry Nance Jr.,1610612739,CLE,27.0,2019-20,7.0,21.0,0.333,11.0,24.0,0.458,38.0,111.0,0.342,18.0,45.0,0.4
1628374,Lauri Markkanen,1610612741,CHI,23.0,2019-20,12.0,26.0,0.462,9.0,22.0,0.409,88.0,268.0,0.328,21.0,48.0,0.438
2544,LeBron James,1610612747,LAL,35.0,2019-20,6.0,11.0,0.545,7.0,17.0,0.412,136.0,396.0,0.343,13.0,28.0,0.464
1629022,Lonnie Walker IV,1610612759,SAS,21.0,2019-20,5.0,18.0,0.278,5.0,11.0,0.455,31.0,70.0,0.443,10.0,29.0,0.345
1628366,Lonzo Ball,1610612740,NOP,22.0,2019-20,15.0,46.0,0.326,18.0,46.0,0.391,114.0,300.0,0.38,33.0,92.0,0.359
101150,Lou Williams,1610612746,LAC,33.0,2019-20,15.0,48.0,0.313,11.0,26.0,0.423,84.0,239.0,0.351,26.0,74.0,0.351
1629663,Louis King,1610612765,DET,21.0,2019-20,2.0,3.0,0.667,1.0,1.0,1.0,1.0,7.0,0.143,3.0,4.0,0.75
201601,Luc Mbah a Moute,1610612745,HOU,33.0,2019-20,0.0,0.0,0.0,0.0,0.0,0.0,0.0,2.0,0.0,0.0,0.0,0.0
1629652,Luguentz Dort,1610612760,OKC,21.0,2019-20,5.0,14.0,0.357,8.0,28.0,0.286,17.0,58.0,0.293,13.0,42.0,0.31
1629029,Luka Dončić,1610612742,DAL,21.0,2019-20,3.0,11.0,0.273,0.0,3.0,0.0,168.0,519.0,0.324,3.0,14.0,0.214
1629677,Luka Samanic,1610612759,SAS,20.0,2019-20,0.0,0.0,0.0,0.0,0.0,0.0,3.0,8.0,0.375,0.0,0.0,0.0
1628379,Luke Kennard,1610612765,DET,24.0,2019-20,6.0,13.0,0.462,7.0,22.0,0.318,59.0,146.0,0.404,13.0,35.0,0.371
1628436,Luke Kornet,1610612741,CHI,24.0,2019-20,2.0,15.0,0.133,2.0,10.0,0.2,27.0,83.0,0.325,4.0,25.0,0.16
1627763,Malcolm Brogdon,1610612754,IND,27.0,2019-20,0.0,6.0,0.0,6.0,15.0,0.4,69.0,209.0,0.33,6.0,21.0,0.286
1626259,Malcolm Miller,1610612761,TOR,27.0,2019-20,3.0,3.0,1.0,1.0,4.0,0.25,4.0,15.0,0.267,4.0,7.0,0.571
1627736,Malik Beasley,1610612750,MIN,23.0,2019-20,15.0,33.0,0.455,10.0,25.0,0.4,82.0,217.0,0.378,25.0,58.0,0.431
1628370,Malik Monk,1610612766,CHA,22.0,2019-20,6.0,22.0,0.273,3.0,15.0,0.2,49.0,162.0,0.302,9.0,37.0,0.243
1629005,Malik Newman,1610612739,CLE,23.0,2019-20,0.0,0.0,0.0,0.0,0.0,0.0,0.0,1.0,0.0,0.0,0.0,0.0
201188,Marc Gasol,1610612761,TOR,35.0,2019-20,3.0,7.0,0.429,3.0,7.0,0.429,51.0,134.0,0.381,6.0,14.0,0.429
201158,Marco Belinelli,1610612759,SAS,34.0,2019-20,6.0,18.0,0.333,12.0,23.0,0.522,49.0,137.0,0.358,18.0,41.0,0.439
202694,Marcus Morris Sr.,1610612746,LAC,30.0,2019-20,26.0,60.0,0.433,10.0,24.0,0.417,106.0,260.0,0.408,36.0,84.0,0.429
203935,Marcus Smart,1610612738,BOS,26.0,2019-20,16.0,44.0,0.364,5.0,19.0,0.263,116.0,328.0,0.354,21.0,63.0,0.333
1629621,Marial Shayok,1610612755,PHI,24.0,2019-20,0.0,1.0,0.0,0.0,1.0,0.0,2.0,4.0,0.5,0.0,2.0,0.0
1626209,Mario Hezonja,1610612757,POR,25.0,2019-20,1.0,5.0,0.2,2.0,9.0,0.222,21.0,63.0,0.333,3.0,14.0,0.214
1628365,Markelle Fultz,1610612753,ORL,22.0,2019-20,4.0,15.0,0.267,2.0,5.0,0.4,29.0,107.0,0.271,6.0,20.0,0.3
202693,Markieff Morris,1610612747,LAL,30.0,2019-20,17.0,40.0,0.425,10.0,30.0,0.333,61.0,154.0,0.396,27.0,70.0,0.386
1629741,Marko Guduric,1610612763,MEM,25.0,2019-20,4.0,8.0,0.5,5.0,15.0,0.333,16.0,60.0,0.267,9.0,23.0,0.391
1629716,Marques Bolden,1610612739,CLE,22.0,2019-20,,,,,,,0.0,0.0,0.0,,,
1627737,Marquese Chriss,1610612744,GSW,22.0,2019-20,2.0,4.0,0.5,0.0,1.0,0.0,6.0,33.0,0.182,2.0,5.0,0.4
1628963,Marvin Bagley III,1610612758,SAC,21.0,2019-20,0.0,0.0,0.0,0.0,1.0,0.0,4.0,21.0,0.19,0.0,1.0,0.0
101107,Marvin Williams,1610612749,MIL,34.0,2019-20,15.0,37.0,0.405,12.0,23.0,0.522,29.0,95.0,0.305,27.0,60.0,0.45
203486,Mason Plumlee,1610612743,DEN,30.0,2019-20,0.0,2.0,0.0,0.0,0.0,0.0,0.0,2.0,0.0,0.0,2.0,0.0
1629680,Matisse Thybulle,1610612755,PHI,23.0,2019-20,14.0,32.0,0.438,9.0,23.0,0.391,33.0,101.0,0.327,23.0,55.0,0.418
1629760,Matt Mooney,1610612739,CLE,25.0,2019-20,0.0,0.0,0.0,0.0,1.0,0.0,0.0,1.0,0.0,0.0,1.0,0.0
1629744,Matt Thomas,1610612761,TOR,25.0,2019-20,8.0,14.0,0.571,5.0,11.0,0.455,33.0,73.0,0.452,13.0,25.0,0.52
203521,Matthew Dellavedova,1610612739,CLE,29.0,2019-20,4.0,12.0,0.333,1.0,4.0,0.25,16.0,75.0,0.213,5.0,16.0,0.313
203090,Maurice Harkless,1610612752,NYK,27.0,2019-20,13.0,33.0,0.394,7.0,22.0,0.318,13.0,42.0,0.31,20.0,55.0,0.364
1629622,Max Strus,1610612741,CHI,24.0,2019-20,0.0,0.0,0.0,0.0,0.0,0.0,0.0,1.0,0.0,0.0,0.0,0.0
1628467,Maxi Kleber,1610612742,DAL,28.0,2019-20,19.0,46.0,0.413,27.0,77.0,0.351,73.0,194.0,0.376,46.0,123.0,0.374
1628982,Melvin Frazier Jr.,1610612753,ORL,23.0,2019-20,4.0,6.0,0.667,0.0,0.0,0.0,4.0,10.0,0.4,4.0,6.0,0.667
203086,Meyers Leonard,1610612748,MIA,28.0,2019-20,4.0,12.0,0.333,4.0,8.0,0.5,45.0,108.0,0.417,8.0,20.0,0.4
1629662,Mfiondu Kabengele,1610612746,LAC,22.0,2019-20,3.0,3.0,1.0,0.0,1.0,0.0,6.0,16.0,0.375,3.0,4.0,0.75
203487,Michael Carter-Williams,1610612753,ORL,28.0,2019-20,5.0,16.0,0.313,1.0,7.0,0.143,16.0,52.0,0.308,6.0,23.0,0.261
1626187,Michael Frazier II,1610612745,HOU,26.0,2019-20,2.0,4.0,0.5,1.0,3.0,0.333,1.0,16.0,0.063,3.0,7.0,0.429
203077,Michael Kidd-Gilchrist,1610612742,DAL,26.0,2019-20,1.0,2.0,0.5,2.0,5.0,0.4,2.0,13.0,0.154,3.0,7.0,0.429
1629008,Michael Porter Jr.,1610612743,DEN,22.0,2019-20,15.0,27.0,0.556,2.0,12.0,0.167,45.0,107.0,0.421,17.0,39.0,0.436
1628969,Mikal Bridges,1610612756,PHX,23.0,2019-20,16.0,37.0,0.432,24.0,59.0,0.407,30.0,96.0,0.313,40.0,96.0,0.417
201144,Mike Conley,1610612762,UTA,32.0,2019-20,12.0,23.0,0.522,15.0,35.0,0.429,68.0,194.0,0.351,27.0,58.0,0.466
203488,Mike Muscala,1610612760,OKC,28.0,2019-20,6.0,17.0,0.353,3.0,8.0,0.375,45.0,118.0,0.381,9.0,25.0,0.36
203118,Mike Scott,1610612755,PHI,31.0,2019-20,8.0,22.0,0.364,7.0,32.0,0.219,65.0,161.0,0.404,15.0,54.0,0.278
1628970,Miles Bridges,1610612766,CHA,22.0,2019-20,20.0,50.0,0.4,21.0,61.0,0.344,58.0,185.0,0.314,41.0,111.0,0.369
1629011,Mitchell Robinson,1610612752,NYK,22.0,2019-20,0.0,0.0,0.0,0.0,0.0,0.0,0.0,0.0,0.0,0.0,0.0,0.0
1629671,Miye Oni,1610612762,UTA,22.0,2019-20,0.0,4.0,0.0,1.0,2.0,0.5,6.0,13.0,0.462,1.0,6.0,0.167
1628964,Mo Bamba,1610612753,ORL,22.0,2019-20,1.0,7.0,0.143,2.0,7.0,0.286,34.0,92.0,0.37,3.0,14.0,0.214
1628420,Monte Morris,1610612743,DEN,25.0,2019-20,16.0,40.0,0.4,12.0,26.0,0.462,37.0,106.0,0.349,28.0,66.0,0.424
1626149,Montrezl Harrell,1610612746,LAC,26.0,2019-20,0.0,0.0,0.0,0.0,0.0,0.0,0.0,12.0,0.0,0.0,0.0,0.0
1629021,Moritz Wagner,1610612764,WAS,23.0,2019-20,4.0,5.0,0.8,1.0,8.0,0.125,20.0,67.0,0.299,5.0,13.0,0.385
1629650,Moses Brown,1610612757,POR,20.0,2019-20,0.0,0.0,0.0,0.0,0.0,0.0,0.0,0.0,0.0,0.0,0.0,0.0
1628539,Mychal Mulder,1610612744,GSW,26.0,2019-20,6.0,10.0,0.6,3.0,6.0,0.5,7.0,35.0,0.2,9.0,16.0,0.563
1626167,Myles Turner,1610612754,IND,24.0,2019-20,5.0,18.0,0.278,8.0,20.0,0.4,73.0,211.0,0.346,13.0,38.0,0.342
1629642,Nassir Little,1610612757,POR,20.0,2019-20,3.0,12.0,0.25,1.0,13.0,0.077,10.0,34.0,0.294,4.0,25.0,0.16
1628513,Naz Mitrou-Long,1610612754,IND,26.0,2019-20,0.0,0.0,0.0,1.0,2.0,0.5,1.0,9.0,0.111,1.0,2.0,0.5
1629675,Naz Reid,1610612750,MIN,20.0,2019-20,5.0,9.0,0.556,2.0,6.0,0.333,25.0,82.0,0.305,7.0,15.0,0.467
202357,Nemanja Bjelica,1610612758,SAC,32.0,2019-20,13.0,25.0,0.52,13.0,23.0,0.565,108.0,272.0,0.397,26.0,48.0,0.542
203457,Nerlens Noel,1610612760,OKC,26.0,2019-20,1.0,1.0,1.0,0.0,1.0,0.0,0.0,0.0,0.0,1.0,2.0,0.5
1629651,Nic Claxton,1610612751,BKN,21.0,2019-20,0.0,2.0,0.0,0.0,2.0,0.0,1.0,3.0,0.333,0.0,4.0,0.0
1629638,Nickeil Alexander-Walker,1610612740,NOP,21.0,2019-20,5.0,12.0,0.417,5.0,14.0,0.357,36.0,104.0,0.346,10.0,26.0,0.385
201587,Nicolas Batum,1610612766,CHA,31.0,2019-20,3.0,8.0,0.375,3.0,11.0,0.273,8.0,30.0,0.267,6.0,19.0,0.316
1629740,Nicolo Melli,1610612740,NOP,29.0,2019-20,6.0,26.0,0.231,9.0,25.0,0.36,54.0,153.0,0.353,15.0,51.0,0.294
1628430,Nigel Williams-Goss,1610612762,UTA,25.0,2019-20,0.0,0.0,0.0,1.0,2.0,0.5,1.0,5.0,0.2,1.0,2.0,0.5
203999,Nikola Jokić,1610612743,DEN,25.0,2019-20,4.0,6.0,0.667,2.0,5.0,0.4,74.0,241.0,0.307,6.0,11.0,0.545
202696,Nikola Vučević,1610612753,ORL,29.0,2019-20,3.0,5.0,0.6,4.0,6.0,0.667,91.0,278.0,0.327,7.0,11.0,0.636
203943,Noah Vonleh,1610612743,DEN,24.0,2019-20,0.0,2.0,0.0,1.0,1.0,1.0,2.0,12.0,0.167,1.0,3.0,0.333
1626181,Norman Powell,1610612761,TOR,27.0,2019-20,26.0,58.0,0.448,13.0,33.0,0.394,70.0,178.0,0.393,39.0,91.0,0.429
203658,Norvel Pelle,1610612755,PHI,27.0,2019-20,0.0,1.0,0.0,0.0,0.0,0.0,0.0,0.0,0.0,0.0,1.0,0.0
1628384,OG Anunoby,1610612761,TOR,22.0,2019-20,24.0,62.0,0.387,25.0,60.0,0.417,40.0,106.0,0.377,49.0,122.0,0.402
1629016,Omari Spellman,1610612750,MIN,22.0,2019-20,8.0,14.0,0.571,3.0,6.0,0.5,32.0,90.0,0.356,11.0,20.0,0.55
1629052,Oshae Brissett,1610612761,TOR,22.0,2019-20,1.0,4.0,0.25,1.0,5.0,0.2,1.0,6.0,0.167,2.0,9.0,0.222
203490,Otto Porter Jr.,1610612741,CHI,27.0,2019-20,3.0,7.0,0.429,3.0,7.0,0.429,18.0,47.0,0.383,6.0,14.0,0.429
200782,P.J. Tucker,1610612745,HOU,35.0,2019-20,45.0,109.0,0.413,45.0,127.0,0.354,16.0,62.0,0.258,90.0,236.0,0.381
1629023,P.J. Washington,1610612766,CHA,21.0,2019-20,21.0,38.0,0.553,11.0,26.0,0.423,54.0,166.0,0.325,32.0,64.0,0.5
1628408,PJ Dozier,1610612743,DEN,23.0,2019-20,0.0,2.0,0.0,1.0,5.0,0.2,16.0,39.0,0.41,1.0,7.0,0.143
1627783,Pascal Siakam,1610612761,TOR,26.0,2019-20,15.0,45.0,0.333,17.0,41.0,0.415,99.0,279.0,0.355,32.0,86.0,0.372
1626192,Pat Connaughton,1610612749,MIL,27.0,2019-20,1.0,5.0,0.2,5.0,15.0,0.333,49.0,146.0,0.336,6.0,20.0,0.3
201976,Patrick Beverley,1610612746,LAC,31.0,2019-20,14.0,31.0,0.452,14.0,37.0,0.378,51.0,137.0,0.372,28.0,68.0,0.412
1627775,Patrick McCaw,1610612761,TOR,24.0,2019-20,4.0,15.0,0.267,8.0,21.0,0.381,11.0,34.0,0.324,12.0,36.0,0.333
202335,Patrick Patterson,1610612746,LAC,31.0,2019-20,14.0,27.0,0.519,17.0,47.0,0.362,36.0,97.0,0.371,31.0,74.0,0.419
201988,Patty Mills,1610612759,SAS,31.0,2019-20,27.0,55.0,0.491,13.0,32.0,0.406,114.0,314.0,0.363,40.0,87.0,0.46
202331,Paul George,1610612746,LAC,30.0,2019-20,19.0,34.0,0.559,21.0,39.0,0.538,117.0,306.0,0.382,40.0,73.0,0.548
200794,Paul Millsap,1610612743,DEN,35.0,2019-20,5.0,12.0,0.417,11.0,24.0,0.458,38.0,88.0,0.432,16.0,36.0,0.444
1628778,Paul Watson,1610612761,TOR,25.0,2019-20,0.0,1.0,0.0,0.0,0.0,0.0,4.0,11.0,0.364,0.0,1.0,0.0
1626188,Quinn Cook,1610612747,LAL,27.0,2019-20,9.0,14.0,0.643,2.0,8.0,0.25,20.0,63.0,0.317,11.0,22.0,0.5
1629683,Quinndary Weatherspoon,1610612759,SAS,23.0,2019-20,0.0,0.0,0.0,0.0,1.0,0.0,1.0,3.0,0.333,0.0,1.0,0.0
1629628,RJ Barrett,1610612752,NYK,20.0,2019-20,15.0,41.0,0.366,9.0,25.0,0.36,39.0,130.0,0.3,24.0,66.0,0.364
200765,Rajon Rondo,1610612747,LAL,34.0,2019-20,3.0,12.0,0.25,6.0,14.0,0.429,32.0,99.0,0.323,9.0,26.0,0.346
203526,Raul Neto,1610612755,PHI,28.0,2019-20,4.0,9.0,0.444,2.0,4.0,0.5,28.0,73.0,0.384,6.0,13.0,0.462
1629730,Rayjon Tucker,1610612762,UTA,22.0,2019-20,0.0,1.0,0.0,0.0,0.0,0.0,3.0,16.0,0.188,0.0,1.0,0.0
203493,Reggie Bullock Jr.,1610612752,NYK,29.0,2019-20,4.0,16.0,0.25,5.0,17.0,0.294,28.0,78.0,0.359,9.0,33.0,0.273
202704,Reggie Jackson,1610612746,LAC,30.0,2019-20,7.0,13.0,0.538,6.0,15.0,0.4,44.0,116.0,0.379,13.0,28.0,0.464
1626158,Richaun Holmes,1610612758,SAC,26.0,2019-20,0.0,0.0,0.0,0.0,0.0,0.0,0.0,0.0,0.0,0.0,0.0,0.0
201937,Ricky Rubio,1610612756,PHX,29.0,2019-20,19.0,41.0,0.463,4.0,18.0,0.222,54.0,156.0,0.346,23.0,59.0,0.39
203496,Robert Covington,1610612745,HOU,29.0,2019-20,9.0,31.0,0.29,16.0,38.0,0.421,136.0,407.0,0.334,25.0,69.0,0.362
1629057,Robert Williams III,1610612738,BOS,22.0,2019-20,0.0,0.0,0.0,0.0,0.0,0.0,0.0,0.0,0.0,0.0,0.0,0.0
201577,Robin Lopez,1610612749,MIL,32.0,2019-20,8.0,24.0,0.333,12.0,32.0,0.375,15.0,49.0,0.306,20.0,56.0,0.357
1629066,Rodions Kurucs,1610612751,BKN,22.0,2019-20,6.0,11.0,0.545,1.0,5.0,0.2,26.0,74.0,0.351,7.0,16.0,0.438
203918,Rodney Hood,1610612757,POR,27.0,2019-20,7.0,13.0,0.538,9.0,16.0,0.563,19.0,42.0,0.452,16.0,29.0,0.552
203585,Rodney McGruder,1610612746,LAC,28.0,2019-20,4.0,19.0,0.211,6.0,29.0,0.207,14.0,41.0,0.341,10.0,48.0,0.208
1629641,Romeo Langford,1610612738,BOS,20.0,2019-20,2.0,9.0,0.222,1.0,5.0,0.2,2.0,12.0,0.167,3.0,14.0,0.214
1626178,Rondae Hollis-Jefferson,1610612761,TOR,25.0,2019-20,0.0,4.0,0.0,0.0,9.0,0.0,3.0,8.0,0.375,0.0,13.0,0.0
1626220,Royce O'Neale,1610612762,UTA,27.0,2019-20,15.0,42.0,0.357,21.0,43.0,0.488,56.0,155.0,0.361,36.0,85.0,0.424
200752,Rudy Gay,1610612759,SAS,33.0,2019-20,8.0,28.0,0.286,11.0,34.0,0.324,55.0,157.0,0.35,19.0,62.0,0.306
203497,Rudy Gobert,1610612762,UTA,28.0,2019-20,0.0,0.0,0.0,0.0,0.0,0.0,0.0,0.0,0.0,0.0,0.0,0.0
1629060,Rui Hachimura,1610612764,WAS,22.0,2019-20,4.0,12.0,0.333,4.0,12.0,0.333,17.0,59.0,0.288,8.0,24.0,0.333
201566,Russell Westbrook,1610612745,HOU,31.0,2019-20,6.0,30.0,0.2,4.0,15.0,0.267,45.0,168.0,0.268,10.0,45.0,0.222
201583,Ryan Anderson,1610612745,HOU,32.0,2019-20,0.0,0.0,0.0,0.0,0.0,0.0,1.0,5.0,0.2,0.0,0.0,0.0
1627853,Ryan Arcidiacono,1610612741,CHI,26.0,2019-20,9.0,21.0,0.429,10.0,21.0,0.476,35.0,96.0,0.365,19.0,42.0,0.452
1629151,Ryan Broekhoff,1610612755,PHI,29.0,2019-20,3.0,9.0,0.333,3.0,7.0,0.429,14.0,35.0,0.4,6.0,16.0,0.375
1629635,Sekou Doumbouya,1610612765,DET,19.0,2019-20,5.0,22.0,0.227,6.0,15.0,0.4,17.0,61.0,0.279,11.0,37.0,0.297
1628400,Semi Ojeleye,1610612738,BOS,25.0,2019-20,13.0,24.0,0.542,12.0,32.0,0.375,23.0,71.0,0.324,25.0,56.0,0.446
201586,Serge Ibaka,1610612761,TOR,30.0,2019-20,3.0,9.0,0.333,2.0,11.0,0.182,65.0,162.0,0.401,5.0,20.0,0.25
203552,Seth Curry,1610612742,DAL,29.0,2019-20,11.0,26.0,0.423,18.0,37.0,0.486,116.0,255.0,0.455,29.0,63.0,0.46
203894,Shabazz Napier,1610612764,WAS,28.0,2019-20,3.0,19.0,0.158,1.0,8.0,0.125,72.0,213.0,0.338,4.0,27.0,0.148
1628983,Shai Gilgeous-Alexander,1610612760,OKC,21.0,2019-20,8.0,22.0,0.364,6.0,12.0,0.5,73.0,217.0,0.336,14.0,34.0,0.412
1629003,Shake Milton,1610612755,PHI,23.0,2019-20,8.0,19.0,0.421,5.0,11.0,0.455,45.0,105.0,0.429,13.0,30.0,0.433
1629044,Shamorie Ponds,1610612761,TOR,22.0,2019-20,0.0,0.0,0.0,0.0,0.0,0.0,1.0,2.0,0.5,0.0,0.0,0.0
1627885,Shaquille Harrison,1610612741,CHI,26.0,2019-20,4.0,11.0,0.364,2.0,6.0,0.333,9.0,22.0,0.409,6.0,17.0,0.353
1628414,Sindarius Thornwell,1610612740,NOP,25.0,2019-20,1.0,1.0,1.0,0.0,0.0,0.0,1.0,2.0,0.5,1.0,1.0,1.0
1627746,Skal Labissiere,1610612737,ATL,24.0,2019-20,0.0,0.0,0.0,0.0,2.0,0.0,3.0,11.0,0.273,0.0,2.0,0.0
203524,Solomon Hill,1610612748,MIA,29.0,2019-20,11.0,27.0,0.407,10.0,22.0,0.455,42.0,122.0,0.344,21.0,49.0,0.429
203915,Spencer Dinwiddie,1610612751,BKN,27.0,2019-20,6.0,17.0,0.353,12.0,43.0,0.279,105.0,334.0,0.314,18.0,60.0,0.3
1626169,Stanley Johnson,1610612761,TOR,24.0,2019-20,0.0,1.0,0.0,0.0,7.0,0.0,7.0,15.0,0.467,0.0,8.0,0.0
1629742,Stanton Kidd,1610612762,UTA,28.0,2019-20,0.0,1.0,0.0,,,,0.0,0.0,0.0,0.0,1.0,0.0
201939,Stephen Curry,1610612744,GSW,32.0,2019-20,1.0,3.0,0.333,1.0,3.0,0.333,10.0,43.0,0.233,2.0,6.0,0.333
1628425,Sterling Brown,1610612749,MIL,25.0,2019-20,13.0,29.0,0.448,7.0,19.0,0.368,24.0,87.0,0.276,20.0,48.0,0.417
203500,Steven Adams,1610612760,OKC,26.0,2019-20,0.0,0.0,0.0,0.0,1.0,0.0,0.0,1.0,0.0,0.0,1.0,0.0
1629004,Svi Mykhailiuk,1610612765,DET,23.0,2019-20,21.0,45.0,0.467,8.0,22.0,0.364,85.0,215.0,0.395,29.0,67.0,0.433
1628388,T.J. Leaf,1610612754,IND,23.0,2019-20,1.0,3.0,0.333,1.0,1.0,1.0,3.0,14.0,0.214,2.0,4.0,0.5
204456,T.J. McConnell,1610612754,IND,28.0,2019-20,0.0,2.0,0.0,2.0,5.0,0.4,3.0,9.0,0.333,2.0,7.0,0.286
203933,T.J. Warren,1610612754,IND,26.0,2019-20,30.0,68.0,0.441,10.0,27.0,0.37,51.0,131.0,0.389,40.0,95.0,0.421
1629605,Tacko Fall,1610612738,BOS,24.0,2019-20,0.0,0.0,0.0,0.0,0.0,0.0,0.0,0.0,0.0,0.0,0.0,0.0
201959,Taj Gibson,1610612752,NYK,35.0,2019-20,1.0,5.0,0.2,1.0,3.0,0.333,2.0,6.0,0.333,2.0,8.0,0.25
1629659,Talen Horton-Tucker,1610612747,LAL,19.0,2019-20,2.0,3.0,0.667,0.0,2.0,0.0,2.0,8.0,0.25,2.0,5.0,0.4
1629745,Tariq Owens,1610612756,PHX,25.0,2019-20,0.0,0.0,0.0,0.0,1.0,0.0,0.0,1.0,0.0,0.0,1.0,0.0
1627752,Taurean Prince,1610612751,BKN,26.0,2019-20,20.0,77.0,0.26,24.0,60.0,0.4,100.0,288.0,0.347,44.0,137.0,0.321
1629611,Terance Mann,1610612746,LAC,23.0,2019-20,0.0,4.0,0.0,4.0,9.0,0.444,3.0,7.0,0.429,4.0,13.0,0.308
1629056,Terence Davis,1610612761,TOR,23.0,2019-20,11.0,31.0,0.355,18.0,28.0,0.643,65.0,181.0,0.359,29.0,59.0,0.492
1628390,Terrance Ferguson,1610612760,OKC,22.0,2019-20,11.0,45.0,0.244,12.0,29.0,0.414,26.0,94.0,0.277,23.0,74.0,0.311
203082,Terrence Ross,1610612753,ORL,29.0,2019-20,15.0,36.0,0.417,5.0,12.0,0.417,156.0,450.0,0.347,20.0,48.0,0.417
1626179,Terry Rozier,1610612766,CHA,26.0,2019-20,23.0,54.0,0.426,14.0,33.0,0.424,135.0,336.0,0.402,37.0,87.0,0.425
200757,Thabo Sefolosha,1610612745,HOU,36.0,2019-20,5.0,13.0,0.385,5.0,11.0,0.455,5.0,30.0,0.167,10.0,24.0,0.417
201152,Thaddeus Young,1610612741,CHI,32.0,2019-20,29.0,67.0,0.433,6.0,28.0,0.214,44.0,125.0,0.352,35.0,95.0,0.368
203648,Thanasis Antetokounmpo,1610612749,MIL,27.0,2019-20,0.0,3.0,0.0,0.0,2.0,0.0,0.0,3.0,0.0,0.0,5.0,0.0
1629033,Theo Pinson,1610612752,NYK,24.0,2019-20,0.0,3.0,0.0,1.0,2.0,0.5,14.0,72.0,0.194,1.0,5.0,0.2
1628418,Thomas Bryant,1610612764,WAS,22.0,2019-20,2.0,5.0,0.4,2.0,5.0,0.4,33.0,81.0,0.407,4.0,10.0,0.4
1627748,Thon Maker,1610612765,DET,23.0,2019-20,5.0,15.0,0.333,5.0,15.0,0.333,12.0,33.0,0.364,10.0,30.0,0.333
204025,Tim Frazier,1610612765,DET,29.0,2019-20,0.0,2.0,0.0,3.0,3.0,1.0,7.0,25.0,0.28,3.0,5.0,0.6
203501,Tim Hardaway Jr.,1610612742,DAL,28.0,2019-20,20.0,52.0,0.385,39.0,77.0,0.506,144.0,380.0,0.379,59.0,129.0,0.457
1627789,Timothe Luwawu-Cabarrot,1610612751,BKN,25.0,2019-20,11.0,27.0,0.407,19.0,41.0,0.463,32.0,92.0,0.348,30.0,68.0,0.441
202699,Tobias Harris,1610612755,PHI,27.0,2019-20,18.0,36.0,0.5,13.0,34.0,0.382,100.0,287.0,0.348,31.0,70.0,0.443
203107,Tomas Satoransky,1610612741,CHI,28.0,2019-20,14.0,35.0,0.4,9.0,25.0,0.36,41.0,139.0,0.295,23.0,60.0,0.383
1628396,Tony Bradley,1610612762,UTA,22.0,2019-20,0.0,0.0,0.0,0.0,0.0,0.0,3.0,3.0,1.0,0.0,0.0,0.0
203503,Tony Snell,1610612765,DET,28.0,2019-20,19.0,43.0,0.442,23.0,55.0,0.418,60.0,154.0,0.39,42.0,98.0,0.429
1628470,Torrey Craig,1610612743,DEN,29.0,2019-20,10.0,30.0,0.333,5.0,21.0,0.238,30.0,85.0,0.353,15.0,51.0,0.294
1629027,Trae Young,1610612737,ATL,21.0,2019-20,4.0,6.0,0.667,9.0,15.0,0.6,192.0,547.0,0.351,13.0,21.0,0.619
1629682,Tremont Waters,1610612738,BOS,22.0,2019-20,0.0,1.0,0.0,0.0,3.0,0.0,4.0,20.0,0.2,0.0,4.0,0.0
1626203,Treveon Graham,1610612737,ATL,26.0,2019-20,3.0,20.0,0.15,5.0,15.0,0.333,25.0,83.0,0.301,8.0,35.0,0.229
2772,Trevor Ariza,1610612757,POR,35.0,2019-20,15.0,41.0,0.366,17.0,42.0,0.405,45.0,123.0,0.366,32.0,83.0,0.386
203504,Trey Burke,1610612742,DAL,27.0,2019-20,4.0,8.0,0.5,4.0,9.0,0.444,24.0,56.0,0.429,8.0,17.0,0.471
1626168,Trey Lyles,1610612759,SAS,24.0,2019-20,10.0,24.0,0.417,13.0,26.0,0.5,42.0,118.0,0.356,23.0,50.0,0.46
202684,Tristan Thompson,1610612739,CLE,29.0,2019-20,0.0,1.0,0.0,1.0,2.0,0.5,8.0,20.0,0.4,1.0,3.0,0.333
1628972,Troy Brown Jr.,1610612764,WAS,20.0,2019-20,16.0,29.0,0.552,8.0,22.0,0.364,36.0,121.0,0.298,24.0,51.0,0.471
203584,Troy Daniels,1610612743,DEN,28.0,2019-20,8.0,19.0,0.421,8.0,18.0,0.444,30.0,95.0,0.316,16.0,37.0,0.432
1629660,Ty Jerome,1610612756,PHX,22.0,2019-20,2.0,8.0,0.25,1.0,3.0,0.333,11.0,38.0,0.289,3.0,11.0,0.273
1629076,Tyler Cook,1610612743,DEN,22.0,2019-20,0.0,0.0,0.0,0.0,0.0,0.0,0.0,0.0,0.0,0.0,0.0,0.0
1629639,Tyler Herro,1610612748,MIA,20.0,2019-20,9.0,22.0,0.409,14.0,29.0,0.483,93.0,245.0,0.38,23.0,51.0,0.451
204020,Tyler Johnson,1610612751,BKN,28.0,2019-20,3.0,10.0,0.3,4.0,8.0,0.5,31.0,100.0,0.31,7.0,18.0,0.389
203092,Tyler Zeller,1610612759,SAS,30.0,2019-20,,,,,,,0.0,0.0,0.0,,,
1627820,Tyrone Wallace,1610612737,ATL,26.0,2019-20,0.0,2.0,0.0,0.0,2.0,0.0,1.0,10.0,0.1,0.0,4.0,0.0
2199,Tyson Chandler,1610612745,HOU,37.0,2019-20,0.0,0.0,0.0,0.0,0.0,0.0,0.0,0.0,0.0,0.0,0.0,0.0
1626145,Tyus Jones,1610612763,MEM,24.0,2019-20,6.0,12.0,0.5,5.0,11.0,0.455,36.0,101.0,0.356,11.0,23.0,0.478
2617,Udonis Haslem,1610612748,MIA,40.0,2019-20,0.0,0.0,0.0,0.0,0.0,0.0,1.0,3.0,0.333,0.0,0.0,0.0
1629724,Vic Law,1610612753,ORL,24.0,2019-20,0.0,1.0,0.0,0.0,1.0,0.0,1.0,4.0,0.25,0.0,2.0,0.0
203506,Victor Oladipo,1610612754,IND,28.0,2019-20,2.0,8.0,0.25,0.0,2.0,0.0,31.0,94.0,0.33,2.0,10.0,0.2
1713,Vince Carter,1610612737,ATL,43.0,2019-20,8.0,20.0,0.4,5.0,21.0,0.238,48.0,161.0,0.298,13.0,41.0,0.317
1629738,Vincent Poirier,1610612738,BOS,26.0,2019-20,0.0,0.0,0.0,0.0,0.0,0.0,1.0,2.0,0.5,0.0,0.0,0.0
1628427,Vlatko Čančar,1610612743,DEN,23.0,2019-20,0.0,1.0,0.0,0.0,0.0,0.0,1.0,5.0,0.2,0.0,1.0,0.0
201961,Wayne Ellington,1610612752,NYK,32.0,2019-20,3.0,6.0,0.5,7.0,12.0,0.583,39.0,123.0,0.317,10.0,18.0,0.556
1628976,Wendell Carter Jr.,1610612741,CHI,21.0,2019-20,1.0,11.0,0.091,1.0,1.0,1.0,4.0,17.0,0.235,2.0,12.0,0.167
1629117,Wenyen Gabriel,1610612757,POR,23.0,2019-20,3.0,5.0,0.6,1.0,3.0,0.333,2.0,12.0,0.167,4.0,8.0,0.5
1628411,Wes Iwundu,1610612753,ORL,25.0,2019-20,6.0,15.0,0.4,4.0,12.0,0.333,18.0,55.0,0.327,10.0,27.0,0.37
202083,Wesley Matthews,1610612749,MIL,33.0,2019-20,19.0,46.0,0.413,16.0,37.0,0.432,73.0,214.0,0.341,35.0,83.0,0.422
203115,Will Barton,1610612743,DEN,29.0,2019-20,13.0,24.0,0.542,7.0,15.0,0.467,87.0,247.0,0.352,20.0,39.0,0.513
1629739,William Howard,1610612745,HOU,26.0,2019-20,0.0,0.0,0.0,0.0,1.0,0.0,0.0,3.0,0.0,0.0,1.0,0.0
1626161,Willie Cauley-Stein,1610612742,DAL,26.0,2019-20,0.0,0.0,0.0,0.0,0.0,0.0,0.0,1.0,0.0,0.0,0.0,0.0
1626195,Willy Hernangomez,1610612766,CHA,26.0,2019-20,1.0,2.0,0.5,0.0,1.0,0.0,4.0,19.0,0.211,1.0,3.0,0.333
201163,Wilson Chandler,1610612751,BKN,33.0,2019-20,5.0,11.0,0.455,7.0,21.0,0.333,25.0,89.0,0.281,12.0,32.0,0.375
1627812,Yogi Ferrell,1610612758,SAC,27.0,2019-20,5.0,6.0,0.833,3.0,9.0,0.333,16.0,64.0,0.25,8.0,15.0,0.533
1629139,Yuta Watanabe,1610612763,MEM,25.0,2019-20,1.0,1.0,1.0,0.0,1.0,0.0,2.0,6.0,0.333,1.0,2.0,0.5
1628380,Zach Collins,1610612757,POR,22.0,2019-20,0.0,3.0,0.0,1.0,3.0,0.333,6.0,13.0,0.462,1.0,6.0,0.167
203897,Zach LaVine,1610612741,CHI,25.0,2019-20,27.0,53.0,0.509,14.0,32.0,0.438,143.0,398.0,0.359,41.0,85.0,0.482
1629668,Zach Norvell Jr.,1610612744,GSW,22.0,2019-20,0.0,1.0,0.0,0.0,0.0,0.0,3.0,7.0,0.429,0.0,1.0,0.0
1629015,Zhaire Smith,1610612755,PHI,21.0,2019-20,0.0,1.0,0.0,0.0,0.0,0.0,0.0,2.0,0.0,0.0,1.0,0.0
1629627,Zion Williamson,1610612740,NOP,19.0,2019-20,0.0,1.0,0.0,0.0,0.0,0.0,6.0,13.0,0.462,0.0,1.0,0.0
1629597,Zylan Cheatham,1610612740,NOP,24.0,2019-20,0.0,0.0,0.0,0.0,0.0,0.0,0.0,1.0,0.0,0.0,0.0,0.0
203932,Aaron Gordon,1610612743,DEN,25.0,2020-21,7.0,18.0,0.389,5.0,17.0,0.294,47.0,138.0,0.341,12.0,35.0,0.343
1628988,Aaron Holiday,1610612754,IND,24.0,2020-21,10.0,20.0,0.5,10.0,17.0,0.588,47.0,144.0,0.326,20.0,37.0,0.541
1630174,Aaron Nesmith,1610612738,BOS,21.0,2020-21,8.0,28.0,0.286,8.0,16.0,0.5,24.0,64.0,0.375,16.0,44.0,0.364
1627846,Abdel Nader,1610612756,PHX,27.0,2020-21,6.0,11.0,0.545,2.0,5.0,0.4,10.0,27.0,0.37,8.0,16.0,0.5
1629690,Adam Mokoka,1610612741,CHI,22.0,2020-21,1.0,2.0,0.5,0.0,3.0,0.0,0.0,5.0,0.0,1.0,5.0,0.2
201143,Al Horford,1610612738,BOS,35.0,2020-21,3.0,7.0,0.429,1.0,11.0,0.091,52.0,134.0,0.388,4.0,18.0,0.222
202329,Al-Farouq Aminu,1610612741,CHI,30.0,2020-21,3.0,5.0,0.6,1.0,4.0,0.25,4.0,28.0,0.143,4.0,9.0,0.444
202692,Alec Burks,1610612752,NYK,29.0,2020-21,18.0,48.0,0.375,18.0,28.0,0.643,66.0,170.0,0.388,36.0,76.0,0.474
1630197,Aleksej Pokusevski,1610612760,OKC,19.0,2020-21,9.0,29.0,0.31,5.0,16.0,0.313,44.0,160.0,0.275,14.0,45.0,0.311
1629346,Alen Smailagic,1610612744,GSW,20.0,2020-21,1.0,2.0,0.5,0.0,1.0,0.0,3.0,7.0,0.429,1.0,3.0,0.333
1627936,Alex Caruso,1610612747,LAL,27.0,2020-21,9.0,27.0,0.333,13.0,29.0,0.448,33.0,80.0,0.413,22.0,56.0,0.393
203458,Alex Len,1610612764,WAS,28.0,2020-21,4.0,11.0,0.364,2.0,6.0,0.333,2.0,8.0,0.25,6.0,17.0,0.353
1628035,Alfonzo McKinnie,1610612747,LAL,28.0,2020-21,4.0,8.0,0.5,2.0,5.0,0.4,10.0,26.0,0.385,6.0,13.0,0.462
1628993,Alize Johnson,1610612751,BKN,25.0,2020-21,0.0,1.0,0.0,0.0,1.0,0.0,1.0,4.0,0.25,0.0,2.0,0.0
1628578,Amida Brimah,1610612754,IND,27.0,2020-21,0.0,0.0,0.0,0.0,0.0,0.0,0.0,0.0,0.0,0.0,0.0,0.0
1629599,Amir Coffey,1610612746,LAC,24.0,2020-21,4.0,9.0,0.444,7.0,14.0,0.5,12.0,33.0,0.364,11.0,23.0,0.478
2760,Anderson Varejao,1610612739,CLE,38.0,2020-21,0.0,0.0,0.0,0.0,1.0,0.0,0.0,0.0,0.0,0.0,1.0,0.0
203083,Andre Drummond,1610612747,LAL,27.0,2020-21,0.0,0.0,0.0,0.0,0.0,0.0,0.0,7.0,0.0,0.0,0.0,0.0
2738,Andre Iguodala,1610612748,MIA,37.0,2020-21,18.0,41.0,0.439,17.0,51.0,0.333,25.0,85.0,0.294,35.0,92.0,0.38
203460,Andre Roberson,1610612751,BKN,29.0,2020-21,0.0,2.0,0.0,0.0,2.0,0.0,1.0,4.0,0.25,0.0,4.0,0.0
203952,Andrew Wiggins,1610612744,GSW,26.0,2020-21,30.0,69.0,0.435,12.0,28.0,0.429,98.0,269.0,0.364,42.0,97.0,0.433
1629014,Anfernee Simons,1610612757,POR,22.0,2020-21,15.0,24.0,0.625,13.0,25.0,0.52,92.0,233.0,0.395,28.0,49.0,0.571
203076,Anthony Davis,1610612747,LAL,28.0,2020-21,5.0,8.0,0.625,5.0,8.0,0.625,16.0,83.0,0.193,10.0,16.0,0.625
1630162,Anthony Edwards,1610612750,MIN,19.0,2020-21,14.0,49.0,0.286,9.0,33.0,0.273,147.0,434.0,0.339,23.0,82.0,0.28
1630264,Anthony Gill,1610612764,WAS,28.0,2020-21,0.0,3.0,0.0,1.0,6.0,0.167,6.0,15.0,0.4,1.0,9.0,0.111
1630237,Anthony Lamb,1610612745,HOU,23.0,2020-21,4.0,8.0,0.5,3.0,9.0,0.333,16.0,53.0,0.302,7.0,17.0,0.412
201229,Anthony Tolliver,1610612755,PHI,36.0,2020-21,0.0,1.0,0.0,2.0,3.0,0.667,2.0,10.0,0.2,2.0,4.0,0.5
1628394,Anžejs Pasečņiks,1610612764,WAS,25.0,2020-21,0.0,0.0,0.0,,,,0.0,1.0,0.0,0.0,0.0,0.0
1629717,Armoni Brooks,1610612745,HOU,23.0,2020-21,6.0,13.0,0.462,5.0,13.0,0.385,49.0,131.0,0.374,11.0,26.0,0.423
203382,Aron Baynes,1610612761,TOR,34.0,2020-21,3.0,8.0,0.375,0.0,9.0,0.0,24.0,86.0,0.279,3.0,17.0,0.176
1630204,Ashton Hagans,1610612750,MIN,21.0,2020-21,0.0,0.0,0.0,0.0,0.0,0.0,0.0,0.0,0.0,0.0,0.0,0.0
203085,Austin Rivers,1610612743,DEN,28.0,2020-21,8.0,17.0,0.471,3.0,17.0,0.176,44.0,114.0,0.386,11.0,34.0,0.324
202340,Avery Bradley,1610612745,HOU,30.0,2020-21,11.0,29.0,0.379,4.0,12.0,0.333,18.0,60.0,0.3,15.0,41.0,0.366
1626253,Axel Toupane,1610612749,MIL,28.0,2020-21,0.0,0.0,0.0,0.0,1.0,0.0,1.0,1.0,1.0,0.0,1.0,0.0
1628389,Bam Adebayo,1610612748,MIA,23.0,2020-21,0.0,1.0,0.0,0.0,0.0,0.0,2.0,7.0,0.286,0.0,1.0,0.0
203463,Ben McLemore,1610612747,LAL,28.0,2020-21,20.0,41.0,0.488,15.0,30.0,0.5,62.0,207.0,0.3,35.0,71.0,0.493
1627732,Ben Simmons,1610612755,PHI,24.0,2020-21,0.0,1.0,0.0,1.0,2.0,0.5,2.0,7.0,0.286,1.0,3.0,0.333
202687,Bismack Biyombo,1610612766,CHA,28.0,2020-21,0.0,0.0,0.0,0.0,1.0,0.0,0.0,0.0,0.0,0.0,1.0,0.0
201933,Blake Griffin,1610612751,BKN,32.0,2020-21,8.0,30.0,0.267,4.0,9.0,0.444,58.0,165.0,0.352,12.0,39.0,0.308
1626246,Boban Marjanovic,1610612742,DAL,32.0,2020-21,0.0,0.0,0.0,0.0,0.0,0.0,1.0,8.0,0.125,0.0,0.0,0.0
1626171,Bobby Portis,1610612749,MIL,26.0,2020-21,11.0,22.0,0.5,17.0,39.0,0.436,46.0,96.0,0.479,28.0,61.0,0.459
203992,Bogdan Bogdanović,1610612737,ATL,28.0,2020-21,16.0,27.0,0.593,27.0,52.0,0.519,103.0,254.0,0.406,43.0,79.0,0.544
202711,Bojan Bogdanovic,1610612762,UTA,32.0,2020-21,26.0,72.0,0.361,60.0,131.0,0.458,94.0,256.0,0.367,86.0,203.0,0.424
1629626,Bol Bol,1610612743,DEN,21.0,2020-21,1.0,1.0,1.0,0.0,2.0,0.0,8.0,21.0,0.381,1.0,3.0,0.333
202954,Brad Wanamaker,1610612766,CHA,31.0,2020-21,0.0,4.0,0.0,1.0,1.0,1.0,15.0,80.0,0.188,1.0,5.0,0.2
203078,Bradley Beal,1610612764,WAS,28.0,2020-21,13.0,35.0,0.371,12.0,33.0,0.364,105.0,305.0,0.344,25.0,68.0,0.368
1629634,Brandon Clarke,1610612763,MEM,24.0,2020-21,7.0,21.0,0.333,5.0,25.0,0.2,8.0,31.0,0.258,12.0,46.0,0.261
1629164,Brandon Goodwin,1610612737,ATL,25.0,2020-21,3.0,5.0,0.6,2.0,8.0,0.25,27.0,88.0,0.307,5.0,13.0,0.385
1627742,Brandon Ingram,1610612740,NOP,23.0,2020-21,11.0,33.0,0.333,9.0,33.0,0.273,124.0,307.0,0.404,20.0,66.0,0.303
1628968,Brian Bowen II,1610612754,IND,22.0,2020-21,0.0,0.0,0.0,0.0,0.0,0.0,0.0,1.0,0.0,0.0,0.0,0.0
1630271,Brodric Thomas,1610612739,CLE,24.0,2020-21,1.0,6.0,0.167,2.0,7.0,0.286,13.0,46.0,0.283,3.0,13.0,0.231
201572,Brook Lopez,1610612749,MIL,33.0,2020-21,11.0,26.0,0.423,20.0,50.0,0.4,64.0,204.0,0.314,31.0,76.0,0.408
1628971,Bruce Brown,1610612751,BKN,24.0,2020-21,9.0,24.0,0.375,4.0,21.0,0.19,4.0,13.0,0.308,13.0,45.0,0.289
203998,Bruno Caboclo,1610612745,HOU,25.0,2020-21,0.0,2.0,0.0,0.0,0.0,0.0,0.0,3.0,0.0,0.0,2.0,0.0
1628981,Bruno Fernando,1610612737,ATL,22.0,2020-21,0.0,1.0,0.0,0.0,0.0,0.0,0.0,1.0,0.0,0.0,1.0,0.0
1627854,Bryn Forbes,1610612749,MIL,27.0,2020-21,24.0,49.0,0.49,14.0,35.0,0.4,116.0,257.0,0.451,38.0,84.0,0.452
1627741,Buddy Hield,1610612758,SAC,28.0,2020-21,30.0,65.0,0.462,19.0,42.0,0.452,232.0,612.0,0.379,49.0,107.0,0.458
1629604,CJ Elleby,1610612757,POR,21.0,2020-21,3.0,5.0,0.6,0.0,2.0,0.0,4.0,27.0,0.148,3.0,7.0,0.429
203468,CJ McCollum,1610612757,POR,29.0,2020-21,14.0,25.0,0.56,16.0,41.0,0.39,139.0,353.0,0.394,30.0,66.0,0.455
1628997,Caleb Martin,1610612766,CHA,25.0,2020-21,4.0,18.0,0.222,4.0,13.0,0.308,23.0,93.0,0.247,8.0,31.0,0.258
1629629,Cam Reddish,1610612737,ATL,21.0,2020-21,8.0,14.0,0.571,4.0,21.0,0.19,21.0,90.0,0.233,12.0,35.0,0.343
1629244,Cam Reynolds,1610612745,HOU,26.0,2020-21,0.0,3.0,0.0,1.0,3.0,0.333,2.0,6.0,0.333,1.0,6.0,0.167
1629661,Cameron Johnson,1610612756,PHX,25.0,2020-21,22.0,59.0,0.373,35.0,75.0,0.467,60.0,200.0,0.3,57.0,134.0,0.425
1628419,Cameron Oliver,1610612745,HOU,24.0,2020-21,0.0,0.0,0.0,0.0,0.0,0.0,4.0,13.0,0.308,0.0,0.0,0.0
1626166,Cameron Payne,1610612756,PHX,26.0,2020-21,6.0,14.0,0.429,4.0,9.0,0.444,63.0,141.0,0.447,10.0,23.0,0.435
1627747,Caris LeVert,1610612754,IND,26.0,2020-21,10.0,27.0,0.37,2.0,12.0,0.167,72.0,218.0,0.33,12.0,39.0,0.308
2546,Carmelo Anthony,1610612757,POR,37.0,2020-21,14.0,35.0,0.4,15.0,36.0,0.417,104.0,254.0,0.409,29.0,71.0,0.408
1629035,Carsen Edwards,1610612738,BOS,23.0,2020-21,3.0,14.0,0.214,1.0,7.0,0.143,14.0,42.0,0.333,4.0,21.0,0.19
1630199,Cassius Stanley,1610612754,IND,21.0,2020-21,1.0,1.0,1.0,0.0,1.0,0.0,2.0,11.0,0.182,1.0,2.0,0.5
1630216,Cassius Winston,1610612764,WAS,23.0,2020-21,1.0,2.0,0.5,0.0,0.0,0.0,7.0,15.0,0.467,1.0,2.0,0.5
1626224,Cedi Osman,1610612739,CLE,26.0,2020-21,11.0,28.0,0.393,10.0,36.0,0.278,78.0,260.0,0.3,21.0,64.0,0.328
1628990,Chandler Hutchison,1610612764,WAS,25.0,2020-21,3.0,9.0,0.333,4.0,9.0,0.444,1.0,4.0,0.25,7.0,18.0,0.389
1629718,Charlie Brown Jr.,1610612760,OKC,24.0,2020-21,2.0,5.0,0.4,0.0,2.0,0.0,3.0,14.0,0.214,2.0,7.0,0.286
1626184,Chasson Randle,1610612753,ORL,28.0,2020-21,4.0,12.0,0.333,2.0,8.0,0.25,38.0,108.0,0.352,6.0,20.0,0.3
1629002,Chimezie Metu,1610612758,SAC,24.0,2020-21,2.0,3.0,0.667,0.0,0.0,0.0,11.0,34.0,0.324,2.0,3.0,0.667
1628449,Chris Boucher,1610612761,TOR,28.0,2020-21,2.0,8.0,0.25,9.0,26.0,0.346,79.0,201.0,0.393,11.0,34.0,0.324
1629185,Chris Chiozza,1610612751,BKN,25.0,2020-21,1.0,1.0,1.0,0.0,1.0,0.0,12.0,39.0,0.308,1.0,2.0,0.5
101108,Chris Paul,1610612756,PHX,36.0,2020-21,6.0,16.0,0.375,5.0,10.0,0.5,91.0,228.0,0.399,11.0,26.0,0.423
1629735,Chris Silva,1610612758,SAC,24.0,2020-21,0.0,0.0,0.0,0.0,0.0,0.0,1.0,1.0,1.0,0.0,0.0,0.0
1626174,Christian Wood,1610612745,HOU,25.0,2020-21,7.0,15.0,0.467,9.0,23.0,0.391,61.0,168.0,0.363,16.0,38.0,0.421
1629643,Chuma Okeke,1610612753,ORL,22.0,2020-21,5.0,15.0,0.333,3.0,7.0,0.429,41.0,116.0,0.353,8.0,22.0,0.364
203991,Clint Capela,1610612737,ATL,27.0,2020-21,0.0,0.0,0.0,0.0,0.0,0.0,0.0,0.0,0.0,0.0,0.0,0.0
1629632,Coby White,1610612741,CHI,21.0,2020-21,21.0,46.0,0.457,14.0,28.0,0.5,128.0,379.0,0.338,35.0,74.0,0.473
1628998,Cody Martin,1610612766,CHA,25.0,2020-21,3.0,16.0,0.188,7.0,23.0,0.304,6.0,18.0,0.333,10.0,39.0,0.256
203469,Cody Zeller,1610612766,CHA,28.0,2020-21,0.0,2.0,0.0,0.0,3.0,0.0,4.0,23.0,0.174,0.0,5.0,0.0
1630175,Cole Anthony,1610612753,ORL,21.0,2020-21,3.0,10.0,0.3,3.0,8.0,0.375,52.0,154.0,0.338,6.0,18.0,0.333
1629012,Collin Sexton,1610612739,CLE,22.0,2020-21,9.0,22.0,0.409,2.0,5.0,0.4,86.0,236.0,0.364,11.0,27.0,0.407
202709,Cory Joseph,1610612765,DET,29.0,2020-21,8.0,18.0,0.444,8.0,22.0,0.364,29.0,92.0,0.315,16.0,40.0,0.4
1626245,Cristiano Felicio,1610612741,CHI,28.0,2020-21,0.0,0.0,0.0,0.0,0.0,0.0,0.0,2.0,0.0,0.0,0.0,0.0
1626156,D'Angelo Russell,1610612750,MIN,25.0,2020-21,9.0,21.0,0.429,5.0,8.0,0.625,106.0,280.0,0.379,14.0,29.0,0.483
201571,D.J. Augustin,1610612745,HOU,33.0,2020-21,7.0,26.0,0.269,7.0,18.0,0.389,69.0,173.0,0.399,14.0,44.0,0.318
1628391,D.J. Wilson,1610612745,HOU,25.0,2020-21,5.0,13.0,0.385,4.0,14.0,0.286,21.0,59.0,0.356,9.0,27.0,0.333
1629610,DaQuan Jeffries,1610612759,SAS,23.0,2020-21,10.0,21.0,0.476,1.0,7.0,0.143,9.0,39.0,0.231,11.0,28.0,0.393
1629751,Dakota Mathias,1610612755,PHI,25.0,2020-21,3.0,4.0,0.75,0.0,3.0,0.0,5.0,19.0,0.263,3.0,7.0,0.429
1627745,Damian Jones,1610612758,SAC,26.0,2020-21,0.0,0.0,0.0,1.0,1.0,1.0,0.0,2.0,0.0,1.0,1.0,1.0
203081,Damian Lillard,1610612757,POR,30.0,2020-21,4.0,11.0,0.364,2.0,17.0,0.118,269.0,671.0,0.401,6.0,28.0,0.214
1627814,Damion Lee,1610612744,GSW,28.0,2020-21,10.0,30.0,0.333,18.0,33.0,0.545,49.0,130.0,0.377,28.0,63.0,0.444
1628422,Damyean Dotson,1610612739,CLE,27.0,2020-21,8.0,18.0,0.444,3.0,18.0,0.167,35.0,121.0,0.289,11.0,36.0,0.306
1629655,Daniel Gafford,1610612764,WAS,22.0,2020-21,0.0,0.0,0.0,0.0,0.0,0.0,0.0,0.0,0.0,0.0,0.0,0.0
1630187,Daniel Oturu,1610612746,LAC,21.0,2020-21,0.0,0.0,0.0,0.0,1.0,0.0,1.0,4.0,0.25,0.0,1.0,0.0
1628464,Daniel Theis,1610612741,CHI,29.0,2020-21,5.0,18.0,0.278,5.0,20.0,0.25,39.0,113.0,0.345,10.0,38.0,0.263
201568,Danilo Gallinari,1610612737,ATL,32.0,2020-21,6.0,12.0,0.5,3.0,15.0,0.2,94.0,225.0,0.418,9.0,27.0,0.333
201980,Danny Green,1610612755,PHI,34.0,2020-21,35.0,81.0,0.432,55.0,124.0,0.444,85.0,226.0,0.376,90.0,205.0,0.439
203957,Dante Exum,1610612745,HOU,25.0,2020-21,1.0,1.0,1.0,0.0,2.0,0.0,1.0,8.0,0.125,1.0,3.0,0.333
1627863,Danuel House Jr.,1610612745,HOU,28.0,2020-21,10.0,29.0,0.345,10.0,30.0,0.333,33.0,96.0,0.344,20.0,59.0,0.339
203967,Dario Saric,1610612756,PHX,27.0,2020-21,6.0,10.0,0.6,5.0,8.0,0.625,36.0,117.0,0.308,11.0,18.0,0.611
1629647,Darius Bazley,1610612760,OKC,21.0,2020-21,12.0,39.0,0.308,5.0,27.0,0.185,66.0,219.0,0.301,17.0,66.0,0.258
1629636,Darius Garland,1610612739,CLE,21.0,2020-21,10.0,27.0,0.37,11.0,21.0,0.524,84.0,218.0,0.385,21.0,48.0,0.438
203121,Darius Miller,1610612760,OKC,31.0,2020-21,2.0,4.0,0.5,1.0,3.0,0.333,14.0,34.0,0.412,3.0,7.0,0.429
1628021,David Nwaba,1610612745,HOU,28.0,2020-21,0.0,13.0,0.0,6.0,19.0,0.316,11.0,31.0,0.355,6.0,32.0,0.188
202722,Davis Bertans,1610612764,WAS,28.0,2020-21,16.0,35.0,0.457,12.0,30.0,0.4,141.0,360.0,0.392,28.0,65.0,0.431
1628368,De'Aaron Fox,1610612758,SAC,23.0,2020-21,7.0,19.0,0.368,5.0,12.0,0.417,91.0,288.0,0.316,12.0,31.0,0.387
1629631,De'Andre Hunter,1610612737,ATL,23.0,2020-21,5.0,16.0,0.313,4.0,16.0,0.25,22.0,62.0,0.355,9.0,32.0,0.281
1629001,De'Anthony Melton,1610612763,MEM,23.0,2020-21,14.0,31.0,0.452,7.0,18.0,0.389,66.0,163.0,0.405,21.0,49.0,0.429
201599,DeAndre Jordan,1610612751,BKN,32.0,2020-21,0.0,0.0,0.0,0.0,0.0,0.0,0.0,1.0,0.0,0.0,0.0,0.0
1627761,DeAndre' Bembry,1610612761,TOR,26.0,2020-21,3.0,11.0,0.273,1.0,5.0,0.2,10.0,37.0,0.27,4.0,16.0,0.25
201942,DeMar DeRozan,1610612759,SAS,31.0,2020-21,4.0,16.0,0.25,3.0,11.0,0.273,12.0,47.0,0.255,7.0,27.0,0.259
202326,DeMarcus Cousins,1610612746,LAC,30.0,2020-21,2.0,3.0,0.667,2.0,7.0,0.286,43.0,125.0,0.344,4.0,10.0,0.4
1629731,Dean Wade,1610612739,CLE,24.0,2020-21,13.0,30.0,0.433,12.0,22.0,0.545,53.0,162.0,0.327,25.0,52.0,0.481
1629028,Deandre Ayton,1610612756,PHX,22.0,2020-21,0.0,0.0,0.0,0.0,0.0,0.0,4.0,20.0,0.2,0.0,0.0,0.0
1629686,Deividas Sirvydis,1610612765,DET,21.0,2020-21,3.0,7.0,0.429,0.0,4.0,0.0,7.0,17.0,0.412,3.0,11.0,0.273
1627749,Dejounte Murray,1610612759,SAS,24.0,2020-21,7.0,26.0,0.269,7.0,18.0,0.389,49.0,155.0,0.316,14.0,44.0,0.318
1626153,Delon Wright,1610612758,SAC,29.0,2020-21,7.0,21.0,0.333,7.0,17.0,0.412,50.0,133.0,0.376,14.0,38.0,0.368
1630166,Deni Avdija,1610612764,WAS,20.0,2020-21,7.0,27.0,0.259,7.0,23.0,0.304,39.0,117.0,0.333,14.0,50.0,0.28
203471,Dennis Schröder,1610612747,LAL,27.0,2020-21,5.0,23.0,0.217,0.0,9.0,0.0,65.0,177.0,0.367,5.0,32.0,0.156
1628372,Dennis Smith Jr.,1610612765,DET,23.0,2020-21,2.0,4.0,0.5,0.0,0.0,0.0,17.0,54.0,0.315,2.0,4.0,0.5
1627756,Denzel Valentine,1610612741,CHI,27.0,2020-21,12.0,31.0,0.387,8.0,26.0,0.308,60.0,185.0,0.324,20.0,57.0,0.351
202324,Derrick Favors,1610612762,UTA,29.0,2020-21,0.0,2.0,0.0,0.0,0.0,0.0,0.0,0.0,0.0,0.0,2.0,0.0
1627884,Derrick Jones Jr.,1610612757,POR,24.0,2020-21,12.0,29.0,0.414,14.0,49.0,0.286,17.0,57.0,0.298,26.0,78.0,0.333
201565,Derrick Rose,1610612752,NYK,32.0,2020-21,4.0,12.0,0.333,2.0,7.0,0.286,44.0,110.0,0.4,6.0,19.0,0.316
1628401,Derrick White,1610612759,SAS,26.0,2020-21,10.0,20.0,0.5,11.0,24.0,0.458,63.0,199.0,0.317,21.0,44.0,0.477
1630217,Desmond Bane,1610612763,MEM,23.0,2020-21,22.0,46.0,0.478,17.0,32.0,0.531,78.0,193.0,0.404,39.0,78.0,0.5
1626164,Devin Booker,1610612756,PHX,24.0,2020-21,11.0,22.0,0.5,7.0,13.0,0.538,109.0,335.0,0.325,18.0,35.0,0.514
1629962,Devin Cannady,1610612753,ORL,25.0,2020-21,2.0,3.0,0.667,0.0,2.0,0.0,4.0,11.0,0.364,2.0,5.0,0.4
1630170,Devin Vassell,1610612759,SAS,20.0,2020-21,13.0,36.0,0.361,13.0,30.0,0.433,26.0,84.0,0.31,26.0,66.0,0.394
1629653,Devon Dotson,1610612741,CHI,21.0,2020-21,0.0,1.0,0.0,0.0,0.0,0.0,1.0,6.0,0.167,0.0,1.0,0.0
1629719,Devontae Cacok,1610612747,LAL,24.0,2020-21,0.0,0.0,0.0,0.0,0.0,0.0,0.0,0.0,0.0,0.0,0.0,0.0
1628984,Devonte' Graham,1610612766,CHA,26.0,2020-21,13.0,29.0,0.448,11.0,23.0,0.478,155.0,424.0,0.366,24.0,52.0,0.462
203473,Dewayne Dedmon,1610612748,MIA,31.0,2020-21,0.0,1.0,0.0,0.0,0.0,0.0,1.0,4.0,0.25,0.0,1.0,0.0
1629712,Didi Louzada,1610612740,NOP,21.0,2020-21,1.0,2.0,0.5,0.0,1.0,0.0,1.0,5.0,0.2,1.0,3.0,0.333
1628415,Dillon Brooks,1610612763,MEM,25.0,2020-21,29.0,50.0,0.58,8.0,15.0,0.533,91.0,306.0,0.297,37.0,65.0,0.569
1627734,Domantas Sabonis,1610612754,IND,25.0,2020-21,4.0,5.0,0.8,1.0,4.0,0.25,47.0,153.0,0.307,5.0,9.0,0.556
1628378,Donovan Mitchell,1610612762,UTA,24.0,2020-21,12.0,31.0,0.387,7.0,20.0,0.35,159.0,406.0,0.392,19.0,51.0,0.373
1629743,Donta Hall,1610612753,ORL,23.0,2020-21,0.0,0.0,0.0,0.0,0.0,0.0,0.0,0.0,0.0,0.0,0.0,0.0
1628978,Donte DiVincenzo,1610612749,MIL,24.0,2020-21,16.0,37.0,0.432,10.0,26.0,0.385,105.0,282.0,0.372,26.0,63.0,0.413
1627827,Dorian Finney-Smith,1610612742,DAL,28.0,2020-21,22.0,66.0,0.333,27.0,67.0,0.403,70.0,169.0,0.414,49.0,133.0,0.368
203926,Doug McDermott,1610612754,IND,29.0,2020-21,23.0,52.0,0.442,5.0,14.0,0.357,83.0,220.0,0.377,28.0,66.0,0.424
203110,Draymond Green,1610612744,GSW,31.0,2020-21,2.0,8.0,0.25,4.0,8.0,0.5,28.0,108.0,0.259,6.0,16.0,0.375
1629234,Drew Eubanks,1610612759,SAS,24.0,2020-21,1.0,1.0,1.0,1.0,1.0,1.0,0.0,0.0,0.0,2.0,2.0,1.0
1629130,Duncan Robinson,1610612748,MIA,27.0,2020-21,15.0,50.0,0.3,30.0,75.0,0.4,205.0,488.0,0.42,45.0,125.0,0.36
1628407,Dwayne Bacon,1610612753,ORL,25.0,2020-21,5.0,29.0,0.172,3.0,6.0,0.5,51.0,170.0,0.3,8.0,35.0,0.229
2730,Dwight Howard,1610612755,PHI,35.0,2020-21,0.0,1.0,0.0,1.0,2.0,0.5,4.0,16.0,0.25,1.0,3.0,0.333
203939,Dwight Powell,1610612742,DAL,29.0,2020-21,0.0,0.0,0.0,0.0,0.0,0.0,5.0,21.0,0.238,0.0,0.0,0.0
1629685,Dylan Windler,1610612739,CLE,24.0,2020-21,3.0,19.0,0.158,8.0,17.0,0.471,15.0,41.0,0.366,11.0,36.0,0.306
202734,E'Twaun Moore,1610612756,PHX,32.0,2020-21,2.0,6.0,0.333,3.0,4.0,0.75,6.0,25.0,0.24,5.0,10.0,0.5
202334,Ed Davis,1610612750,MIN,32.0,2020-21,0.0,0.0,0.0,0.0,0.0,0.0,0.0,0.0,0.0,0.0,0.0,0.0
1628410,Edmond Sumner,1610612754,IND,25.0,2020-21,8.0,22.0,0.364,7.0,14.0,0.5,20.0,51.0,0.392,15.0,36.0,0.417
203901,Elfrid Payton,1610612752,NYK,27.0,2020-21,3.0,6.0,0.5,9.0,34.0,0.265,16.0,57.0,0.281,12.0,40.0,0.3
1629091,Elijah Bryant,1610612749,MIL,26.0,2020-21,0.0,0.0,0.0,0.0,0.0,0.0,1.0,5.0,0.2,0.0,0.0,0.0
1630190,Elijah Hughes,1610612762,UTA,23.0,2020-21,3.0,4.0,0.75,2.0,2.0,1.0,3.0,17.0,0.176,5.0,6.0,0.833
202683,Enes Freedom,1610612757,POR,29.0,2020-21,0.0,0.0,0.0,0.0,0.0,0.0,1.0,3.0,0.333,0.0,0.0,0.0
202339,Eric Bledsoe,1610612740,NOP,31.0,2020-21,15.0,39.0,0.385,14.0,44.0,0.318,92.0,271.0,0.339,29.0,83.0,0.349
201569,Eric Gordon,1610612745,HOU,32.0,2020-21,3.0,6.0,0.5,2.0,6.0,0.333,64.0,198.0,0.323,5.0,12.0,0.417
1629672,Eric Paschall,1610612744,GSW,24.0,2020-21,2.0,4.0,0.5,3.0,9.0,0.333,13.0,41.0,0.317,5.0,13.0,0.385
101141,Ersan Ilyasova,1610612762,UTA,34.0,2020-21,1.0,6.0,0.167,2.0,6.0,0.333,15.0,29.0,0.517,3.0,12.0,0.25
203095,Evan Fournier,1610612738,BOS,28.0,2020-21,16.0,31.0,0.516,9.0,14.0,0.643,93.0,238.0,0.391,25.0,45.0,0.556
1630267,Facundo Campazzo,1610612743,DEN,30.0,2020-21,17.0,31.0,0.548,10.0,30.0,0.333,49.0,153.0,0.32,27.0,61.0,0.443
1628402,Frank Jackson,1610612765,DET,23.0,2020-21,15.0,39.0,0.385,18.0,25.0,0.72,28.0,86.0,0.326,33.0,64.0,0.516
1626163,Frank Kaminsky,1610612756,PHX,28.0,2020-21,8.0,11.0,0.727,0.0,5.0,0.0,23.0,69.0,0.333,8.0,16.0,0.5
1628412,Frank Mason III,1610612753,ORL,27.0,2020-21,1.0,1.0,1.0,0.0,0.0,0.0,1.0,4.0,0.25,1.0,1.0,1.0
1628373,Frank Ntilikina,1610612752,NYK,22.0,2020-21,6.0,9.0,0.667,7.0,11.0,0.636,10.0,27.0,0.37,13.0,20.0,0.65
1627832,Fred VanVleet,1610612761,TOR,27.0,2020-21,5.0,28.0,0.179,8.0,25.0,0.32,161.0,420.0,0.383,13.0,53.0,0.245
1630273,Freddie Gillespie,1610612761,TOR,24.0,2020-21,0.0,0.0,0.0,0.0,0.0,0.0,0.0,0.0,0.0,0.0,0.0,0.0
1627788,Furkan Korkmaz,1610612755,PHI,23.0,2020-21,10.0,35.0,0.286,21.0,39.0,0.538,70.0,191.0,0.366,31.0,74.0,0.419
1629216,Gabe Vincent,1610612748,MIA,25.0,2020-21,5.0,23.0,0.217,5.0,18.0,0.278,36.0,108.0,0.333,10.0,41.0,0.244
1630466,Gabriel Deck,1610612760,OKC,26.0,2020-21,0.0,4.0,0.0,1.0,3.0,0.333,1.0,7.0,0.143,1.0,7.0,0.143
202066,Garrett Temple,1610612741,CHI,35.0,2020-21,18.0,55.0,0.327,16.0,44.0,0.364,33.0,101.0,0.327,34.0,99.0,0.343
1629726,Garrison Mathews,1610612764,WAS,24.0,2020-21,21.0,48.0,0.438,11.0,18.0,0.611,44.0,131.0,0.336,32.0,66.0,0.485
1629109,Gary Clark,1610612755,PHI,26.0,2020-21,11.0,23.0,0.478,7.0,21.0,0.333,13.0,63.0,0.206,18.0,44.0,0.409
203914,Gary Harris,1610612753,ORL,26.0,2020-21,13.0,33.0,0.394,9.0,19.0,0.474,26.0,89.0,0.292,22.0,52.0,0.423
1627780,Gary Payton II,1610612744,GSW,28.0,2020-21,1.0,2.0,0.5,0.0,1.0,0.0,1.0,1.0,1.0,1.0,3.0,0.333
1629018,Gary Trent Jr.,1610612761,TOR,22.0,2020-21,19.0,47.0,0.404,15.0,38.0,0.395,131.0,342.0,0.383,34.0,85.0,0.4
201588,George Hill,1610612755,PHI,35.0,2020-21,6.0,12.0,0.5,4.0,11.0,0.364,21.0,57.0,0.368,10.0,23.0,0.435
1627777,Georges Niang,1610612762,UTA,28.0,2020-21,31.0,68.0,0.456,19.0,51.0,0.373,74.0,173.0,0.428,50.0,119.0,0.42
203507,Giannis Antetokounmpo,1610612749,MIL,26.0,2020-21,3.0,6.0,0.5,0.0,5.0,0.0,64.0,210.0,0.305,3.0,11.0,0.273
203922,Glenn Robinson III,1610612758,SAC,27.0,2020-21,5.0,19.0,0.263,7.0,9.0,0.778,4.0,16.0,0.25,12.0,28.0,0.429
1629048,Goga Bitadze,1610612754,IND,21.0,2020-21,0.0,2.0,0.0,0.0,2.0,0.0,20.0,75.0,0.267,0.0,4.0,0.0
201609,Goran Dragic,1610612748,MIA,35.0,2020-21,15.0,27.0,0.556,8.0,16.0,0.5,68.0,200.0,0.34,23.0,43.0,0.535
202330,Gordon Hayward,1610612766,CHA,31.0,2020-21,8.0,15.0,0.533,15.0,21.0,0.714,62.0,169.0,0.367,23.0,36.0,0.639
203476,Gorgui Dieng,1610612759,SAS,31.0,2020-21,3.0,4.0,0.75,4.0,8.0,0.5,23.0,58.0,0.397,7.0,12.0,0.583
1630203,Grant Riller,1610612766,CHA,24.0,2020-21,1.0,1.0,1.0,0.0,0.0,0.0,1.0,3.0,0.333,1.0,1.0,1.0
1629684,Grant Williams,1610612738,BOS,22.0,2020-21,16.0,35.0,0.457,9.0,21.0,0.429,23.0,73.0,0.315,25.0,56.0,0.446
1628960,Grayson Allen,1610612763,MEM,25.0,2020-21,14.0,28.0,0.5,4.0,21.0,0.19,89.0,225.0,0.396,18.0,49.0,0.367
204222,Greg Whittington,1610612743,DEN,28.0,2020-21,,,,0.0,1.0,0.0,0.0,1.0,0.0,0.0,1.0,0.0
1628977,Hamidou Diallo,1610612765,DET,22.0,2020-21,2.0,14.0,0.143,5.0,10.0,0.5,20.0,57.0,0.351,7.0,24.0,0.292
203084,Harrison Barnes,1610612758,SAC,29.0,2020-21,17.0,30.0,0.567,14.0,32.0,0.438,69.0,194.0,0.356,31.0,62.0,0.5
1628385,Harry Giles III,1610612757,POR,23.0,2020-21,2.0,3.0,0.667,1.0,3.0,0.333,5.0,17.0,0.294,3.0,6.0,0.5
202355,Hassan Whiteside,1610612758,SAC,32.0,2020-21,0.0,0.0,0.0,0.0,0.0,0.0,0.0,1.0,0.0,0.0,0.0,0.0
1627740,Henry Ellenson,1610612761,TOR,24.0,2020-21,0.0,1.0,0.0,0.0,2.0,0.0,2.0,6.0,0.333,0.0,3.0,0.0
1629649,Ignas Brazdeikis,1610612753,ORL,22.0,2020-21,0.0,3.0,0.0,2.0,4.0,0.5,9.0,20.0,0.45,2.0,7.0,0.286
202697,Iman Shumpert,1610612751,BKN,31.0,2020-21,0.0,0.0,0.0,0.0,0.0,0.0,0.0,3.0,0.0,0.0,0.0,0.0
1630193,Immanuel Quickley,1610612752,NYK,22.0,2020-21,3.0,12.0,0.25,9.0,16.0,0.563,106.0,275.0,0.385,12.0,28.0,0.429
1629067,Isaac Bonga,1610612764,WAS,21.0,2020-21,6.0,16.0,0.375,4.0,15.0,0.267,3.0,15.0,0.2,10.0,31.0,0.323
1630171,Isaac Okoro,1610612739,CLE,20.0,2020-21,11.0,39.0,0.282,20.0,48.0,0.417,31.0,127.0,0.244,31.0,87.0,0.356
1628392,Isaiah Hartenstein,1610612739,CLE,23.0,2020-21,0.0,0.0,0.0,0.0,0.0,0.0,2.0,6.0,0.333,0.0,0.0,0.0
1630198,Isaiah Joe,1610612755,PHI,21.0,2020-21,1.0,5.0,0.2,6.0,17.0,0.353,32.0,84.0,0.381,7.0,22.0,0.318
1629676,Isaiah Roby,1610612760,OKC,23.0,2020-21,5.0,11.0,0.455,4.0,10.0,0.4,22.0,84.0,0.262,9.0,21.0,0.429
1630191,Isaiah Stewart,1610612765,DET,20.0,2020-21,0.0,2.0,0.0,1.0,3.0,0.333,20.0,58.0,0.345,1.0,5.0,0.2
202738,Isaiah Thomas,1610612740,NOP,32.0,2020-21,0.0,0.0,0.0,1.0,2.0,0.5,2.0,10.0,0.2,1.0,2.0,0.5
202397,Ish Smith,1610612764,WAS,32.0,2020-21,4.0,12.0,0.333,4.0,8.0,0.5,10.0,28.0,0.357,8.0,20.0,0.4
1627826,Ivica Zubac,1610612746,LAC,24.0,2020-21,0.0,0.0,0.0,0.0,0.0,0.0,1.0,3.0,0.333,0.0,0.0,0.0
200755,JJ Redick,1610612742,DAL,37.0,2020-21,4.0,11.0,0.364,10.0,23.0,0.435,52.0,145.0,0.359,14.0,34.0,0.412
1629630,Ja Morant,1610612763,MEM,21.0,2020-21,2.0,11.0,0.182,5.0,15.0,0.333,66.0,214.0,0.308,7.0,26.0,0.269
203960,JaKarr Sampson,1610612754,IND,28.0,2020-21,0.0,6.0,0.0,0.0,3.0,0.0,3.0,6.0,0.5,0.0,9.0,0.0
203210,JaMychal Green,1610612743,DEN,31.0,2020-21,17.0,38.0,0.447,7.0,19.0,0.368,55.0,141.0,0.39,24.0,57.0,0.421
201580,JaVale McGee,1610612743,DEN,33.0,2020-21,1.0,3.0,0.333,0.0,1.0,0.0,4.0,20.0,0.2,1.0,4.0,0.25
203953,Jabari Parker,1610612738,BOS,26.0,2020-21,0.0,2.0,0.0,0.0,1.0,0.0,2.0,8.0,0.25,0.0,3.0,0.0
1630183,Jaden McDaniels,1610612750,MIN,20.0,2020-21,20.0,44.0,0.455,9.0,28.0,0.321,43.0,124.0,0.347,29.0,72.0,0.403
203109,Jae Crowder,1610612756,PHX,30.0,2020-21,19.0,53.0,0.358,23.0,48.0,0.479,106.0,279.0,0.38,42.0,101.0,0.416
1630256,Jae'Sean Tate,1610612745,HOU,25.0,2020-21,18.0,45.0,0.4,11.0,39.0,0.282,31.0,111.0,0.279,29.0,84.0,0.345
1626143,Jahlil Okafor,1610612765,DET,25.0,2020-21,0.0,0.0,0.0,0.0,1.0,0.0,2.0,8.0,0.25,0.0,1.0,0.0
1630186,Jahmi'us Ramsey,1610612758,SAC,20.0,2020-21,1.0,2.0,0.5,1.0,3.0,0.333,3.0,14.0,0.214,2.0,5.0,0.4
1627774,Jake Layman,1610612750,MIN,27.0,2020-21,5.0,20.0,0.25,0.0,8.0,0.0,18.0,49.0,0.367,5.0,28.0,0.179
1627751,Jakob Poeltl,1610612759,SAS,25.0,2020-21,0.0,0.0,0.0,0.0,0.0,0.0,0.0,0.0,0.0,0.0,0.0,0.0
1628973,Jalen Brunson,1610612742,DAL,24.0,2020-21,14.0,29.0,0.483,16.0,30.0,0.533,51.0,141.0,0.362,30.0,59.0,0.508
1630223,Jalen Harris,1610612761,TOR,22.0,2020-21,1.0,3.0,0.333,6.0,8.0,0.75,10.0,24.0,0.417,7.0,11.0,0.636
1629665,Jalen Lecque,1610612754,IND,21.0,2020-21,,,,0.0,0.0,0.0,0.0,1.0,0.0,0.0,0.0,0.0
1629667,Jalen McDaniels,1610612766,CHA,23.0,2020-21,10.0,34.0,0.294,9.0,23.0,0.391,16.0,47.0,0.34,19.0,57.0,0.333
1630188,Jalen Smith,1610612756,PHX,21.0,2020-21,0.0,0.0,0.0,3.0,7.0,0.429,1.0,10.0,0.1,3.0,7.0,0.429
1627750,Jamal Murray,1610612743,DEN,24.0,2020-21,11.0,24.0,0.458,10.0,19.0,0.526,108.0,272.0,0.397,21.0,43.0,0.488
203516,James Ennis III,1610612753,ORL,30.0,2020-21,12.0,16.0,0.75,3.0,13.0,0.231,30.0,75.0,0.4,15.0,29.0,0.517
201935,James Harden,1610612751,BKN,31.0,2020-21,1.0,6.0,0.167,4.0,10.0,0.4,116.0,316.0,0.367,5.0,16.0,0.313
201949,James Johnson,1610612740,NOP,34.0,2020-21,6.0,22.0,0.273,6.0,30.0,0.2,19.0,67.0,0.284,12.0,52.0,0.231
203263,James Nunnally,1610612740,NOP,30.0,2020-21,2.0,4.0,0.5,1.0,2.0,0.5,1.0,6.0,0.167,3.0,6.0,0.5
1630164,James Wiseman,1610612744,GSW,20.0,2020-21,0.0,2.0,0.0,1.0,1.0,1.0,11.0,34.0,0.324,1.0,3.0,0.333
201162,Jared Dudley,1610612747,LAL,35.0,2020-21,0.0,0.0,0.0,0.0,0.0,0.0,2.0,6.0,0.333,0.0,0.0,0.0
1629607,Jared Harper,1610612752,NYK,23.0,2020-21,0.0,0.0,0.0,0.0,0.0,0.0,0.0,1.0,0.0,0.0,0.0,0.0
1628991,Jaren Jackson Jr.,1610612763,MEM,21.0,2020-21,4.0,12.0,0.333,0.0,4.0,0.0,12.0,42.0,0.286,4.0,16.0,0.25
1629020,Jarred Vanderbilt,1610612750,MIN,22.0,2020-21,1.0,2.0,0.5,0.0,1.0,0.0,0.0,2.0,0.0,1.0,3.0,0.333
1629714,Jarrell Brantley,1610612762,UTA,25.0,2020-21,5.0,11.0,0.455,2.0,4.0,0.5,5.0,13.0,0.385,7.0,15.0,0.467
1628386,Jarrett Allen,1610612739,CLE,23.0,2020-21,1.0,3.0,0.333,1.0,4.0,0.25,4.0,12.0,0.333,2.0,7.0,0.286
1629633,Jarrett Culver,1610612750,MIN,22.0,2020-21,3.0,8.0,0.375,2.0,8.0,0.25,8.0,37.0,0.216,5.0,16.0,0.313
1629750,Javonte Green,1610612741,CHI,27.0,2020-21,2.0,6.0,0.333,5.0,8.0,0.625,3.0,16.0,0.188,7.0,14.0,0.5
1629637,Jaxson Hayes,1610612740,NOP,21.0,2020-21,0.0,0.0,0.0,2.0,5.0,0.4,3.0,8.0,0.375,2.0,5.0,0.4
1630206,Jay Scrubb,1610612746,LAC,20.0,2020-21,0.0,2.0,0.0,1.0,1.0,1.0,1.0,6.0,0.167,1.0,3.0,0.333
1629121,Jaylen Adams,1610612749,MIL,25.0,2020-21,0.0,0.0,0.0,0.0,0.0,0.0,0.0,2.0,0.0,0.0,0.0,0.0
1627759,Jaylen Brown,1610612738,BOS,24.0,2020-21,20.0,38.0,0.526,9.0,33.0,0.273,133.0,337.0,0.395,29.0,71.0,0.408
1629658,Jaylen Hoard,1610612760,OKC,22.0,2020-21,0.0,4.0,0.0,0.0,2.0,0.0,0.0,5.0,0.0,0.0,6.0,0.0
1629669,Jaylen Nowell,1610612750,MIN,21.0,2020-21,8.0,18.0,0.444,5.0,12.0,0.417,35.0,117.0,0.299,13.0,30.0,0.433
1628369,Jayson Tatum,1610612738,BOS,23.0,2020-21,18.0,43.0,0.419,8.0,28.0,0.286,161.0,414.0,0.389,26.0,71.0,0.366
201145,Jeff Green,1610612751,BKN,34.0,2020-21,22.0,42.0,0.524,26.0,67.0,0.388,55.0,138.0,0.399,48.0,109.0,0.44
201952,Jeff Teague,1610612749,MIL,33.0,2020-21,1.0,7.0,0.143,5.0,8.0,0.625,30.0,67.0,0.448,6.0,15.0,0.4
203924,Jerami Grant,1610612765,DET,27.0,2020-21,9.0,33.0,0.273,16.0,37.0,0.432,90.0,259.0,0.347,25.0,70.0,0.357
1629725,Jeremiah Martin,1610612739,CLE,25.0,2020-21,1.0,2.0,0.5,0.0,1.0,0.0,2.0,9.0,0.222,1.0,3.0,0.333
203087,Jeremy Lamb,1610612754,IND,29.0,2020-21,0.0,5.0,0.0,5.0,7.0,0.714,47.0,115.0,0.409,5.0,12.0,0.417
1629010,Jerome Robinson,1610612764,WAS,24.0,2020-21,1.0,2.0,0.5,4.0,9.0,0.444,6.0,31.0,0.194,5.0,11.0,0.455
1628975,Jevon Carter,1610612756,PHX,25.0,2020-21,11.0,28.0,0.393,4.0,10.0,0.4,41.0,112.0,0.366,15.0,38.0,0.395
202710,Jimmy Butler III,1610612748,MIA,31.0,2020-21,5.0,14.0,0.357,5.0,22.0,0.227,15.0,64.0,0.234,10.0,36.0,0.278
203925,Joe Harris,1610612751,BKN,29.0,2020-21,17.0,29.0,0.586,30.0,67.0,0.448,164.0,348.0,0.471,47.0,96.0,0.49
204060,Joe Ingles,1610612762,UTA,33.0,2020-21,24.0,53.0,0.453,22.0,44.0,0.5,136.0,309.0,0.44,46.0,97.0,0.474
203954,Joel Embiid,1610612755,PHI,27.0,2020-21,2.0,5.0,0.4,2.0,3.0,0.667,54.0,145.0,0.372,4.0,8.0,0.5
1628381,John Collins,1610612737,ATL,23.0,2020-21,10.0,17.0,0.588,11.0,36.0,0.306,62.0,154.0,0.403,21.0,53.0,0.396
1629723,John Konchar,1610612763,MEM,25.0,2020-21,7.0,19.0,0.368,3.0,8.0,0.375,11.0,29.0,0.379,10.0,27.0,0.37
202322,John Wall,1610612745,HOU,30.0,2020-21,2.0,8.0,0.25,5.0,9.0,0.556,72.0,231.0,0.312,7.0,17.0,0.412
202685,Jonas Valančiūnas,1610612763,MEM,29.0,2020-21,0.0,3.0,0.0,4.0,7.0,0.571,17.0,47.0,0.362,4.0,10.0,0.4
1629007,Jontay Porter,1610612763,MEM,21.0,2020-21,0.0,0.0,0.0,0.0,0.0,0.0,3.0,8.0,0.375,0.0,0.0,0.0
1628395,Jordan Bell,1610612744,GSW,26.0,2020-21,0.0,1.0,0.0,0.0,0.0,0.0,0.0,1.0,0.0,0.0,1.0,0.0
1629648,Jordan Bone,1610612753,ORL,23.0,2020-21,0.0,8.0,0.0,0.0,2.0,0.0,10.0,22.0,0.455,0.0,10.0,0.0
203903,Jordan Clarkson,1610612762,UTA,29.0,2020-21,23.0,68.0,0.338,8.0,40.0,0.2,177.0,490.0,0.361,31.0,108.0,0.287
1629162,Jordan McLaughlin,1610612750,MIN,25.0,2020-21,4.0,15.0,0.267,3.0,8.0,0.375,25.0,68.0,0.368,7.0,23.0,0.304
1629670,Jordan Nwora,1610612749,MIL,22.0,2020-21,2.0,6.0,0.333,3.0,6.0,0.5,23.0,49.0,0.469,5.0,12.0,0.417
1629673,Jordan Poole,1610612744,GSW,22.0,2020-21,11.0,17.0,0.647,8.0,14.0,0.571,76.0,243.0,0.313,19.0,31.0,0.613
1630182,Josh Green,1610612742,DAL,20.0,2020-21,2.0,13.0,0.154,2.0,6.0,0.333,0.0,6.0,0.0,4.0,19.0,0.211
1630221,Josh Hall,1610612760,OKC,20.0,2020-21,0.0,3.0,0.0,0.0,3.0,0.0,4.0,30.0,0.133,0.0,6.0,0.0
1628404,Josh Hart,1610612740,NOP,26.0,2020-21,6.0,32.0,0.188,14.0,37.0,0.378,42.0,123.0,0.341,20.0,69.0,0.29
1628367,Josh Jackson,1610612765,DET,24.0,2020-21,14.0,38.0,0.368,9.0,37.0,0.243,54.0,180.0,0.3,23.0,75.0,0.307
1629006,Josh Okogie,1610612750,MIN,22.0,2020-21,10.0,22.0,0.455,5.0,24.0,0.208,13.0,59.0,0.22,15.0,46.0,0.326
1626196,Josh Richardson,1610612742,DAL,27.0,2020-21,12.0,32.0,0.375,5.0,22.0,0.227,71.0,212.0,0.335,17.0,54.0,0.315
201950,Jrue Holiday,1610612749,MIL,31.0,2020-21,11.0,28.0,0.393,8.0,26.0,0.308,92.0,227.0,0.405,19.0,54.0,0.352
1629308,Juan Toscano-Anderson,1610612744,GSW,28.0,2020-21,4.0,14.0,0.286,7.0,17.0,0.412,26.0,59.0,0.441,11.0,31.0,0.355
1627823,Juancho Hernangomez,1610612750,MIN,25.0,2020-21,7.0,16.0,0.438,10.0,23.0,0.435,38.0,129.0,0.295,17.0,39.0,0.436
203944,Julius Randle,1610612752,NYK,26.0,2020-21,19.0,46.0,0.413,18.0,41.0,0.439,123.0,300.0,0.41,37.0,87.0,0.425
203200,Justin Holiday,1610612754,IND,32.0,2020-21,37.0,78.0,0.474,38.0,95.0,0.4,98.0,280.0,0.35,75.0,173.0,0.434
1628382,Justin Jackson,1610612749,MIL,26.0,2020-21,2.0,14.0,0.143,2.0,6.0,0.333,31.0,96.0,0.323,4.0,20.0,0.2
1629713,Justin James,1610612758,SAC,24.0,2020-21,3.0,7.0,0.429,2.0,7.0,0.286,9.0,23.0,0.391,5.0,14.0,0.357
1628383,Justin Patton,1610612745,HOU,24.0,2020-21,1.0,6.0,0.167,2.0,11.0,0.182,6.0,17.0,0.353,3.0,17.0,0.176
1629620,Justin Robinson,1610612760,OKC,23.0,2020-21,0.0,2.0,0.0,0.0,0.0,0.0,4.0,12.0,0.333,0.0,2.0,0.0
1626159,Justise Winslow,1610612763,MEM,25.0,2020-21,5.0,20.0,0.25,0.0,4.0,0.0,5.0,30.0,0.167,5.0,24.0,0.208
203994,Jusuf Nurkić,1610612757,POR,26.0,2020-21,0.0,0.0,0.0,0.0,0.0,0.0,12.0,29.0,0.414,0.0,0.0,0.0
1629752,Juwan Morgan,1610612762,UTA,24.0,2020-21,0.0,1.0,0.0,1.0,2.0,0.5,3.0,10.0,0.3,1.0,3.0,0.333
1630231,KJ Martin,1610612745,HOU,20.0,2020-21,7.0,15.0,0.467,3.0,16.0,0.188,25.0,64.0,0.391,10.0,31.0,0.323
1629644,KZ Okpala,1610612748,MIA,22.0,2020-21,5.0,14.0,0.357,2.0,15.0,0.133,5.0,21.0,0.238,7.0,29.0,0.241
1630211,Karim Mane,1610612753,ORL,21.0,2020-21,0.0,0.0,0.0,0.0,0.0,0.0,1.0,2.0,0.5,0.0,0.0,0.0
1626157,Karl-Anthony Towns,1610612750,MIN,25.0,2020-21,2.0,15.0,0.133,5.0,11.0,0.455,115.0,289.0,0.398,7.0,26.0,0.269
202695,Kawhi Leonard,1610612746,LAC,30.0,2020-21,13.0,27.0,0.481,10.0,19.0,0.526,78.0,207.0,0.377,23.0,46.0,0.5
1628966,Keita Bates-Diop,1610612759,SAS,25.0,2020-21,0.0,2.0,0.0,2.0,7.0,0.286,3.0,8.0,0.375,2.0,9.0,0.222
1629103,Kelan Martin,1610612754,IND,25.0,2020-21,3.0,7.0,0.429,4.0,7.0,0.571,17.0,46.0,0.37,7.0,14.0,0.5
1629640,Keldon Johnson,1610612759,SAS,21.0,2020-21,7.0,28.0,0.25,6.0,17.0,0.353,47.0,134.0,0.351,13.0,45.0,0.289
1629833,Keljin Blevins,1610612757,POR,25.0,2020-21,0.0,0.0,0.0,1.0,3.0,0.333,1.0,5.0,0.2,1.0,3.0,0.333
203482,Kelly Olynyk,1610612745,HOU,30.0,2020-21,8.0,39.0,0.205,10.0,24.0,0.417,108.0,305.0,0.354,18.0,63.0,0.286
1626162,Kelly Oubre Jr.,1610612744,GSW,25.0,2020-21,17.0,42.0,0.405,23.0,63.0,0.365,50.0,180.0,0.278,40.0,105.0,0.381
202689,Kemba Walker,1610612760,OKC,31.0,2020-21,3.0,9.0,0.333,5.0,12.0,0.417,119.0,329.0,0.362,8.0,21.0,0.381
1629134,Kendrick Nunn,1610612748,MIA,25.0,2020-21,12.0,36.0,0.333,8.0,26.0,0.308,102.0,257.0,0.397,20.0,62.0,0.323
1629026,Kenrich Williams,1610612760,OKC,26.0,2020-21,14.0,27.0,0.519,11.0,16.0,0.688,27.0,72.0,0.375,25.0,43.0,0.581
203145,Kent Bazemore,1610612744,GSW,31.0,2020-21,24.0,57.0,0.421,16.0,45.0,0.356,34.0,81.0,0.42,40.0,102.0,0.392
203484,Kentavious Caldwell-Pope,1610612747,LAL,28.0,2020-21,20.0,54.0,0.37,30.0,65.0,0.462,69.0,173.0,0.399,50.0,119.0,0.42
201142,Kevin Durant,1610612751,BKN,32.0,2020-21,2.0,5.0,0.4,7.0,10.0,0.7,76.0,174.0,0.437,9.0,15.0,0.6
1628989,Kevin Huerter,1610612737,ATL,22.0,2020-21,13.0,37.0,0.351,19.0,48.0,0.396,108.0,300.0,0.36,32.0,85.0,0.376
1628995,Kevin Knox II,1610612752,NYK,21.0,2020-21,10.0,21.0,0.476,12.0,21.0,0.571,13.0,47.0,0.277,22.0,42.0,0.524
201567,Kevin Love,1610612739,CLE,32.0,2020-21,4.0,9.0,0.444,3.0,8.0,0.375,50.0,139.0,0.36,7.0,17.0,0.412
1629645,Kevin Porter Jr.,1610612745,HOU,21.0,2020-21,2.0,6.0,0.333,7.0,20.0,0.35,41.0,135.0,0.304,9.0,26.0,0.346
1626172,Kevon Looney,1610612744,GSW,25.0,2020-21,1.0,5.0,0.2,0.0,1.0,0.0,3.0,11.0,0.273,1.0,6.0,0.167
203920,Khem Birch,1610612761,TOR,28.0,2020-21,5.0,22.0,0.227,5.0,13.0,0.385,3.0,16.0,0.188,10.0,35.0,0.286
203114,Khris Middleton,1610612749,MIL,29.0,2020-21,11.0,28.0,0.393,15.0,32.0,0.469,125.0,304.0,0.411,26.0,60.0,0.433
1629017,Khyri Thomas,1610612745,HOU,25.0,2020-21,2.0,4.0,0.5,0.0,3.0,0.0,7.0,20.0,0.35,2.0,7.0,0.286
1630165,Killian Hayes,1610612765,DET,19.0,2020-21,1.0,4.0,0.25,1.0,9.0,0.111,18.0,59.0,0.305,2.0,13.0,0.154
1629681,Killian Tillie,1610612763,MEM,23.0,2020-21,1.0,5.0,0.2,1.0,6.0,0.167,8.0,22.0,0.364,2.0,11.0,0.182
1630184,Kira Lewis Jr.,1610612740,NOP,20.0,2020-21,4.0,16.0,0.25,4.0,8.0,0.5,30.0,93.0,0.323,8.0,24.0,0.333
1628961,Kostas Antetokounmpo,1610612747,LAL,23.0,2020-21,0.0,0.0,0.0,0.0,0.0,0.0,0.0,0.0,0.0,0.0,0.0,0.0
1627739,Kris Dunn,1610612737,ATL,27.0,2020-21,0.0,1.0,0.0,0.0,0.0,0.0,0.0,1.0,0.0,0.0,1.0,0.0
204001,Kristaps Porziņģis,1610612742,DAL,25.0,2020-21,5.0,8.0,0.625,6.0,9.0,0.667,86.0,238.0,0.361,11.0,17.0,0.647
203937,Kyle Anderson,1610612763,MEM,27.0,2020-21,23.0,63.0,0.365,18.0,49.0,0.367,53.0,148.0,0.358,41.0,112.0,0.366
1629657,Kyle Guy,1610612758,SAC,23.0,2020-21,3.0,10.0,0.3,2.0,8.0,0.25,8.0,28.0,0.286,5.0,18.0,0.278
1628398,Kyle Kuzma,1610612747,LAL,25.0,2020-21,21.0,63.0,0.333,21.0,56.0,0.375,95.0,260.0,0.365,42.0,119.0,0.353
200768,Kyle Lowry,1610612761,TOR,35.0,2020-21,10.0,20.0,0.5,3.0,7.0,0.429,118.0,303.0,0.389,13.0,27.0,0.481
202681,Kyrie Irving,1610612751,BKN,29.0,2020-21,4.0,9.0,0.444,6.0,18.0,0.333,142.0,351.0,0.405,10.0,27.0,0.37
200746,LaMarcus Aldridge,1610612751,BKN,35.0,2020-21,3.0,9.0,0.333,3.0,6.0,0.5,25.0,65.0,0.385,6.0,15.0,0.4
1630163,LaMelo Ball,1610612766,CHA,19.0,2020-21,7.0,24.0,0.292,9.0,22.0,0.409,76.0,214.0,0.355,16.0,46.0,0.348
1630205,Lamar Stevens,1610612739,CLE,23.0,2020-21,1.0,3.0,0.333,1.0,5.0,0.2,2.0,17.0,0.118,2.0,8.0,0.25
1629013,Landry Shamet,1610612751,BKN,24.0,2020-21,20.0,47.0,0.426,25.0,50.0,0.5,84.0,235.0,0.357,45.0,97.0,0.464
204038,Langston Galloway,1610612756,PHX,29.0,2020-21,10.0,18.0,0.556,8.0,25.0,0.32,18.0,41.0,0.439,18.0,43.0,0.419
1626204,Larry Nance Jr.,1610612739,CLE,28.0,2020-21,6.0,23.0,0.261,5.0,9.0,0.556,30.0,82.0,0.366,11.0,32.0,0.344
1628374,Lauri Markkanen,1610612741,CHI,24.0,2020-21,22.0,40.0,0.55,14.0,28.0,0.5,83.0,227.0,0.366,36.0,68.0,0.529
2544,LeBron James,1610612747,LAL,36.0,2020-21,7.0,13.0,0.538,3.0,9.0,0.333,94.0,263.0,0.357,10.0,22.0,0.455
1629022,Lonnie Walker IV,1610612759,SAS,22.0,2020-21,12.0,28.0,0.429,5.0,20.0,0.25,83.0,233.0,0.356,17.0,48.0,0.354
1628366,Lonzo Ball,1610612740,NOP,23.0,2020-21,26.0,59.0,0.441,15.0,39.0,0.385,131.0,355.0,0.369,41.0,98.0,0.418
101150,Lou Williams,1610612737,ATL,34.0,2020-21,13.0,33.0,0.394,8.0,18.0,0.444,48.0,121.0,0.397,21.0,51.0,0.412
1629663,Louis King,1610612758,SAC,22.0,2020-21,0.0,0.0,0.0,0.0,4.0,0.0,4.0,7.0,0.571,0.0,4.0,0.0
1629652,Luguentz Dort,1610612760,OKC,22.0,2020-21,11.0,26.0,0.423,12.0,26.0,0.462,89.0,276.0,0.322,23.0,52.0,0.442
1629029,Luka Dončić,1610612742,DAL,22.0,2020-21,6.0,12.0,0.5,2.0,5.0,0.4,184.0,526.0,0.35,8.0,17.0,0.471
1629677,Luka Samanic,1610612759,SAS,21.0,2020-21,0.0,2.0,0.0,0.0,3.0,0.0,12.0,38.0,0.316,0.0,5.0,0.0
1628379,Luke Kennard,1610612746,LAC,25.0,2020-21,20.0,38.0,0.526,13.0,31.0,0.419,67.0,155.0,0.432,33.0,69.0,0.478
1628436,Luke Kornet,1610612738,BOS,25.0,2020-21,2.0,6.0,0.333,1.0,5.0,0.2,12.0,48.0,0.25,3.0,11.0,0.273
1630201,Malachi Flynn,1610612761,TOR,23.0,2020-21,2.0,7.0,0.286,4.0,13.0,0.308,47.0,146.0,0.322,6.0,20.0,0.3
1627763,Malcolm Brogdon,1610612754,IND,28.0,2020-21,10.0,22.0,0.455,10.0,20.0,0.5,125.0,332.0,0.377,20.0,42.0,0.476
1627736,Malik Beasley,1610612750,MIN,24.0,2020-21,27.0,54.0,0.5,16.0,36.0,0.444,84.0,229.0,0.367,43.0,90.0,0.478
1630238,Malik Fitts,1610612746,LAC,23.0,2020-21,0.0,0.0,0.0,0.0,1.0,0.0,1.0,1.0,1.0,0.0,1.0,0.0
1628370,Malik Monk,1610612766,CHA,23.0,2020-21,11.0,19.0,0.579,8.0,15.0,0.533,66.0,178.0,0.371,19.0,34.0,0.559
1629603,Mamadi Diakite,1610612749,MIL,24.0,2020-21,0.0,1.0,0.0,0.0,1.0,0.0,1.0,6.0,0.167,0.0,2.0,0.0
201188,Marc Gasol,1610612747,LAL,36.0,2020-21,2.0,4.0,0.5,4.0,7.0,0.571,44.0,111.0,0.396,6.0,11.0,0.545
202694,Marcus Morris Sr.,1610612746,LAC,31.0,2020-21,35.0,67.0,0.522,20.0,33.0,0.606,85.0,193.0,0.44,55.0,100.0,0.55
203935,Marcus Smart,1610612738,BOS,27.0,2020-21,14.0,24.0,0.583,6.0,17.0,0.353,73.0,238.0,0.307,20.0,41.0,0.488
1628365,Markelle Fultz,1610612753,ORL,23.0,2020-21,0.0,2.0,0.0,0.0,0.0,0.0,4.0,14.0,0.286,0.0,2.0,0.0
202693,Markieff Morris,1610612747,LAL,31.0,2020-21,14.0,44.0,0.318,11.0,29.0,0.379,40.0,134.0,0.299,25.0,73.0,0.342
1630210,Markus Howard,1610612743,DEN,22.0,2020-21,1.0,4.0,0.25,3.0,3.0,1.0,14.0,58.0,0.241,4.0,7.0,0.571
1629716,Marques Bolden,1610612739,CLE,23.0,2020-21,0.0,0.0,0.0,0.0,0.0,0.0,0.0,0.0,0.0,0.0,0.0,0.0
1627737,Marquese Chriss,1610612744,GSW,23.0,2020-21,0.0,0.0,0.0,0.0,1.0,0.0,1.0,4.0,0.25,0.0,1.0,0.0
1628963,Marvin Bagley III,1610612758,SAC,22.0,2020-21,15.0,31.0,0.484,4.0,15.0,0.267,18.0,62.0,0.29,19.0,46.0,0.413
1630222,Mason Jones,1610612755,PHI,22.0,2020-21,4.0,5.0,0.8,1.0,3.0,0.333,19.0,58.0,0.328,5.0,8.0,0.625
203486,Mason Plumlee,1610612765,DET,31.0,2020-21,0.0,2.0,0.0,0.0,2.0,0.0,0.0,3.0,0.0,0.0,4.0,0.0
1629680,Matisse Thybulle,1610612755,PHI,24.0,2020-21,8.0,38.0,0.211,7.0,24.0,0.292,28.0,81.0,0.346,15.0,62.0,0.242
1629744,Matt Thomas,1610612762,UTA,26.0,2020-21,4.0,9.0,0.444,4.0,10.0,0.4,19.0,60.0,0.317,8.0,19.0,0.421
203521,Matthew Dellavedova,1610612739,CLE,30.0,2020-21,0.0,2.0,0.0,0.0,2.0,0.0,4.0,21.0,0.19,0.0,4.0,0.0
203090,Maurice Harkless,1610612758,SAC,28.0,2020-21,5.0,21.0,0.238,8.0,18.0,0.444,11.0,46.0,0.239,13.0,39.0,0.333
1629622,Max Strus,1610612748,MIA,25.0,2020-21,9.0,22.0,0.409,8.0,18.0,0.444,33.0,108.0,0.306,17.0,40.0,0.425
1628467,Maxi Kleber,1610612742,DAL,29.0,2020-21,14.0,35.0,0.4,15.0,36.0,0.417,58.0,141.0,0.411,29.0,71.0,0.408
203086,Meyers Leonard,1610612748,MIA,29.0,2020-21,0.0,0.0,0.0,0.0,0.0,0.0,3.0,7.0,0.429,0.0,0.0,0.0
1629662,Mfiondu Kabengele,1610612739,CLE,23.0,2020-21,1.0,6.0,0.167,2.0,7.0,0.286,10.0,37.0,0.27,3.0,13.0,0.231
203487,Michael Carter-Williams,1610612753,ORL,29.0,2020-21,4.0,9.0,0.444,2.0,5.0,0.4,9.0,47.0,0.191,6.0,14.0,0.429
1629008,Michael Porter Jr.,1610612743,DEN,23.0,2020-21,26.0,51.0,0.51,18.0,40.0,0.45,126.0,289.0,0.436,44.0,91.0,0.484
1628969,Mikal Bridges,1610612756,PHX,24.0,2020-21,39.0,85.0,0.459,47.0,108.0,0.435,47.0,121.0,0.388,86.0,193.0,0.446
201144,Mike Conley,1610612762,UTA,33.0,2020-21,8.0,13.0,0.615,21.0,55.0,0.382,110.0,265.0,0.415,29.0,68.0,0.426
1628455,Mike James,1610612751,BKN,30.0,2020-21,2.0,4.0,0.5,2.0,3.0,0.667,7.0,24.0,0.292,4.0,7.0,0.571
203488,Mike Muscala,1610612760,OKC,29.0,2020-21,11.0,28.0,0.393,9.0,20.0,0.45,48.0,134.0,0.358,20.0,48.0,0.417
203118,Mike Scott,1610612755,PHI,32.0,2020-21,9.0,20.0,0.45,11.0,25.0,0.44,33.0,110.0,0.3,20.0,45.0,0.444
1628970,Miles Bridges,1610612766,CHA,23.0,2020-21,23.0,56.0,0.411,20.0,45.0,0.444,73.0,186.0,0.392,43.0,101.0,0.426
1629011,Mitchell Robinson,1610612752,NYK,23.0,2020-21,0.0,0.0,0.0,0.0,0.0,0.0,0.0,0.0,0.0,0.0,0.0,0.0
1629671,Miye Oni,1610612762,UTA,23.0,2020-21,10.0,30.0,0.333,10.0,21.0,0.476,10.0,37.0,0.27,20.0,51.0,0.392
1628964,Mo Bamba,1610612753,ORL,23.0,2020-21,2.0,3.0,0.667,3.0,10.0,0.3,33.0,105.0,0.314,5.0,13.0,0.385
1628420,Monte Morris,1610612743,DEN,26.0,2020-21,5.0,22.0,0.227,6.0,18.0,0.333,40.0,92.0,0.435,11.0,40.0,0.275
1626149,Montrezl Harrell,1610612747,LAL,27.0,2020-21,0.0,1.0,0.0,0.0,0.0,0.0,0.0,9.0,0.0,0.0,1.0,0.0
1629021,Moritz Wagner,1610612753,ORL,24.0,2020-21,2.0,8.0,0.25,3.0,10.0,0.3,26.0,73.0,0.356,5.0,18.0,0.278
1629650,Moses Brown,1610612738,BOS,21.0,2020-21,0.0,0.0,0.0,0.0,0.0,0.0,0.0,0.0,0.0,0.0,0.0,0.0
1628539,Mychal Mulder,1610612744,GSW,27.0,2020-21,13.0,33.0,0.394,15.0,40.0,0.375,57.0,141.0,0.404,28.0,73.0,0.384
1626167,Myles Turner,1610612754,IND,25.0,2020-21,6.0,19.0,0.316,8.0,28.0,0.286,55.0,159.0,0.346,14.0,47.0,0.298
1630230,Naji Marshall,1610612740,NOP,23.0,2020-21,9.0,21.0,0.429,5.0,21.0,0.238,15.0,39.0,0.385,14.0,42.0,0.333
1629642,Nassir Little,1610612757,POR,21.0,2020-21,2.0,8.0,0.25,3.0,6.0,0.5,23.0,66.0,0.348,5.0,14.0,0.357
1630268,Nate Darling,1610612766,CHA,22.0,2020-21,0.0,1.0,0.0,0.0,0.0,0.0,2.0,6.0,0.333,0.0,1.0,0.0
1630207,Nate Hinton,1610612742,DAL,22.0,2020-21,1.0,1.0,1.0,1.0,2.0,0.5,2.0,16.0,0.125,2.0,3.0,0.667
1630233,Nathan Knight,1610612737,ATL,23.0,2020-21,0.0,6.0,0.0,3.0,11.0,0.273,3.0,16.0,0.188,3.0,17.0,0.176
1629675,Naz Reid,1610612750,MIN,21.0,2020-21,8.0,25.0,0.32,5.0,15.0,0.333,48.0,133.0,0.361,13.0,40.0,0.325
202357,Nemanja Bjelica,1610612748,MIA,33.0,2020-21,2.0,5.0,0.4,3.0,8.0,0.375,22.0,72.0,0.306,5.0,13.0,0.385
203457,Nerlens Noel,1610612752,NYK,27.0,2020-21,0.0,1.0,0.0,0.0,0.0,0.0,0.0,2.0,0.0,0.0,1.0,0.0
1629651,Nic Claxton,1610612751,BKN,22.0,2020-21,0.0,1.0,0.0,0.0,1.0,0.0,1.0,3.0,0.333,0.0,2.0,0.0
1630208,Nick Richards,1610612766,CHA,23.0,2020-21,0.0,0.0,0.0,0.0,0.0,0.0,0.0,1.0,0.0,0.0,0.0,0.0
1629638,Nickeil Alexander-Walker,1610612740,NOP,22.0,2020-21,13.0,31.0,0.419,14.0,37.0,0.378,48.0,150.0,0.32,27.0,68.0,0.397
1630185,Nico Mannion,1610612744,GSW,20.0,2020-21,3.0,4.0,0.75,0.0,2.0,0.0,19.0,54.0,0.352,3.0,6.0,0.5
201587,Nicolas Batum,1610612746,LAC,32.0,2020-21,31.0,71.0,0.437,24.0,54.0,0.444,54.0,146.0,0.37,55.0,125.0,0.44
1629740,Nicolo Melli,1610612742,DAL,30.0,2020-21,1.0,9.0,0.111,4.0,11.0,0.364,18.0,65.0,0.277,5.0,20.0,0.25
203999,Nikola Jokić,1610612743,DEN,26.0,2020-21,3.0,4.0,0.75,1.0,5.0,0.2,88.0,225.0,0.391,4.0,9.0,0.444
202696,Nikola Vučević,1610612741,CHI,30.0,2020-21,3.0,7.0,0.429,0.0,2.0,0.0,173.0,430.0,0.402,3.0,9.0,0.333
203943,Noah Vonleh,1610612751,BKN,25.0,2020-21,0.0,0.0,0.0,0.0,0.0,0.0,0.0,2.0,0.0,0.0,0.0,0.0
1626181,Norman Powell,1610612757,POR,28.0,2020-21,43.0,79.0,0.544,30.0,59.0,0.508,97.0,275.0,0.353,73.0,138.0,0.529
203658,Norvel Pelle,1610612752,NYK,28.0,2020-21,0.0,0.0,0.0,0.0,0.0,0.0,0.0,0.0,0.0,0.0,0.0,0.0
1628384,OG Anunoby,1610612761,TOR,23.0,2020-21,25.0,59.0,0.424,27.0,67.0,0.403,51.0,133.0,0.383,52.0,126.0,0.413
1630167,Obi Toppin,1610612752,NYK,23.0,2020-21,6.0,18.0,0.333,5.0,19.0,0.263,15.0,48.0,0.313,11.0,37.0,0.297
1630168,Onyeka Okongwu,1610612737,ATL,20.0,2020-21,0.0,0.0,0.0,0.0,1.0,0.0,0.0,2.0,0.0,0.0,1.0,0.0
1629052,Oshae Brissett,1610612754,IND,23.0,2020-21,4.0,7.0,0.571,8.0,18.0,0.444,21.0,52.0,0.404,12.0,25.0,0.48
203490,Otto Porter Jr.,1610612753,ORL,28.0,2020-21,9.0,20.0,0.45,6.0,11.0,0.545,24.0,71.0,0.338,15.0,31.0,0.484
200782,P.J. Tucker,1610612749,MIL,36.0,2020-21,23.0,54.0,0.426,13.0,49.0,0.265,4.0,16.0,0.25,36.0,103.0,0.35
1629023,P.J. Washington,1610612766,CHA,22.0,2020-21,14.0,33.0,0.424,14.0,35.0,0.4,84.0,221.0,0.38,28.0,68.0,0.412
1628408,PJ Dozier,1610612743,DEN,24.0,2020-21,9.0,24.0,0.375,6.0,26.0,0.231,32.0,97.0,0.33,15.0,50.0,0.3
1627783,Pascal Siakam,1610612761,TOR,27.0,2020-21,7.0,29.0,0.241,11.0,30.0,0.367,55.0,186.0,0.296,18.0,59.0,0.305
1626192,Pat Connaughton,1610612749,MIL,28.0,2020-21,7.0,19.0,0.368,18.0,45.0,0.4,76.0,207.0,0.367,25.0,64.0,0.391
201976,Patrick Beverley,1610612746,LAC,32.0,2020-21,12.0,22.0,0.545,10.0,23.0,0.435,34.0,96.0,0.354,22.0,45.0,0.489
1627775,Patrick McCaw,1610612761,TOR,25.0,2020-21,0.0,0.0,0.0,0.0,0.0,0.0,0.0,0.0,0.0,0.0,0.0,0.0
202335,Patrick Patterson,1610612746,LAC,32.0,2020-21,7.0,26.0,0.269,11.0,27.0,0.407,22.0,57.0,0.386,18.0,53.0,0.34
1630172,Patrick Williams,1610612741,CHI,19.0,2020-21,11.0,28.0,0.393,14.0,30.0,0.467,28.0,79.0,0.354,25.0,58.0,0.431
201988,Patty Mills,1610612759,SAS,32.0,2020-21,19.0,40.0,0.475,12.0,28.0,0.429,130.0,361.0,0.36,31.0,68.0,0.456
202331,Paul George,1610612746,LAC,31.0,2020-21,14.0,31.0,0.452,32.0,53.0,0.604,125.0,328.0,0.381,46.0,84.0,0.548
200794,Paul Millsap,1610612743,DEN,36.0,2020-21,6.0,14.0,0.429,8.0,16.0,0.5,35.0,113.0,0.31,14.0,30.0,0.467
1630194,Paul Reed,1610612755,PHI,22.0,2020-21,0.0,1.0,0.0,0.0,1.0,0.0,0.0,4.0,0.0,0.0,2.0,0.0
1628778,Paul Watson,1610612761,TOR,26.0,2020-21,9.0,19.0,0.474,4.0,7.0,0.571,17.0,38.0,0.447,13.0,26.0,0.5
1630202,Payton Pritchard,1610612738,BOS,23.0,2020-21,10.0,22.0,0.455,8.0,17.0,0.471,84.0,208.0,0.404,18.0,39.0,0.462
1630173,Precious Achiuwa,1610612748,MIA,21.0,2020-21,0.0,0.0,0.0,0.0,0.0,0.0,0.0,1.0,0.0,0.0,0.0,0.0
1626188,Quinn Cook,1610612739,CLE,28.0,2020-21,2.0,6.0,0.333,0.0,2.0,0.0,9.0,18.0,0.5,2.0,8.0,0.25
1629683,Quinndary Weatherspoon,1610612759,SAS,24.0,2020-21,0.0,0.0,0.0,0.0,0.0,0.0,1.0,6.0,0.167,0.0,0.0,0.0
1630181,R.J. Hampton,1610612753,ORL,20.0,2020-21,2.0,6.0,0.333,9.0,17.0,0.529,16.0,63.0,0.254,11.0,23.0,0.478
1629628,RJ Barrett,1610612752,NYK,21.0,2020-21,24.0,57.0,0.421,36.0,83.0,0.434,62.0,166.0,0.373,60.0,140.0,0.429
200765,Rajon Rondo,1610612746,LAC,35.0,2020-21,1.0,5.0,0.2,5.0,7.0,0.714,30.0,77.0,0.39,6.0,12.0,0.5
203526,Raul Neto,1610612764,WAS,29.0,2020-21,8.0,21.0,0.381,8.0,26.0,0.308,48.0,115.0,0.417,16.0,47.0,0.34
1629034,Ray Spalding,1610612745,HOU,24.0,2020-21,0.0,0.0,0.0,0.0,1.0,0.0,0.0,0.0,0.0,0.0,1.0,0.0
1629730,Rayjon Tucker,1610612755,PHI,23.0,2020-21,0.0,2.0,0.0,0.0,0.0,0.0,2.0,5.0,0.4,0.0,2.0,0.0
203493,Reggie Bullock Jr.,1610612752,NYK,30.0,2020-21,34.0,77.0,0.442,25.0,54.0,0.463,104.0,266.0,0.391,59.0,131.0,0.45
202704,Reggie Jackson,1610612746,LAC,31.0,2020-21,20.0,34.0,0.588,11.0,35.0,0.314,91.0,211.0,0.431,31.0,69.0,0.449
1629617,Reggie Perry,1610612751,BKN,21.0,2020-21,0.0,2.0,0.0,0.0,2.0,0.0,4.0,17.0,0.235,0.0,4.0,0.0
1626158,Richaun Holmes,1610612758,SAC,27.0,2020-21,0.0,1.0,0.0,0.0,1.0,0.0,2.0,8.0,0.25,0.0,2.0,0.0
201937,Ricky Rubio,1610612750,MIN,30.0,2020-21,14.0,44.0,0.318,13.0,32.0,0.406,38.0,137.0,0.277,27.0,76.0,0.355
203496,Robert Covington,1610612757,POR,30.0,2020-21,5.0,19.0,0.263,7.0,29.0,0.241,123.0,307.0,0.401,12.0,48.0,0.25
1629606,Robert Franks,1610612753,ORL,24.0,2020-21,1.0,2.0,0.5,0.0,1.0,0.0,4.0,11.0,0.364,1.0,3.0,0.333
1629057,Robert Williams III,1610612738,BOS,23.0,2020-21,0.0,0.0,0.0,0.0,0.0,0.0,0.0,0.0,0.0,0.0,0.0,0.0
1630218,Robert Woodard II,1610612758,SAC,21.0,2020-21,0.0,0.0,0.0,0.0,0.0,0.0,1.0,5.0,0.2,0.0,0.0,0.0
201577,Robin Lopez,1610612764,WAS,33.0,2020-21,2.0,12.0,0.167,0.0,2.0,0.0,3.0,4.0,0.75,2.0,14.0,0.143
1629066,Rodions Kurucs,1610612749,MIL,23.0,2020-21,2.0,4.0,0.5,1.0,2.0,0.5,3.0,15.0,0.2,3.0,6.0,0.5
203918,Rodney Hood,1610612761,TOR,28.0,2020-21,4.0,17.0,0.235,6.0,25.0,0.24,24.0,70.0,0.343,10.0,42.0,0.238
203585,Rodney McGruder,1610612765,DET,29.0,2020-21,4.0,7.0,0.571,1.0,6.0,0.167,6.0,11.0,0.545,5.0,13.0,0.385
1629641,Romeo Langford,1610612738,BOS,21.0,2020-21,0.0,4.0,0.0,2.0,5.0,0.4,3.0,9.0,0.333,2.0,9.0,0.222
1626178,Rondae Hollis-Jefferson,1610612757,POR,26.0,2020-21,0.0,1.0,0.0,0.0,0.0,0.0,0.0,0.0,0.0,0.0,1.0,0.0
1626220,Royce O'Neale,1610612762,UTA,28.0,2020-21,20.0,42.0,0.476,20.0,50.0,0.4,67.0,186.0,0.36,40.0,92.0,0.435
200752,Rudy Gay,1610612759,SAS,34.0,2020-21,5.0,22.0,0.227,11.0,31.0,0.355,90.0,223.0,0.404,16.0,53.0,0.302
203497,Rudy Gobert,1610612762,UTA,29.0,2020-21,0.0,1.0,0.0,0.0,0.0,0.0,0.0,0.0,0.0,0.0,1.0,0.0
1629060,Rui Hachimura,1610612764,WAS,23.0,2020-21,5.0,22.0,0.227,8.0,26.0,0.308,32.0,88.0,0.364,13.0,48.0,0.271
201566,Russell Westbrook,1610612764,WAS,32.0,2020-21,8.0,18.0,0.444,5.0,14.0,0.357,73.0,240.0,0.304,13.0,32.0,0.406
1627853,Ryan Arcidiacono,1610612741,CHI,27.0,2020-21,3.0,9.0,0.333,4.0,7.0,0.571,18.0,50.0,0.36,7.0,16.0,0.438
1630240,Saben Lee,1610612765,DET,22.0,2020-21,3.0,6.0,0.5,2.0,2.0,1.0,3.0,15.0,0.2,5.0,8.0,0.625
1630180,Saddiq Bey,1610612765,DET,22.0,2020-21,33.0,75.0,0.44,10.0,37.0,0.27,131.0,345.0,0.38,43.0,112.0,0.384
1630241,Sam Merrill,1610612749,MIL,25.0,2020-21,2.0,3.0,0.667,1.0,1.0,1.0,18.0,43.0,0.419,3.0,4.0,0.75
1630253,Sean McDermott,1610612763,MEM,24.0,2020-21,1.0,6.0,0.167,1.0,4.0,0.25,3.0,12.0,0.25,2.0,10.0,0.2
1629635,Sekou Doumbouya,1610612765,DET,20.0,2020-21,6.0,17.0,0.353,4.0,22.0,0.182,16.0,76.0,0.211,10.0,39.0,0.256
1628400,Semi Ojeleye,1610612738,BOS,26.0,2020-21,14.0,37.0,0.378,13.0,39.0,0.333,31.0,82.0,0.378,27.0,76.0,0.355
201586,Serge Ibaka,1610612746,LAC,31.0,2020-21,0.0,2.0,0.0,1.0,6.0,0.167,38.0,107.0,0.355,1.0,8.0,0.125
203552,Seth Curry,1610612755,PHI,30.0,2020-21,13.0,24.0,0.542,18.0,28.0,0.643,96.0,228.0,0.421,31.0,52.0,0.596
1628983,Shai Gilgeous-Alexander,1610612760,OKC,22.0,2020-21,6.0,9.0,0.667,2.0,9.0,0.222,63.0,152.0,0.414,8.0,18.0,0.444
1629003,Shake Milton,1610612755,PHI,24.0,2020-21,7.0,23.0,0.304,11.0,17.0,0.647,53.0,163.0,0.325,18.0,40.0,0.45
1627885,Shaquille Harrison,1610612743,DEN,27.0,2020-21,1.0,3.0,0.333,1.0,6.0,0.167,1.0,7.0,0.143,2.0,9.0,0.222
1628414,Sindarius Thornwell,1610612753,ORL,26.0,2020-21,3.0,5.0,0.6,2.0,7.0,0.286,2.0,11.0,0.182,5.0,12.0,0.417
1630219,Skylar Mays,1610612737,ATL,23.0,2020-21,4.0,5.0,0.8,1.0,5.0,0.2,9.0,29.0,0.31,5.0,10.0,0.5
203524,Solomon Hill,1610612737,ATL,30.0,2020-21,17.0,52.0,0.327,12.0,41.0,0.293,39.0,118.0,0.331,29.0,93.0,0.312
203915,Spencer Dinwiddie,1610612751,BKN,28.0,2020-21,0.0,0.0,0.0,1.0,1.0,1.0,1.0,6.0,0.167,1.0,1.0,1.0
1626169,Stanley Johnson,1610612761,TOR,25.0,2020-21,4.0,15.0,0.267,11.0,29.0,0.379,30.0,92.0,0.326,15.0,44.0,0.341
201939,Stephen Curry,1610612744,GSW,33.0,2020-21,8.0,32.0,0.25,15.0,31.0,0.484,313.0,725.0,0.432,23.0,63.0,0.365
1628425,Sterling Brown,1610612745,HOU,26.0,2020-21,24.0,61.0,0.393,13.0,33.0,0.394,54.0,118.0,0.458,37.0,94.0,0.394
203500,Steven Adams,1610612740,NOP,27.0,2020-21,0.0,0.0,0.0,0.0,0.0,0.0,0.0,0.0,0.0,0.0,0.0,0.0
1629004,Svi Mykhailiuk,1610612760,OKC,24.0,2020-21,22.0,49.0,0.449,12.0,33.0,0.364,71.0,230.0,0.309,34.0,82.0,0.415
1628388,T.J. Leaf,1610612757,POR,24.0,2020-21,0.0,0.0,0.0,0.0,0.0,0.0,0.0,0.0,0.0,0.0,0.0,0.0
204456,T.J. McConnell,1610612754,IND,29.0,2020-21,2.0,6.0,0.333,6.0,14.0,0.429,7.0,27.0,0.259,8.0,20.0,0.4
203933,T.J. Warren,1610612754,IND,27.0,2020-21,0.0,3.0,0.0,0.0,0.0,0.0,0.0,4.0,0.0,0.0,3.0,0.0
1629605,Tacko Fall,1610612738,BOS,25.0,2020-21,0.0,0.0,0.0,0.0,0.0,0.0,0.0,0.0,0.0,0.0,0.0,0.0
201959,Taj Gibson,1610612752,NYK,36.0,2020-21,2.0,5.0,0.4,0.0,2.0,0.0,1.0,8.0,0.125,2.0,7.0,0.286
1629659,Talen Horton-Tucker,1610612747,LAL,20.0,2020-21,1.0,13.0,0.077,4.0,16.0,0.25,32.0,101.0,0.317,5.0,29.0,0.172
1627752,Taurean Prince,1610612739,CLE,27.0,2020-21,15.0,29.0,0.517,9.0,18.0,0.5,38.0,106.0,0.358,24.0,47.0,0.511
1629611,Terance Mann,1610612746,LAC,24.0,2020-21,10.0,17.0,0.588,15.0,39.0,0.385,13.0,34.0,0.382,25.0,56.0,0.446
1629056,Terence Davis,1610612758,SAC,24.0,2020-21,13.0,37.0,0.351,13.0,24.0,0.542,72.0,206.0,0.35,26.0,61.0,0.426
1628390,Terrance Ferguson,1610612755,PHI,23.0,2020-21,0.0,2.0,0.0,0.0,1.0,0.0,0.0,2.0,0.0,0.0,3.0,0.0
203082,Terrence Ross,1610612753,ORL,30.0,2020-21,5.0,18.0,0.278,4.0,11.0,0.364,80.0,234.0,0.342,9.0,29.0,0.31
1626179,Terry Rozier,1610612766,CHA,27.0,2020-21,40.0,88.0,0.455,26.0,58.0,0.448,156.0,423.0,0.369,66.0,146.0,0.452
201152,Thaddeus Young,1610612741,CHI,33.0,2020-21,7.0,20.0,0.35,0.0,2.0,0.0,5.0,20.0,0.25,7.0,22.0,0.318
203648,Thanasis Antetokounmpo,1610612749,MIL,28.0,2020-21,2.0,4.0,0.5,2.0,6.0,0.333,3.0,15.0,0.2,4.0,10.0,0.4
1630177,Theo Maledon,1610612760,OKC,20.0,2020-21,8.0,26.0,0.308,7.0,15.0,0.467,90.0,269.0,0.335,15.0,41.0,0.366
1629033,Theo Pinson,1610612752,NYK,25.0,2020-21,0.0,0.0,0.0,0.0,0.0,0.0,0.0,8.0,0.0,0.0,0.0,0.0
1628418,Thomas Bryant,1610612764,WAS,23.0,2020-21,1.0,1.0,1.0,0.0,0.0,0.0,8.0,20.0,0.4,1.0,1.0,1.0
1627748,Thon Maker,1610612739,CLE,24.0,2020-21,0.0,0.0,0.0,0.0,1.0,0.0,0.0,1.0,0.0,0.0,1.0,0.0
204025,Tim Frazier,1610612763,MEM,30.0,2020-21,0.0,1.0,0.0,0.0,0.0,0.0,0.0,7.0,0.0,0.0,1.0,0.0
203501,Tim Hardaway Jr.,1610612742,DAL,29.0,2020-21,17.0,43.0,0.395,24.0,62.0,0.387,166.0,421.0,0.394,41.0,105.0,0.39
1627789,Timothe Luwawu-Cabarrot,1610612751,BKN,26.0,2020-21,12.0,40.0,0.3,14.0,46.0,0.304,49.0,153.0,0.32,26.0,86.0,0.302
202699,Tobias Harris,1610612755,PHI,28.0,2020-21,6.0,17.0,0.353,13.0,26.0,0.5,63.0,165.0,0.382,19.0,43.0,0.442
203107,Tomas Satoransky,1610612741,CHI,29.0,2020-21,9.0,18.0,0.5,9.0,23.0,0.391,24.0,75.0,0.32,18.0,41.0,0.439
1628396,Tony Bradley,1610612760,OKC,23.0,2020-21,0.0,0.0,0.0,0.0,1.0,0.0,0.0,2.0,0.0,0.0,1.0,0.0
203503,Tony Snell,1610612737,ATL,29.0,2020-21,14.0,23.0,0.609,14.0,27.0,0.519,34.0,59.0,0.576,28.0,50.0,0.56
1628470,Torrey Craig,1610612756,PHX,30.0,2020-21,7.0,18.0,0.389,4.0,20.0,0.2,28.0,68.0,0.412,11.0,38.0,0.289
1629027,Trae Young,1610612737,ATL,22.0,2020-21,4.0,8.0,0.5,2.0,9.0,0.222,130.0,380.0,0.342,6.0,17.0,0.353
1630200,Tre Jones,1610612759,SAS,21.0,2020-21,1.0,2.0,0.5,0.0,0.0,0.0,2.0,3.0,0.667,1.0,2.0,0.5
1629682,Tremont Waters,1610612738,BOS,23.0,2020-21,1.0,2.0,0.5,1.0,3.0,0.333,13.0,33.0,0.394,2.0,5.0,0.4
1630235,Trent Forrest,1610612762,UTA,23.0,2020-21,2.0,10.0,0.2,2.0,8.0,0.25,1.0,8.0,0.125,4.0,18.0,0.222
2772,Trevor Ariza,1610612748,MIA,36.0,2020-21,11.0,25.0,0.44,12.0,39.0,0.308,27.0,78.0,0.346,23.0,64.0,0.359
203504,Trey Burke,1610612742,DAL,28.0,2020-21,10.0,25.0,0.4,5.0,23.0,0.217,42.0,115.0,0.365,15.0,48.0,0.313
1626168,Trey Lyles,1610612759,SAS,25.0,2020-21,3.0,5.0,0.6,2.0,3.0,0.667,9.0,32.0,0.281,5.0,8.0,0.625
202684,Tristan Thompson,1610612738,BOS,30.0,2020-21,0.0,0.0,0.0,0.0,0.0,0.0,0.0,1.0,0.0,0.0,0.0,0.0
1628972,Troy Brown Jr.,1610612741,CHI,21.0,2020-21,7.0,17.0,0.412,3.0,10.0,0.3,12.0,41.0,0.293,10.0,27.0,0.37
1629660,Ty Jerome,1610612760,OKC,23.0,2020-21,7.0,15.0,0.467,6.0,15.0,0.4,58.0,136.0,0.426,13.0,30.0,0.433
1630234,Ty-Shon Alexander,1610612756,PHX,22.0,2020-21,0.0,1.0,0.0,0.0,0.0,0.0,2.0,8.0,0.25,0.0,1.0,0.0
1630189,Tyler Bey,1610612742,DAL,23.0,2020-21,0.0,0.0,0.0,0.0,0.0,0.0,1.0,4.0,0.25,0.0,0.0,0.0
1629076,Tyler Cook,1610612765,DET,23.0,2020-21,1.0,2.0,0.5,0.0,0.0,0.0,0.0,0.0,0.0,1.0,2.0,0.5
1629639,Tyler Herro,1610612748,MIA,21.0,2020-21,8.0,16.0,0.5,11.0,26.0,0.423,88.0,251.0,0.351,19.0,42.0,0.452
204020,Tyler Johnson,1610612751,BKN,29.0,2020-21,6.0,15.0,0.4,12.0,27.0,0.444,30.0,89.0,0.337,18.0,42.0,0.429
1630179,Tyrell Terry,1610612742,DAL,20.0,2020-21,0.0,0.0,0.0,0.0,0.0,0.0,0.0,7.0,0.0,0.0,0.0,0.0
1630169,Tyrese Haliburton,1610612758,SAC,21.0,2020-21,20.0,44.0,0.455,18.0,42.0,0.429,83.0,203.0,0.409,38.0,86.0,0.442
1630178,Tyrese Maxey,1610612755,PHI,20.0,2020-21,0.0,8.0,0.0,2.0,5.0,0.4,29.0,90.0,0.322,2.0,13.0,0.154
1626145,Tyus Jones,1610612763,MEM,25.0,2020-21,9.0,28.0,0.321,4.0,14.0,0.286,32.0,98.0,0.327,13.0,42.0,0.31
1628962,Udoka Azubuike,1610612762,UTA,21.0,2020-21,0.0,0.0,0.0,0.0,0.0,0.0,0.0,0.0,0.0,0.0,0.0,0.0
2617,Udonis Haslem,1610612748,MIA,41.0,2020-21,0.0,0.0,0.0,,,,0.0,0.0,0.0,0.0,0.0,0.0
1630176,Vernon Carey Jr.,1610612766,CHA,20.0,2020-21,0.0,2.0,0.0,0.0,1.0,0.0,1.0,4.0,0.25,0.0,3.0,0.0
203506,Victor Oladipo,1610612748,MIA,29.0,2020-21,9.0,22.0,0.409,2.0,16.0,0.125,67.0,201.0,0.333,11.0,38.0,0.289
1629738,Vincent Poirier,1610612755,PHI,27.0,2020-21,0.0,0.0,0.0,0.0,0.0,0.0,0.0,1.0,0.0,0.0,0.0,0.0
1628427,Vlatko Čančar,1610612743,DEN,24.0,2020-21,2.0,3.0,0.667,4.0,6.0,0.667,3.0,23.0,0.13,6.0,9.0,0.667
201961,Wayne Ellington,1610612765,DET,33.0,2020-21,8.0,28.0,0.286,10.0,33.0,0.303,98.0,213.0,0.46,18.0,61.0,0.295
1628976,Wendell Carter Jr.,1610612753,ORL,22.0,2020-21,4.0,8.0,0.5,0.0,2.0,0.0,11.0,41.0,0.268,4.0,10.0,0.4
1629117,Wenyen Gabriel,1610612740,NOP,24.0,2020-21,2.0,5.0,0.4,4.0,6.0,0.667,7.0,20.0,0.35,6.0,11.0,0.545
1628411,Wes Iwundu,1610612740,NOP,26.0,2020-21,2.0,7.0,0.286,1.0,14.0,0.071,2.0,20.0,0.1,3.0,21.0,0.143
202083,Wesley Matthews,1610612747,LAL,34.0,2020-21,13.0,41.0,0.317,4.0,20.0,0.2,49.0,136.0,0.36,17.0,61.0,0.279
203115,Will Barton,1610612743,DEN,30.0,2020-21,14.0,26.0,0.538,10.0,22.0,0.455,74.0,208.0,0.356,24.0,48.0,0.5
1630266,Will Magnay,1610612740,NOP,23.0,2020-21,0.0,0.0,0.0,,,,0.0,1.0,0.0,0.0,0.0,0.0
1626161,Willie Cauley-Stein,1610612742,DAL,27.0,2020-21,0.0,3.0,0.0,0.0,1.0,0.0,1.0,7.0,0.143,0.0,4.0,0.0
1626195,Willy Hernangomez,1610612740,NOP,27.0,2020-21,1.0,1.0,1.0,0.0,2.0,0.0,0.0,7.0,0.0,1.0,3.0,0.333
1630214,Xavier Tillman,1610612763,MEM,22.0,2020-21,7.0,18.0,0.389,5.0,17.0,0.294,10.0,29.0,0.345,12.0,35.0,0.343
1627812,Yogi Ferrell,1610612746,LAC,28.0,2020-21,0.0,0.0,0.0,0.0,0.0,0.0,9.0,28.0,0.321,0.0,0.0,0.0
1629139,Yuta Watanabe,1610612761,TOR,26.0,2020-21,8.0,23.0,0.348,4.0,18.0,0.222,24.0,49.0,0.49,12.0,41.0,0.293
203897,Zach LaVine,1610612741,CHI,26.0,2020-21,26.0,45.0,0.578,9.0,27.0,0.333,165.0,404.0,0.408,35.0,72.0,0.486
1630192,Zeke Nnaji,1610612743,DEN,20.0,2020-21,2.0,8.0,0.25,9.0,17.0,0.529,13.0,34.0,0.382,11.0,25.0,0.44
1629627,Zion Williamson,1610612740,NOP,20.0,2020-21,1.0,1.0,1.0,0.0,0.0,0.0,9.0,32.0,0.281,1.0,1.0,1.0
203932,Aaron Gordon,1610612743,DEN,26.0,2021-22,22.0,67.0,0.328,16.0,45.0,0.356,49.0,144.0,0.34,38.0,112.0,0.339
1630565,Aaron Henry,1610612755,PHI,22.0,2021-22,0.0,0.0,0.0,0.0,0.0,0.0,0.0,1.0,0.0,0.0,0.0,0.0
1628988,Aaron Holiday,1610612756,PHX,25.0,2021-22,5.0,13.0,0.385,2.0,4.0,0.5,32.0,86.0,0.372,7.0,17.0,0.412
1630174,Aaron Nesmith,1610612738,BOS,22.0,2021-22,5.0,25.0,0.2,4.0,19.0,0.211,22.0,71.0,0.31,9.0,44.0,0.205
1630598,Aaron Wiggins,1610612760,OKC,23.0,2021-22,11.0,30.0,0.367,6.0,23.0,0.261,25.0,84.0,0.298,17.0,53.0,0.321
1627846,Abdel Nader,1610612756,PHX,28.0,2021-22,1.0,1.0,1.0,0.0,4.0,0.0,3.0,8.0,0.375,1.0,5.0,0.2
1630278,Ade Murkey,1610612758,SAC,24.0,2021-22,,,,,,,,,,,,
1629678,Admiral Schofield,1610612753,ORL,25.0,2021-22,4.0,12.0,0.333,6.0,17.0,0.353,16.0,48.0,0.333,10.0,29.0,0.345
1629958,Ahmad Caver,1610612754,IND,25.0,2021-22,,,,,,,0.0,0.0,0.0,,,
201143,Al Horford,1610612738,BOS,36.0,2021-22,11.0,34.0,0.324,20.0,44.0,0.455,58.0,187.0,0.31,31.0,78.0,0.397
202692,Alec Burks,1610612752,NYK,30.0,2021-22,22.0,51.0,0.431,17.0,44.0,0.386,117.0,293.0,0.399,39.0,95.0,0.411
1630758,Aleem Ford,1610612753,ORL,24.0,2021-22,0.0,3.0,0.0,0.0,0.0,0.0,2.0,12.0,0.167,0.0,3.0,0.0
1630197,Aleksej Pokusevski,1610612760,OKC,20.0,2021-22,10.0,28.0,0.357,4.0,14.0,0.286,43.0,155.0,0.277,14.0,42.0,0.333
1627936,Alex Caruso,1610612741,CHI,28.0,2021-22,7.0,29.0,0.241,11.0,19.0,0.579,23.0,75.0,0.307,18.0,48.0,0.375
203458,Alex Len,1610612758,SAC,29.0,2021-22,2.0,4.0,0.5,0.0,2.0,0.0,4.0,15.0,0.267,2.0,6.0,0.333
1628035,Alfonzo McKinnie,1610612741,CHI,29.0,2021-22,2.0,6.0,0.333,2.0,5.0,0.4,5.0,16.0,0.313,4.0,11.0,0.364
1628993,Alize Johnson,1610612740,NOP,26.0,2021-22,0.0,0.0,0.0,0.0,2.0,0.0,0.0,1.0,0.0,0.0,2.0,0.0
1630578,Alperen Sengun,1610612745,HOU,19.0,2021-22,0.0,2.0,0.0,2.0,8.0,0.25,27.0,101.0,0.267,2.0,10.0,0.2
1629599,Amir Coffey,1610612746,LAC,25.0,2021-22,14.0,35.0,0.4,16.0,46.0,0.348,66.0,172.0,0.384,30.0,81.0,0.37
203083,Andre Drummond,1610612751,BKN,28.0,2021-22,0.0,0.0,0.0,0.0,0.0,0.0,0.0,1.0,0.0,0.0,0.0,0.0
2738,Andre Iguodala,1610612744,GSW,38.0,2021-22,4.0,13.0,0.308,3.0,13.0,0.231,10.0,44.0,0.227,7.0,26.0,0.269
203952,Andrew Wiggins,1610612744,GSW,27.0,2021-22,42.0,87.0,0.483,8.0,26.0,0.308,107.0,285.0,0.375,50.0,113.0,0.442
1629014,Anfernee Simons,1610612757,POR,23.0,2021-22,11.0,25.0,0.44,6.0,16.0,0.375,162.0,399.0,0.406,17.0,41.0,0.415
203076,Anthony Davis,1610612747,LAL,29.0,2021-22,0.0,3.0,0.0,4.0,6.0,0.667,9.0,61.0,0.148,4.0,9.0,0.444
1630162,Anthony Edwards,1610612750,MIN,20.0,2021-22,12.0,35.0,0.343,9.0,24.0,0.375,193.0,539.0,0.358,21.0,59.0,0.356
1630264,Anthony Gill,1610612764,WAS,29.0,2021-22,3.0,5.0,0.6,5.0,8.0,0.625,6.0,13.0,0.462,8.0,13.0,0.615
1630237,Anthony Lamb,1610612745,HOU,24.0,2021-22,0.0,0.0,0.0,,,,0.0,2.0,0.0,0.0,0.0,0.0
1629717,Armoni Brooks,1610612761,TOR,24.0,2021-22,8.0,25.0,0.32,2.0,10.0,0.2,64.0,213.0,0.3,10.0,35.0,0.286
1629083,Arnoldas Kulboka,1610612766,CHA,24.0,2021-22,0.0,0.0,0.0,0.0,1.0,0.0,0.0,0.0,0.0,0.0,1.0,0.0
1630559,Austin Reaves,1610612747,LAL,24.0,2021-22,8.0,24.0,0.333,10.0,26.0,0.385,35.0,114.0,0.307,18.0,50.0,0.36
203085,Austin Rivers,1610612743,DEN,29.0,2021-22,30.0,62.0,0.484,20.0,47.0,0.426,29.0,122.0,0.238,50.0,109.0,0.459
202340,Avery Bradley,1610612747,LAL,31.0,2021-22,27.0,65.0,0.415,19.0,54.0,0.352,35.0,90.0,0.389,46.0,119.0,0.387
1630245,Ayo Dosunmu,1610612741,CHI,22.0,2021-22,11.0,34.0,0.324,28.0,61.0,0.459,30.0,89.0,0.337,39.0,95.0,0.411
1629168,BJ Johnson,1610612753,ORL,26.0,2021-22,1.0,1.0,1.0,0.0,2.0,0.0,3.0,7.0,0.429,1.0,3.0,0.333
1628389,Bam Adebayo,1610612748,MIA,24.0,2021-22,0.0,0.0,0.0,0.0,0.0,0.0,0.0,4.0,0.0,0.0,0.0,0.0
203463,Ben McLemore,1610612757,POR,29.0,2021-22,35.0,73.0,0.479,33.0,65.0,0.508,81.0,275.0,0.295,68.0,138.0,0.493
202687,Bismack Biyombo,1610612756,PHX,29.0,2021-22,0.0,0.0,0.0,0.0,0.0,0.0,0.0,0.0,0.0,0.0,0.0,0.0
201933,Blake Griffin,1610612751,BKN,33.0,2021-22,6.0,25.0,0.24,4.0,14.0,0.286,28.0,105.0,0.267,10.0,39.0,0.256
1626246,Boban Marjanovic,1610612742,DAL,33.0,2021-22,0.0,0.0,0.0,0.0,0.0,0.0,1.0,4.0,0.25,0.0,0.0,0.0
1626171,Bobby Portis,1610612749,MIL,27.0,2021-22,24.0,54.0,0.444,29.0,78.0,0.372,80.0,202.0,0.396,53.0,132.0,0.402
203992,Bogdan Bogdanović,1610612737,ATL,29.0,2021-22,29.0,57.0,0.509,23.0,54.0,0.426,116.0,345.0,0.336,52.0,111.0,0.468
202711,Bojan Bogdanovic,1610612762,UTA,33.0,2021-22,24.0,60.0,0.4,53.0,129.0,0.411,104.0,279.0,0.373,77.0,189.0,0.407
1629626,Bol Bol,1610612753,ORL,22.0,2021-22,0.0,1.0,0.0,0.0,0.0,0.0,1.0,3.0,0.333,0.0,1.0,0.0
1630538,Bones Hyland,1610612743,DEN,21.0,2021-22,16.0,37.0,0.432,3.0,26.0,0.115,112.0,293.0,0.382,19.0,63.0,0.302
202954,Brad Wanamaker,1610612764,WAS,32.0,2021-22,0.0,2.0,0.0,0.0,1.0,0.0,4.0,13.0,0.308,0.0,3.0,0.0
203078,Bradley Beal,1610612764,WAS,29.0,2021-22,14.0,31.0,0.452,5.0,21.0,0.238,44.0,158.0,0.278,19.0,52.0,0.365
1630527,Brandon Boston,1610612746,LAC,20.0,2021-22,7.0,17.0,0.412,2.0,8.0,0.25,25.0,83.0,0.301,9.0,25.0,0.36
1629634,Brandon Clarke,1610612763,MEM,25.0,2021-22,1.0,5.0,0.2,2.0,10.0,0.2,2.0,7.0,0.286,3.0,15.0,0.2
1629164,Brandon Goodwin,1610612739,CLE,26.0,2021-22,1.0,4.0,0.25,1.0,4.0,0.25,17.0,45.0,0.378,2.0,8.0,0.25
1627742,Brandon Ingram,1610612740,NOP,24.0,2021-22,3.0,16.0,0.188,9.0,16.0,0.563,61.0,191.0,0.319,12.0,32.0,0.375
202688,Brandon Knight,1610612742,DAL,30.0,2021-22,0.0,1.0,0.0,0.0,1.0,0.0,4.0,14.0,0.286,0.0,2.0,0.0
1630314,Brandon Williams,1610612757,POR,22.0,2021-22,5.0,9.0,0.556,5.0,13.0,0.385,20.0,80.0,0.25,10.0,22.0,0.455
1630296,Braxton Key,1610612765,DET,25.0,2021-22,2.0,5.0,0.4,1.0,4.0,0.25,3.0,12.0,0.25,3.0,9.0,0.333
1630271,Brodric Thomas,1610612738,BOS,25.0,2021-22,0.0,1.0,0.0,0.0,0.0,0.0,2.0,8.0,0.25,0.0,1.0,0.0
201572,Brook Lopez,1610612749,MIL,34.0,2021-22,1.0,2.0,0.5,8.0,16.0,0.5,10.0,35.0,0.286,9.0,18.0,0.5
1628971,Bruce Brown,1610612751,BKN,25.0,2021-22,10.0,36.0,0.278,16.0,27.0,0.593,12.0,30.0,0.4,26.0,63.0,0.413
1628981,Bruno Fernando,1610612745,HOU,23.0,2021-22,0.0,1.0,0.0,0.0,0.0,0.0,1.0,1.0,1.0,0.0,1.0,0.0
1627854,Bryn Forbes,1610612743,DEN,28.0,2021-22,22.0,33.0,0.667,8.0,19.0,0.421,90.0,241.0,0.373,30.0,52.0,0.577
1627741,Buddy Hield,1610612754,IND,29.0,2021-22,34.0,80.0,0.425,12.0,37.0,0.324,213.0,596.0,0.357,46.0,117.0,0.393
1629604,CJ Elleby,1610612757,POR,22.0,2021-22,6.0,26.0,0.231,4.0,15.0,0.267,27.0,84.0,0.321,10.0,41.0,0.244
203468,CJ McCollum,1610612740,NOP,30.0,2021-22,16.0,41.0,0.39,10.0,26.0,0.385,156.0,400.0,0.39,26.0,67.0,0.388
101139,CJ Miles,1610612738,BOS,35.0,2021-22,,,,,,,0.0,0.0,0.0,,,
1630595,Cade Cunningham,1610612765,DET,20.0,2021-22,10.0,33.0,0.303,9.0,25.0,0.36,95.0,303.0,0.314,19.0,58.0,0.328
1628997,Caleb Martin,1610612748,MIA,26.0,2021-22,14.0,35.0,0.4,16.0,39.0,0.41,34.0,80.0,0.425,30.0,74.0,0.405
1629629,Cam Reddish,1610612752,NYK,22.0,2021-22,15.0,26.0,0.577,10.0,30.0,0.333,41.0,128.0,0.32,25.0,56.0,0.446
1630560,Cam Thomas,1610612751,BKN,20.0,2021-22,10.0,19.0,0.526,3.0,13.0,0.231,34.0,142.0,0.239,13.0,32.0,0.406
1629661,Cameron Johnson,1610612756,PHX,26.0,2021-22,26.0,62.0,0.419,43.0,88.0,0.489,97.0,240.0,0.404,69.0,150.0,0.46
1630787,Cameron McGriff,1610612757,POR,24.0,2021-22,0.0,0.0,0.0,0.0,2.0,0.0,2.0,3.0,0.667,0.0,2.0,0.0
1628419,Cameron Oliver,1610612737,ATL,25.0,2021-22,0.0,1.0,0.0,0.0,0.0,0.0,1.0,2.0,0.5,0.0,1.0,0.0
1626166,Cameron Payne,1610612756,PHX,27.0,2021-22,2.0,9.0,0.222,3.0,12.0,0.25,66.0,190.0,0.347,5.0,21.0,0.238
1627747,Caris LeVert,1610612739,CLE,27.0,2021-22,3.0,15.0,0.2,7.0,19.0,0.368,72.0,222.0,0.324,10.0,34.0,0.294
1630637,Carlik Jones,1610612743,DEN,24.0,2021-22,0.0,1.0,0.0,0.0,0.0,0.0,0.0,0.0,0.0,0.0,1.0,0.0
2546,Carmelo Anthony,1610612747,LAL,38.0,2021-22,16.0,38.0,0.421,17.0,37.0,0.459,116.0,322.0,0.36,33.0,75.0,0.44
1629035,Carsen Edwards,1610612765,DET,24.0,2021-22,1.0,1.0,1.0,0.0,0.0,0.0,3.0,15.0,0.2,1.0,1.0,1.0
1630199,Cassius Stanley,1610612765,DET,22.0,2021-22,1.0,2.0,0.5,1.0,6.0,0.167,2.0,9.0,0.222,2.0,8.0,0.25
1630216,Cassius Winston,1610612764,WAS,24.0,2021-22,0.0,1.0,0.0,0.0,0.0,0.0,2.0,5.0,0.4,0.0,1.0,0.0
1627760,Cat Barber,1610612737,ATL,27.0,2021-22,,,,,,,0.0,0.0,0.0,,,
1626224,Cedi Osman,1610612739,CLE,27.0,2021-22,14.0,39.0,0.359,14.0,29.0,0.483,100.0,289.0,0.346,28.0,68.0,0.412
1628990,Chandler Hutchison,1610612756,PHX,26.0,2021-22,0.0,0.0,0.0,0.0,0.0,0.0,0.0,0.0,0.0,0.0,0.0,0.0
1629646,Charles Bassey,1610612755,PHI,21.0,2021-22,0.0,0.0,0.0,0.0,1.0,0.0,0.0,3.0,0.0,0.0,1.0,0.0
1629718,Charlie Brown Jr.,1610612755,PHI,25.0,2021-22,0.0,1.0,0.0,0.0,1.0,0.0,1.0,10.0,0.1,0.0,2.0,0.0
1630602,Chaundee Brown Jr.,1610612737,ATL,23.0,2021-22,0.0,3.0,0.0,1.0,1.0,1.0,5.0,13.0,0.385,1.0,4.0,0.25
1627767,Cheick Diallo,1610612765,DET,25.0,2021-22,0.0,0.0,0.0,0.0,0.0,0.0,0.0,0.0,0.0,0.0,0.0,0.0
1629002,Chimezie Metu,1610612758,SAC,25.0,2021-22,4.0,20.0,0.2,15.0,39.0,0.385,38.0,127.0,0.299,19.0,59.0,0.322
1628449,Chris Boucher,1610612761,TOR,29.0,2021-22,9.0,25.0,0.36,20.0,42.0,0.476,38.0,160.0,0.238,29.0,67.0,0.433
1629185,Chris Chiozza,1610612744,GSW,26.0,2021-22,2.0,8.0,0.25,1.0,5.0,0.2,14.0,40.0,0.35,3.0,13.0,0.231
1630537,Chris Duarte,1610612754,IND,25.0,2021-22,20.0,46.0,0.435,7.0,26.0,0.269,67.0,179.0,0.374,27.0,72.0,0.375
101108,Chris Paul,1610612756,PHX,37.0,2021-22,3.0,13.0,0.231,2.0,4.0,0.5,58.0,179.0,0.324,5.0,17.0,0.294
1629735,Chris Silva,1610612748,MIA,25.0,2021-22,0.0,0.0,0.0,0.0,0.0,0.0,0.0,0.0,0.0,0.0,0.0,0.0
1626174,Christian Wood,1610612745,HOU,26.0,2021-22,11.0,22.0,0.5,8.0,19.0,0.421,112.0,294.0,0.381,19.0,41.0,0.463
1629643,Chuma Okeke,1610612753,ORL,23.0,2021-22,21.0,50.0,0.42,15.0,44.0,0.341,82.0,276.0,0.297,36.0,94.0,0.383
203991,Clint Capela,1610612737,ATL,28.0,2021-22,0.0,0.0,0.0,0.0,0.0,0.0,0.0,0.0,0.0,0.0,0.0,0.0
1629632,Coby White,1610612741,CHI,22.0,2021-22,19.0,48.0,0.396,14.0,26.0,0.538,103.0,276.0,0.373,33.0,74.0,0.446
1628998,Cody Martin,1610612766,CHA,26.0,2021-22,19.0,55.0,0.345,18.0,43.0,0.419,23.0,59.0,0.39,37.0,98.0,0.378
203469,Cody Zeller,1610612757,POR,29.0,2021-22,0.0,1.0,0.0,0.0,0.0,0.0,0.0,3.0,0.0,0.0,1.0,0.0
1630175,Cole Anthony,1610612753,ORL,22.0,2021-22,12.0,28.0,0.429,0.0,7.0,0.0,119.0,351.0,0.339,12.0,35.0,0.343
1629012,Collin Sexton,1610612739,CLE,23.0,2021-22,2.0,4.0,0.5,1.0,4.0,0.25,8.0,37.0,0.216,3.0,8.0,0.375
1630557,Corey Kispert,1610612764,WAS,23.0,2021-22,30.0,63.0,0.476,15.0,45.0,0.333,67.0,211.0,0.318,45.0,108.0,0.417
202709,Cory Joseph,1610612765,DET,30.0,2021-22,12.0,28.0,0.429,7.0,13.0,0.538,46.0,115.0,0.4,19.0,41.0,0.463
1628591,Craig Sword,1610612764,WAS,28.0,2021-22,0.0,1.0,0.0,0.0,0.0,0.0,0.0,0.0,0.0,0.0,1.0,0.0
1626156,D'Angelo Russell,1610612750,MIN,26.0,2021-22,14.0,31.0,0.452,5.0,15.0,0.333,156.0,466.0,0.335,19.0,46.0,0.413
201571,D.J. Augustin,1610612747,LAL,34.0,2021-22,10.0,22.0,0.455,9.0,18.0,0.5,49.0,124.0,0.395,19.0,40.0,0.475
1628391,D.J. Wilson,1610612761,TOR,26.0,2021-22,0.0,0.0,0.0,0.0,1.0,0.0,0.0,1.0,0.0,0.0,1.0,0.0
1629610,DaQuan Jeffries,1610612763,MEM,24.0,2021-22,0.0,0.0,0.0,0.0,1.0,0.0,0.0,0.0,0.0,0.0,1.0,0.0
1630227,Daishen Nix,1610612745,HOU,20.0,2021-22,0.0,2.0,0.0,1.0,2.0,0.5,6.0,21.0,0.286,1.0,4.0,0.25
1629751,Dakota Mathias,1610612763,MEM,26.0,2021-22,1.0,1.0,1.0,0.0,0.0,0.0,1.0,5.0,0.2,1.0,1.0,1.0
1630625,Dalano Banton,1610612761,TOR,22.0,2021-22,2.0,10.0,0.2,1.0,3.0,0.333,9.0,37.0,0.243,3.0,13.0,0.231
1627745,Damian Jones,1610612758,SAC,27.0,2021-22,2.0,5.0,0.4,0.0,2.0,0.0,8.0,21.0,0.381,2.0,7.0,0.286
203081,Damian Lillard,1610612757,POR,31.0,2021-22,2.0,10.0,0.2,4.0,7.0,0.571,86.0,267.0,0.322,6.0,17.0,0.353
1627814,Damion Lee,1610612744,GSW,29.0,2021-22,17.0,41.0,0.415,7.0,34.0,0.206,39.0,110.0,0.355,24.0,75.0,0.32
1628422,Damyean Dotson,1610612752,NYK,28.0,2021-22,0.0,0.0,0.0,0.0,1.0,0.0,0.0,0.0,0.0,0.0,1.0,0.0
1629655,Daniel Gafford,1610612764,WAS,23.0,2021-22,0.0,0.0,0.0,0.0,0.0,0.0,0.0,1.0,0.0,0.0,0.0,0.0
1630187,Daniel Oturu,1610612761,TOR,22.0,2021-22,0.0,0.0,0.0,0.0,0.0,0.0,0.0,1.0,0.0,0.0,0.0,0.0
1628464,Daniel Theis,1610612738,BOS,30.0,2021-22,6.0,14.0,0.429,4.0,14.0,0.286,23.0,77.0,0.299,10.0,28.0,0.357
201568,Danilo Gallinari,1610612737,ATL,33.0,2021-22,8.0,17.0,0.471,10.0,20.0,0.5,93.0,254.0,0.366,18.0,37.0,0.486
201980,Danny Green,1610612755,PHI,35.0,2021-22,20.0,53.0,0.377,37.0,85.0,0.435,44.0,127.0,0.346,57.0,138.0,0.413
1627863,Danuel House Jr.,1610612762,UTA,29.0,2021-22,5.0,20.0,0.25,19.0,43.0,0.442,20.0,53.0,0.377,24.0,63.0,0.381
1629647,Darius Bazley,1610612760,OKC,22.0,2021-22,15.0,33.0,0.455,9.0,38.0,0.237,56.0,197.0,0.284,24.0,71.0,0.338
1629636,Darius Garland,1610612739,CLE,22.0,2021-22,14.0,31.0,0.452,7.0,27.0,0.259,153.0,396.0,0.386,21.0,58.0,0.362
201954,Darren Collison,1610612747,LAL,34.0,2021-22,0.0,3.0,0.0,0.0,0.0,0.0,0.0,0.0,0.0,0.0,3.0,0.0
1630561,David Duke Jr.,1610612751,BKN,22.0,2021-22,3.0,13.0,0.231,3.0,7.0,0.429,3.0,17.0,0.176,6.0,20.0,0.3
1630525,David Johnson,1610612761,TOR,21.0,2021-22,,,,0.0,0.0,0.0,0.0,1.0,0.0,0.0,0.0,0.0
1628021,David Nwaba,1610612745,HOU,29.0,2021-22,4.0,10.0,0.4,2.0,11.0,0.182,9.0,28.0,0.321,6.0,21.0,0.286
1630558,Davion Mitchell,1610612758,SAC,23.0,2021-22,6.0,28.0,0.214,9.0,14.0,0.643,86.0,274.0,0.314,15.0,42.0,0.357
202722,Davis Bertans,1610612742,DAL,29.0,2021-22,12.0,30.0,0.4,13.0,22.0,0.591,52.0,177.0,0.294,25.0,52.0,0.481
1628432,Davon Reed,1610612743,DEN,27.0,2021-22,7.0,19.0,0.368,3.0,7.0,0.429,27.0,60.0,0.45,10.0,26.0,0.385
1630549,Day'Ron Sharpe,1610612751,BKN,20.0,2021-22,0.0,0.0,0.0,1.0,1.0,1.0,1.0,6.0,0.167,1.0,1.0,1.0
1628368,De'Aaron Fox,1610612758,SAC,24.0,2021-22,8.0,26.0,0.308,0.0,9.0,0.0,66.0,214.0,0.308,8.0,35.0,0.229
1629631,De'Andre Hunter,1610612737,ATL,24.0,2021-22,22.0,47.0,0.468,10.0,35.0,0.286,42.0,113.0,0.372,32.0,82.0,0.39
1629001,De'Anthony Melton,1610612763,MEM,24.0,2021-22,18.0,31.0,0.581,13.0,32.0,0.406,109.0,307.0,0.355,31.0,63.0,0.492
201599,DeAndre Jordan,1610612755,PHI,33.0,2021-22,0.0,0.0,0.0,0.0,0.0,0.0,0.0,0.0,0.0,0.0,0.0,0.0
1627761,DeAndre' Bembry,1610612749,MIL,27.0,2021-22,6.0,11.0,0.545,6.0,11.0,0.545,3.0,14.0,0.214,12.0,22.0,0.545
1630610,DeJon Jarreau,1610612754,IND,24.0,2021-22,,,,,,,0.0,0.0,0.0,,,
201942,DeMar DeRozan,1610612741,CHI,32.0,2021-22,11.0,29.0,0.379,7.0,28.0,0.25,32.0,81.0,0.395,18.0,57.0,0.316
202326,DeMarcus Cousins,1610612743,DEN,31.0,2021-22,1.0,5.0,0.2,1.0,2.0,0.5,35.0,115.0,0.304,2.0,7.0,0.286
1629731,Dean Wade,1610612739,CLE,25.0,2021-22,5.0,21.0,0.238,4.0,18.0,0.222,42.0,103.0,0.408,9.0,39.0,0.231
1629028,Deandre Ayton,1610612756,PHX,23.0,2021-22,0.0,0.0,0.0,0.0,0.0,0.0,7.0,19.0,0.368,0.0,0.0,0.0
1629686,Deividas Sirvydis,1610612765,DET,22.0,2021-22,0.0,0.0,0.0,0.0,1.0,0.0,1.0,6.0,0.167,0.0,1.0,0.0
1627749,Dejounte Murray,1610612759,SAS,25.0,2021-22,10.0,36.0,0.278,7.0,21.0,0.333,79.0,236.0,0.335,17.0,57.0,0.298
1626153,Delon Wright,1610612737,ATL,30.0,2021-22,4.0,12.0,0.333,4.0,17.0,0.235,36.0,84.0,0.429,8.0,29.0,0.276
1630166,Deni Avdija,1610612764,WAS,21.0,2021-22,7.0,30.0,0.233,12.0,38.0,0.316,63.0,190.0,0.332,19.0,68.0,0.279
203471,Dennis Schröder,1610612745,HOU,28.0,2021-22,8.0,22.0,0.364,4.0,8.0,0.5,74.0,218.0,0.339,12.0,30.0,0.4
1628372,Dennis Smith Jr.,1610612757,POR,24.0,2021-22,1.0,3.0,0.333,1.0,3.0,0.333,4.0,21.0,0.19,2.0,6.0,0.333
1627756,Denzel Valentine,1610612762,UTA,28.0,2021-22,6.0,13.0,0.462,3.0,7.0,0.429,10.0,27.0,0.37,9.0,20.0,0.45
202324,Derrick Favors,1610612760,OKC,30.0,2021-22,0.0,6.0,0.0,1.0,8.0,0.125,1.0,2.0,0.5,1.0,14.0,0.071
1627884,Derrick Jones Jr.,1610612741,CHI,25.0,2021-22,12.0,28.0,0.429,4.0,13.0,0.308,3.0,19.0,0.158,16.0,41.0,0.39
201565,Derrick Rose,1610612752,NYK,33.0,2021-22,3.0,7.0,0.429,3.0,10.0,0.3,31.0,74.0,0.419,6.0,17.0,0.353
1628476,Derrick Walton Jr.,1610612765,DET,27.0,2021-22,0.0,0.0,0.0,1.0,1.0,1.0,2.0,12.0,0.167,1.0,1.0,1.0
1628401,Derrick White,1610612738,BOS,27.0,2021-22,7.0,25.0,0.28,15.0,50.0,0.3,93.0,291.0,0.32,22.0,75.0,0.293
1630217,Desmond Bane,1610612763,MEM,24.0,2021-22,27.0,71.0,0.38,13.0,32.0,0.406,188.0,419.0,0.449,40.0,103.0,0.388
1626164,Devin Booker,1610612756,PHX,25.0,2021-22,11.0,30.0,0.367,15.0,36.0,0.417,155.0,407.0,0.381,26.0,66.0,0.394
1629962,Devin Cannady,1610612753,ORL,26.0,2021-22,5.0,10.0,0.5,2.0,2.0,1.0,8.0,25.0,0.32,7.0,12.0,0.583
1630170,Devin Vassell,1610612759,SAS,21.0,2021-22,10.0,59.0,0.169,36.0,70.0,0.514,91.0,250.0,0.364,46.0,129.0,0.357
1629653,Devon Dotson,1610612741,CHI,22.0,2021-22,0.0,3.0,0.0,0.0,0.0,0.0,2.0,6.0,0.333,0.0,3.0,0.0
1629719,Devontae Cacok,1610612759,SAS,25.0,2021-22,0.0,0.0,0.0,0.0,0.0,0.0,0.0,0.0,0.0,0.0,0.0,0.0
1628984,Devonte' Graham,1610612740,NOP,27.0,2021-22,17.0,39.0,0.436,12.0,39.0,0.308,160.0,479.0,0.334,29.0,78.0,0.372
203473,Dewayne Dedmon,1610612748,MIA,32.0,2021-22,0.0,2.0,0.0,2.0,4.0,0.5,17.0,40.0,0.425,2.0,6.0,0.333
1629712,Didi Louzada,1610612757,POR,22.0,2021-22,2.0,3.0,0.667,1.0,4.0,0.25,6.0,16.0,0.375,3.0,7.0,0.429
1628415,Dillon Brooks,1610612763,MEM,26.0,2021-22,7.0,17.0,0.412,2.0,8.0,0.25,37.0,121.0,0.306,9.0,25.0,0.36
1627734,Domantas Sabonis,1610612758,SAC,26.0,2021-22,2.0,12.0,0.167,2.0,5.0,0.4,35.0,108.0,0.324,4.0,17.0,0.235
1628378,Donovan Mitchell,1610612762,UTA,25.0,2021-22,13.0,33.0,0.394,12.0,34.0,0.353,207.0,585.0,0.354,25.0,67.0,0.373
1628978,Donte DiVincenzo,1610612758,SAC,25.0,2021-22,11.0,26.0,0.423,9.0,21.0,0.429,54.0,170.0,0.318,20.0,47.0,0.426
1627827,Dorian Finney-Smith,1610612742,DAL,29.0,2021-22,46.0,101.0,0.455,38.0,83.0,0.458,88.0,249.0,0.353,84.0,184.0,0.457
203926,Doug McDermott,1610612759,SAS,30.0,2021-22,16.0,36.0,0.444,11.0,16.0,0.688,81.0,203.0,0.399,27.0,52.0,0.519
203110,Draymond Green,1610612744,GSW,32.0,2021-22,0.0,5.0,0.0,2.0,7.0,0.286,14.0,38.0,0.368,2.0,12.0,0.167
1629234,Drew Eubanks,1610612757,POR,25.0,2021-22,1.0,1.0,1.0,0.0,3.0,0.0,4.0,19.0,0.211,1.0,4.0,0.25
1630613,Duane Washington Jr.,1610612754,IND,22.0,2021-22,26.0,51.0,0.51,9.0,23.0,0.391,46.0,139.0,0.331,35.0,74.0,0.473
1629130,Duncan Robinson,1610612748,MIA,28.0,2021-22,38.0,91.0,0.418,28.0,67.0,0.418,165.0,465.0,0.355,66.0,158.0,0.418
2730,Dwight Howard,1610612747,LAL,36.0,2021-22,0.0,0.0,0.0,2.0,2.0,1.0,6.0,13.0,0.462,2.0,2.0,1.0
203939,Dwight Powell,1610612742,DAL,30.0,2021-22,3.0,6.0,0.5,2.0,2.0,1.0,8.0,29.0,0.276,5.0,8.0,0.625
1629685,Dylan Windler,1610612739,CLE,25.0,2021-22,4.0,16.0,0.25,7.0,17.0,0.412,10.0,37.0,0.27,11.0,33.0,0.333
202334,Ed Davis,1610612739,CLE,33.0,2021-22,0.0,0.0,0.0,0.0,0.0,0.0,0.0,0.0,0.0,0.0,0.0,0.0
203901,Elfrid Payton,1610612756,PHX,28.0,2021-22,0.0,0.0,0.0,1.0,8.0,0.125,3.0,10.0,0.3,1.0,8.0,0.125
1630190,Elijah Hughes,1610612757,POR,24.0,2021-22,1.0,12.0,0.083,5.0,14.0,0.357,18.0,66.0,0.273,6.0,26.0,0.231
1629150,Emanuel Terry,1610612756,PHX,25.0,2021-22,0.0,0.0,0.0,0.0,0.0,0.0,0.0,0.0,0.0,0.0,0.0,0.0
1626144,Emmanuel Mudiay,1610612758,SAC,26.0,2021-22,0.0,0.0,0.0,0.0,0.0,0.0,0.0,0.0,0.0,0.0,0.0,0.0
202683,Enes Freedom,1610612738,BOS,30.0,2021-22,1.0,1.0,1.0,0.0,0.0,0.0,1.0,4.0,0.25,1.0,1.0,1.0
202339,Eric Bledsoe,1610612757,POR,32.0,2021-22,3.0,10.0,0.3,4.0,12.0,0.333,44.0,139.0,0.317,7.0,22.0,0.318
201569,Eric Gordon,1610612745,HOU,33.0,2021-22,4.0,10.0,0.4,6.0,11.0,0.545,114.0,280.0,0.407,10.0,21.0,0.476
1629672,Eric Paschall,1610612762,UTA,25.0,2021-22,10.0,28.0,0.357,13.0,30.0,0.433,16.0,46.0,0.348,23.0,58.0,0.397
1630647,Eugene Omoruyi,1610612742,DAL,25.0,2021-22,0.0,0.0,0.0,0.0,1.0,0.0,1.0,1.0,1.0,0.0,1.0,0.0
203095,Evan Fournier,1610612752,NYK,29.0,2021-22,57.0,122.0,0.467,20.0,53.0,0.377,163.0,440.0,0.37,77.0,175.0,0.44
1630596,Evan Mobley,1610612739,CLE,21.0,2021-22,3.0,10.0,0.3,4.0,11.0,0.364,16.0,70.0,0.229,7.0,21.0,0.333
1630267,Facundo Campazzo,1610612743,DEN,31.0,2021-22,8.0,22.0,0.364,3.0,16.0,0.188,47.0,146.0,0.322,11.0,38.0,0.289
1630624,Feron Hunt,1610612752,NYK,22.0,2021-22,,,,0.0,0.0,0.0,0.0,0.0,0.0,0.0,0.0,0.0
1628402,Frank Jackson,1610612765,DET,24.0,2021-22,19.0,52.0,0.365,20.0,43.0,0.465,47.0,184.0,0.255,39.0,95.0,0.411
1626163,Frank Kaminsky,1610612756,PHX,29.0,2021-22,0.0,1.0,0.0,0.0,0.0,0.0,5.0,14.0,0.357,0.0,1.0,0.0
1628373,Frank Ntilikina,1610612742,DAL,23.0,2021-22,5.0,13.0,0.385,7.0,24.0,0.292,27.0,73.0,0.37,12.0,37.0,0.324
1630532,Franz Wagner,1610612753,ORL,20.0,2021-22,20.0,36.0,0.556,9.0,30.0,0.3,67.0,205.0,0.327,29.0,66.0,0.439
1627832,Fred VanVleet,1610612761,TOR,28.0,2021-22,20.0,42.0,0.476,21.0,50.0,0.42,198.0,540.0,0.367,41.0,92.0,0.446
1630273,Freddie Gillespie,1610612753,ORL,25.0,2021-22,0.0,0.0,0.0,0.0,1.0,0.0,0.0,0.0,0.0,0.0,1.0,0.0
1627788,Furkan Korkmaz,1610612755,PHI,24.0,2021-22,7.0,28.0,0.25,8.0,32.0,0.25,62.0,200.0,0.31,15.0,60.0,0.25
1629216,Gabe Vincent,1610612748,MIA,26.0,2021-22,21.0,48.0,0.438,14.0,36.0,0.389,83.0,233.0,0.356,35.0,84.0,0.417
1628221,Gabe York,1610612754,IND,28.0,2021-22,0.0,1.0,0.0,,,,1.0,5.0,0.2,0.0,1.0,0.0
1630466,Gabriel Deck,1610612760,OKC,27.0,2021-22,1.0,1.0,1.0,1.0,1.0,1.0,0.0,2.0,0.0,2.0,2.0,1.0
1630994,Gabriel Lundberg,1610612756,PHX,27.0,2021-22,0.0,0.0,0.0,0.0,0.0,0.0,3.0,8.0,0.375,0.0,0.0,0.0
202066,Garrett Temple,1610612740,NOP,36.0,2021-22,17.0,52.0,0.327,11.0,36.0,0.306,31.0,97.0,0.32,28.0,88.0,0.318
1629726,Garrison Mathews,1610612745,HOU,25.0,2021-22,25.0,70.0,0.357,7.0,26.0,0.269,107.0,290.0,0.369,32.0,96.0,0.333
1629109,Gary Clark,1610612740,NOP,27.0,2021-22,12.0,20.0,0.6,8.0,21.0,0.381,8.0,28.0,0.286,20.0,41.0,0.488
203914,Gary Harris,1610612753,ORL,27.0,2021-22,45.0,91.0,0.495,21.0,51.0,0.412,50.0,159.0,0.314,66.0,142.0,0.465
1627780,Gary Payton II,1610612744,GSW,29.0,2021-22,14.0,35.0,0.4,15.0,39.0,0.385,14.0,45.0,0.311,29.0,74.0,0.392
1629018,Gary Trent Jr.,1610612761,TOR,23.0,2021-22,22.0,62.0,0.355,18.0,48.0,0.375,169.0,433.0,0.39,40.0,110.0,0.364
201588,George Hill,1610612749,MIL,36.0,2021-22,10.0,32.0,0.313,11.0,20.0,0.55,20.0,81.0,0.247,21.0,52.0,0.404
1628994,George King,1610612742,DAL,28.0,2021-22,0.0,1.0,0.0,0.0,2.0,0.0,0.0,1.0,0.0,0.0,3.0,0.0
1627777,Georges Niang,1610612755,PHI,29.0,2021-22,29.0,67.0,0.433,17.0,56.0,0.304,110.0,259.0,0.425,46.0,123.0,0.374
1630686,Georgios Kalaitzakis,1610612760,OKC,23.0,2021-22,0.0,1.0,0.0,1.0,3.0,0.333,9.0,22.0,0.409,1.0,4.0,0.25
203507,Giannis Antetokounmpo,1610612749,MIL,27.0,2021-22,1.0,4.0,0.25,0.0,2.0,0.0,70.0,234.0,0.299,1.0,6.0,0.167
1629048,Goga Bitadze,1610612754,IND,22.0,2021-22,0.0,2.0,0.0,1.0,3.0,0.333,22.0,75.0,0.293,1.0,5.0,0.2
201609,Goran Dragic,1610612751,BKN,36.0,2021-22,3.0,9.0,0.333,1.0,4.0,0.25,12.0,50.0,0.24,4.0,13.0,0.308
202330,Gordon Hayward,1610612766,CHA,32.0,2021-22,12.0,24.0,0.5,8.0,23.0,0.348,66.0,173.0,0.382,20.0,47.0,0.426
203476,Gorgui Dieng,1610612737,ATL,32.0,2021-22,1.0,4.0,0.25,1.0,1.0,1.0,27.0,63.0,0.429,2.0,5.0,0.4
1629684,Grant Williams,1610612738,BOS,23.0,2021-22,25.0,57.0,0.439,36.0,73.0,0.493,45.0,128.0,0.352,61.0,130.0,0.469
1628960,Grayson Allen,1610612749,MIL,26.0,2021-22,31.0,63.0,0.492,16.0,40.0,0.4,112.0,285.0,0.393,47.0,103.0,0.456
1630535,Greg Brown III,1610612757,POR,20.0,2021-22,4.0,16.0,0.25,2.0,7.0,0.286,13.0,38.0,0.342,6.0,23.0,0.261
202328,Greg Monroe,1610612750,MIN,32.0,2021-22,0.0,0.0,0.0,0.0,0.0,0.0,0.0,0.0,0.0,0.0,0.0,0.0
1628977,Hamidou Diallo,1610612765,DET,23.0,2021-22,6.0,32.0,0.188,7.0,17.0,0.412,10.0,42.0,0.238,13.0,49.0,0.265
203084,Harrison Barnes,1610612758,SAC,30.0,2021-22,26.0,63.0,0.413,30.0,53.0,0.566,86.0,244.0,0.352,56.0,116.0,0.483
202355,Hassan Whiteside,1610612762,UTA,33.0,2021-22,0.0,0.0,0.0,0.0,0.0,0.0,0.0,0.0,0.0,0.0,0.0,0.0
1629755,Hassani Gravett,1610612753,ORL,25.0,2021-22,3.0,4.0,0.75,1.0,2.0,0.5,7.0,19.0,0.368,4.0,6.0,0.667
1629312,Haywood Highsmith,1610612748,MIA,25.0,2021-22,5.0,10.0,0.5,1.0,7.0,0.143,3.0,11.0,0.273,6.0,17.0,0.353
1630529,Herbert Jones,1610612740,NOP,23.0,2021-22,21.0,56.0,0.375,9.0,33.0,0.273,27.0,79.0,0.342,30.0,89.0,0.337
1629649,Ignas Brazdeikis,1610612753,ORL,23.0,2021-22,3.0,14.0,0.214,6.0,15.0,0.4,17.0,57.0,0.298,9.0,29.0,0.31
1630193,Immanuel Quickley,1610612752,NYK,23.0,2021-22,6.0,19.0,0.316,10.0,23.0,0.435,121.0,354.0,0.342,16.0,42.0,0.381
1629067,Isaac Bonga,1610612761,TOR,22.0,2021-22,0.0,1.0,0.0,1.0,3.0,0.333,0.0,0.0,0.0,1.0,4.0,0.25
1630171,Isaac Okoro,1610612739,CLE,21.0,2021-22,14.0,40.0,0.35,29.0,80.0,0.363,12.0,36.0,0.333,43.0,120.0,0.358
1628392,Isaiah Hartenstein,1610612746,LAC,24.0,2021-22,2.0,4.0,0.5,0.0,2.0,0.0,12.0,24.0,0.5,2.0,6.0,0.333
1630543,Isaiah Jackson,1610612754,IND,20.0,2021-22,1.0,1.0,1.0,0.0,0.0,0.0,4.0,15.0,0.267,1.0,1.0,1.0
1630198,Isaiah Joe,1610612755,PHI,22.0,2021-22,10.0,25.0,0.4,6.0,17.0,0.353,29.0,92.0,0.315,16.0,42.0,0.381
1630587,Isaiah Livers,1610612765,DET,23.0,2021-22,5.0,15.0,0.333,6.0,13.0,0.462,16.0,36.0,0.444,11.0,28.0,0.393
1629676,Isaiah Roby,1610612760,OKC,24.0,2021-22,8.0,18.0,0.444,5.0,9.0,0.556,31.0,72.0,0.431,13.0,27.0,0.481
1630191,Isaiah Stewart,1610612765,DET,21.0,2021-22,0.0,3.0,0.0,0.0,1.0,0.0,15.0,42.0,0.357,0.0,4.0,0.0
202738,Isaiah Thomas,1610612766,CHA,33.0,2021-22,4.0,10.0,0.4,3.0,10.0,0.3,21.0,63.0,0.333,7.0,20.0,0.35
1630225,Isaiah Todd,1610612764,WAS,20.0,2021-22,3.0,4.0,0.75,1.0,5.0,0.2,0.0,7.0,0.0,4.0,9.0,0.444
202397,Ish Smith,1610612764,WAS,33.0,2021-22,7.0,8.0,0.875,3.0,10.0,0.3,15.0,48.0,0.313,10.0,18.0,0.556
1630688,Ish Wainright,1610612756,PHX,27.0,2021-22,2.0,11.0,0.182,11.0,18.0,0.611,6.0,30.0,0.2,13.0,29.0,0.448
1627826,Ivica Zubac,1610612746,LAC,25.0,2021-22,0.0,0.0,0.0,0.0,0.0,0.0,0.0,0.0,0.0,0.0,0.0,0.0
1630550,JT Thor,1610612766,CHA,19.0,2021-22,1.0,3.0,0.333,1.0,2.0,0.5,5.0,22.0,0.227,2.0,5.0,0.4
1629630,Ja Morant,1610612763,MEM,22.0,2021-22,6.0,13.0,0.462,5.0,13.0,0.385,77.0,227.0,0.339,11.0,26.0,0.423
203210,JaMychal Green,1610612743,DEN,32.0,2021-22,6.0,15.0,0.4,7.0,23.0,0.304,20.0,84.0,0.238,13.0,38.0,0.342
1630605,JaQuori McLaughlin,1610612742,DAL,24.0,2021-22,0.0,1.0,0.0,0.0,0.0,0.0,0.0,0.0,0.0,0.0,1.0,0.0
201580,JaVale McGee,1610612756,PHX,34.0,2021-22,0.0,0.0,0.0,0.0,0.0,0.0,2.0,9.0,0.222,0.0,0.0,0.0
203953,Jabari Parker,1610612738,BOS,27.0,2021-22,2.0,2.0,1.0,1.0,4.0,0.25,5.0,9.0,0.556,3.0,6.0,0.5
1630183,Jaden McDaniels,1610612750,MIN,21.0,2021-22,29.0,76.0,0.382,17.0,53.0,0.321,34.0,121.0,0.281,46.0,129.0,0.357
1630531,Jaden Springer,1610612755,PHI,19.0,2021-22,,,,0.0,0.0,0.0,0.0,0.0,0.0,0.0,0.0,0.0
203109,Jae Crowder,1610612756,PHX,31.0,2021-22,17.0,40.0,0.425,16.0,41.0,0.39,94.0,283.0,0.332,33.0,81.0,0.407
1630256,Jae'Sean Tate,1610612745,HOU,26.0,2021-22,9.0,43.0,0.209,17.0,40.0,0.425,37.0,119.0,0.311,26.0,83.0,0.313
1630186,Jahmi'us Ramsey,1610612758,SAC,21.0,2021-22,1.0,4.0,0.25,0.0,0.0,0.0,4.0,14.0,0.286,1.0,4.0,0.25
1630693,Jaime Echenique,1610612764,WAS,25.0,2021-22,,,,0.0,0.0,0.0,0.0,0.0,0.0,0.0,0.0,0.0
1627774,Jake Layman,1610612750,MIN,28.0,2021-22,2.0,11.0,0.182,2.0,7.0,0.286,4.0,17.0,0.235,4.0,18.0,0.222
1627751,Jakob Poeltl,1610612759,SAS,26.0,2021-22,0.0,0.0,0.0,0.0,0.0,0.0,0.0,0.0,0.0,0.0,0.0,0.0
1628973,Jalen Brunson,1610612742,DAL,25.0,2021-22,20.0,41.0,0.488,18.0,35.0,0.514,56.0,174.0,0.322,38.0,76.0,0.5
1630224,Jalen Green,1610612745,HOU,20.0,2021-22,17.0,48.0,0.354,9.0,24.0,0.375,131.0,384.0,0.341,26.0,72.0,0.361
1630552,Jalen Johnson,1610612737,ATL,20.0,2021-22,0.0,2.0,0.0,1.0,3.0,0.333,2.0,8.0,0.25,1.0,5.0,0.2
1629667,Jalen McDaniels,1610612766,CHA,24.0,2021-22,7.0,20.0,0.35,7.0,21.0,0.333,27.0,65.0,0.415,14.0,41.0,0.341
1630188,Jalen Smith,1610612754,IND,22.0,2021-22,3.0,16.0,0.188,5.0,18.0,0.278,32.0,88.0,0.364,8.0,34.0,0.235
1630591,Jalen Suggs,1610612753,ORL,21.0,2021-22,3.0,17.0,0.176,2.0,8.0,0.25,37.0,170.0,0.218,5.0,25.0,0.2
1630547,James Bouknight,1610612766,CHA,21.0,2021-22,1.0,8.0,0.125,3.0,4.0,0.75,13.0,37.0,0.351,4.0,12.0,0.333
203516,James Ennis III,1610612743,DEN,31.0,2021-22,0.0,0.0,0.0,0.0,1.0,0.0,3.0,7.0,0.429,0.0,1.0,0.0
201935,James Harden,1610612755,PHI,32.0,2021-22,3.0,9.0,0.333,5.0,18.0,0.278,140.0,421.0,0.333,8.0,27.0,0.296
201949,James Johnson,1610612751,BKN,35.0,2021-22,5.0,13.0,0.385,5.0,22.0,0.227,13.0,50.0,0.26,10.0,35.0,0.286
1630691,Jamorko Pickett,1610612765,DET,24.0,2021-22,2.0,7.0,0.286,3.0,8.0,0.375,8.0,24.0,0.333,5.0,15.0,0.333
1630215,Jared Butler,1610612762,UTA,21.0,2021-22,1.0,5.0,0.2,2.0,6.0,0.333,25.0,76.0,0.329,3.0,11.0,0.273
1629607,Jared Harper,1610612740,NOP,24.0,2021-22,0.0,0.0,0.0,1.0,1.0,1.0,4.0,11.0,0.364,1.0,1.0,1.0
1628991,Jaren Jackson Jr.,1610612763,MEM,22.0,2021-22,8.0,33.0,0.242,11.0,39.0,0.282,109.0,328.0,0.332,19.0,72.0,0.264
1629020,Jarred Vanderbilt,1610612750,MIN,23.0,2021-22,2.0,7.0,0.286,0.0,3.0,0.0,0.0,4.0,0.0,2.0,10.0,0.2
1628386,Jarrett Allen,1610612739,CLE,24.0,2021-22,0.0,4.0,0.0,0.0,2.0,0.0,1.0,4.0,0.25,0.0,6.0,0.0
1629633,Jarrett Culver,1610612763,MEM,23.0,2021-22,2.0,8.0,0.25,1.0,4.0,0.25,9.0,35.0,0.257,3.0,12.0,0.25
1629600,Jarron Cumberland,1610612757,POR,24.0,2021-22,0.0,0.0,0.0,0.0,0.0,0.0,0.0,1.0,0.0,0.0,0.0,0.0
1629602,Javin DeLaurier,1610612749,MIL,24.0,2021-22,,,,0.0,0.0,0.0,0.0,0.0,0.0,0.0,0.0,0.0
1629750,Javonte Green,1610612741,CHI,28.0,2021-22,11.0,25.0,0.44,16.0,37.0,0.432,9.0,36.0,0.25,27.0,62.0,0.435
1630606,Javonte Smart,1610612748,MIA,23.0,2021-22,0.0,1.0,0.0,2.0,3.0,0.667,6.0,22.0,0.273,2.0,4.0,0.5
1629637,Jaxson Hayes,1610612740,NOP,22.0,2021-22,2.0,6.0,0.333,3.0,12.0,0.25,15.0,38.0,0.395,5.0,18.0,0.278
1630643,Jay Huff,1610612747,LAL,24.0,2021-22,0.0,0.0,0.0,0.0,0.0,0.0,0.0,2.0,0.0,0.0,0.0,0.0
1630206,Jay Scrubb,1610612746,LAC,21.0,2021-22,2.0,2.0,1.0,0.0,1.0,0.0,4.0,18.0,0.222,2.0,3.0,0.667
1627759,Jaylen Brown,1610612738,BOS,25.0,2021-22,13.0,46.0,0.283,18.0,45.0,0.4,135.0,370.0,0.365,31.0,91.0,0.341
1629658,Jaylen Hoard,1610612760,OKC,23.0,2021-22,2.0,4.0,0.5,2.0,4.0,0.5,5.0,17.0,0.294,4.0,8.0,0.5
1628537,Jaylen Morris,1610612759,SAS,26.0,2021-22,0.0,0.0,0.0,0.0,0.0,0.0,0.0,2.0,0.0,0.0,0.0,0.0
1629669,Jaylen Nowell,1610612750,MIN,22.0,2021-22,8.0,18.0,0.444,6.0,13.0,0.462,48.0,125.0,0.384,14.0,31.0,0.452
1629873,Jaysean Paige,1610612765,DET,27.0,2021-22,0.0,0.0,0.0,0.0,0.0,0.0,0.0,2.0,0.0,0.0,0.0,0.0
1628369,Jayson Tatum,1610612738,BOS,24.0,2021-22,15.0,51.0,0.294,18.0,33.0,0.545,198.0,565.0,0.35,33.0,84.0,0.393
1630288,Jeff Dowtin Jr.,1610612753,ORL,25.0,2021-22,0.0,2.0,0.0,1.0,3.0,0.333,0.0,4.0,0.0,1.0,5.0,0.2
201145,Jeff Green,1610612743,DEN,35.0,2021-22,13.0,42.0,0.31,16.0,51.0,0.314,24.0,73.0,0.329,29.0,93.0,0.312
1629203,Jemerrio Jones,1610612747,LAL,27.0,2021-22,0.0,0.0,0.0,0.0,0.0,0.0,0.0,0.0,0.0,0.0,0.0,0.0
203924,Jerami Grant,1610612765,DET,28.0,2021-22,21.0,54.0,0.389,11.0,40.0,0.275,59.0,159.0,0.371,32.0,94.0,0.34
1630526,Jeremiah Robinson-Earl,1610612760,OKC,21.0,2021-22,9.0,31.0,0.29,7.0,15.0,0.467,42.0,119.0,0.353,16.0,46.0,0.348
203087,Jeremy Lamb,1610612758,SAC,30.0,2021-22,7.0,23.0,0.304,5.0,14.0,0.357,43.0,129.0,0.333,12.0,37.0,0.324
1630579,Jericho Sims,1610612752,NYK,23.0,2021-22,0.0,0.0,0.0,0.0,0.0,0.0,0.0,0.0,0.0,0.0,0.0,0.0
1628975,Jevon Carter,1610612749,MIL,26.0,2021-22,14.0,31.0,0.452,12.0,25.0,0.48,40.0,113.0,0.354,26.0,56.0,0.464
202710,Jimmy Butler III,1610612748,MIA,32.0,2021-22,5.0,24.0,0.208,10.0,31.0,0.323,12.0,59.0,0.203,15.0,55.0,0.273
1629111,Jock Landale,1610612759,SAS,26.0,2021-22,6.0,15.0,0.4,3.0,6.0,0.5,20.0,67.0,0.299,9.0,21.0,0.429
203925,Joe Harris,1610612751,BKN,30.0,2021-22,5.0,12.0,0.417,12.0,16.0,0.75,24.0,60.0,0.4,17.0,28.0,0.607
204060,Joe Ingles,1610612757,POR,34.0,2021-22,6.0,17.0,0.353,12.0,34.0,0.353,59.0,172.0,0.343,18.0,51.0,0.353
2207,Joe Johnson,1610612738,BOS,41.0,2021-22,,,,,,,0.0,0.0,0.0,,,
1630580,Joe Wieskamp,1610612759,SAS,22.0,2021-22,0.0,7.0,0.0,1.0,4.0,0.25,13.0,32.0,0.406,1.0,11.0,0.091
1630555,Joel Ayayi,1610612764,WAS,22.0,2021-22,0.0,0.0,0.0,0.0,0.0,0.0,0.0,1.0,0.0,0.0,0.0,0.0
203954,Joel Embiid,1610612755,PHI,28.0,2021-22,2.0,7.0,0.286,2.0,6.0,0.333,89.0,237.0,0.376,4.0,13.0,0.308
1628381,John Collins,1610612737,ATL,24.0,2021-22,4.0,17.0,0.235,17.0,45.0,0.378,43.0,114.0,0.377,21.0,62.0,0.339
1629723,John Konchar,1610612763,MEM,26.0,2021-22,16.0,37.0,0.432,10.0,21.0,0.476,26.0,66.0,0.394,26.0,58.0,0.448
1630257,Jon Teske,1610612763,MEM,25.0,2021-22,0.0,0.0,0.0,0.0,0.0,0.0,0.0,0.0,0.0,0.0,0.0,0.0
202685,Jonas Valančiūnas,1610612740,NOP,30.0,2021-22,1.0,2.0,0.5,0.0,1.0,0.0,56.0,155.0,0.361,1.0,3.0,0.333
1630228,Jonathan Kuminga,1610612744,GSW,19.0,2021-22,7.0,33.0,0.212,9.0,23.0,0.391,33.0,90.0,0.367,16.0,56.0,0.286
1628395,Jordan Bell,1610612741,CHI,27.0,2021-22,,,,,,,0.0,0.0,0.0,,,
203903,Jordan Clarkson,1610612762,UTA,30.0,2021-22,28.0,77.0,0.364,14.0,44.0,0.318,148.0,474.0,0.312,42.0,121.0,0.347
1630692,Jordan Goodwin,1610612764,WAS,23.0,2021-22,,,,0.0,0.0,0.0,0.0,1.0,0.0,0.0,0.0,0.0
1629162,Jordan McLaughlin,1610612750,MIN,26.0,2021-22,11.0,20.0,0.55,5.0,11.0,0.455,11.0,51.0,0.216,16.0,31.0,0.516
1629670,Jordan Nwora,1610612749,MIL,23.0,2021-22,17.0,37.0,0.459,7.0,32.0,0.219,55.0,158.0,0.348,24.0,69.0,0.348
1629673,Jordan Poole,1610612744,GSW,23.0,2021-22,14.0,50.0,0.28,20.0,46.0,0.435,174.0,477.0,0.365,34.0,96.0,0.354
1630648,Jordan Schakel,1610612764,WAS,24.0,2021-22,0.0,1.0,0.0,0.0,0.0,0.0,1.0,5.0,0.2,0.0,1.0,0.0
1630631,Jose Alvarado,1610612740,NOP,24.0,2021-22,6.0,13.0,0.462,3.0,14.0,0.214,23.0,82.0,0.28,9.0,27.0,0.333
1630528,Josh Christopher,1610612745,HOU,20.0,2021-22,11.0,26.0,0.423,6.0,25.0,0.24,39.0,132.0,0.295,17.0,51.0,0.333
1630581,Josh Giddey,1610612760,OKC,19.0,2021-22,8.0,33.0,0.242,6.0,10.0,0.6,42.0,169.0,0.249,14.0,43.0,0.326
1630182,Josh Green,1610612742,DAL,21.0,2021-22,11.0,26.0,0.423,11.0,28.0,0.393,6.0,23.0,0.261,22.0,54.0,0.407
1628404,Josh Hart,1610612757,POR,27.0,2021-22,13.0,21.0,0.619,8.0,16.0,0.5,52.0,176.0,0.295,21.0,37.0,0.568
1628367,Josh Jackson,1610612758,SAC,25.0,2021-22,3.0,17.0,0.176,4.0,17.0,0.235,26.0,96.0,0.271,7.0,34.0,0.206
1629006,Josh Okogie,1610612750,MIN,23.0,2021-22,2.0,14.0,0.143,3.0,10.0,0.3,9.0,23.0,0.391,5.0,24.0,0.208
1626196,Josh Richardson,1610612759,SAS,28.0,2021-22,14.0,34.0,0.412,7.0,14.0,0.5,81.0,196.0,0.413,21.0,48.0,0.438
1630563,Joshua Primo,1610612759,SAS,19.0,2021-22,11.0,30.0,0.367,2.0,19.0,0.105,29.0,87.0,0.333,13.0,49.0,0.265
201950,Jrue Holiday,1610612749,MIL,32.0,2021-22,6.0,20.0,0.3,6.0,15.0,0.4,120.0,285.0,0.421,12.0,35.0,0.343
1629308,Juan Toscano-Anderson,1610612744,GSW,29.0,2021-22,3.0,13.0,0.231,3.0,10.0,0.3,22.0,63.0,0.349,6.0,23.0,0.261
1627823,Juancho Hernangomez,1610612762,UTA,26.0,2021-22,5.0,14.0,0.357,6.0,14.0,0.429,13.0,41.0,0.317,11.0,28.0,0.393
203944,Julius Randle,1610612752,NYK,27.0,2021-22,10.0,29.0,0.345,5.0,22.0,0.227,105.0,339.0,0.31,15.0,51.0,0.294
1626147,Justin Anderson,1610612754,IND,28.0,2021-22,7.0,13.0,0.538,1.0,8.0,0.125,7.0,38.0,0.184,8.0,21.0,0.381
1630551,Justin Champagnie,1610612761,TOR,21.0,2021-22,2.0,10.0,0.2,3.0,6.0,0.5,5.0,12.0,0.417,5.0,16.0,0.313
203200,Justin Holiday,1610612758,SAC,33.0,2021-22,26.0,64.0,0.406,29.0,79.0,0.367,122.0,337.0,0.362,55.0,143.0,0.385
1628382,Justin Jackson,1610612756,PHX,27.0,2021-22,1.0,1.0,1.0,0.0,0.0,0.0,2.0,8.0,0.25,1.0,1.0,1.0
1629620,Justin Robinson,1610612765,DET,24.0,2021-22,2.0,6.0,0.333,4.0,10.0,0.4,12.0,43.0,0.279,6.0,16.0,0.375
1626159,Justise Winslow,1610612757,POR,26.0,2021-22,4.0,14.0,0.286,2.0,13.0,0.154,9.0,37.0,0.243,6.0,27.0,0.222
203994,Jusuf Nurkić,1610612757,POR,27.0,2021-22,0.0,0.0,0.0,1.0,1.0,1.0,14.0,54.0,0.259,1.0,1.0,1.0
1629752,Juwan Morgan,1610612738,BOS,25.0,2021-22,0.0,0.0,0.0,0.0,0.0,0.0,1.0,2.0,0.5,0.0,0.0,0.0
1630231,KJ Martin,1610612745,HOU,21.0,2021-22,8.0,31.0,0.258,5.0,15.0,0.333,47.0,121.0,0.388,13.0,46.0,0.283
1629644,KZ Okpala,1610612748,MIA,23.0,2021-22,6.0,12.0,0.5,2.0,4.0,0.5,1.0,10.0,0.1,8.0,16.0,0.5
1630539,Kai Jones,1610612766,CHA,21.0,2021-22,1.0,1.0,1.0,0.0,0.0,0.0,0.0,1.0,0.0,1.0,1.0,1.0
1626157,Karl-Anthony Towns,1610612750,MIN,26.0,2021-22,6.0,17.0,0.353,6.0,17.0,0.353,138.0,331.0,0.417,12.0,34.0,0.353
1626208,Keifer Sykes,1610612754,IND,28.0,2021-22,6.0,12.0,0.5,5.0,15.0,0.333,16.0,63.0,0.254,11.0,27.0,0.407
1628966,Keita Bates-Diop,1610612759,SAS,26.0,2021-22,4.0,11.0,0.364,4.0,14.0,0.286,9.0,30.0,0.3,8.0,25.0,0.32
1629103,Kelan Martin,1610612738,BOS,26.0,2021-22,7.0,13.0,0.538,5.0,14.0,0.357,10.0,47.0,0.213,12.0,27.0,0.444
1629640,Keldon Johnson,1610612759,SAS,22.0,2021-22,27.0,53.0,0.509,19.0,41.0,0.463,113.0,304.0,0.372,46.0,94.0,0.489
1629833,Keljin Blevins,1610612757,POR,26.0,2021-22,3.0,12.0,0.25,2.0,12.0,0.167,16.0,48.0,0.333,5.0,24.0,0.208
203482,Kelly Olynyk,1610612765,DET,31.0,2021-22,1.0,2.0,0.5,3.0,3.0,1.0,36.0,113.0,0.319,4.0,5.0,0.8
1626162,Kelly Oubre Jr.,1610612766,CHA,26.0,2021-22,25.0,74.0,0.338,34.0,101.0,0.337,132.0,374.0,0.353,59.0,175.0,0.337
202689,Kemba Walker,1610612752,NYK,32.0,2021-22,2.0,2.0,1.0,3.0,6.0,0.5,68.0,190.0,0.358,5.0,8.0,0.625
1629026,Kenrich Williams,1610612760,OKC,27.0,2021-22,10.0,30.0,0.333,6.0,15.0,0.4,25.0,75.0,0.333,16.0,45.0,0.356
203145,Kent Bazemore,1610612747,LAL,32.0,2021-22,4.0,18.0,0.222,13.0,25.0,0.52,12.0,34.0,0.353,17.0,43.0,0.395
203484,Kentavious Caldwell-Pope,1610612764,WAS,29.0,2021-22,39.0,85.0,0.459,29.0,66.0,0.439,91.0,257.0,0.354,68.0,151.0,0.45
1630553,Keon Johnson,1610612757,POR,20.0,2021-22,1.0,10.0,0.1,2.0,8.0,0.25,31.0,83.0,0.373,3.0,18.0,0.167
1630556,Kessler Edwards,1610612751,BKN,21.0,2021-22,17.0,39.0,0.436,6.0,24.0,0.25,25.0,71.0,0.352,23.0,63.0,0.365
201142,Kevin Durant,1610612751,BKN,33.0,2021-22,3.0,7.0,0.429,10.0,16.0,0.625,102.0,277.0,0.368,13.0,23.0,0.565
1628989,Kevin Huerter,1610612737,ATL,23.0,2021-22,23.0,48.0,0.479,28.0,70.0,0.4,109.0,291.0,0.375,51.0,118.0,0.432
1628995,Kevin Knox II,1610612737,ATL,22.0,2021-22,1.0,6.0,0.167,6.0,12.0,0.5,8.0,35.0,0.229,7.0,18.0,0.389
201567,Kevin Love,1610612739,CLE,33.0,2021-22,17.0,52.0,0.327,13.0,30.0,0.433,157.0,394.0,0.398,30.0,82.0,0.366
1630698,Kevin Pangos,1610612739,CLE,29.0,2021-22,0.0,1.0,0.0,0.0,0.0,0.0,6.0,25.0,0.24,0.0,1.0,0.0
1629645,Kevin Porter Jr.,1610612745,HOU,22.0,2021-22,11.0,23.0,0.478,10.0,22.0,0.455,134.0,368.0,0.364,21.0,45.0,0.467
1626172,Kevon Looney,1610612744,GSW,26.0,2021-22,0.0,0.0,0.0,0.0,0.0,0.0,0.0,1.0,0.0,0.0,0.0,0.0
203920,Khem Birch,1610612761,TOR,29.0,2021-22,0.0,6.0,0.0,0.0,6.0,0.0,0.0,0.0,0.0,0.0,12.0,0.0
203114,Khris Middleton,1610612749,MIL,30.0,2021-22,11.0,34.0,0.324,8.0,16.0,0.5,143.0,384.0,0.372,19.0,50.0,0.38
1630165,Killian Hayes,1610612765,DET,20.0,2021-22,12.0,32.0,0.375,8.0,30.0,0.267,24.0,105.0,0.229,20.0,62.0,0.323
1629681,Killian Tillie,1610612763,MEM,24.0,2021-22,6.0,15.0,0.4,1.0,11.0,0.091,20.0,60.0,0.333,7.0,26.0,0.269
1630184,Kira Lewis Jr.,1610612740,NOP,21.0,2021-22,3.0,6.0,0.5,1.0,8.0,0.125,9.0,41.0,0.22,4.0,14.0,0.286
202691,Klay Thompson,1610612744,GSW,32.0,2021-22,13.0,23.0,0.565,5.0,28.0,0.179,95.0,242.0,0.393,18.0,51.0,0.353
1627739,Kris Dunn,1610612757,POR,28.0,2021-22,0.0,0.0,0.0,0.0,0.0,0.0,1.0,11.0,0.091,0.0,0.0,0.0
204001,Kristaps Porziņģis,1610612764,WAS,26.0,2021-22,1.0,3.0,0.333,2.0,6.0,0.333,75.0,242.0,0.31,3.0,9.0,0.333
203937,Kyle Anderson,1610612763,MEM,28.0,2021-22,12.0,27.0,0.444,8.0,21.0,0.381,16.0,61.0,0.262,20.0,48.0,0.417
1629657,Kyle Guy,1610612748,MIA,24.0,2021-22,1.0,2.0,0.5,4.0,8.0,0.5,9.0,30.0,0.3,5.0,10.0,0.5
1628398,Kyle Kuzma,1610612764,WAS,26.0,2021-22,17.0,52.0,0.327,13.0,37.0,0.351,97.0,284.0,0.342,30.0,89.0,0.337
200768,Kyle Lowry,1610612748,MIA,36.0,2021-22,17.0,45.0,0.378,9.0,16.0,0.563,118.0,317.0,0.372,26.0,61.0,0.426
202681,Kyrie Irving,1610612751,BKN,30.0,2021-22,6.0,14.0,0.429,9.0,22.0,0.409,85.0,203.0,0.419,15.0,36.0,0.417
200746,LaMarcus Aldridge,1610612751,BKN,36.0,2021-22,1.0,8.0,0.125,3.0,6.0,0.5,10.0,32.0,0.313,4.0,14.0,0.286
1630163,LaMelo Ball,1610612766,CHA,20.0,2021-22,19.0,47.0,0.404,19.0,43.0,0.442,182.0,473.0,0.385,38.0,90.0,0.422
1630205,Lamar Stevens,1610612739,CLE,24.0,2021-22,6.0,18.0,0.333,4.0,20.0,0.2,7.0,26.0,0.269,10.0,38.0,0.263
202362,Lance Stephenson,1610612754,IND,31.0,2021-22,3.0,7.0,0.429,3.0,10.0,0.3,21.0,73.0,0.288,6.0,17.0,0.353
1629013,Landry Shamet,1610612756,PHX,25.0,2021-22,27.0,60.0,0.45,15.0,47.0,0.319,80.0,224.0,0.357,42.0,107.0,0.393
204038,Langston Galloway,1610612749,MIL,30.0,2021-22,0.0,3.0,0.0,0.0,3.0,0.0,2.0,10.0,0.2,0.0,6.0,0.0
1626204,Larry Nance Jr.,1610612740,NOP,29.0,2021-22,4.0,12.0,0.333,4.0,10.0,0.4,15.0,47.0,0.319,8.0,22.0,0.364
1628374,Lauri Markkanen,1610612739,CLE,25.0,2021-22,20.0,44.0,0.455,11.0,38.0,0.289,104.0,297.0,0.35,31.0,82.0,0.378
2544,LeBron James,1610612747,LAL,37.0,2021-22,6.0,15.0,0.4,5.0,21.0,0.238,150.0,412.0,0.364,11.0,36.0,0.306
1630195,Leandro Bolmaro,1610612750,MIN,21.0,2021-22,0.0,1.0,0.0,1.0,3.0,0.333,4.0,12.0,0.333,1.0,4.0,0.25
1629623,Lindell Wigginton,1610612749,MIL,24.0,2021-22,5.0,6.0,0.833,0.0,2.0,0.0,4.0,18.0,0.222,5.0,8.0,0.625
1630322,Lindy Waters III,1610612760,OKC,24.0,2021-22,6.0,26.0,0.231,5.0,12.0,0.417,41.0,107.0,0.383,11.0,38.0,0.289
1629022,Lonnie Walker IV,1610612759,SAS,23.0,2021-22,8.0,28.0,0.286,19.0,45.0,0.422,82.0,273.0,0.3,27.0,73.0,0.37
1628366,Lonzo Ball,1610612741,CHI,24.0,2021-22,20.0,38.0,0.526,10.0,24.0,0.417,80.0,196.0,0.408,30.0,62.0,0.484
101150,Lou Williams,1610612737,ATL,35.0,2021-22,12.0,26.0,0.462,6.0,15.0,0.4,19.0,60.0,0.317,18.0,41.0,0.439
1629663,Louis King,1610612758,SAC,23.0,2021-22,2.0,6.0,0.333,1.0,2.0,0.5,5.0,18.0,0.278,3.0,8.0,0.375
1629652,Luguentz Dort,1610612760,OKC,23.0,2021-22,10.0,26.0,0.385,16.0,34.0,0.471,104.0,330.0,0.315,26.0,60.0,0.433
1629029,Luka Dončić,1610612742,DAL,23.0,2021-22,7.0,21.0,0.333,2.0,10.0,0.2,192.0,536.0,0.358,9.0,31.0,0.29
1630568,Luka Garza,1610612765,DET,23.0,2021-22,0.0,3.0,0.0,0.0,0.0,0.0,16.0,46.0,0.348,0.0,3.0,0.0
1628379,Luke Kennard,1610612746,LAC,26.0,2021-22,12.0,27.0,0.444,18.0,37.0,0.486,160.0,359.0,0.446,30.0,64.0,0.469
1628436,Luke Kornet,1610612738,BOS,26.0,2021-22,0.0,0.0,0.0,0.0,0.0,0.0,0.0,5.0,0.0,0.0,0.0,0.0
1630640,MJ Walker,1610612756,PHX,24.0,2021-22,0.0,1.0,0.0,0.0,0.0,0.0,0.0,1.0,0.0,0.0,1.0,0.0
1630644,Mac McClung,1610612747,LAL,23.0,2021-22,0.0,0.0,0.0,0.0,0.0,0.0,1.0,3.0,0.333,0.0,0.0,0.0
1630201,Malachi Flynn,1610612761,TOR,24.0,2021-22,4.0,8.0,0.5,6.0,6.0,1.0,20.0,74.0,0.27,10.0,14.0,0.714
1627763,Malcolm Brogdon,1610612754,IND,29.0,2021-22,9.0,20.0,0.45,2.0,12.0,0.167,47.0,153.0,0.307,11.0,32.0,0.344
1630792,Malcolm Hill,1610612741,CHI,26.0,2021-22,4.0,6.0,0.667,3.0,5.0,0.6,6.0,24.0,0.25,7.0,11.0,0.636
1627736,Malik Beasley,1610612750,MIN,25.0,2021-22,51.0,120.0,0.425,34.0,90.0,0.378,155.0,419.0,0.37,85.0,210.0,0.405
1630238,Malik Fitts,1610612738,BOS,24.0,2021-22,3.0,5.0,0.6,0.0,0.0,0.0,1.0,4.0,0.25,3.0,5.0,0.6
1628370,Malik Monk,1610612747,LAL,24.0,2021-22,14.0,38.0,0.368,19.0,43.0,0.442,140.0,361.0,0.388,33.0,81.0,0.407
1629005,Malik Newman,1610612739,CLE,25.0,2021-22,,,,0.0,0.0,0.0,0.0,1.0,0.0,0.0,0.0,0.0
1629603,Mamadi Diakite,1610612760,OKC,25.0,2021-22,0.0,0.0,0.0,0.0,2.0,0.0,0.0,3.0,0.0,0.0,2.0,0.0
1630585,Marcus Garrett,1610612748,MIA,23.0,2021-22,0.0,2.0,0.0,0.0,0.0,0.0,1.0,2.0,0.5,0.0,2.0,0.0
202694,Marcus Morris Sr.,1610612746,LAC,32.0,2021-22,18.0,52.0,0.346,6.0,12.0,0.5,77.0,210.0,0.367,24.0,64.0,0.375
203935,Marcus Smart,1610612738,BOS,28.0,2021-22,19.0,56.0,0.339,14.0,33.0,0.424,85.0,268.0,0.317,33.0,89.0,0.371
1628365,Markelle Fultz,1610612753,ORL,24.0,2021-22,1.0,2.0,0.5,0.0,0.0,0.0,3.0,12.0,0.25,1.0,2.0,0.5
202693,Markieff Morris,1610612748,MIA,32.0,2021-22,5.0,13.0,0.385,2.0,6.0,0.333,6.0,20.0,0.3,7.0,19.0,0.368
1630250,Marko Simonovic,1610612741,CHI,22.0,2021-22,0.0,0.0,0.0,0.0,0.0,0.0,1.0,5.0,0.2,0.0,0.0,0.0
1630210,Markus Howard,1610612743,DEN,23.0,2021-22,3.0,8.0,0.375,6.0,9.0,0.667,19.0,53.0,0.358,9.0,17.0,0.529
1627737,Marquese Chriss,1610612742,DAL,24.0,2021-22,1.0,4.0,0.25,1.0,1.0,1.0,6.0,19.0,0.316,2.0,5.0,0.4
1628963,Marvin Bagley III,1610612765,DET,23.0,2021-22,6.0,26.0,0.231,4.0,21.0,0.19,13.0,49.0,0.265,10.0,47.0,0.213
1630222,Mason Jones,1610612747,LAL,23.0,2021-22,0.0,0.0,0.0,0.0,0.0,0.0,1.0,4.0,0.25,0.0,0.0,0.0
203486,Mason Plumlee,1610612766,CHA,32.0,2021-22,0.0,0.0,0.0,0.0,0.0,0.0,0.0,1.0,0.0,0.0,0.0,0.0
1629680,Matisse Thybulle,1610612755,PHI,25.0,2021-22,18.0,35.0,0.514,9.0,39.0,0.231,18.0,70.0,0.257,27.0,74.0,0.365
1629760,Matt Mooney,1610612752,NYK,27.0,2021-22,,,,,,,0.0,1.0,0.0,,,
1630346,Matt Ryan,1610612738,BOS,25.0,2021-22,1.0,2.0,0.5,0.0,0.0,0.0,0.0,3.0,0.0,1.0,2.0,0.5
1629744,Matt Thomas,1610612741,CHI,27.0,2021-22,7.0,15.0,0.467,4.0,8.0,0.5,24.0,68.0,0.353,11.0,23.0,0.478
203090,Maurice Harkless,1610612758,SAC,29.0,2021-22,6.0,26.0,0.231,16.0,37.0,0.432,9.0,38.0,0.237,22.0,63.0,0.349
1629622,Max Strus,1610612748,MIA,26.0,2021-22,34.0,69.0,0.493,26.0,53.0,0.491,121.0,319.0,0.379,60.0,122.0,0.492
1628467,Maxi Kleber,1610612742,DAL,30.0,2021-22,8.0,27.0,0.296,12.0,34.0,0.353,63.0,193.0,0.326,20.0,61.0,0.328
1630593,McKinley Wright IV,1610612750,MIN,23.0,2021-22,0.0,0.0,0.0,0.0,0.0,0.0,1.0,2.0,0.5,0.0,0.0,0.0
1628982,Melvin Frazier Jr.,1610612760,OKC,25.0,2021-22,1.0,10.0,0.1,0.0,5.0,0.0,0.0,5.0,0.0,1.0,15.0,0.067
1630695,Micah Potter,1610612765,DET,24.0,2021-22,0.0,0.0,0.0,0.0,0.0,0.0,0.0,2.0,0.0,0.0,0.0,0.0
1629008,Michael Porter Jr.,1610612743,DEN,24.0,2021-22,0.0,3.0,0.0,0.0,2.0,0.0,10.0,43.0,0.233,0.0,5.0,0.0
1628969,Mikal Bridges,1610612756,PHX,25.0,2021-22,24.0,71.0,0.338,47.0,109.0,0.431,44.0,132.0,0.333,71.0,180.0,0.394
201144,Mike Conley,1610612762,UTA,34.0,2021-22,10.0,19.0,0.526,17.0,51.0,0.333,142.0,343.0,0.414,27.0,70.0,0.386
203488,Mike Muscala,1610612760,OKC,30.0,2021-22,7.0,20.0,0.35,3.0,9.0,0.333,60.0,134.0,0.448,10.0,29.0,0.345
1628970,Miles Bridges,1610612766,CHA,24.0,2021-22,26.0,74.0,0.351,19.0,59.0,0.322,108.0,325.0,0.332,45.0,133.0,0.338
1630540,Miles McBride,1610612752,NYK,21.0,2021-22,3.0,11.0,0.273,3.0,6.0,0.5,10.0,50.0,0.2,6.0,17.0,0.353
1629011,Mitchell Robinson,1610612752,NYK,24.0,2021-22,0.0,0.0,0.0,0.0,0.0,0.0,0.0,0.0,0.0,0.0,0.0,0.0
1629671,Miye Oni,1610612762,UTA,24.0,2021-22,0.0,4.0,0.0,1.0,2.0,0.5,0.0,2.0,0.0,1.0,6.0,0.167
1628964,Mo Bamba,1610612753,ORL,24.0,2021-22,10.0,30.0,0.333,14.0,47.0,0.298,83.0,204.0,0.407,24.0,77.0,0.312
1628420,Monte Morris,1610612743,DEN,27.0,2021-22,28.0,57.0,0.491,15.0,52.0,0.288,81.0,205.0,0.395,43.0,109.0,0.394
1626149,Montrezl Harrell,1610612766,CHA,28.0,2021-22,1.0,1.0,1.0,0.0,1.0,0.0,3.0,13.0,0.231,1.0,2.0,0.5
1629021,Moritz Wagner,1610612753,ORL,25.0,2021-22,4.0,13.0,0.308,6.0,12.0,0.5,56.0,175.0,0.32,10.0,25.0,0.4
1629650,Moses Brown,1610612739,CLE,22.0,2021-22,0.0,0.0,0.0,0.0,0.0,0.0,0.0,0.0,0.0,0.0,0.0,0.0
1630541,Moses Moody,1610612744,GSW,20.0,2021-22,6.0,23.0,0.261,4.0,15.0,0.267,30.0,72.0,0.417,10.0,38.0,0.263
1630589,Moses Wright,1610612742,DAL,23.0,2021-22,0.0,0.0,0.0,0.0,1.0,0.0,0.0,0.0,0.0,0.0,1.0,0.0
1628539,Mychal Mulder,1610612748,MIA,28.0,2021-22,5.0,13.0,0.385,1.0,1.0,1.0,11.0,40.0,0.275,6.0,14.0,0.429
1629619,Myles Powell,1610612755,PHI,24.0,2021-22,0.0,0.0,0.0,0.0,0.0,0.0,1.0,6.0,0.167,0.0,0.0,0.0
1626167,Myles Turner,1610612754,IND,26.0,2021-22,4.0,15.0,0.267,7.0,20.0,0.35,50.0,148.0,0.338,11.0,35.0,0.314
1630230,Naji Marshall,1610612740,NOP,24.0,2021-22,2.0,18.0,0.111,4.0,19.0,0.211,15.0,67.0,0.224,6.0,37.0,0.162
1629642,Nassir Little,1610612757,POR,22.0,2021-22,7.0,18.0,0.389,9.0,25.0,0.36,35.0,111.0,0.315,16.0,43.0,0.372
1630207,Nate Hinton,1610612754,IND,23.0,2021-22,,,,,,,0.0,0.0,0.0,,,
1630233,Nathan Knight,1610612750,MIN,24.0,2021-22,1.0,1.0,1.0,1.0,3.0,0.333,2.0,9.0,0.222,2.0,4.0,0.5
1629675,Naz Reid,1610612750,MIN,22.0,2021-22,9.0,20.0,0.45,10.0,19.0,0.526,38.0,127.0,0.299,19.0,39.0,0.487
1629674,Neemias Queta,1610612758,SAC,22.0,2021-22,0.0,0.0,0.0,0.0,0.0,0.0,0.0,0.0,0.0,0.0,0.0,0.0
202357,Nemanja Bjelica,1610612744,GSW,34.0,2021-22,3.0,10.0,0.3,5.0,10.0,0.5,46.0,129.0,0.357,8.0,20.0,0.4
203457,Nerlens Noel,1610612752,NYK,28.0,2021-22,0.0,1.0,0.0,0.0,1.0,0.0,0.0,0.0,0.0,0.0,2.0,0.0
1629651,Nic Claxton,1610612751,BKN,23.0,2021-22,0.0,0.0,0.0,0.0,0.0,0.0,0.0,0.0,0.0,0.0,0.0,0.0
1630208,Nick Richards,1610612766,CHA,24.0,2021-22,0.0,0.0,0.0,0.0,0.0,0.0,0.0,0.0,0.0,0.0,0.0,0.0
1629638,Nickeil Alexander-Walker,1610612762,UTA,23.0,2021-22,14.0,46.0,0.304,16.0,39.0,0.41,73.0,248.0,0.294,30.0,85.0,0.353
201587,Nicolas Batum,1610612746,LAC,33.0,2021-22,18.0,37.0,0.486,26.0,53.0,0.491,64.0,180.0,0.356,44.0,90.0,0.489
203917,Nik Stauskas,1610612738,BOS,28.0,2021-22,1.0,2.0,0.5,2.0,3.0,0.667,1.0,5.0,0.2,3.0,5.0,0.6
203999,Nikola Jokić,1610612743,DEN,27.0,2021-22,2.0,6.0,0.333,1.0,5.0,0.2,94.0,274.0,0.343,3.0,11.0,0.273
202696,Nikola Vučević,1610612741,CHI,31.0,2021-22,3.0,12.0,0.25,3.0,9.0,0.333,98.0,307.0,0.319,6.0,21.0,0.286
1626181,Norman Powell,1610612746,LAC,29.0,2021-22,21.0,47.0,0.447,13.0,37.0,0.351,71.0,168.0,0.423,34.0,84.0,0.405
203658,Norvel Pelle,1610612762,UTA,29.0,2021-22,0.0,0.0,0.0,0.0,0.0,0.0,0.0,0.0,0.0,0.0,0.0,0.0
1628384,OG Anunoby,1610612761,TOR,24.0,2021-22,25.0,53.0,0.472,21.0,47.0,0.447,69.0,216.0,0.319,46.0,100.0,0.46
1630167,Obi Toppin,1610612752,NYK,24.0,2021-22,22.0,61.0,0.361,7.0,22.0,0.318,22.0,82.0,0.268,29.0,83.0,0.349
1630846,Olivier Sarr,1610612760,OKC,23.0,2021-22,0.0,4.0,0.0,1.0,3.0,0.333,12.0,22.0,0.545,1.0,7.0,0.143
1630209,Omer Yurtseven,1610612748,MIA,24.0,2021-22,0.0,2.0,0.0,0.0,0.0,0.0,1.0,9.0,0.111,0.0,2.0,0.0
1630168,Onyeka Okongwu,1610612737,ATL,21.0,2021-22,0.0,0.0,0.0,0.0,0.0,0.0,0.0,0.0,0.0,0.0,0.0,0.0
1629052,Oshae Brissett,1610612754,IND,24.0,2021-22,19.0,45.0,0.422,12.0,37.0,0.324,52.0,153.0,0.34,31.0,82.0,0.378
203490,Otto Porter Jr.,1610612744,GSW,29.0,2021-22,8.0,28.0,0.286,9.0,25.0,0.36,62.0,160.0,0.388,17.0,53.0,0.321
200782,P.J. Tucker,1610612748,MIA,37.0,2021-22,29.0,84.0,0.345,42.0,88.0,0.477,9.0,20.0,0.45,71.0,172.0,0.413
1629023,P.J. Washington,1610612766,CHA,23.0,2021-22,15.0,36.0,0.417,9.0,41.0,0.22,86.0,221.0,0.389,24.0,77.0,0.312
1628408,PJ Dozier,1610612743,DEN,25.0,2021-22,2.0,8.0,0.25,2.0,7.0,0.286,11.0,33.0,0.333,4.0,15.0,0.267
1628238,Paris Bass,1610612756,PHX,26.0,2021-22,,,,,,,0.0,2.0,0.0,,,
1627783,Pascal Siakam,1610612761,TOR,28.0,2021-22,11.0,17.0,0.647,9.0,25.0,0.36,55.0,175.0,0.314,20.0,42.0,0.476
1626192,Pat Connaughton,1610612749,MIL,29.0,2021-22,23.0,44.0,0.523,27.0,67.0,0.403,96.0,258.0,0.372,50.0,111.0,0.45
201976,Patrick Beverley,1610612750,MIN,33.0,2021-22,15.0,27.0,0.556,11.0,28.0,0.393,57.0,186.0,0.306,26.0,55.0,0.473
1630172,Patrick Williams,1610612741,CHI,20.0,2021-22,2.0,6.0,0.333,4.0,6.0,0.667,9.0,17.0,0.529,6.0,12.0,0.5
201988,Patty Mills,1610612751,BKN,33.0,2021-22,34.0,77.0,0.442,30.0,79.0,0.38,163.0,409.0,0.399,64.0,156.0,0.41
202331,Paul George,1610612746,LAC,32.0,2021-22,11.0,20.0,0.55,13.0,23.0,0.565,67.0,214.0,0.313,24.0,43.0,0.558
200794,Paul Millsap,1610612755,PHI,37.0,2021-22,0.0,8.0,0.0,1.0,5.0,0.2,7.0,22.0,0.318,1.0,13.0,0.077
1630194,Paul Reed,1610612755,PHI,23.0,2021-22,0.0,3.0,0.0,0.0,2.0,0.0,2.0,2.0,1.0,0.0,5.0,0.0
1628778,Paul Watson,1610612760,OKC,27.0,2021-22,2.0,7.0,0.286,1.0,5.0,0.2,3.0,14.0,0.214,3.0,12.0,0.25
1630202,Payton Pritchard,1610612738,BOS,24.0,2021-22,11.0,20.0,0.55,13.0,22.0,0.591,76.0,202.0,0.376,24.0,42.0,0.571
1627822,Petr Cornelie,1610612743,DEN,26.0,2021-22,0.0,1.0,0.0,0.0,2.0,0.0,1.0,5.0,0.2,0.0,3.0,0.0
1630173,Precious Achiuwa,1610612761,TOR,22.0,2021-22,10.0,40.0,0.25,11.0,27.0,0.407,35.0,88.0,0.398,21.0,67.0,0.313
1629656,Quentin Grimes,1610612752,NYK,22.0,2021-22,16.0,33.0,0.485,6.0,17.0,0.353,50.0,139.0,0.36,22.0,50.0,0.44
1629683,Quinndary Weatherspoon,1610612744,GSW,25.0,2021-22,0.0,0.0,0.0,0.0,1.0,0.0,1.0,4.0,0.25,0.0,1.0,0.0
1630181,R.J. Hampton,1610612753,ORL,21.0,2021-22,7.0,21.0,0.333,7.0,15.0,0.467,50.0,145.0,0.345,14.0,36.0,0.389
1629628,RJ Barrett,1610612752,NYK,22.0,2021-22,12.0,43.0,0.279,21.0,62.0,0.339,104.0,297.0,0.35,33.0,105.0,0.314
200765,Rajon Rondo,1610612739,CLE,36.0,2021-22,1.0,6.0,0.167,2.0,5.0,0.4,28.0,76.0,0.368,3.0,11.0,0.273
203526,Raul Neto,1610612764,WAS,30.0,2021-22,2.0,7.0,0.286,3.0,10.0,0.3,30.0,101.0,0.297,5.0,17.0,0.294
1629730,Rayjon Tucker,1610612749,MIL,24.0,2021-22,0.0,0.0,0.0,1.0,1.0,1.0,3.0,4.0,0.75,1.0,1.0,1.0
203493,Reggie Bullock Jr.,1610612742,DAL,31.0,2021-22,38.0,100.0,0.38,34.0,81.0,0.42,68.0,209.0,0.325,72.0,181.0,0.398
202704,Reggie Jackson,1610612746,LAC,32.0,2021-22,16.0,48.0,0.333,20.0,51.0,0.392,131.0,411.0,0.319,36.0,99.0,0.364
1629617,Reggie Perry,1610612757,POR,22.0,2021-22,0.0,0.0,0.0,0.0,1.0,0.0,3.0,15.0,0.2,0.0,1.0,0.0
1626158,Richaun Holmes,1610612758,SAC,28.0,2021-22,0.0,0.0,0.0,1.0,1.0,1.0,1.0,4.0,0.25,1.0,1.0,1.0
201937,Ricky Rubio,1610612754,IND,31.0,2021-22,14.0,38.0,0.368,4.0,16.0,0.25,41.0,117.0,0.35,18.0,54.0,0.333
1630306,Rob Edwards,1610612760,OKC,25.0,2021-22,0.0,2.0,0.0,0.0,0.0,0.0,1.0,2.0,0.5,0.0,2.0,0.0
203496,Robert Covington,1610612746,LAC,31.0,2021-22,15.0,30.0,0.5,23.0,39.0,0.59,90.0,270.0,0.333,38.0,69.0,0.551
1629057,Robert Williams III,1610612738,BOS,24.0,2021-22,0.0,0.0,0.0,0.0,0.0,0.0,0.0,1.0,0.0,0.0,0.0,0.0
1630218,Robert Woodard II,1610612759,SAS,22.0,2021-22,0.0,0.0,0.0,0.0,1.0,0.0,1.0,3.0,0.333,0.0,1.0,0.0
201577,Robin Lopez,1610612753,ORL,34.0,2021-22,1.0,1.0,1.0,0.0,0.0,0.0,1.0,4.0,0.25,1.0,1.0,1.0
203918,Rodney Hood,1610612746,LAC,29.0,2021-22,6.0,12.0,0.5,4.0,15.0,0.267,19.0,62.0,0.306,10.0,27.0,0.37
203585,Rodney McGruder,1610612765,DET,30.0,2021-22,21.0,45.0,0.467,11.0,28.0,0.393,26.0,72.0,0.361,32.0,73.0,0.438
1629641,Romeo Langford,1610612759,SAS,22.0,2021-22,4.0,18.0,0.222,11.0,29.0,0.379,14.0,37.0,0.378,15.0,47.0,0.319
1626220,Royce O'Neale,1610612762,UTA,29.0,2021-22,21.0,53.0,0.396,18.0,48.0,0.375,80.0,204.0,0.392,39.0,101.0,0.386
1630612,Ruben Nembhard Jr.,1610612739,CLE,23.0,2021-22,0.0,0.0,0.0,0.0,0.0,0.0,0.0,2.0,0.0,0.0,0.0,0.0
200752,Rudy Gay,1610612762,UTA,35.0,2021-22,10.0,27.0,0.37,12.0,33.0,0.364,48.0,143.0,0.336,22.0,60.0,0.367
203497,Rudy Gobert,1610612762,UTA,30.0,2021-22,0.0,0.0,0.0,0.0,0.0,0.0,0.0,2.0,0.0,0.0,0.0,0.0
1629060,Rui Hachimura,1610612764,WAS,24.0,2021-22,6.0,17.0,0.353,10.0,19.0,0.526,39.0,87.0,0.448,16.0,36.0,0.444
201566,Russell Westbrook,1610612747,LAL,33.0,2021-22,18.0,36.0,0.5,5.0,15.0,0.333,56.0,214.0,0.262,23.0,51.0,0.451
1627853,Ryan Arcidiacono,1610612752,NYK,28.0,2021-22,1.0,1.0,1.0,1.0,2.0,0.5,2.0,6.0,0.333,2.0,3.0,0.667
1630240,Saben Lee,1610612765,DET,23.0,2021-22,3.0,10.0,0.3,0.0,4.0,0.0,11.0,46.0,0.239,3.0,14.0,0.214
1630180,Saddiq Bey,1610612765,DET,23.0,2021-22,38.0,99.0,0.384,25.0,62.0,0.403,148.0,440.0,0.336,63.0,161.0,0.391
1626155,Sam Dekker,1610612761,TOR,28.0,2021-22,,,,0.0,0.0,0.0,,,,0.0,0.0,0.0
1630573,Sam Hauser,1610612738,BOS,24.0,2021-22,3.0,7.0,0.429,5.0,8.0,0.625,11.0,29.0,0.379,8.0,15.0,0.533
1630241,Sam Merrill,1610612763,MEM,26.0,2021-22,1.0,4.0,0.25,0.0,1.0,0.0,6.0,18.0,0.333,1.0,5.0,0.2
1630572,Sandro Mamukelashvili,1610612749,MIL,23.0,2021-22,3.0,5.0,0.6,1.0,8.0,0.125,18.0,39.0,0.462,4.0,13.0,0.308
1630583,Santi Aldama,1610612763,MEM,21.0,2021-22,0.0,4.0,0.0,4.0,8.0,0.5,2.0,36.0,0.056,4.0,12.0,0.333
1630567,Scottie Barnes,1610612761,TOR,20.0,2021-22,5.0,17.0,0.294,15.0,40.0,0.375,36.0,129.0,0.279,20.0,57.0,0.351
1630575,Scottie Lewis,1610612766,CHA,22.0,2021-22,0.0,0.0,0.0,,,,0.0,0.0,0.0,0.0,0.0,0.0
203816,Scotty Hopson,1610612760,OKC,32.0,2021-22,0.0,0.0,0.0,0.0,0.0,0.0,0.0,1.0,0.0,0.0,0.0,0.0
1629635,Sekou Doumbouya,1610612747,LAL,21.0,2021-22,0.0,0.0,0.0,0.0,0.0,0.0,1.0,2.0,0.5,0.0,0.0,0.0
1628400,Semi Ojeleye,1610612746,LAC,27.0,2021-22,1.0,9.0,0.111,3.0,10.0,0.3,11.0,30.0,0.367,4.0,19.0,0.211
201586,Serge Ibaka,1610612749,MIL,32.0,2021-22,2.0,6.0,0.333,1.0,5.0,0.2,34.0,88.0,0.386,3.0,11.0,0.273
203552,Seth Curry,1610612751,BKN,31.0,2021-22,18.0,36.0,0.5,18.0,38.0,0.474,122.0,299.0,0.408,36.0,74.0,0.486
1628983,Shai Gilgeous-Alexander,1610612760,OKC,23.0,2021-22,4.0,14.0,0.286,5.0,11.0,0.455,80.0,272.0,0.294,9.0,25.0,0.36
1629003,Shake Milton,1610612755,PHI,25.0,2021-22,6.0,17.0,0.353,7.0,17.0,0.412,30.0,97.0,0.309,13.0,34.0,0.382
1629783,Shaq Buchanan,1610612763,MEM,25.0,2021-22,0.0,0.0,0.0,0.0,0.0,0.0,0.0,2.0,0.0,0.0,0.0,0.0
1627885,Shaquille Harrison,1610612751,BKN,28.0,2021-22,0.0,0.0,0.0,0.0,2.0,0.0,0.0,0.0,0.0,0.0,2.0,0.0
1630536,Sharife Cooper,1610612737,ATL,21.0,2021-22,0.0,0.0,0.0,0.0,2.0,0.0,1.0,4.0,0.25,0.0,2.0,0.0
1630219,Skylar Mays,1610612737,ATL,24.0,2021-22,2.0,9.0,0.222,0.0,0.0,0.0,6.0,16.0,0.375,2.0,9.0,0.222
203524,Solomon Hill,1610612737,ATL,31.0,2021-22,1.0,3.0,0.333,0.0,0.0,0.0,1.0,9.0,0.111,1.0,3.0,0.333
203915,Spencer Dinwiddie,1610612742,DAL,29.0,2021-22,10.0,25.0,0.4,12.0,35.0,0.343,90.0,269.0,0.335,22.0,60.0,0.367
1626169,Stanley Johnson,1610612747,LAL,26.0,2021-22,7.0,21.0,0.333,5.0,24.0,0.208,21.0,59.0,0.356,12.0,45.0,0.267
201939,Stephen Curry,1610612744,GSW,34.0,2021-22,13.0,39.0,0.333,11.0,37.0,0.297,261.0,668.0,0.391,24.0,76.0,0.316
1628425,Sterling Brown,1610612742,DAL,27.0,2021-22,6.0,25.0,0.24,5.0,22.0,0.227,17.0,43.0,0.395,11.0,47.0,0.234
203500,Steven Adams,1610612763,MEM,28.0,2021-22,0.0,0.0,0.0,0.0,0.0,0.0,0.0,0.0,0.0,0.0,0.0,0.0
1629004,Svi Mykhailiuk,1610612761,TOR,25.0,2021-22,8.0,22.0,0.364,9.0,21.0,0.429,24.0,90.0,0.267,17.0,43.0,0.395
204456,T.J. McConnell,1610612754,IND,30.0,2021-22,1.0,6.0,0.167,2.0,6.0,0.333,7.0,19.0,0.368,3.0,12.0,0.25
1629605,Tacko Fall,1610612739,CLE,26.0,2021-22,0.0,0.0,0.0,0.0,0.0,0.0,0.0,0.0,0.0,0.0,0.0,0.0
201959,Taj Gibson,1610612752,NYK,37.0,2021-22,4.0,11.0,0.364,9.0,15.0,0.6,2.0,12.0,0.167,13.0,26.0,0.5
1629659,Talen Horton-Tucker,1610612747,LAL,21.0,2021-22,6.0,16.0,0.375,5.0,21.0,0.238,38.0,144.0,0.264,11.0,37.0,0.297
1627752,Taurean Prince,1610612750,MIN,28.0,2021-22,25.0,53.0,0.472,18.0,45.0,0.4,41.0,125.0,0.328,43.0,98.0,0.439
1629611,Terance Mann,1610612746,LAC,25.0,2021-22,14.0,33.0,0.424,18.0,53.0,0.34,44.0,118.0,0.373,32.0,86.0,0.372
1629056,Terence Davis,1610612758,SAC,25.0,2021-22,7.0,20.0,0.35,4.0,11.0,0.364,38.0,117.0,0.325,11.0,31.0,0.355
203082,Terrence Ross,1610612753,ORL,31.0,2021-22,10.0,29.0,0.345,2.0,8.0,0.25,65.0,222.0,0.293,12.0,37.0,0.324
1626179,Terry Rozier,1610612766,CHA,28.0,2021-22,64.0,158.0,0.405,28.0,65.0,0.431,130.0,366.0,0.355,92.0,223.0,0.413
1630678,Terry Taylor,1610612754,IND,22.0,2021-22,4.0,15.0,0.267,5.0,11.0,0.455,3.0,11.0,0.273,9.0,26.0,0.346
201152,Thaddeus Young,1610612761,TOR,34.0,2021-22,11.0,22.0,0.5,3.0,8.0,0.375,3.0,18.0,0.167,14.0,30.0,0.467
203648,Thanasis Antetokounmpo,1610612749,MIL,29.0,2021-22,1.0,5.0,0.2,0.0,1.0,0.0,1.0,7.0,0.143,1.0,6.0,0.167
1630177,Theo Maledon,1610612760,OKC,21.0,2021-22,4.0,19.0,0.211,2.0,9.0,0.222,38.0,122.0,0.311,6.0,28.0,0.214
1629033,Theo Pinson,1610612742,DAL,26.0,2021-22,3.0,3.0,1.0,0.0,1.0,0.0,7.0,26.0,0.269,3.0,4.0,0.75
1628418,Thomas Bryant,1610612764,WAS,24.0,2021-22,0.0,2.0,0.0,2.0,6.0,0.333,10.0,34.0,0.294,2.0,8.0,0.25
204025,Tim Frazier,1610612739,CLE,31.0,2021-22,1.0,5.0,0.2,0.0,0.0,0.0,5.0,12.0,0.417,1.0,5.0,0.2
203501,Tim Hardaway Jr.,1610612742,DAL,30.0,2021-22,10.0,32.0,0.313,11.0,32.0,0.344,79.0,233.0,0.339,21.0,64.0,0.328
1627789,Timothe Luwawu-Cabarrot,1610612737,ATL,27.0,2021-22,14.0,21.0,0.667,13.0,37.0,0.351,17.0,64.0,0.266,27.0,58.0,0.466
202699,Tobias Harris,1610612755,PHI,29.0,2021-22,9.0,29.0,0.31,21.0,47.0,0.447,70.0,197.0,0.355,30.0,76.0,0.395
203107,Tomas Satoransky,1610612764,WAS,30.0,2021-22,0.0,6.0,0.0,1.0,6.0,0.167,10.0,38.0,0.263,1.0,12.0,0.083
1628396,Tony Bradley,1610612741,CHI,24.0,2021-22,0.0,0.0,0.0,0.0,0.0,0.0,0.0,0.0,0.0,0.0,0.0,0.0
203503,Tony Snell,1610612740,NOP,30.0,2021-22,9.0,28.0,0.321,13.0,34.0,0.382,23.0,65.0,0.354,22.0,62.0,0.355
1628470,Torrey Craig,1610612756,PHX,31.0,2021-22,18.0,50.0,0.36,18.0,49.0,0.367,41.0,133.0,0.308,36.0,99.0,0.364
1629027,Trae Young,1610612737,ATL,23.0,2021-22,7.0,10.0,0.7,9.0,19.0,0.474,217.0,580.0,0.374,16.0,29.0,0.552
1629309,Trayvon Palmer,1610612765,DET,27.0,2021-22,0.0,0.0,0.0,0.0,0.0,0.0,0.0,0.0,0.0,0.0,0.0,0.0
1630200,Tre Jones,1610612759,SAS,22.0,2021-22,3.0,13.0,0.231,2.0,11.0,0.182,5.0,24.0,0.208,5.0,24.0,0.208
1630544,Tre Mann,1610612760,OKC,21.0,2021-22,10.0,25.0,0.4,7.0,18.0,0.389,81.0,225.0,0.36,17.0,43.0,0.395
1629682,Tremont Waters,1610612764,WAS,24.0,2021-22,0.0,0.0,0.0,0.0,2.0,0.0,2.0,7.0,0.286,0.0,2.0,0.0
1630570,Trendon Watford,1610612757,POR,21.0,2021-22,0.0,4.0,0.0,1.0,7.0,0.143,8.0,27.0,0.296,1.0,11.0,0.091
1630235,Trent Forrest,1610612762,UTA,24.0,2021-22,1.0,11.0,0.091,3.0,6.0,0.5,1.0,8.0,0.125,4.0,17.0,0.235
1630243,Trevelin Queen,1610612745,HOU,25.0,2021-22,2.0,4.0,0.5,0.0,0.0,0.0,7.0,20.0,0.35,2.0,4.0,0.5
1630286,Trevon Scott,1610612739,CLE,25.0,2021-22,0.0,0.0,0.0,0.0,1.0,0.0,0.0,0.0,0.0,0.0,1.0,0.0
2772,Trevor Ariza,1610612747,LAL,37.0,2021-22,2.0,13.0,0.154,4.0,16.0,0.25,14.0,45.0,0.311,6.0,29.0,0.207
203504,Trey Burke,1610612742,DAL,29.0,2021-22,3.0,5.0,0.6,4.0,7.0,0.571,19.0,70.0,0.271,7.0,12.0,0.583
1626168,Trey Lyles,1610612758,SAC,26.0,2021-22,10.0,22.0,0.455,9.0,29.0,0.31,48.0,157.0,0.306,19.0,51.0,0.373
1630530,Trey Murphy III,1610612740,NOP,22.0,2021-22,16.0,34.0,0.471,19.0,41.0,0.463,36.0,110.0,0.327,35.0,75.0,0.467
202684,Tristan Thompson,1610612741,CHI,31.0,2021-22,0.0,0.0,0.0,0.0,0.0,0.0,1.0,1.0,1.0,0.0,0.0,0.0
1628972,Troy Brown Jr.,1610612741,CHI,22.0,2021-22,13.0,39.0,0.333,14.0,41.0,0.341,19.0,50.0,0.38,27.0,80.0,0.338
1629660,Ty Jerome,1610612760,OKC,24.0,2021-22,4.0,15.0,0.267,9.0,17.0,0.529,41.0,153.0,0.268,13.0,32.0,0.406
1629076,Tyler Cook,1610612741,CHI,24.0,2021-22,0.0,0.0,0.0,0.0,0.0,0.0,0.0,0.0,0.0,0.0,0.0,0.0
1629788,Tyler Hall,1610612752,NYK,25.0,2021-22,,,,,,,0.0,0.0,0.0,,,
1629639,Tyler Herro,1610612748,MIA,22.0,2021-22,19.0,41.0,0.463,22.0,57.0,0.386,134.0,335.0,0.4,41.0,98.0,0.418
204020,Tyler Johnson,1610612759,SAS,30.0,2021-22,1.0,3.0,0.333,0.0,2.0,0.0,4.0,8.0,0.5,1.0,5.0,0.2
1630179,Tyrell Terry,1610612763,MEM,21.0,2021-22,,,,,,,0.0,0.0,0.0,,,
1630169,Tyrese Haliburton,1610612754,IND,22.0,2021-22,12.0,30.0,0.4,13.0,26.0,0.5,136.0,324.0,0.42,25.0,56.0,0.446
1630178,Tyrese Maxey,1610612755,PHI,21.0,2021-22,11.0,19.0,0.579,23.0,40.0,0.575,97.0,245.0,0.396,34.0,59.0,0.576
1627820,Tyrone Wallace,1610612740,NOP,28.0,2021-22,1.0,2.0,0.5,0.0,1.0,0.0,0.0,4.0,0.0,1.0,3.0,0.333
1626145,Tyus Jones,1610612763,MEM,26.0,2021-22,12.0,27.0,0.444,5.0,16.0,0.313,63.0,160.0,0.394,17.0,43.0,0.395
1628962,Udoka Azubuike,1610612762,UTA,22.0,2021-22,0.0,0.0,0.0,0.0,0.0,0.0,0.0,0.0,0.0,0.0,0.0,0.0
2617,Udonis Haslem,1610612748,MIA,42.0,2021-22,0.0,0.0,0.0,1.0,3.0,0.333,0.0,1.0,0.0,1.0,3.0,0.333
1630586,Usman Garuba,1610612745,HOU,20.0,2021-22,0.0,1.0,0.0,0.0,4.0,0.0,5.0,15.0,0.333,0.0,5.0,0.0
1630176,Vernon Carey Jr.,1610612764,WAS,21.0,2021-22,0.0,0.0,0.0,0.0,0.0,0.0,0.0,0.0,0.0,0.0,0.0,0.0
203506,Victor Oladipo,1610612748,MIA,30.0,2021-22,3.0,4.0,0.75,1.0,1.0,1.0,11.0,30.0,0.367,4.0,5.0,0.8
1628427,Vlatko Čančar,1610612743,DEN,25.0,2021-22,2.0,5.0,0.4,0.0,0.0,0.0,5.0,7.0,0.714,2.0,5.0,0.4
1630249,Vít Krejčí,1610612760,OKC,22.0,2021-22,5.0,11.0,0.455,4.0,10.0,0.4,23.0,76.0,0.303,9.0,21.0,0.429
201961,Wayne Ellington,1610612747,LAL,34.0,2021-22,14.0,33.0,0.424,15.0,29.0,0.517,53.0,149.0,0.356,29.0,62.0,0.468
1627782,Wayne Selden,1610612752,NYK,27.0,2021-22,0.0,1.0,0.0,0.0,0.0,0.0,1.0,1.0,1.0,0.0,1.0,0.0
1628976,Wendell Carter Jr.,1610612753,ORL,23.0,2021-22,6.0,15.0,0.4,2.0,8.0,0.25,62.0,190.0,0.326,8.0,23.0,0.348
1629117,Wenyen Gabriel,1610612747,LAL,25.0,2021-22,1.0,6.0,0.167,3.0,10.0,0.3,4.0,12.0,0.333,4.0,16.0,0.25
1628411,Wes Iwundu,1610612737,ATL,27.0,2021-22,1.0,1.0,1.0,0.0,2.0,0.0,2.0,2.0,1.0,1.0,3.0,0.333
202083,Wesley Matthews,1610612749,MIL,35.0,2021-22,15.0,37.0,0.405,8.0,27.0,0.296,30.0,93.0,0.323,23.0,64.0,0.359
203115,Will Barton,1610612743,DEN,31.0,2021-22,22.0,52.0,0.423,21.0,45.0,0.467,114.0,332.0,0.343,43.0,97.0,0.443
1626161,Willie Cauley-Stein,1610612755,PHI,28.0,2021-22,0.0,0.0,0.0,0.0,0.0,0.0,1.0,2.0,0.5,0.0,0.0,0.0
1626195,Willy Hernangomez,1610612740,NOP,28.0,2021-22,0.0,1.0,0.0,0.0,0.0,0.0,4.0,10.0,0.4,0.0,1.0,0.0
1629875,Xavier Moon,1610612746,LAC,27.0,2021-22,0.0,1.0,0.0,0.0,0.0,0.0,5.0,13.0,0.385,0.0,1.0,0.0
1630270,Xavier Sneed,1610612762,UTA,24.0,2021-22,0.0,2.0,0.0,0.0,2.0,0.0,1.0,4.0,0.25,0.0,4.0,0.0
1630214,Xavier Tillman,1610612763,MEM,23.0,2021-22,4.0,9.0,0.444,1.0,5.0,0.2,5.0,35.0,0.143,5.0,14.0,0.357
1629139,Yuta Watanabe,1610612761,TOR,27.0,2021-22,9.0,17.0,0.529,5.0,18.0,0.278,13.0,44.0,0.295,14.0,35.0,0.4
1630582,Yves Pons,1610612763,MEM,23.0,2021-22,1.0,1.0,1.0,2.0,4.0,0.5,0.0,4.0,0.0,3.0,5.0,0.6
1628380,Zach Collins,1610612759,SAS,24.0,2021-22,2.0,2.0,1.0,0.0,1.0,0.0,12.0,38.0,0.316,2.0,3.0,0.667
203897,Zach LaVine,1610612741,CHI,27.0,2021-22,17.0,37.0,0.459,21.0,36.0,0.583,147.0,402.0,0.366,38.0,73.0,0.521
1630285,Zavier Simpson,1610612760,OKC,25.0,2021-22,0.0,0.0,0.0,0.0,0.0,0.0,1.0,8.0,0.125,0.0,0.0,0.0
1630192,Zeke Nnaji,1610612743,DEN,21.0,2021-22,8.0,17.0,0.471,9.0,17.0,0.529,20.0,46.0,0.435,17.0,34.0,0.5
1630533,Ziaire Williams,1610612763,MEM,20.0,2021-22,20.0,73.0,0.274,21.0,47.0,0.447,35.0,118.0,0.297,41.0,120.0,0.342
1629597,Zylan Cheatham,1610612762,UTA,26.0,2021-22,0.0,1.0,0.0,0.0,0.0,0.0,0.0,1.0,0.0,0.0,1.0,0.0
1630639,A.J. Lawson,1610612742,DAL,22.0,2022-23,2.0,8.0,0.25,1.0,6.0,0.167,7.0,11.0,0.636,3.0,14.0,0.214
1631260,AJ Green,1610612749,MIL,23.0,2022-23,1.0,8.0,0.125,8.0,14.0,0.571,35.0,83.0,0.422,9.0,22.0,0.409
1631100,AJ Griffin,1610612737,ATL,19.0,2022-23,21.0,50.0,0.42,10.0,27.0,0.37,70.0,182.0,0.385,31.0,77.0,0.403
203932,Aaron Gordon,1610612743,DEN,27.0,2022-23,6.0,30.0,0.2,8.0,26.0,0.308,46.0,113.0,0.407,14.0,56.0,0.25
1628988,Aaron Holiday,1610612737,ATL,26.0,2022-23,3.0,7.0,0.429,1.0,9.0,0.111,32.0,72.0,0.444,4.0,16.0,0.25
1630174,Aaron Nesmith,1610612754,IND,23.0,2022-23,21.0,61.0,0.344,33.0,83.0,0.398,61.0,170.0,0.359,54.0,144.0,0.375
1630598,Aaron Wiggins,1610612760,OKC,24.0,2022-23,12.0,42.0,0.286,6.0,16.0,0.375,30.0,63.0,0.476,18.0,58.0,0.31
1629678,Admiral Schofield,1610612753,ORL,26.0,2022-23,4.0,14.0,0.286,6.0,12.0,0.5,14.0,48.0,0.292,10.0,26.0,0.385
201143,Al Horford,1610612738,BOS,37.0,2022-23,20.0,52.0,0.385,42.0,74.0,0.568,82.0,198.0,0.414,62.0,126.0,0.492
202692,Alec Burks,1610612765,DET,31.0,2022-23,13.0,32.0,0.406,13.0,22.0,0.591,72.0,184.0,0.391,26.0,54.0,0.481
1630197,Aleksej Pokusevski,1610612760,OKC,21.0,2022-23,9.0,21.0,0.429,3.0,10.0,0.3,26.0,73.0,0.356,12.0,31.0,0.387
1627936,Alex Caruso,1610612741,CHI,29.0,2022-23,15.0,32.0,0.469,15.0,43.0,0.349,24.0,75.0,0.32,30.0,75.0,0.4
203458,Alex Len,1610612758,SAC,30.0,2022-23,0.0,0.0,0.0,0.0,0.0,0.0,0.0,2.0,0.0,0.0,0.0,0.0
1628993,Alize Johnson,1610612759,SAS,27.0,2022-23,0.0,1.0,0.0,0.0,0.0,0.0,0.0,0.0,0.0,0.0,1.0,0.0
1631214,Alondes Williams,1610612751,BKN,24.0,2022-23,0.0,0.0,0.0,,,,0.0,0.0,0.0,0.0,0.0,0.0
1630578,Alperen Sengun,1610612745,HOU,20.0,2022-23,0.0,1.0,0.0,0.0,1.0,0.0,19.0,54.0,0.352,0.0,2.0,0.0
1629599,Amir Coffey,1610612746,LAC,26.0,2022-23,2.0,11.0,0.182,3.0,10.0,0.3,6.0,18.0,0.333,5.0,21.0,0.238
203083,Andre Drummond,1610612741,CHI,29.0,2022-23,0.0,0.0,0.0,0.0,1.0,0.0,0.0,2.0,0.0,0.0,1.0,0.0
2738,Andre Iguodala,1610612744,GSW,39.0,2022-23,0.0,2.0,0.0,0.0,0.0,0.0,1.0,7.0,0.143,0.0,2.0,0.0
1629614,Andrew Nembhard,1610612754,IND,23.0,2022-23,12.0,31.0,0.387,15.0,42.0,0.357,65.0,189.0,0.344,27.0,73.0,0.37
203952,Andrew Wiggins,1610612744,GSW,28.0,2022-23,10.0,28.0,0.357,7.0,20.0,0.35,72.0,177.0,0.407,17.0,48.0,0.354
1629014,Anfernee Simons,1610612757,POR,24.0,2022-23,15.0,43.0,0.349,10.0,24.0,0.417,187.0,494.0,0.379,25.0,67.0,0.373
203076,Anthony Davis,1610612747,LAL,30.0,2022-23,2.0,5.0,0.4,2.0,6.0,0.333,15.0,63.0,0.238,4.0,11.0,0.364
1630162,Anthony Edwards,1610612750,MIN,21.0,2022-23,16.0,35.0,0.457,10.0,25.0,0.4,187.0,515.0,0.363,26.0,60.0,0.433
1630264,Anthony Gill,1610612764,WAS,30.0,2022-23,3.0,12.0,0.25,0.0,7.0,0.0,1.0,10.0,0.1,3.0,19.0,0.158
1630237,Anthony Lamb,1610612744,GSW,25.0,2022-23,14.0,39.0,0.359,11.0,32.0,0.344,48.0,126.0,0.381,25.0,71.0,0.352
1630559,Austin Reaves,1610612747,LAL,25.0,2022-23,7.0,28.0,0.25,14.0,32.0,0.438,65.0,154.0,0.422,21.0,60.0,0.35
203085,Austin Rivers,1610612750,MIN,30.0,2022-23,19.0,48.0,0.396,16.0,36.0,0.444,8.0,37.0,0.216,35.0,84.0,0.417
1630245,Ayo Dosunmu,1610612741,CHI,23.0,2022-23,13.0,41.0,0.317,16.0,48.0,0.333,30.0,100.0,0.3,29.0,89.0,0.326
1628389,Bam Adebayo,1610612748,MIA,25.0,2022-23,0.0,0.0,0.0,0.0,0.0,0.0,1.0,11.0,0.091,0.0,0.0,0.0
1627732,Ben Simmons,1610612751,BKN,26.0,2022-23,0.0,0.0,0.0,0.0,0.0,0.0,0.0,2.0,0.0,0.0,0.0,0.0
1631097,Bennedict Mathurin,1610612754,IND,21.0,2022-23,9.0,33.0,0.273,12.0,31.0,0.387,79.0,241.0,0.328,21.0,64.0,0.328
202687,Bismack Biyombo,1610612756,PHX,30.0,2022-23,0.0,0.0,0.0,0.0,0.0,0.0,0.0,0.0,0.0,0.0,0.0,0.0
201933,Blake Griffin,1610612738,BOS,34.0,2022-23,6.0,16.0,0.375,2.0,7.0,0.286,15.0,43.0,0.349,8.0,23.0,0.348
1631104,Blake Wesley,1610612759,SAS,20.0,2022-23,3.0,7.0,0.429,4.0,7.0,0.571,13.0,37.0,0.351,7.0,14.0,0.5
1626246,Boban Marjanovic,1610612745,HOU,34.0,2022-23,0.0,0.0,0.0,0.0,0.0,0.0,0.0,1.0,0.0,0.0,0.0,0.0
1626171,Bobby Portis,1610612749,MIL,28.0,2022-23,14.0,42.0,0.333,11.0,50.0,0.22,70.0,163.0,0.429,25.0,92.0,0.272
203992,Bogdan Bogdanović,1610612737,ATL,30.0,2022-23,11.0,38.0,0.289,22.0,44.0,0.5,113.0,277.0,0.408,33.0,82.0,0.402
202711,Bojan Bogdanovic,1610612765,DET,34.0,2022-23,27.0,48.0,0.563,18.0,59.0,0.305,99.0,245.0,0.404,45.0,107.0,0.421
1629626,Bol Bol,1610612753,ORL,23.0,2022-23,3.0,16.0,0.188,2.0,12.0,0.167,25.0,85.0,0.294,5.0,28.0,0.179
1630538,Bones Hyland,1610612746,LAC,22.0,2022-23,17.0,32.0,0.531,3.0,12.0,0.25,97.0,271.0,0.358,20.0,44.0,0.455
203078,Bradley Beal,1610612764,WAS,30.0,2022-23,13.0,34.0,0.382,7.0,18.0,0.389,59.0,165.0,0.358,20.0,52.0,0.385
1630527,Brandon Boston,1610612746,LAC,21.0,2022-23,1.0,1.0,1.0,0.0,5.0,0.0,11.0,23.0,0.478,1.0,6.0,0.167
1629634,Brandon Clarke,1610612763,MEM,26.0,2022-23,0.0,2.0,0.0,1.0,4.0,0.25,0.0,0.0,0.0,1.0,6.0,0.167
1627742,Brandon Ingram,1610612740,NOP,25.0,2022-23,4.0,10.0,0.4,3.0,5.0,0.6,57.0,149.0,0.383,7.0,15.0,0.467
1630296,Braxton Key,1610612765,DET,26.0,2022-23,0.0,0.0,0.0,0.0,0.0,0.0,0.0,0.0,0.0,0.0,0.0,0.0
201572,Brook Lopez,1610612749,MIL,35.0,2022-23,11.0,27.0,0.407,20.0,47.0,0.426,105.0,289.0,0.363,31.0,74.0,0.419
1628971,Bruce Brown,1610612743,DEN,26.0,2022-23,5.0,38.0,0.132,33.0,64.0,0.516,53.0,151.0,0.351,38.0,102.0,0.373
1628981,Bruno Fernando,1610612737,ATL,24.0,2022-23,0.0,2.0,0.0,0.0,0.0,0.0,0.0,2.0,0.0,0.0,2.0,0.0
1631121,Bryce McGowens,1610612766,CHA,20.0,2022-23,5.0,10.0,0.5,5.0,18.0,0.278,16.0,51.0,0.314,10.0,28.0,0.357
1627854,Bryn Forbes,1610612750,MIN,29.0,2022-23,3.0,8.0,0.375,2.0,5.0,0.4,9.0,32.0,0.281,5.0,13.0,0.385
1631205,Buddy Boeheim,1610612765,DET,23.0,2022-23,1.0,5.0,0.2,2.0,6.0,0.333,1.0,14.0,0.071,3.0,11.0,0.273
1627741,Buddy Hield,1610612754,IND,30.0,2022-23,36.0,79.0,0.456,23.0,45.0,0.511,228.0,553.0,0.412,59.0,124.0,0.476
203468,CJ McCollum,1610612740,NOP,31.0,2022-23,17.0,39.0,0.436,5.0,27.0,0.185,188.0,475.0,0.396,22.0,66.0,0.333
1630595,Cade Cunningham,1610612765,DET,21.0,2022-23,0.0,1.0,0.0,1.0,3.0,0.333,16.0,56.0,0.286,1.0,4.0,0.25
1631216,Caleb Houstan,1610612753,ORL,20.0,2022-23,8.0,19.0,0.421,14.0,30.0,0.467,24.0,87.0,0.276,22.0,49.0,0.449
1628997,Caleb Martin,1610612748,MIA,27.0,2022-23,12.0,42.0,0.286,21.0,64.0,0.328,51.0,129.0,0.395,33.0,106.0,0.311
1629629,Cam Reddish,1610612757,POR,23.0,2022-23,14.0,32.0,0.438,5.0,19.0,0.263,26.0,90.0,0.289,19.0,51.0,0.373
1630560,Cam Thomas,1610612751,BKN,21.0,2022-23,3.0,6.0,0.5,4.0,8.0,0.5,44.0,119.0,0.37,7.0,14.0,0.5
1629661,Cameron Johnson,1610612751,BKN,27.0,2022-23,18.0,44.0,0.409,22.0,49.0,0.449,63.0,162.0,0.389,40.0,93.0,0.43
1626166,Cameron Payne,1610612756,PHX,28.0,2022-23,3.0,9.0,0.333,3.0,9.0,0.333,62.0,163.0,0.38,6.0,18.0,0.333
1627747,Caris LeVert,1610612739,CLE,28.0,2022-23,20.0,44.0,0.455,13.0,36.0,0.361,94.0,243.0,0.387,33.0,80.0,0.413
1630637,Carlik Jones,1610612741,CHI,25.0,2022-23,0.0,0.0,0.0,0.0,0.0,0.0,3.0,6.0,0.5,0.0,0.0,0.0
1626224,Cedi Osman,1610612739,CLE,28.0,2022-23,21.0,47.0,0.447,15.0,34.0,0.441,80.0,229.0,0.349,36.0,81.0,0.444
1628435,Chance Comanche,1610612757,POR,27.0,2022-23,0.0,0.0,0.0,0.0,0.0,0.0,0.0,0.0,0.0,0.0,0.0,0.0
1629646,Charles Bassey,1610612759,SAS,22.0,2022-23,0.0,1.0,0.0,0.0,1.0,0.0,3.0,6.0,0.5,0.0,2.0,0.0
1631320,Chima Moneke,1610612758,SAC,27.0,2022-23,,,,0.0,0.0,0.0,0.0,0.0,0.0,0.0,0.0,0.0
1629002,Chimezie Metu,1610612758,SAC,26.0,2022-23,0.0,1.0,0.0,0.0,2.0,0.0,9.0,35.0,0.257,0.0,3.0,0.0
1628449,Chris Boucher,1610612761,TOR,30.0,2022-23,14.0,40.0,0.35,19.0,54.0,0.352,28.0,91.0,0.308,33.0,94.0,0.351
1630537,Chris Duarte,1610612754,IND,26.0,2022-23,13.0,34.0,0.382,8.0,27.0,0.296,34.0,111.0,0.306,21.0,61.0,0.344
101108,Chris Paul,1610612756,PHX,38.0,2022-23,6.0,16.0,0.375,2.0,4.0,0.5,90.0,240.0,0.375,8.0,20.0,0.4
1629735,Chris Silva,1610612737,ATL,26.0,2022-23,,,,0.0,0.0,0.0,0.0,0.0,0.0,0.0,0.0,0.0
1631128,Christian Braun,1610612743,DEN,22.0,2022-23,12.0,26.0,0.462,4.0,14.0,0.286,18.0,56.0,0.321,16.0,40.0,0.4
1631132,Christian Koloko,1610612761,TOR,23.0,2022-23,0.0,3.0,0.0,1.0,3.0,0.333,0.0,5.0,0.0,1.0,6.0,0.167
1626174,Christian Wood,1610612742,DAL,27.0,2022-23,5.0,16.0,0.313,10.0,32.0,0.313,89.0,228.0,0.39,15.0,48.0,0.313
1629643,Chuma Okeke,1610612753,ORL,24.0,2022-23,4.0,10.0,0.4,4.0,7.0,0.571,18.0,68.0,0.265,8.0,17.0,0.471
203991,Clint Capela,1610612737,ATL,29.0,2022-23,0.0,0.0,0.0,0.0,0.0,0.0,0.0,0.0,0.0,0.0,0.0,0.0
1629632,Coby White,1610612741,CHI,23.0,2022-23,11.0,37.0,0.297,10.0,17.0,0.588,105.0,286.0,0.367,21.0,54.0,0.389
1628998,Cody Martin,1610612766,CHA,27.0,2022-23,1.0,3.0,0.333,2.0,3.0,0.667,0.0,8.0,0.0,3.0,6.0,0.5
203469,Cody Zeller,1610612748,MIA,30.0,2022-23,0.0,0.0,0.0,0.0,1.0,0.0,0.0,1.0,0.0,0.0,1.0,0.0
1630175,Cole Anthony,1610612753,ORL,23.0,2022-23,6.0,14.0,0.429,1.0,5.0,0.2,68.0,187.0,0.364,7.0,19.0,0.368
1631306,Cole Swider,1610612747,LAL,24.0,2022-23,2.0,2.0,1.0,0.0,0.0,0.0,1.0,6.0,0.167,2.0,2.0,1.0
1629012,Collin Sexton,1610612762,UTA,24.0,2022-23,6.0,15.0,0.4,6.0,11.0,0.545,36.0,96.0,0.375,12.0,26.0,0.462
1630557,Corey Kispert,1610612764,WAS,24.0,2022-23,26.0,52.0,0.5,18.0,38.0,0.474,118.0,292.0,0.404,44.0,90.0,0.489
202709,Cory Joseph,1610612765,DET,31.0,2022-23,7.0,13.0,0.538,6.0,20.0,0.3,57.0,146.0,0.39,13.0,33.0,0.394
1626156,D'Angelo Russell,1610612747,LAL,27.0,2022-23,14.0,32.0,0.438,8.0,22.0,0.364,171.0,434.0,0.394,22.0,54.0,0.407
1630227,Daishen Nix,1610612745,HOU,21.0,2022-23,2.0,7.0,0.286,3.0,14.0,0.214,35.0,116.0,0.302,5.0,21.0,0.238
1630625,Dalano Banton,1610612761,TOR,23.0,2022-23,1.0,6.0,0.167,2.0,6.0,0.333,12.0,38.0,0.316,3.0,12.0,0.25
1631207,Dalen Terry,1610612741,CHI,20.0,2022-23,1.0,4.0,0.25,2.0,8.0,0.25,4.0,15.0,0.267,3.0,12.0,0.25
1627745,Damian Jones,1610612762,UTA,28.0,2022-23,3.0,5.0,0.6,6.0,8.0,0.75,1.0,3.0,0.333,9.0,13.0,0.692
203081,Damian Lillard,1610612757,POR,32.0,2022-23,6.0,22.0,0.273,10.0,19.0,0.526,228.0,615.0,0.371,16.0,41.0,0.39
1627814,Damion Lee,1610612756,PHX,30.0,2022-23,32.0,53.0,0.604,20.0,49.0,0.408,58.0,144.0,0.403,52.0,102.0,0.51
1629655,Daniel Gafford,1610612764,WAS,24.0,2022-23,0.0,0.0,0.0,0.0,0.0,0.0,0.0,0.0,0.0,0.0,0.0,0.0
1628464,Daniel Theis,1610612754,IND,31.0,2022-23,0.0,0.0,0.0,1.0,2.0,0.5,1.0,8.0,0.125,1.0,2.0,0.5
201980,Danny Green,1610612739,CLE,36.0,2022-23,2.0,3.0,0.667,3.0,9.0,0.333,11.0,25.0,0.44,5.0,12.0,0.417
1627863,Danuel House Jr.,1610612755,PHI,30.0,2022-23,8.0,24.0,0.333,11.0,31.0,0.355,18.0,54.0,0.333,19.0,55.0,0.345
203967,Dario Saric,1610612760,OKC,29.0,2022-23,7.0,13.0,0.538,6.0,16.0,0.375,32.0,86.0,0.372,13.0,29.0,0.448
1629647,Darius Bazley,1610612756,PHX,23.0,2022-23,3.0,10.0,0.3,6.0,9.0,0.667,11.0,34.0,0.324,9.0,19.0,0.474
1630620,Darius Days,1610612745,HOU,23.0,2022-23,2.0,4.0,0.5,0.0,2.0,0.0,1.0,4.0,0.25,2.0,6.0,0.333
1629636,Darius Garland,1610612739,CLE,23.0,2022-23,4.0,13.0,0.308,13.0,27.0,0.481,152.0,372.0,0.409,17.0,40.0,0.425
1630561,David Duke Jr.,1610612751,BKN,23.0,2022-23,0.0,5.0,0.0,0.0,1.0,0.0,1.0,6.0,0.167,0.0,6.0,0.0
1631223,David Roddy,1610612763,MEM,22.0,2022-23,19.0,51.0,0.373,12.0,43.0,0.279,34.0,117.0,0.291,31.0,94.0,0.33
1630558,Davion Mitchell,1610612758,SAC,24.0,2022-23,5.0,17.0,0.294,7.0,22.0,0.318,51.0,156.0,0.327,12.0,39.0,0.308
202722,Davis Bertans,1610612742,DAL,30.0,2022-23,13.0,20.0,0.65,4.0,14.0,0.286,38.0,106.0,0.358,17.0,34.0,0.5
1628432,Davon Reed,1610612743,DEN,28.0,2022-23,2.0,10.0,0.2,3.0,4.0,0.75,12.0,32.0,0.375,5.0,14.0,0.357
1630549,Day'Ron Sharpe,1610612751,BKN,21.0,2022-23,0.0,0.0,0.0,0.0,1.0,0.0,6.0,10.0,0.6,0.0,1.0,0.0
1628368,De'Aaron Fox,1610612758,SAC,25.0,2022-23,9.0,29.0,0.31,4.0,19.0,0.211,107.0,320.0,0.334,13.0,48.0,0.271
1629631,De'Andre Hunter,1610612737,ATL,25.0,2022-23,28.0,78.0,0.359,18.0,42.0,0.429,54.0,166.0,0.325,46.0,120.0,0.383
1629001,De'Anthony Melton,1610612755,PHI,25.0,2022-23,17.0,51.0,0.333,22.0,53.0,0.415,117.0,295.0,0.397,39.0,104.0,0.375
201599,DeAndre Jordan,1610612743,DEN,34.0,2022-23,0.0,0.0,0.0,0.0,0.0,0.0,1.0,1.0,1.0,0.0,0.0,0.0
201942,DeMar DeRozan,1610612741,CHI,33.0,2022-23,13.0,42.0,0.31,2.0,5.0,0.4,32.0,95.0,0.337,15.0,47.0,0.319
1629731,Dean Wade,1610612739,CLE,26.0,2022-23,10.0,27.0,0.37,11.0,27.0,0.407,24.0,72.0,0.333,21.0,54.0,0.389
1629028,Deandre Ayton,1610612756,PHX,24.0,2022-23,0.0,0.0,0.0,0.0,0.0,0.0,7.0,24.0,0.292,0.0,0.0,0.0
1627749,Dejounte Murray,1610612737,ATL,26.0,2022-23,30.0,57.0,0.526,11.0,35.0,0.314,91.0,293.0,0.311,41.0,92.0,0.446
1626153,Delon Wright,1610612764,WAS,31.0,2022-23,8.0,20.0,0.4,3.0,11.0,0.273,30.0,84.0,0.357,11.0,31.0,0.355
1630166,Deni Avdija,1610612764,WAS,22.0,2022-23,9.0,28.0,0.321,12.0,33.0,0.364,48.0,170.0,0.282,21.0,61.0,0.344
203471,Dennis Schröder,1610612747,LAL,29.0,2022-23,13.0,40.0,0.325,7.0,21.0,0.333,54.0,162.0,0.333,20.0,61.0,0.328
1628372,Dennis Smith Jr.,1610612766,CHA,25.0,2022-23,6.0,19.0,0.316,1.0,7.0,0.143,17.0,83.0,0.205,7.0,26.0,0.269
1629126,Deonte Burton,1610612758,SAC,29.0,2022-23,0.0,1.0,0.0,0.0,0.0,0.0,0.0,0.0,0.0,0.0,1.0,0.0
1631220,Dereon Seabron,1610612740,NOP,23.0,2022-23,0.0,0.0,0.0,0.0,0.0,0.0,0.0,0.0,0.0,0.0,0.0,0.0
1627884,Derrick Jones Jr.,1610612741,CHI,26.0,2022-23,13.0,31.0,0.419,5.0,20.0,0.25,9.0,29.0,0.31,18.0,51.0,0.353
201565,Derrick Rose,1610612752,NYK,34.0,2022-23,4.0,8.0,0.5,0.0,5.0,0.0,15.0,50.0,0.3,4.0,13.0,0.308
1628401,Derrick White,1610612738,BOS,28.0,2022-23,21.0,53.0,0.396,24.0,62.0,0.387,104.0,276.0,0.377,45.0,115.0,0.391
1630217,Desmond Bane,1610612763,MEM,25.0,2022-23,21.0,45.0,0.467,11.0,17.0,0.647,134.0,343.0,0.391,32.0,62.0,0.516
1626164,Devin Booker,1610612756,PHX,26.0,2022-23,10.0,24.0,0.417,8.0,25.0,0.32,93.0,267.0,0.348,18.0,49.0,0.367
1630170,Devin Vassell,1610612759,SAS,22.0,2022-23,9.0,22.0,0.409,13.0,24.0,0.542,81.0,217.0,0.373,22.0,46.0,0.478
1629653,Devon Dotson,1610612764,WAS,23.0,2022-23,0.0,0.0,0.0,0.0,3.0,0.0,1.0,1.0,1.0,0.0,3.0,0.0
1628984,Devonte' Graham,1610612759,SAS,28.0,2022-23,13.0,21.0,0.619,4.0,16.0,0.25,102.0,298.0,0.342,17.0,37.0,0.459
203473,Dewayne Dedmon,1610612755,PHI,33.0,2022-23,0.0,4.0,0.0,1.0,2.0,0.5,11.0,33.0,0.333,1.0,6.0,0.167
1628415,Dillon Brooks,1610612763,MEM,27.0,2022-23,19.0,50.0,0.38,9.0,33.0,0.273,115.0,354.0,0.325,28.0,83.0,0.337
1627734,Domantas Sabonis,1610612758,SAC,27.0,2022-23,2.0,7.0,0.286,0.0,3.0,0.0,29.0,72.0,0.403,2.0,10.0,0.2
1631230,Dominick Barlow,1610612759,SAS,20.0,2022-23,0.0,1.0,0.0,0.0,2.0,0.0,0.0,1.0,0.0,0.0,3.0,0.0
1628378,Donovan Mitchell,1610612739,CLE,26.0,2022-23,10.0,24.0,0.417,4.0,13.0,0.308,231.0,592.0,0.39,14.0,37.0,0.378
1631495,Donovan Williams,1610612737,ATL,21.0,2022-23,0.0,1.0,0.0,,,,0.0,1.0,0.0,0.0,1.0,0.0
1628978,Donte DiVincenzo,1610612744,GSW,26.0,2022-23,18.0,44.0,0.409,21.0,47.0,0.447,111.0,285.0,0.389,39.0,91.0,0.429
1627827,Dorian Finney-Smith,1610612751,BKN,30.0,2022-23,27.0,63.0,0.429,23.0,71.0,0.324,63.0,199.0,0.317,50.0,134.0,0.373
203926,Doug McDermott,1610612759,SAS,31.0,2022-23,18.0,40.0,0.45,7.0,20.0,0.35,98.0,237.0,0.414,25.0,60.0,0.417
203110,Draymond Green,1610612744,GSW,33.0,2022-23,4.0,22.0,0.182,9.0,19.0,0.474,27.0,88.0,0.307,13.0,41.0,0.317
1629234,Drew Eubanks,1610612757,POR,26.0,2022-23,0.0,2.0,0.0,0.0,1.0,0.0,7.0,15.0,0.467,0.0,3.0,0.0
1630696,Dru Smith,1610612751,BKN,25.0,2022-23,2.0,6.0,0.333,1.0,1.0,1.0,2.0,12.0,0.167,3.0,7.0,0.429
1630613,Duane Washington Jr.,1610612752,NYK,23.0,2022-23,4.0,11.0,0.364,3.0,10.0,0.3,33.0,88.0,0.375,7.0,21.0,0.333
1629130,Duncan Robinson,1610612748,MIA,29.0,2022-23,6.0,22.0,0.273,6.0,17.0,0.353,51.0,152.0,0.336,12.0,39.0,0.308
203939,Dwight Powell,1610612742,DAL,31.0,2022-23,0.0,0.0,0.0,0.0,2.0,0.0,0.0,3.0,0.0,0.0,2.0,0.0
1629685,Dylan Windler,1610612739,CLE,26.0,2022-23,1.0,1.0,1.0,,,,0.0,1.0,0.0,1.0,1.0,1.0
1630700,Dyson Daniels,1610612740,NOP,20.0,2022-23,3.0,9.0,0.333,6.0,17.0,0.353,18.0,57.0,0.316,9.0,26.0,0.346
1628410,Edmond Sumner,1610612751,BKN,27.0,2022-23,10.0,28.0,0.357,6.0,18.0,0.333,15.0,41.0,0.366,16.0,46.0,0.348
201569,Eric Gordon,1610612746,LAC,34.0,2022-23,8.0,20.0,0.4,6.0,11.0,0.545,118.0,324.0,0.364,14.0,31.0,0.452
1630647,Eugene Omoruyi,1610612765,DET,26.0,2022-23,6.0,16.0,0.375,8.0,27.0,0.296,11.0,45.0,0.244,14.0,43.0,0.326
203095,Evan Fournier,1610612752,NYK,30.0,2022-23,7.0,20.0,0.35,3.0,9.0,0.333,25.0,84.0,0.298,10.0,29.0,0.345
1630596,Evan Mobley,1610612739,CLE,22.0,2022-23,2.0,19.0,0.105,6.0,25.0,0.24,14.0,58.0,0.241,8.0,44.0,0.182
1630267,Facundo Campazzo,1610612742,DAL,32.0,2022-23,1.0,1.0,1.0,0.0,1.0,0.0,2.0,9.0,0.222,1.0,2.0,0.5
1628402,Frank Jackson,1610612756,PHX,25.0,2022-23,,,,,,,0.0,1.0,0.0,,,
1626163,Frank Kaminsky,1610612745,HOU,30.0,2022-23,0.0,2.0,0.0,0.0,1.0,0.0,13.0,30.0,0.433,0.0,3.0,0.0
1628373,Frank Ntilikina,1610612742,DAL,24.0,2022-23,2.0,15.0,0.133,3.0,10.0,0.3,12.0,40.0,0.3,5.0,25.0,0.2
1630532,Franz Wagner,1610612753,ORL,21.0,2022-23,18.0,34.0,0.529,9.0,29.0,0.31,103.0,293.0,0.352,27.0,63.0,0.429
1627832,Fred VanVleet,1610612761,TOR,29.0,2022-23,16.0,33.0,0.485,17.0,45.0,0.378,173.0,522.0,0.331,33.0,78.0,0.423
1627788,Furkan Korkmaz,1610612755,PHI,25.0,2022-23,4.0,10.0,0.4,2.0,6.0,0.333,12.0,29.0,0.414,6.0,16.0,0.375
1629216,Gabe Vincent,1610612748,MIA,27.0,2022-23,19.0,66.0,0.288,25.0,50.0,0.5,73.0,234.0,0.312,44.0,116.0,0.379
1628221,Gabe York,1610612754,IND,29.0,2022-23,2.0,3.0,0.667,1.0,3.0,0.333,3.0,12.0,0.25,3.0,6.0,0.5
202066,Garrett Temple,1610612740,NOP,37.0,2022-23,1.0,2.0,0.5,2.0,5.0,0.4,8.0,18.0,0.444,3.0,7.0,0.429
1629726,Garrison Mathews,1610612737,ATL,26.0,2022-23,8.0,28.0,0.286,8.0,15.0,0.533,47.0,137.0,0.343,16.0,43.0,0.372
203914,Gary Harris,1610612753,ORL,28.0,2022-23,21.0,48.0,0.438,22.0,46.0,0.478,51.0,124.0,0.411,43.0,94.0,0.457
1627780,Gary Payton II,1610612744,GSW,30.0,2022-23,6.0,10.0,0.6,5.0,10.0,0.5,2.0,6.0,0.333,11.0,20.0,0.55
1629018,Gary Trent Jr.,1610612761,TOR,24.0,2022-23,14.0,49.0,0.286,12.0,36.0,0.333,141.0,366.0,0.385,26.0,85.0,0.306
201588,George Hill,1610612754,IND,37.0,2022-23,5.0,12.0,0.417,9.0,22.0,0.409,19.0,56.0,0.339,14.0,34.0,0.412
1627777,Georges Niang,1610612755,PHI,30.0,2022-23,22.0,46.0,0.478,19.0,32.0,0.594,113.0,306.0,0.369,41.0,78.0,0.526
203507,Giannis Antetokounmpo,1610612749,MIL,28.0,2022-23,1.0,5.0,0.2,0.0,0.0,0.0,46.0,166.0,0.277,1.0,5.0,0.2
1629048,Goga Bitadze,1610612753,ORL,23.0,2022-23,0.0,1.0,0.0,0.0,0.0,0.0,6.0,25.0,0.24,0.0,1.0,0.0
201609,Goran Dragic,1610612749,MIL,37.0,2022-23,10.0,23.0,0.435,3.0,5.0,0.6,38.0,116.0,0.328,13.0,28.0,0.464
202330,Gordon Hayward,1610612766,CHA,33.0,2022-23,9.0,23.0,0.391,7.0,15.0,0.467,36.0,122.0,0.295,16.0,38.0,0.421
203476,Gorgui Dieng,1610612759,SAS,33.0,2022-23,1.0,2.0,0.5,2.0,5.0,0.4,18.0,68.0,0.265,3.0,7.0,0.429
1629684,Grant Williams,1610612738,BOS,24.0,2022-23,25.0,64.0,0.391,28.0,61.0,0.459,62.0,163.0,0.38,53.0,125.0,0.424
1628960,Grayson Allen,1610612749,MIL,27.0,2022-23,23.0,55.0,0.418,15.0,26.0,0.577,108.0,285.0,0.379,38.0,81.0,0.469
1630535,Greg Brown III,1610612757,POR,21.0,2022-23,0.0,2.0,0.0,1.0,1.0,1.0,0.0,4.0,0.0,1.0,3.0,0.333
1628977,Hamidou Diallo,1610612765,DET,24.0,2022-23,2.0,9.0,0.222,2.0,3.0,0.667,1.0,8.0,0.125,4.0,12.0,0.333
203084,Harrison Barnes,1610612758,SAC,31.0,2022-23,25.0,64.0,0.391,27.0,68.0,0.397,80.0,219.0,0.365,52.0,132.0,0.394
1629312,Haywood Highsmith,1610612748,MIA,26.0,2022-23,9.0,22.0,0.409,8.0,28.0,0.286,20.0,59.0,0.339,17.0,50.0,0.34
1630529,Herbert Jones,1610612740,NOP,24.0,2022-23,17.0,50.0,0.34,13.0,37.0,0.351,26.0,78.0,0.333,30.0,87.0,0.345
1630193,Immanuel Quickley,1610612752,NYK,24.0,2022-23,17.0,56.0,0.304,28.0,71.0,0.394,123.0,326.0,0.377,45.0,127.0,0.354
1630171,Isaac Okoro,1610612739,CLE,22.0,2022-23,18.0,52.0,0.346,38.0,99.0,0.384,6.0,20.0,0.3,56.0,151.0,0.371
1628392,Isaiah Hartenstein,1610612752,NYK,25.0,2022-23,5.0,14.0,0.357,3.0,11.0,0.273,0.0,12.0,0.0,8.0,25.0,0.32
1630543,Isaiah Jackson,1610612754,IND,21.0,2022-23,0.0,2.0,0.0,1.0,1.0,1.0,1.0,11.0,0.091,1.0,3.0,0.333
1630198,Isaiah Joe,1610612760,OKC,23.0,2022-23,16.0,36.0,0.444,11.0,20.0,0.55,134.0,336.0,0.399,27.0,56.0,0.482
1630587,Isaiah Livers,1610612765,DET,24.0,2022-23,8.0,23.0,0.348,21.0,46.0,0.457,45.0,131.0,0.344,29.0,69.0,0.42
1630600,Isaiah Mobley,1610612739,CLE,23.0,2022-23,0.0,0.0,0.0,1.0,1.0,1.0,2.0,7.0,0.286,1.0,1.0,1.0
1629676,Isaiah Roby,1610612752,NYK,25.0,2022-23,2.0,3.0,0.667,3.0,10.0,0.3,13.0,47.0,0.277,5.0,13.0,0.385
1630191,Isaiah Stewart,1610612765,DET,22.0,2022-23,11.0,32.0,0.344,12.0,37.0,0.324,44.0,136.0,0.324,23.0,69.0,0.333
1630225,Isaiah Todd,1610612764,WAS,21.0,2022-23,0.0,1.0,0.0,0.0,2.0,0.0,1.0,7.0,0.143,0.0,3.0,0.0
202397,Ish Smith,1610612743,DEN,34.0,2022-23,0.0,2.0,0.0,0.0,0.0,0.0,1.0,9.0,0.111,0.0,2.0,0.0
1630688,Ish Wainright,1610612756,PHX,28.0,2022-23,15.0,46.0,0.326,15.0,44.0,0.341,27.0,81.0,0.333,30.0,90.0,0.333
1627826,Ivica Zubac,1610612746,LAC,26.0,2022-23,0.0,0.0,0.0,0.0,0.0,0.0,0.0,1.0,0.0,0.0,0.0,0.0
1631120,JD Davison,1610612738,BOS,20.0,2022-23,0.0,0.0,0.0,0.0,0.0,0.0,2.0,7.0,0.286,0.0,0.0,0.0
1630550,JT Thor,1610612766,CHA,20.0,2022-23,15.0,43.0,0.349,12.0,26.0,0.462,12.0,54.0,0.222,27.0,69.0,0.391
1629630,Ja Morant,1610612763,MEM,23.0,2022-23,7.0,19.0,0.368,6.0,13.0,0.462,79.0,265.0,0.298,13.0,32.0,0.406
203210,JaMychal Green,1610612744,GSW,33.0,2022-23,6.0,23.0,0.261,10.0,20.0,0.5,26.0,68.0,0.382,16.0,43.0,0.372
201580,JaVale McGee,1610612742,DAL,35.0,2022-23,0.0,1.0,0.0,0.0,0.0,0.0,2.0,4.0,0.5,0.0,1.0,0.0
1631095,Jabari Smith Jr.,1610612745,HOU,20.0,2022-23,13.0,36.0,0.361,13.0,36.0,0.361,94.0,318.0,0.296,26.0,72.0,0.361
1631133,Jabari Walker,1610612757,POR,20.0,2022-23,1.0,10.0,0.1,1.0,4.0,0.25,14.0,42.0,0.333,2.0,14.0,0.143
1631298,Jack White,1610612743,DEN,25.0,2022-23,1.0,3.0,0.333,1.0,3.0,0.333,1.0,3.0,0.333,2.0,6.0,0.333
1631367,Jacob Gilyard,1610612763,MEM,24.0,2022-23,0.0,1.0,0.0,0.0,0.0,0.0,1.0,2.0,0.5,0.0,1.0,0.0
1630702,Jaden Hardy,1610612742,DAL,20.0,2022-23,12.0,23.0,0.522,5.0,14.0,0.357,45.0,116.0,0.388,17.0,37.0,0.459
1631093,Jaden Ivey,1610612765,DET,21.0,2022-23,8.0,22.0,0.364,8.0,23.0,0.348,104.0,302.0,0.344,16.0,45.0,0.356
1630183,Jaden McDaniels,1610612750,MIN,22.0,2022-23,33.0,70.0,0.471,26.0,73.0,0.356,45.0,119.0,0.378,59.0,143.0,0.413
1630531,Jaden Springer,1610612755,PHI,20.0,2022-23,0.0,2.0,0.0,0.0,0.0,0.0,2.0,3.0,0.667,0.0,2.0,0.0
203109,Jae Crowder,1610612749,MIL,32.0,2022-23,5.0,8.0,0.625,2.0,7.0,0.286,17.0,40.0,0.425,7.0,15.0,0.467
1630256,Jae'Sean Tate,1610612745,HOU,27.0,2022-23,4.0,11.0,0.364,1.0,5.0,0.2,7.0,28.0,0.25,5.0,16.0,0.313
1631222,Jake LaRavia,1610612763,MEM,21.0,2022-23,4.0,8.0,0.5,2.0,4.0,0.5,18.0,58.0,0.31,6.0,12.0,0.5
1627751,Jakob Poeltl,1610612761,TOR,27.0,2022-23,0.0,0.0,0.0,0.0,0.0,0.0,0.0,0.0,0.0,0.0,0.0,0.0
1628973,Jalen Brunson,1610612752,NYK,26.0,2022-23,13.0,23.0,0.565,18.0,47.0,0.383,100.0,249.0,0.402,31.0,70.0,0.443
1631105,Jalen Duren,1610612765,DET,19.0,2022-23,0.0,1.0,0.0,0.0,0.0,0.0,0.0,1.0,0.0,0.0,1.0,0.0
1630224,Jalen Green,1610612745,HOU,21.0,2022-23,12.0,40.0,0.3,12.0,33.0,0.364,163.0,477.0,0.342,24.0,73.0,0.329
1630552,Jalen Johnson,1610612737,ATL,21.0,2022-23,4.0,18.0,0.222,9.0,28.0,0.321,17.0,55.0,0.309,13.0,46.0,0.283
1629667,Jalen McDaniels,1610612755,PHI,25.0,2022-23,14.0,39.0,0.359,18.0,54.0,0.333,45.0,139.0,0.324,32.0,93.0,0.344
1630188,Jalen Smith,1610612754,IND,23.0,2022-23,9.0,30.0,0.3,8.0,31.0,0.258,37.0,130.0,0.285,17.0,61.0,0.279
1630591,Jalen Suggs,1610612753,ORL,22.0,2022-23,5.0,12.0,0.417,6.0,15.0,0.4,55.0,173.0,0.318,11.0,27.0,0.407
1631114,Jalen Williams,1610612760,OKC,22.0,2022-23,6.0,22.0,0.273,5.0,10.0,0.5,62.0,171.0,0.363,11.0,32.0,0.344
1631288,Jamal Cain,1610612748,MIA,24.0,2022-23,2.0,5.0,0.4,1.0,6.0,0.167,4.0,8.0,0.5,3.0,11.0,0.273
1627750,Jamal Murray,1610612743,DEN,26.0,2022-23,17.0,33.0,0.515,11.0,22.0,0.5,144.0,369.0,0.39,28.0,55.0,0.509
1631123,Jamaree Bouyea,1610612748,MIA,24.0,2022-23,0.0,0.0,0.0,0.0,0.0,0.0,2.0,6.0,0.333,0.0,0.0,0.0
1630547,James Bouknight,1610612766,CHA,22.0,2022-23,4.0,9.0,0.444,2.0,10.0,0.2,27.0,89.0,0.303,6.0,19.0,0.316
201935,James Harden,1610612755,PHI,33.0,2022-23,2.0,8.0,0.25,7.0,18.0,0.389,152.0,392.0,0.388,9.0,26.0,0.346
201949,James Johnson,1610612754,IND,36.0,2022-23,0.0,1.0,0.0,1.0,7.0,0.143,2.0,7.0,0.286,1.0,8.0,0.125
1630164,James Wiseman,1610612765,DET,22.0,2022-23,0.0,1.0,0.0,0.0,0.0,0.0,4.0,19.0,0.211,0.0,1.0,0.0
1630215,Jared Butler,1610612760,OKC,22.0,2022-23,0.0,0.0,0.0,0.0,1.0,0.0,7.0,13.0,0.538,0.0,1.0,0.0
1631197,Jared Rhoden,1610612765,DET,23.0,2022-23,3.0,6.0,0.5,0.0,3.0,0.0,2.0,11.0,0.182,3.0,9.0,0.333
1628991,Jaren Jackson Jr.,1610612763,MEM,23.0,2022-23,14.0,41.0,0.341,6.0,20.0,0.3,80.0,217.0,0.369,20.0,61.0,0.328
1629020,Jarred Vanderbilt,1610612747,LAL,24.0,2022-23,5.0,24.0,0.208,23.0,58.0,0.397,0.0,7.0,0.0,28.0,82.0,0.341
1629714,Jarrell Brantley,1610612762,UTA,27.0,2022-23,1.0,3.0,0.333,0.0,0.0,0.0,3.0,6.0,0.5,1.0,3.0,0.333
1628386,Jarrett Allen,1610612739,CLE,25.0,2022-23,0.0,3.0,0.0,0.0,4.0,0.0,1.0,3.0,0.333,0.0,7.0,0.0
1629633,Jarrett Culver,1610612737,ATL,24.0,2022-23,0.0,1.0,0.0,1.0,2.0,0.5,0.0,9.0,0.0,1.0,3.0,0.333
1630554,Jason Preston,1610612746,LAC,23.0,2022-23,1.0,2.0,0.5,1.0,3.0,0.333,3.0,12.0,0.25,2.0,5.0,0.4
1629750,Javonte Green,1610612741,CHI,29.0,2022-23,3.0,12.0,0.25,2.0,6.0,0.333,8.0,17.0,0.471,5.0,18.0,0.278
1629637,Jaxson Hayes,1610612740,NOP,23.0,2022-23,1.0,7.0,0.143,1.0,6.0,0.167,1.0,16.0,0.063,2.0,13.0,0.154
1630643,Jay Huff,1610612764,WAS,25.0,2022-23,0.0,0.0,0.0,0.0,1.0,0.0,6.0,11.0,0.545,0.0,1.0,0.0
1630206,Jay Scrubb,1610612753,ORL,22.0,2022-23,0.0,0.0,0.0,1.0,1.0,1.0,1.0,1.0,1.0,1.0,1.0,1.0
1627759,Jaylen Brown,1610612738,BOS,26.0,2022-23,10.0,32.0,0.313,8.0,33.0,0.242,144.0,420.0,0.343,18.0,65.0,0.277
1629669,Jaylen Nowell,1610612750,MIN,23.0,2022-23,3.0,12.0,0.25,5.0,27.0,0.185,58.0,188.0,0.309,8.0,39.0,0.205
1631119,Jaylin Williams,1610612760,OKC,21.0,2022-23,4.0,9.0,0.444,6.0,10.0,0.6,35.0,93.0,0.376,10.0,19.0,0.526
1628369,Jayson Tatum,1610612738,BOS,25.0,2022-23,15.0,32.0,0.469,13.0,27.0,0.481,211.0,626.0,0.337,28.0,59.0,0.475
1630288,Jeff Dowtin Jr.,1610612761,TOR,26.0,2022-23,2.0,5.0,0.4,1.0,3.0,0.333,2.0,8.0,0.25,3.0,8.0,0.375
201145,Jeff Green,1610612743,DEN,36.0,2022-23,7.0,18.0,0.389,9.0,20.0,0.45,14.0,64.0,0.219,16.0,38.0,0.421
203924,Jerami Grant,1610612757,POR,29.0,2022-23,20.0,48.0,0.417,34.0,90.0,0.378,90.0,219.0,0.411,54.0,138.0,0.391
1630526,Jeremiah Robinson-Earl,1610612760,OKC,22.0,2022-23,6.0,27.0,0.222,8.0,17.0,0.471,23.0,66.0,0.348,14.0,44.0,0.318
1631110,Jeremy Sochan,1610612759,SAS,20.0,2022-23,4.0,19.0,0.211,1.0,17.0,0.059,28.0,93.0,0.301,5.0,36.0,0.139
1630579,Jericho Sims,1610612752,NYK,24.0,2022-23,0.0,0.0,0.0,0.0,0.0,0.0,0.0,0.0,0.0,0.0,0.0,0.0
1628975,Jevon Carter,1610612749,MIL,27.0,2022-23,17.0,47.0,0.362,17.0,35.0,0.486,108.0,255.0,0.424,34.0,82.0,0.415
202710,Jimmy Butler III,1610612748,MIA,33.0,2022-23,11.0,30.0,0.367,8.0,26.0,0.308,17.0,46.0,0.37,19.0,56.0,0.339
1629111,Jock Landale,1610612756,PHX,27.0,2022-23,1.0,2.0,0.5,0.0,1.0,0.0,20.0,80.0,0.25,1.0,3.0,0.333
203925,Joe Harris,1610612751,BKN,31.0,2022-23,22.0,43.0,0.512,23.0,53.0,0.434,97.0,236.0,0.411,45.0,96.0,0.469
204060,Joe Ingles,1610612749,MIL,35.0,2022-23,12.0,24.0,0.5,12.0,32.0,0.375,59.0,146.0,0.404,24.0,56.0,0.429
1630580,Joe Wieskamp,1610612761,TOR,23.0,2022-23,1.0,3.0,0.333,1.0,4.0,0.25,1.0,5.0,0.2,2.0,7.0,0.286
203954,Joel Embiid,1610612755,PHI,29.0,2022-23,2.0,6.0,0.333,0.0,2.0,0.0,64.0,188.0,0.34,2.0,8.0,0.25
1631219,John Butler Jr.,1610612757,POR,20.0,2022-23,0.0,3.0,0.0,2.0,4.0,0.5,6.0,28.0,0.214,2.0,7.0,0.286
1628381,John Collins,1610612737,ATL,25.0,2022-23,11.0,42.0,0.262,19.0,60.0,0.317,40.0,138.0,0.29,30.0,102.0,0.294
1629723,John Konchar,1610612763,MEM,27.0,2022-23,23.0,57.0,0.404,12.0,40.0,0.3,25.0,79.0,0.316,35.0,97.0,0.361
202322,John Wall,1610612746,LAC,32.0,2022-23,3.0,9.0,0.333,0.0,4.0,0.0,30.0,96.0,0.313,3.0,13.0,0.231
1631098,Johnny Davis,1610612764,WAS,21.0,2022-23,2.0,11.0,0.182,3.0,8.0,0.375,12.0,51.0,0.235,5.0,19.0,0.263
1630548,Johnny Juzang,1610612762,UTA,22.0,2022-23,4.0,12.0,0.333,0.0,5.0,0.0,11.0,46.0,0.239,4.0,17.0,0.235
202685,Jonas Valančiūnas,1610612740,NOP,31.0,2022-23,0.0,4.0,0.0,1.0,1.0,1.0,37.0,104.0,0.356,1.0,5.0,0.2
1628371,Jonathan Isaac,1610612753,ORL,25.0,2022-23,1.0,1.0,1.0,2.0,3.0,0.667,3.0,11.0,0.273,3.0,4.0,0.75
1630228,Jonathan Kuminga,1610612744,GSW,20.0,2022-23,14.0,38.0,0.368,13.0,28.0,0.464,27.0,80.0,0.338,27.0,66.0,0.409
203903,Jordan Clarkson,1610612762,UTA,31.0,2022-23,15.0,35.0,0.429,7.0,21.0,0.333,133.0,399.0,0.333,22.0,56.0,0.393
1630692,Jordan Goodwin,1610612764,WAS,24.0,2022-23,7.0,14.0,0.5,6.0,12.0,0.5,25.0,92.0,0.272,13.0,26.0,0.5
1631160,Jordan Hall,1610612759,SAS,21.0,2022-23,1.0,3.0,0.333,0.0,1.0,0.0,2.0,11.0,0.182,1.0,4.0,0.25
1629162,Jordan McLaughlin,1610612750,MIN,27.0,2022-23,7.0,15.0,0.467,2.0,10.0,0.2,15.0,48.0,0.313,9.0,25.0,0.36
1629670,Jordan Nwora,1610612754,IND,24.0,2022-23,14.0,40.0,0.35,11.0,26.0,0.423,61.0,145.0,0.421,25.0,66.0,0.379
1629673,Jordan Poole,1610612744,GSW,24.0,2022-23,19.0,43.0,0.442,7.0,33.0,0.212,188.0,553.0,0.34,26.0,76.0,0.342
1630648,Jordan Schakel,1610612764,WAS,25.0,2022-23,0.0,0.0,0.0,0.0,0.0,0.0,1.0,1.0,1.0,0.0,0.0,0.0
1630631,Jose Alvarado,1610612740,NOP,25.0,2022-23,13.0,29.0,0.448,16.0,44.0,0.364,54.0,171.0,0.316,29.0,73.0,0.397
1630528,Josh Christopher,1610612745,HOU,21.0,2022-23,5.0,11.0,0.455,0.0,8.0,0.0,16.0,70.0,0.229,5.0,19.0,0.263
1630581,Josh Giddey,1610612760,OKC,20.0,2022-23,7.0,23.0,0.304,5.0,7.0,0.714,64.0,203.0,0.315,12.0,30.0,0.4
1630182,Josh Green,1610612742,DAL,22.0,2022-23,25.0,53.0,0.472,21.0,65.0,0.323,22.0,49.0,0.449,46.0,118.0,0.39
1628404,Josh Hart,1610612752,NYK,28.0,2022-23,16.0,39.0,0.41,13.0,33.0,0.394,32.0,92.0,0.348,29.0,72.0,0.403
1631169,Josh Minott,1610612750,MIN,20.0,2022-23,0.0,1.0,0.0,1.0,2.0,0.5,1.0,3.0,0.333,1.0,3.0,0.333
1629006,Josh Okogie,1610612756,PHX,24.0,2022-23,18.0,55.0,0.327,11.0,37.0,0.297,37.0,105.0,0.352,29.0,92.0,0.315
1626196,Josh Richardson,1610612740,NOP,29.0,2022-23,13.0,27.0,0.481,8.0,23.0,0.348,86.0,242.0,0.355,21.0,50.0,0.42
1630563,Joshua Primo,1610612759,SAS,20.0,2022-23,0.0,1.0,0.0,1.0,2.0,0.5,2.0,9.0,0.222,1.0,3.0,0.333
201950,Jrue Holiday,1610612749,MIL,33.0,2022-23,15.0,28.0,0.536,8.0,23.0,0.348,135.0,356.0,0.379,23.0,51.0,0.451
1629308,Juan Toscano-Anderson,1610612762,UTA,30.0,2022-23,1.0,11.0,0.091,3.0,11.0,0.273,4.0,20.0,0.2,4.0,22.0,0.182
1627823,Juancho Hernangomez,1610612761,TOR,27.0,2022-23,3.0,10.0,0.3,6.0,18.0,0.333,8.0,39.0,0.205,9.0,28.0,0.321
1630577,Julian Champagnie,1610612759,SAS,22.0,2022-23,6.0,15.0,0.4,4.0,7.0,0.571,23.0,60.0,0.383,10.0,22.0,0.455
203944,Julius Randle,1610612752,NYK,28.0,2022-23,12.0,36.0,0.333,19.0,60.0,0.317,186.0,538.0,0.346,31.0,96.0,0.323
1630551,Justin Champagnie,1610612738,BOS,22.0,2022-23,0.0,2.0,0.0,0.0,0.0,0.0,1.0,3.0,0.333,0.0,2.0,0.0
203200,Justin Holiday,1610612742,DAL,34.0,2022-23,14.0,39.0,0.359,12.0,39.0,0.308,20.0,65.0,0.308,26.0,78.0,0.333
1628382,Justin Jackson,1610612738,BOS,28.0,2022-23,1.0,4.0,0.25,0.0,2.0,0.0,4.0,14.0,0.286,1.0,6.0,0.167
1631303,Justin Minaya,1610612757,POR,24.0,2022-23,0.0,3.0,0.0,1.0,1.0,1.0,2.0,8.0,0.25,1.0,4.0,0.25
1626159,Justise Winslow,1610612757,POR,27.0,2022-23,4.0,11.0,0.364,2.0,9.0,0.222,8.0,25.0,0.32,6.0,20.0,0.3
203994,Jusuf Nurkić,1610612757,POR,28.0,2022-23,2.0,4.0,0.5,3.0,11.0,0.273,38.0,103.0,0.369,5.0,15.0,0.333
1630231,KJ Martin,1610612745,HOU,22.0,2022-23,12.0,30.0,0.4,7.0,23.0,0.304,49.0,163.0,0.301,19.0,53.0,0.358
1629644,KZ Okpala,1610612758,SAC,24.0,2022-23,2.0,5.0,0.4,3.0,6.0,0.5,2.0,9.0,0.222,5.0,11.0,0.455
1630539,Kai Jones,1610612766,CHA,22.0,2022-23,1.0,3.0,0.333,1.0,5.0,0.2,2.0,11.0,0.182,2.0,8.0,0.25
1626157,Karl-Anthony Towns,1610612750,MIN,27.0,2022-23,2.0,14.0,0.143,1.0,5.0,0.2,56.0,144.0,0.389,3.0,19.0,0.158
202695,Kawhi Leonard,1610612746,LAC,32.0,2022-23,16.0,27.0,0.593,10.0,22.0,0.455,78.0,199.0,0.392,26.0,49.0,0.531
1631099,Keegan Murray,1610612758,SAC,22.0,2022-23,40.0,89.0,0.449,23.0,60.0,0.383,141.0,350.0,0.403,63.0,149.0,0.423
1628966,Keita Bates-Diop,1610612759,SAS,27.0,2022-23,10.0,35.0,0.286,13.0,27.0,0.481,33.0,80.0,0.413,23.0,62.0,0.371
1629640,Keldon Johnson,1610612759,SAS,23.0,2022-23,23.0,60.0,0.383,13.0,37.0,0.351,97.0,307.0,0.316,36.0,97.0,0.371
203482,Kelly Olynyk,1610612762,UTA,32.0,2022-23,11.0,25.0,0.44,11.0,25.0,0.44,71.0,186.0,0.382,22.0,50.0,0.44
1626162,Kelly Oubre Jr.,1610612766,CHA,27.0,2022-23,21.0,50.0,0.42,20.0,57.0,0.351,67.0,232.0,0.289,41.0,107.0,0.383
202689,Kemba Walker,1610612742,DAL,33.0,2022-23,0.0,1.0,0.0,1.0,2.0,0.5,6.0,25.0,0.24,1.0,3.0,0.333
1631112,Kendall Brown,1610612754,IND,20.0,2022-23,0.0,0.0,0.0,0.0,1.0,0.0,0.0,0.0,0.0,0.0,1.0,0.0
1629134,Kendrick Nunn,1610612764,WAS,27.0,2022-23,9.0,30.0,0.3,9.0,23.0,0.391,61.0,169.0,0.361,18.0,53.0,0.34
1631113,Kennedy Chandler,1610612763,MEM,20.0,2022-23,0.0,2.0,0.0,0.0,0.0,0.0,2.0,13.0,0.154,0.0,2.0,0.0
1631254,Kenneth Lofton Jr.,1610612763,MEM,20.0,2022-23,1.0,1.0,1.0,0.0,2.0,0.0,5.0,14.0,0.357,1.0,3.0,0.333
1629026,Kenrich Williams,1610612760,OKC,28.0,2022-23,10.0,25.0,0.4,11.0,23.0,0.478,29.0,85.0,0.341,21.0,48.0,0.438
203484,Kentavious Caldwell-Pope,1610612743,DEN,30.0,2022-23,32.0,79.0,0.405,23.0,56.0,0.411,79.0,181.0,0.436,55.0,135.0,0.407
1631165,Keon Ellis,1610612758,SAC,23.0,2022-23,1.0,1.0,1.0,0.0,1.0,0.0,5.0,10.0,0.5,1.0,2.0,0.5
1630553,Keon Johnson,1610612757,POR,21.0,2022-23,3.0,8.0,0.375,4.0,20.0,0.2,21.0,52.0,0.404,7.0,28.0,0.25
1630556,Kessler Edwards,1610612758,SAC,22.0,2022-23,2.0,14.0,0.143,5.0,7.0,0.714,10.0,34.0,0.294,7.0,21.0,0.333
201142,Kevin Durant,1610612756,PHX,34.0,2022-23,6.0,9.0,0.667,4.0,9.0,0.444,83.0,212.0,0.392,10.0,18.0,0.556
1628989,Kevin Huerter,1610612758,SAC,24.0,2022-23,21.0,52.0,0.404,15.0,34.0,0.441,169.0,423.0,0.4,36.0,86.0,0.419
1628995,Kevin Knox II,1610612757,POR,23.0,2022-23,11.0,29.0,0.379,12.0,40.0,0.3,41.0,116.0,0.353,23.0,69.0,0.333
201567,Kevin Love,1610612748,MIA,34.0,2022-23,13.0,29.0,0.448,6.0,22.0,0.273,79.0,244.0,0.324,19.0,51.0,0.373
1629645,Kevin Porter Jr.,1610612745,HOU,23.0,2022-23,13.0,21.0,0.619,9.0,25.0,0.36,119.0,338.0,0.352,22.0,46.0,0.478
1630284,Kevon Harris,1610612753,ORL,26.0,2022-23,6.0,11.0,0.545,1.0,3.0,0.333,9.0,29.0,0.31,7.0,14.0,0.5
1626172,Kevon Looney,1610612744,GSW,27.0,2022-23,0.0,0.0,0.0,0.0,0.0,0.0,0.0,1.0,0.0,0.0,0.0,0.0
203920,Khem Birch,1610612759,SAS,30.0,2022-23,1.0,2.0,0.5,0.0,0.0,0.0,0.0,0.0,0.0,1.0,2.0,0.5
203114,Khris Middleton,1610612749,MIL,31.0,2022-23,5.0,14.0,0.357,4.0,9.0,0.444,42.0,139.0,0.302,9.0,23.0,0.391
1630165,Killian Hayes,1610612765,DET,21.0,2022-23,8.0,39.0,0.205,10.0,37.0,0.27,62.0,210.0,0.295,18.0,76.0,0.237
1630184,Kira Lewis Jr.,1610612740,NOP,22.0,2022-23,2.0,3.0,0.667,2.0,3.0,0.667,11.0,27.0,0.407,4.0,6.0,0.667
202691,Klay Thompson,1610612744,GSW,33.0,2022-23,22.0,62.0,0.355,31.0,69.0,0.449,248.0,599.0,0.414,53.0,131.0,0.405
1628424,Kobi Simmons,1610612766,CHA,25.0,2022-23,0.0,0.0,0.0,0.0,0.0,0.0,1.0,5.0,0.2,0.0,0.0,0.0
1627739,Kris Dunn,1610612762,UTA,29.0,2022-23,1.0,3.0,0.333,1.0,2.0,0.5,15.0,31.0,0.484,2.0,5.0,0.4
204001,Kristaps Porziņģis,1610612764,WAS,27.0,2022-23,4.0,6.0,0.667,6.0,15.0,0.4,127.0,333.0,0.381,10.0,21.0,0.476
203937,Kyle Anderson,1610612750,MIN,29.0,2022-23,6.0,22.0,0.273,17.0,29.0,0.586,20.0,53.0,0.377,23.0,51.0,0.451
1628398,Kyle Kuzma,1610612764,WAS,27.0,2022-23,31.0,76.0,0.408,19.0,47.0,0.404,108.0,353.0,0.306,50.0,123.0,0.407
200768,Kyle Lowry,1610612748,MIA,37.0,2022-23,17.0,39.0,0.436,9.0,19.0,0.474,80.0,250.0,0.32,26.0,58.0,0.448
202681,Kyrie Irving,1610612742,DAL,31.0,2022-23,13.0,32.0,0.406,8.0,27.0,0.296,167.0,435.0,0.384,21.0,59.0,0.356
1630163,LaMelo Ball,1610612766,CHA,21.0,2022-23,14.0,33.0,0.424,6.0,22.0,0.273,124.0,326.0,0.38,20.0,55.0,0.364
1630205,Lamar Stevens,1610612739,CLE,25.0,2022-23,8.0,33.0,0.242,9.0,30.0,0.3,13.0,32.0,0.406,17.0,63.0,0.27
1629013,Landry Shamet,1610612756,PHX,26.0,2022-23,11.0,26.0,0.423,11.0,20.0,0.55,53.0,152.0,0.349,22.0,46.0,0.478
1626204,Larry Nance Jr.,1610612740,NOP,30.0,2022-23,3.0,7.0,0.429,7.0,17.0,0.412,3.0,17.0,0.176,10.0,24.0,0.417
1628374,Lauri Markkanen,1610612762,UTA,26.0,2022-23,34.0,61.0,0.557,17.0,42.0,0.405,149.0,408.0,0.365,51.0,103.0,0.495
2544,LeBron James,1610612747,LAL,38.0,2022-23,3.0,13.0,0.231,7.0,19.0,0.368,109.0,344.0,0.317,10.0,32.0,0.313
1630195,Leandro Bolmaro,1610612762,UTA,22.0,2022-23,0.0,0.0,0.0,0.0,0.0,0.0,0.0,4.0,0.0,0.0,0.0,0.0
1631311,Lester Quinones,1610612744,GSW,22.0,2022-23,0.0,1.0,0.0,0.0,0.0,0.0,2.0,3.0,0.667,0.0,1.0,0.0
1629623,Lindell Wigginton,1610612749,MIL,25.0,2022-23,0.0,0.0,0.0,1.0,2.0,0.5,5.0,16.0,0.313,1.0,2.0,0.5
1630322,Lindy Waters III,1610612760,OKC,25.0,2022-23,12.0,20.0,0.6,3.0,10.0,0.3,43.0,131.0,0.328,15.0,30.0,0.5
1629022,Lonnie Walker IV,1610612747,LAL,24.0,2022-23,16.0,31.0,0.516,13.0,40.0,0.325,62.0,176.0,0.352,29.0,71.0,0.408
1629663,Louis King,1610612755,PHI,24.0,2022-23,1.0,1.0,1.0,0.0,0.0,0.0,3.0,7.0,0.429,1.0,1.0,1.0
1629652,Luguentz Dort,1610612760,OKC,24.0,2022-23,22.0,50.0,0.44,18.0,50.0,0.36,94.0,307.0,0.306,40.0,100.0,0.4
1629029,Luka Dončić,1610612742,DAL,24.0,2022-23,3.0,15.0,0.2,3.0,9.0,0.333,179.0,509.0,0.352,6.0,24.0,0.25
1630568,Luka Garza,1610612750,MIN,24.0,2022-23,0.0,2.0,0.0,1.0,1.0,1.0,13.0,36.0,0.361,1.0,3.0,0.333
1629677,Luka Samanic,1610612762,UTA,23.0,2022-23,2.0,5.0,0.4,0.0,3.0,0.0,6.0,23.0,0.261,2.0,8.0,0.25
1628379,Luke Kennard,1610612763,MEM,27.0,2022-23,11.0,26.0,0.423,17.0,31.0,0.548,105.0,211.0,0.498,28.0,57.0,0.491
1628436,Luke Kornet,1610612738,BOS,27.0,2022-23,0.0,2.0,0.0,2.0,6.0,0.333,1.0,4.0,0.25,2.0,8.0,0.25
1630644,Mac McClung,1610612755,PHI,24.0,2022-23,0.0,1.0,0.0,1.0,3.0,0.333,3.0,7.0,0.429,1.0,4.0,0.25
1630201,Malachi Flynn,1610612761,TOR,25.0,2022-23,2.0,7.0,0.286,9.0,17.0,0.529,36.0,109.0,0.33,11.0,24.0,0.458
1631103,Malaki Branham,1610612759,SAS,20.0,2022-23,12.0,30.0,0.4,9.0,25.0,0.36,56.0,200.0,0.28,21.0,55.0,0.382
1627763,Malcolm Brogdon,1610612738,BOS,30.0,2022-23,15.0,28.0,0.536,7.0,24.0,0.292,110.0,245.0,0.449,22.0,52.0,0.423
1630792,Malcolm Hill,1610612741,CHI,27.0,2022-23,0.0,1.0,0.0,0.0,0.0,0.0,1.0,2.0,0.5,0.0,1.0,0.0
1627736,Malik Beasley,1610612747,LAL,26.0,2022-23,16.0,46.0,0.348,28.0,78.0,0.359,189.0,530.0,0.357,44.0,124.0,0.355
1628370,Malik Monk,1610612758,SAC,25.0,2022-23,17.0,40.0,0.425,14.0,30.0,0.467,112.0,326.0,0.344,31.0,70.0,0.443
1629603,Mamadi Diakite,1610612739,CLE,26.0,2022-23,1.0,5.0,0.2,1.0,5.0,0.2,5.0,11.0,0.455,2.0,10.0,0.2
1630699,MarJon Beauchamp,1610612749,MIL,22.0,2022-23,8.0,26.0,0.308,13.0,33.0,0.394,26.0,82.0,0.317,21.0,59.0,0.356
202694,Marcus Morris Sr.,1610612746,LAC,33.0,2022-23,15.0,56.0,0.268,7.0,16.0,0.438,90.0,233.0,0.386,22.0,72.0,0.306
203935,Marcus Smart,1610612738,BOS,29.0,2022-23,14.0,42.0,0.333,10.0,27.0,0.37,91.0,270.0,0.337,24.0,69.0,0.348
1631109,Mark Williams,1610612766,CHA,21.0,2022-23,0.0,0.0,0.0,0.0,0.0,0.0,0.0,0.0,0.0,0.0,0.0,0.0
1628365,Markelle Fultz,1610612753,ORL,25.0,2022-23,9.0,23.0,0.391,3.0,9.0,0.333,15.0,53.0,0.283,12.0,32.0,0.375
202693,Markieff Morris,1610612742,DAL,33.0,2022-23,3.0,10.0,0.3,6.0,14.0,0.429,19.0,47.0,0.404,9.0,24.0,0.375
1630250,Marko Simonovic,1610612741,CHI,23.0,2022-23,0.0,0.0,0.0,0.0,0.0,0.0,1.0,4.0,0.25,0.0,0.0,0.0
1628963,Marvin Bagley III,1610612765,DET,24.0,2022-23,3.0,13.0,0.231,3.0,6.0,0.5,13.0,46.0,0.283,6.0,19.0,0.316
203486,Mason Plumlee,1610612746,LAC,33.0,2022-23,0.0,0.0,0.0,0.0,0.0,0.0,0.0,0.0,0.0,0.0,0.0,0.0
1629680,Matisse Thybulle,1610612757,POR,26.0,2022-23,14.0,39.0,0.359,14.0,39.0,0.359,26.0,69.0,0.377,28.0,78.0,0.359
1630346,Matt Ryan,1610612750,MIN,26.0,2022-23,11.0,18.0,0.611,5.0,12.0,0.417,16.0,54.0,0.296,16.0,30.0,0.533
203521,Matthew Dellavedova,1610612758,SAC,32.0,2022-23,2.0,2.0,1.0,1.0,3.0,0.333,6.0,22.0,0.273,3.0,5.0,0.6
1631108,Max Christie,1610612747,LAL,20.0,2022-23,5.0,11.0,0.455,7.0,18.0,0.389,14.0,33.0,0.424,12.0,29.0,0.414
1629622,Max Strus,1610612748,MIA,27.0,2022-23,38.0,82.0,0.463,35.0,80.0,0.438,124.0,401.0,0.309,73.0,162.0,0.451
1628467,Maxi Kleber,1610612742,DAL,31.0,2022-23,5.0,16.0,0.313,4.0,17.0,0.235,30.0,79.0,0.38,9.0,33.0,0.273
1630593,McKinley Wright IV,1610612742,DAL,24.0,2022-23,1.0,3.0,0.333,1.0,4.0,0.25,7.0,20.0,0.35,2.0,7.0,0.286
203086,Meyers Leonard,1610612749,MIL,31.0,2022-23,0.0,1.0,0.0,0.0,2.0,0.0,7.0,15.0,0.467,0.0,3.0,0.0
1629662,Mfiondu Kabengele,1610612738,BOS,25.0,2022-23,0.0,1.0,0.0,0.0,0.0,0.0,0.0,2.0,0.0,0.0,1.0,0.0
1630695,Micah Potter,1610612762,UTA,25.0,2022-23,1.0,1.0,1.0,0.0,0.0,0.0,3.0,6.0,0.5,1.0,1.0,1.0
203487,Michael Carter-Williams,1610612753,ORL,31.0,2022-23,0.0,0.0,0.0,0.0,1.0,0.0,1.0,2.0,0.5,0.0,1.0,0.0
1630701,Michael Foster Jr.,1610612755,PHI,20.0,2022-23,,,,,,,,,,,,
1629008,Michael Porter Jr.,1610612743,DEN,25.0,2022-23,28.0,56.0,0.5,20.0,33.0,0.606,140.0,362.0,0.387,48.0,89.0,0.539
1628969,Mikal Bridges,1610612751,BKN,26.0,2022-23,50.0,104.0,0.481,38.0,94.0,0.404,81.0,242.0,0.335,88.0,198.0,0.444
201144,Mike Conley,1610612750,MIN,35.0,2022-23,10.0,18.0,0.556,23.0,40.0,0.575,101.0,289.0,0.349,33.0,58.0,0.569
203488,Mike Muscala,1610612738,BOS,31.0,2022-23,12.0,29.0,0.414,8.0,21.0,0.381,61.0,157.0,0.389,20.0,50.0,0.4
1630540,Miles McBride,1610612752,NYK,22.0,2022-23,13.0,28.0,0.464,7.0,22.0,0.318,20.0,83.0,0.241,20.0,50.0,0.4
1629011,Mitchell Robinson,1610612752,NYK,25.0,2022-23,0.0,0.0,0.0,0.0,0.0,0.0,0.0,0.0,0.0,0.0,0.0,0.0
1628964,Mo Bamba,1610612747,LAL,25.0,2022-23,0.0,3.0,0.0,5.0,12.0,0.417,43.0,109.0,0.394,5.0,15.0,0.333
1628420,Monte Morris,1610612764,WAS,28.0,2022-23,15.0,34.0,0.441,7.0,18.0,0.389,55.0,150.0,0.367,22.0,52.0,0.423
1626149,Montrezl Harrell,1610612755,PHI,29.0,2022-23,0.0,1.0,0.0,0.0,0.0,0.0,0.0,4.0,0.0,0.0,1.0,0.0
1629021,Moritz Wagner,1610612753,ORL,26.0,2022-23,5.0,17.0,0.294,4.0,13.0,0.308,42.0,133.0,0.316,9.0,30.0,0.3
1629650,Moses Brown,1610612746,LAC,23.0,2022-23,0.0,0.0,0.0,0.0,0.0,0.0,0.0,0.0,0.0,0.0,0.0,0.0
1630541,Moses Moody,1610612744,GSW,21.0,2022-23,11.0,36.0,0.306,5.0,14.0,0.357,33.0,84.0,0.393,16.0,50.0,0.32
1631217,Moussa Diabaté,1610612746,LAC,21.0,2022-23,0.0,0.0,0.0,1.0,2.0,0.5,0.0,0.0,0.0,1.0,2.0,0.5
1626167,Myles Turner,1610612754,IND,27.0,2022-23,2.0,8.0,0.25,10.0,17.0,0.588,81.0,223.0,0.363,12.0,25.0,0.48
1630230,Naji Marshall,1610612740,NOP,25.0,2022-23,16.0,44.0,0.364,14.0,46.0,0.304,37.0,123.0,0.301,30.0,90.0,0.333
1629642,Nassir Little,1610612757,POR,23.0,2022-23,4.0,11.0,0.364,5.0,12.0,0.417,49.0,133.0,0.368,9.0,23.0,0.391
1631466,Nate Williams,1610612757,POR,24.0,2022-23,1.0,1.0,1.0,1.0,4.0,0.25,1.0,3.0,0.333,2.0,5.0,0.4
1630233,Nathan Knight,1610612750,MIN,25.0,2022-23,2.0,5.0,0.4,0.0,1.0,0.0,6.0,16.0,0.375,2.0,6.0,0.333
1629675,Naz Reid,1610612750,MIN,23.0,2022-23,4.0,22.0,0.182,6.0,18.0,0.333,65.0,177.0,0.367,10.0,40.0,0.25
1629674,Neemias Queta,1610612758,SAC,23.0,2022-23,0.0,0.0,0.0,0.0,0.0,0.0,0.0,0.0,0.0,0.0,0.0,0.0
203457,Nerlens Noel,1610612751,BKN,29.0,2022-23,0.0,0.0,0.0,0.0,0.0,0.0,1.0,2.0,0.5,0.0,0.0,0.0
1629651,Nic Claxton,1610612751,BKN,24.0,2022-23,0.0,2.0,0.0,0.0,0.0,0.0,0.0,0.0,0.0,0.0,2.0,0.0
1630208,Nick Richards,1610612766,CHA,25.0,2022-23,0.0,0.0,0.0,0.0,0.0,0.0,1.0,1.0,1.0,0.0,0.0,0.0
1629638,Nickeil Alexander-Walker,1610612750,MIN,24.0,2022-23,10.0,24.0,0.417,8.0,23.0,0.348,42.0,108.0,0.389,18.0,47.0,0.383
201587,Nicolas Batum,1610612746,LAC,34.0,2022-23,21.0,60.0,0.35,34.0,69.0,0.493,69.0,186.0,0.371,55.0,129.0,0.426
203999,Nikola Jokić,1610612743,DEN,28.0,2022-23,0.0,2.0,0.0,1.0,4.0,0.25,56.0,141.0,0.397,1.0,6.0,0.167
1631107,Nikola Jović,1610612748,MIA,20.0,2022-23,1.0,5.0,0.2,2.0,7.0,0.286,5.0,23.0,0.217,3.0,12.0,0.25
202696,Nikola Vučević,1610612741,CHI,32.0,2022-23,12.0,30.0,0.4,9.0,15.0,0.6,100.0,302.0,0.331,21.0,45.0,0.467
203943,Noah Vonleh,1610612738,BOS,27.0,2022-23,0.0,1.0,0.0,1.0,2.0,0.5,0.0,1.0,0.0,1.0,3.0,0.333
1626181,Norman Powell,1610612746,LAC,30.0,2022-23,31.0,68.0,0.456,15.0,28.0,0.536,68.0,189.0,0.36,46.0,96.0,0.479
1628384,OG Anunoby,1610612761,TOR,25.0,2022-23,42.0,90.0,0.467,30.0,70.0,0.429,69.0,204.0,0.338,72.0,160.0,0.45
1630167,Obi Toppin,1610612752,NYK,25.0,2022-23,22.0,60.0,0.367,19.0,58.0,0.328,44.0,125.0,0.352,41.0,118.0,0.347
1630534,Ochai Agbaji,1610612762,UTA,23.0,2022-23,15.0,38.0,0.395,29.0,58.0,0.5,36.0,130.0,0.277,44.0,96.0,0.458
1630846,Olivier Sarr,1610612760,OKC,24.0,2022-23,0.0,1.0,0.0,0.0,1.0,0.0,1.0,6.0,0.167,0.0,2.0,0.0
1630209,Omer Yurtseven,1610612748,MIA,25.0,2022-23,0.0,2.0,0.0,2.0,2.0,1.0,1.0,3.0,0.333,2.0,4.0,0.5
1630168,Onyeka Okongwu,1610612737,ATL,22.0,2022-23,0.0,4.0,0.0,4.0,7.0,0.571,0.0,1.0,0.0,4.0,11.0,0.364
1631115,Orlando Robinson,1610612748,MIA,22.0,2022-23,0.0,2.0,0.0,0.0,1.0,0.0,0.0,2.0,0.0,0.0,3.0,0.0
1629052,Oshae Brissett,1610612754,IND,25.0,2022-23,6.0,26.0,0.231,5.0,18.0,0.278,37.0,111.0,0.333,11.0,44.0,0.25
203490,Otto Porter Jr.,1610612761,TOR,30.0,2022-23,1.0,2.0,0.5,1.0,3.0,0.333,4.0,12.0,0.333,2.0,5.0,0.4
1631172,Ousmane Dieng,1610612760,OKC,20.0,2022-23,7.0,21.0,0.333,2.0,7.0,0.286,17.0,66.0,0.258,9.0,28.0,0.321
200782,P.J. Tucker,1610612755,PHI,38.0,2022-23,27.0,74.0,0.365,27.0,61.0,0.443,1.0,5.0,0.2,54.0,135.0,0.4
1629023,P.J. Washington,1610612766,CHA,24.0,2022-23,17.0,59.0,0.288,17.0,36.0,0.472,115.0,332.0,0.346,34.0,95.0,0.358
1628408,PJ Dozier,1610612758,SAC,26.0,2022-23,1.0,3.0,0.333,0.0,3.0,0.0,1.0,9.0,0.111,1.0,6.0,0.167
1631094,Paolo Banchero,1610612753,ORL,20.0,2022-23,8.0,19.0,0.421,4.0,17.0,0.235,73.0,248.0,0.294,12.0,36.0,0.333
1627783,Pascal Siakam,1610612761,TOR,29.0,2022-23,14.0,31.0,0.452,7.0,30.0,0.233,72.0,222.0,0.324,21.0,61.0,0.344
1626192,Pat Connaughton,1610612749,MIL,30.0,2022-23,13.0,39.0,0.333,26.0,72.0,0.361,70.0,211.0,0.332,39.0,111.0,0.351
1631116,Patrick Baldwin Jr.,1610612744,GSW,20.0,2022-23,2.0,10.0,0.2,3.0,8.0,0.375,27.0,66.0,0.409,5.0,18.0,0.278
201976,Patrick Beverley,1610612741,CHI,34.0,2022-23,14.0,50.0,0.28,16.0,38.0,0.421,50.0,149.0,0.336,30.0,88.0,0.341
1630172,Patrick Williams,1610612741,CHI,21.0,2022-23,30.0,55.0,0.545,22.0,57.0,0.386,63.0,165.0,0.382,52.0,112.0,0.464
201988,Patty Mills,1610612751,BKN,34.0,2022-23,7.0,19.0,0.368,7.0,16.0,0.438,35.0,98.0,0.357,14.0,35.0,0.4
202331,Paul George,1610612746,LAC,33.0,2022-23,10.0,25.0,0.4,18.0,33.0,0.545,130.0,365.0,0.356,28.0,58.0,0.483
1630194,Paul Reed,1610612755,PHI,24.0,2022-23,0.0,0.0,0.0,0.0,1.0,0.0,1.0,5.0,0.2,0.0,1.0,0.0
1630202,Payton Pritchard,1610612738,BOS,25.0,2022-23,3.0,12.0,0.25,7.0,21.0,0.333,46.0,118.0,0.39,10.0,33.0,0.303
1631212,Peyton Watson,1610612743,DEN,20.0,2022-23,3.0,5.0,0.6,0.0,1.0,0.0,3.0,8.0,0.375,3.0,6.0,0.5
1630173,Precious Achiuwa,1610612761,TOR,23.0,2022-23,8.0,31.0,0.258,4.0,17.0,0.235,17.0,59.0,0.288,12.0,48.0,0.25
1629656,Quentin Grimes,1610612752,NYK,23.0,2022-23,47.0,97.0,0.485,18.0,48.0,0.375,91.0,258.0,0.353,65.0,145.0,0.448
1631245,Quenton Jackson,1610612764,WAS,24.0,2022-23,0.0,1.0,0.0,0.0,1.0,0.0,1.0,10.0,0.1,0.0,2.0,0.0
1630181,R.J. Hampton,1610612765,DET,22.0,2022-23,6.0,15.0,0.4,8.0,15.0,0.533,27.0,86.0,0.314,14.0,30.0,0.467
1629628,RJ Barrett,1610612752,NYK,23.0,2022-23,10.0,41.0,0.244,27.0,74.0,0.365,82.0,271.0,0.303,37.0,115.0,0.322
1630564,RaiQuan Gray,1610612751,BKN,23.0,2022-23,0.0,0.0,0.0,0.0,2.0,0.0,2.0,3.0,0.667,0.0,2.0,0.0
203526,Raul Neto,1610612739,CLE,31.0,2022-23,2.0,4.0,0.5,3.0,5.0,0.6,7.0,32.0,0.219,5.0,9.0,0.556
203493,Reggie Bullock Jr.,1610612742,DAL,32.0,2022-23,38.0,95.0,0.4,51.0,106.0,0.481,62.0,196.0,0.316,89.0,201.0,0.443
202704,Reggie Jackson,1610612743,DEN,33.0,2022-23,8.0,31.0,0.258,21.0,46.0,0.457,66.0,210.0,0.314,29.0,77.0,0.377
1626158,Richaun Holmes,1610612758,SAC,29.0,2022-23,1.0,1.0,1.0,0.0,1.0,0.0,4.0,6.0,0.667,1.0,2.0,0.5
201937,Ricky Rubio,1610612739,CLE,32.0,2022-23,6.0,24.0,0.25,5.0,12.0,0.417,10.0,45.0,0.222,11.0,36.0,0.306
203496,Robert Covington,1610612746,LAC,32.0,2022-23,5.0,14.0,0.357,4.0,8.0,0.5,45.0,114.0,0.395,9.0,22.0,0.409
1629057,Robert Williams III,1610612738,BOS,25.0,2022-23,0.0,0.0,0.0,0.0,1.0,0.0,0.0,0.0,0.0,0.0,1.0,0.0
201577,Robin Lopez,1610612739,CLE,35.0,2022-23,0.0,0.0,0.0,1.0,1.0,1.0,1.0,3.0,0.333,1.0,1.0,1.0
203585,Rodney McGruder,1610612765,DET,31.0,2022-23,10.0,27.0,0.37,6.0,17.0,0.353,24.0,52.0,0.462,16.0,44.0,0.364
1629641,Romeo Langford,1610612759,SAS,23.0,2022-23,6.0,17.0,0.353,5.0,18.0,0.278,5.0,26.0,0.192,11.0,35.0,0.314
1631199,Ron Harper Jr.,1610612761,TOR,23.0,2022-23,2.0,3.0,0.667,0.0,1.0,0.0,1.0,5.0,0.2,2.0,4.0,0.5
1626220,Royce O'Neale,1610612751,BKN,30.0,2022-23,13.0,41.0,0.317,11.0,28.0,0.393,138.0,346.0,0.399,24.0,69.0,0.348
200752,Rudy Gay,1610612762,UTA,36.0,2022-23,6.0,16.0,0.375,8.0,29.0,0.276,19.0,84.0,0.226,14.0,45.0,0.311
203497,Rudy Gobert,1610612750,MIN,31.0,2022-23,0.0,0.0,0.0,0.0,0.0,0.0,0.0,1.0,0.0,0.0,0.0,0.0
1629060,Rui Hachimura,1610612747,LAL,25.0,2022-23,13.0,39.0,0.333,5.0,14.0,0.357,33.0,107.0,0.308,18.0,53.0,0.34
201566,Russell Westbrook,1610612746,LAC,34.0,2022-23,10.0,45.0,0.222,8.0,27.0,0.296,71.0,213.0,0.333,18.0,72.0,0.25
1627853,Ryan Arcidiacono,1610612752,NYK,29.0,2022-23,0.0,1.0,0.0,0.0,0.0,0.0,8.0,22.0,0.364,0.0,1.0,0.0
1631157,Ryan Rollins,1610612744,GSW,20.0,2022-23,0.0,3.0,0.0,1.0,2.0,0.5,2.0,4.0,0.5,1.0,5.0,0.2
1630240,Saben Lee,1610612756,PHX,24.0,2022-23,3.0,8.0,0.375,1.0,1.0,1.0,7.0,21.0,0.333,4.0,9.0,0.444
1630180,Saddiq Bey,1610612737,ATL,24.0,2022-23,45.0,112.0,0.402,19.0,39.0,0.487,87.0,261.0,0.333,64.0,151.0,0.424
1630573,Sam Hauser,1610612738,BOS,25.0,2022-23,29.0,58.0,0.5,18.0,49.0,0.367,93.0,226.0,0.412,47.0,107.0,0.439
1630241,Sam Merrill,1610612739,CLE,27.0,2022-23,0.0,0.0,0.0,0.0,1.0,0.0,5.0,17.0,0.294,0.0,1.0,0.0
1630572,Sandro Mamukelashvili,1610612759,SAS,24.0,2022-23,4.0,10.0,0.4,3.0,10.0,0.3,23.0,79.0,0.291,7.0,20.0,0.35
1630583,Santi Aldama,1610612763,MEM,22.0,2022-23,22.0,58.0,0.379,17.0,51.0,0.333,55.0,156.0,0.353,39.0,109.0,0.358
1630567,Scottie Barnes,1610612761,TOR,21.0,2022-23,13.0,31.0,0.419,11.0,46.0,0.239,38.0,142.0,0.268,24.0,77.0,0.312
1630590,Scotty Pippen Jr.,1610612747,LAL,22.0,2022-23,0.0,1.0,0.0,0.0,0.0,0.0,1.0,2.0,0.5,0.0,1.0,0.0
201586,Serge Ibaka,1610612749,MIL,33.0,2022-23,0.0,1.0,0.0,1.0,1.0,1.0,5.0,16.0,0.313,1.0,2.0,0.5
203552,Seth Curry,1610612751,BKN,32.0,2022-23,10.0,30.0,0.333,15.0,31.0,0.484,69.0,171.0,0.404,25.0,61.0,0.41
1631101,Shaedon Sharpe,1610612757,POR,20.0,2022-23,17.0,49.0,0.347,22.0,49.0,0.449,63.0,183.0,0.344,39.0,98.0,0.398
1628983,Shai Gilgeous-Alexander,1610612760,OKC,24.0,2022-23,3.0,10.0,0.3,1.0,7.0,0.143,54.0,150.0,0.36,4.0,17.0,0.235
1629003,Shake Milton,1610612755,PHI,26.0,2022-23,11.0,28.0,0.393,1.0,12.0,0.083,44.0,105.0,0.419,12.0,40.0,0.3
1627885,Shaquille Harrison,1610612747,LAL,29.0,2022-23,1.0,1.0,1.0,0.0,0.0,0.0,2.0,9.0,0.222,1.0,1.0,1.0
1631323,Simone Fontecchio,1610612762,UTA,27.0,2022-23,7.0,17.0,0.412,12.0,31.0,0.387,44.0,143.0,0.308,19.0,48.0,0.396
1630219,Skylar Mays,1610612757,POR,25.0,2022-23,1.0,4.0,0.25,0.0,1.0,0.0,11.0,21.0,0.524,1.0,5.0,0.2
203915,Spencer Dinwiddie,1610612751,BKN,30.0,2022-23,25.0,41.0,0.61,23.0,52.0,0.442,133.0,395.0,0.337,48.0,93.0,0.516
1626169,Stanley Johnson,1610612762,UTA,27.0,2022-23,4.0,9.0,0.444,5.0,6.0,0.833,9.0,24.0,0.375,9.0,15.0,0.6
1630649,Stanley Umude,1610612765,DET,24.0,2022-23,0.0,0.0,0.0,0.0,1.0,0.0,0.0,0.0,0.0,0.0,1.0,0.0
201939,Stephen Curry,1610612744,GSW,35.0,2022-23,22.0,38.0,0.579,17.0,27.0,0.63,233.0,564.0,0.413,39.0,65.0,0.6
1628425,Sterling Brown,1610612747,LAL,28.0,2022-23,0.0,1.0,0.0,0.0,0.0,0.0,0.0,1.0,0.0,0.0,1.0,0.0
203500,Steven Adams,1610612763,MEM,29.0,2022-23,0.0,1.0,0.0,0.0,0.0,0.0,0.0,0.0,0.0,0.0,1.0,0.0
1629004,Svi Mykhailiuk,1610612766,CHA,26.0,2022-23,7.0,23.0,0.304,8.0,12.0,0.667,27.0,64.0,0.422,15.0,35.0,0.429
204456,T.J. McConnell,1610612754,IND,31.0,2022-23,5.0,8.0,0.625,5.0,9.0,0.556,16.0,42.0,0.381,10.0,17.0,0.588
203933,T.J. Warren,1610612756,PHX,29.0,2022-23,7.0,15.0,0.467,1.0,12.0,0.083,14.0,40.0,0.35,8.0,27.0,0.296
201959,Taj Gibson,1610612764,WAS,38.0,2022-23,4.0,6.0,0.667,1.0,5.0,0.2,3.0,13.0,0.231,5.0,11.0,0.455
1629659,Talen Horton-Tucker,1610612762,UTA,22.0,2022-23,10.0,22.0,0.455,1.0,10.0,0.1,47.0,166.0,0.283,11.0,32.0,0.344
1631106,Tari Eason,1610612745,HOU,22.0,2022-23,9.0,26.0,0.346,9.0,24.0,0.375,41.0,120.0,0.342,18.0,50.0,0.36
1627752,Taurean Prince,1610612750,MIN,29.0,2022-23,20.0,45.0,0.444,16.0,38.0,0.421,38.0,110.0,0.345,36.0,83.0,0.434
1629611,Terance Mann,1610612746,LAC,26.0,2022-23,12.0,42.0,0.286,22.0,59.0,0.373,42.0,95.0,0.442,34.0,101.0,0.337
1629056,Terence Davis,1610612758,SAC,26.0,2022-23,15.0,37.0,0.405,9.0,25.0,0.36,65.0,180.0,0.361,24.0,62.0,0.387
203082,Terrence Ross,1610612756,PHX,32.0,2022-23,23.0,48.0,0.479,8.0,23.0,0.348,64.0,188.0,0.34,31.0,71.0,0.437
1626179,Terry Rozier,1610612766,CHA,29.0,2022-23,29.0,103.0,0.282,16.0,49.0,0.327,120.0,351.0,0.342,45.0,152.0,0.296
1630678,Terry Taylor,1610612741,CHI,23.0,2022-23,1.0,5.0,0.2,1.0,3.0,0.333,3.0,11.0,0.273,2.0,8.0,0.25
201152,Thaddeus Young,1610612761,TOR,35.0,2022-23,2.0,18.0,0.111,3.0,6.0,0.5,1.0,9.0,0.111,5.0,24.0,0.208
203648,Thanasis Antetokounmpo,1610612749,MIL,30.0,2022-23,0.0,1.0,0.0,0.0,2.0,0.0,0.0,4.0,0.0,0.0,3.0,0.0
1630177,Theo Maledon,1610612766,CHA,22.0,2022-23,0.0,3.0,0.0,0.0,4.0,0.0,28.0,86.0,0.326,0.0,7.0,0.0
1629033,Theo Pinson,1610612742,DAL,27.0,2022-23,5.0,7.0,0.714,0.0,2.0,0.0,17.0,53.0,0.321,5.0,9.0,0.556
1628418,Thomas Bryant,1610612743,DEN,25.0,2022-23,2.0,5.0,0.4,4.0,8.0,0.5,20.0,45.0,0.444,6.0,13.0,0.462
203501,Tim Hardaway Jr.,1610612742,DAL,31.0,2022-23,32.0,77.0,0.416,27.0,76.0,0.355,153.0,393.0,0.389,59.0,153.0,0.386
202699,Tobias Harris,1610612755,PHI,30.0,2022-23,17.0,58.0,0.293,38.0,77.0,0.494,71.0,188.0,0.378,55.0,135.0,0.407
1628396,Tony Bradley,1610612741,CHI,25.0,2022-23,1.0,2.0,0.5,1.0,2.0,0.5,1.0,1.0,1.0,2.0,4.0,0.5
1628470,Torrey Craig,1610612756,PHX,32.0,2022-23,30.0,69.0,0.435,24.0,53.0,0.453,46.0,130.0,0.354,54.0,122.0,0.443
1629027,Trae Young,1610612737,ATL,24.0,2022-23,1.0,7.0,0.143,6.0,18.0,0.333,147.0,432.0,0.34,7.0,25.0,0.28
1630200,Tre Jones,1610612759,SAS,23.0,2022-23,6.0,22.0,0.273,7.0,31.0,0.226,32.0,104.0,0.308,13.0,53.0,0.245
1630544,Tre Mann,1610612760,OKC,22.0,2022-23,10.0,20.0,0.5,6.0,14.0,0.429,65.0,221.0,0.294,16.0,34.0,0.471
1630570,Trendon Watford,1610612757,POR,22.0,2022-23,1.0,5.0,0.2,1.0,3.0,0.333,23.0,56.0,0.411,2.0,8.0,0.25
1630235,Trent Forrest,1610612737,ATL,25.0,2022-23,0.0,0.0,0.0,0.0,1.0,0.0,0.0,1.0,0.0,0.0,1.0,0.0
1630243,Trevelin Queen,1610612755,PHI,26.0,2022-23,1.0,2.0,0.5,0.0,0.0,0.0,1.0,13.0,0.077,1.0,2.0,0.5
1631309,Trevor Hudgins,1610612745,HOU,24.0,2022-23,0.0,0.0,0.0,0.0,0.0,0.0,2.0,8.0,0.25,0.0,0.0,0.0
1631211,Trevor Keels,1610612752,NYK,19.0,2022-23,1.0,1.0,1.0,0.0,0.0,0.0,0.0,3.0,0.0,1.0,1.0,1.0
1626168,Trey Lyles,1610612758,SAC,27.0,2022-23,21.0,45.0,0.467,16.0,40.0,0.4,49.0,154.0,0.318,37.0,85.0,0.435
1630530,Trey Murphy III,1610612740,NOP,23.0,2022-23,22.0,53.0,0.415,38.0,87.0,0.437,142.0,355.0,0.4,60.0,140.0,0.429
1628972,Troy Brown Jr.,1610612747,LAL,23.0,2022-23,23.0,62.0,0.371,23.0,53.0,0.434,61.0,166.0,0.367,46.0,115.0,0.4
1629660,Ty Jerome,1610612744,GSW,25.0,2022-23,4.0,7.0,0.571,7.0,14.0,0.5,24.0,68.0,0.353,11.0,21.0,0.524
1631102,TyTy Washington Jr.,1610612745,HOU,21.0,2022-23,3.0,10.0,0.3,3.0,9.0,0.333,13.0,61.0,0.213,6.0,19.0,0.316
1628416,Tyler Dorsey,1610612742,DAL,27.0,2022-23,0.0,0.0,0.0,1.0,1.0,1.0,0.0,1.0,0.0,1.0,1.0,1.0
1629639,Tyler Herro,1610612748,MIA,23.0,2022-23,29.0,57.0,0.509,17.0,44.0,0.386,157.0,434.0,0.362,46.0,101.0,0.455
1630169,Tyrese Haliburton,1610612754,IND,23.0,2022-23,6.0,15.0,0.4,13.0,26.0,0.5,141.0,355.0,0.397,19.0,41.0,0.463
1631213,Tyrese Martin,1610612737,ATL,24.0,2022-23,0.0,2.0,0.0,0.0,2.0,0.0,1.0,3.0,0.333,0.0,4.0,0.0
1630178,Tyrese Maxey,1610612755,PHI,22.0,2022-23,20.0,39.0,0.513,22.0,45.0,0.489,118.0,284.0,0.415,42.0,84.0,0.5
1626145,Tyus Jones,1610612763,MEM,27.0,2022-23,28.0,48.0,0.583,8.0,20.0,0.4,85.0,258.0,0.329,36.0,68.0,0.529
1628962,Udoka Azubuike,1610612762,UTA,23.0,2022-23,0.0,0.0,0.0,0.0,0.0,0.0,0.0,0.0,0.0,0.0,0.0,0.0
2617,Udonis Haslem,1610612748,MIA,43.0,2022-23,0.0,2.0,0.0,1.0,2.0,0.5,2.0,5.0,0.4,1.0,4.0,0.25
1630586,Usman Garuba,1610612745,HOU,21.0,2022-23,8.0,16.0,0.5,4.0,13.0,0.308,12.0,30.0,0.4,12.0,29.0,0.414
1630176,Vernon Carey Jr.,1610612762,UTA,22.0,2022-23,0.0,0.0,0.0,0.0,0.0,0.0,0.0,0.0,0.0,0.0,0.0,0.0
203506,Victor Oladipo,1610612748,MIA,31.0,2022-23,4.0,24.0,0.167,4.0,18.0,0.222,62.0,169.0,0.367,8.0,42.0,0.19
1631246,Vince Williams Jr.,1610612763,MEM,22.0,2022-23,0.0,6.0,0.0,1.0,6.0,0.167,3.0,16.0,0.188,1.0,12.0,0.083
1628427,Vlatko Čančar,1610612743,DEN,26.0,2022-23,13.0,30.0,0.433,4.0,9.0,0.444,25.0,72.0,0.347,17.0,39.0,0.436
1630249,Vít Krejčí,1610612737,ATL,23.0,2022-23,1.0,2.0,0.5,1.0,2.0,0.5,3.0,17.0,0.176,2.0,4.0,0.5
1631117,Walker Kessler,1610612762,UTA,21.0,2022-23,1.0,2.0,0.5,0.0,0.0,0.0,0.0,1.0,0.0,1.0,2.0,0.5
1628976,Wendell Carter Jr.,1610612753,ORL,24.0,2022-23,18.0,39.0,0.462,4.0,11.0,0.364,58.0,175.0,0.331,22.0,50.0,0.44
1631111,Wendell Moore Jr.,1610612750,MIN,21.0,2022-23,0.0,1.0,0.0,1.0,6.0,0.167,1.0,10.0,0.1,1.0,7.0,0.143
1629117,Wenyen Gabriel,1610612747,LAL,26.0,2022-23,4.0,10.0,0.4,2.0,11.0,0.182,4.0,14.0,0.286,6.0,21.0,0.286
202083,Wesley Matthews,1610612749,MIL,36.0,2022-23,7.0,29.0,0.241,5.0,17.0,0.294,27.0,78.0,0.346,12.0,46.0,0.261
203115,Will Barton,1610612761,TOR,32.0,2022-23,7.0,17.0,0.412,10.0,17.0,0.588,48.0,143.0,0.336,17.0,34.0,0.5
1626195,Willy Hernangomez,1610612740,NOP,29.0,2022-23,0.0,3.0,0.0,0.0,0.0,0.0,3.0,8.0,0.375,0.0,3.0,0.0
1641645,Xavier Cooks,1610612764,WAS,27.0,2022-23,0.0,0.0,0.0,0.0,0.0,0.0,0.0,0.0,0.0,0.0,0.0,0.0
1629875,Xavier Moon,1610612746,LAC,28.0,2022-23,0.0,1.0,0.0,0.0,0.0,0.0,1.0,2.0,0.5,0.0,1.0,0.0
1630270,Xavier Sneed,1610612766,CHA,25.0,2022-23,0.0,0.0,0.0,1.0,1.0,1.0,2.0,5.0,0.4,1.0,1.0,1.0
1630214,Xavier Tillman,1610612763,MEM,24.0,2022-23,1.0,5.0,0.2,0.0,3.0,0.0,3.0,7.0,0.429,1.0,8.0,0.125
1629139,Yuta Watanabe,1610612751,BKN,28.0,2022-23,21.0,39.0,0.538,16.0,33.0,0.485,23.0,62.0,0.371,37.0,72.0,0.514
1628380,Zach Collins,1610612759,SAS,25.0,2022-23,0.0,2.0,0.0,2.0,7.0,0.286,53.0,137.0,0.387,2.0,9.0,0.222
203897,Zach LaVine,1610612741,CHI,28.0,2022-23,22.0,42.0,0.524,15.0,36.0,0.417,167.0,466.0,0.358,37.0,78.0,0.474
1630192,Zeke Nnaji,1610612743,DEN,22.0,2022-23,2.0,10.0,0.2,4.0,14.0,0.286,11.0,39.0,0.282,6.0,24.0,0.25
1630533,Ziaire Williams,1610612763,MEM,21.0,2022-23,6.0,31.0,0.194,6.0,13.0,0.462,12.0,51.0,0.235,12.0,44.0,0.273
1629627,Zion Williamson,1610612740,NOP,22.0,2022-23,0.0,0.0,0.0,0.0,0.0,0.0,7.0,19.0,0.368,0.0,0.0,0.0
1630639,A.J. Lawson,1610612742,DAL,23.0,2023-24,4.0,17.0,0.235,4.0,15.0,0.267,5.0,18.0,0.278,8.0,32.0,0.25
1631260,AJ Green,1610612749,MIL,24.0,2023-24,12.0,24.0,0.5,6.0,15.0,0.4,51.0,130.0,0.392,18.0,39.0,0.462
1631100,AJ Griffin,1610612737,ATL,20.0,2023-24,1.0,6.0,0.167,1.0,3.0,0.333,8.0,30.0,0.267,2.0,9.0,0.222
203932,Aaron Gordon,1610612743,DEN,28.0,2023-24,7.0,29.0,0.241,13.0,27.0,0.481,20.0,81.0,0.247,20.0,56.0,0.357
1628988,Aaron Holiday,1610612745,HOU,27.0,2023-24,7.0,18.0,0.389,16.0,31.0,0.516,61.0,167.0,0.365,23.0,49.0,0.469
1630174,Aaron Nesmith,1610612754,IND,24.0,2023-24,25.0,60.0,0.417,38.0,86.0,0.442,77.0,187.0,0.412,63.0,146.0,0.432
1630598,Aaron Wiggins,1610612760,OKC,25.0,2023-24,18.0,45.0,0.4,3.0,8.0,0.375,41.0,73.0,0.562,21.0,53.0,0.396
1641745,Adam Flagler,1610612760,OKC,24.0,2023-24,0.0,0.0,0.0,0.0,0.0,0.0,1.0,6.0,0.167,0.0,0.0,0.0
1641766,Adama Sanogo,1610612741,CHI,22.0,2023-24,0.0,0.0,0.0,0.0,0.0,0.0,0.0,0.0,0.0,0.0,0.0,0.0
1629678,Admiral Schofield,1610612753,ORL,27.0,2023-24,1.0,2.0,0.5,1.0,2.0,0.5,4.0,12.0,0.333,2.0,4.0,0.5
201143,Al Horford,1610612738,BOS,38.0,2023-24,19.0,44.0,0.432,28.0,61.0,0.459,61.0,153.0,0.399,47.0,105.0,0.448
202692,Alec Burks,1610612752,NYK,32.0,2023-24,18.0,51.0,0.353,19.0,47.0,0.404,87.0,232.0,0.375,37.0,98.0,0.378
1630197,Aleksej Pokusevski,1610612766,CHA,22.0,2023-24,1.0,8.0,0.125,2.0,9.0,0.222,15.0,38.0,0.395,3.0,17.0,0.176
1627936,Alex Caruso,1610612741,CHI,30.0,2023-24,24.0,62.0,0.387,27.0,63.0,0.429,85.0,207.0,0.411,51.0,125.0,0.408
1641788,Alex Fudge,1610612742,DAL,21.0,2023-24,1.0,3.0,0.333,0.0,0.0,0.0,0.0,2.0,0.0,1.0,3.0,0.333
203458,Alex Len,1610612758,SAC,31.0,2023-24,0.0,1.0,0.0,0.0,0.0,0.0,0.0,2.0,0.0,0.0,1.0,0.0
1631214,Alondes Williams,1610612748,MIA,25.0,2023-24,0.0,0.0,0.0,0.0,0.0,0.0,0.0,4.0,0.0,0.0,0.0,0.0
1630578,Alperen Sengun,1610612745,HOU,21.0,2023-24,0.0,1.0,0.0,0.0,1.0,0.0,33.0,107.0,0.308,0.0,2.0,0.0
1641735,Amari Bailey,1610612766,CHA,20.0,2023-24,1.0,1.0,1.0,0.0,0.0,0.0,0.0,7.0,0.0,1.0,1.0,1.0
1641708,Amen Thompson,1610612745,HOU,21.0,2023-24,0.0,6.0,0.0,2.0,12.0,0.167,6.0,39.0,0.154,2.0,18.0,0.111
1629599,Amir Coffey,1610612746,LAC,27.0,2023-24,18.0,43.0,0.419,23.0,56.0,0.411,29.0,82.0,0.354,41.0,99.0,0.414
203083,Andre Drummond,1610612741,CHI,30.0,2023-24,0.0,0.0,0.0,0.0,0.0,0.0,0.0,0.0,0.0,0.0,0.0,0.0
1641748,Andre Jackson Jr.,1610612749,MIL,22.0,2023-24,4.0,12.0,0.333,6.0,18.0,0.333,7.0,16.0,0.438,10.0,30.0,0.333
1641847,Andrew Funk,1610612741,CHI,24.0,2023-24,0.0,1.0,0.0,0.0,1.0,0.0,0.0,1.0,0.0,0.0,2.0,0.0
1629614,Andrew Nembhard,1610612754,IND,24.0,2023-24,13.0,24.0,0.542,15.0,30.0,0.5,33.0,117.0,0.282,28.0,54.0,0.519
203952,Andrew Wiggins,1610612744,GSW,29.0,2023-24,15.0,33.0,0.455,2.0,16.0,0.125,74.0,204.0,0.363,17.0,49.0,0.347
1629014,Anfernee Simons,1610612757,POR,25.0,2023-24,5.0,18.0,0.278,5.0,15.0,0.333,146.0,372.0,0.392,10.0,33.0,0.303
1641710,Anthony Black,1610612753,ORL,20.0,2023-24,7.0,20.0,0.35,13.0,28.0,0.464,17.0,46.0,0.37,20.0,48.0,0.417
203076,Anthony Davis,1610612747,LAL,31.0,2023-24,3.0,17.0,0.176,0.0,1.0,0.0,26.0,89.0,0.292,3.0,18.0,0.167
1630162,Anthony Edwards,1610612750,MIN,22.0,2023-24,12.0,32.0,0.375,6.0,20.0,0.3,172.0,475.0,0.362,18.0,52.0,0.346
1630264,Anthony Gill,1610612764,WAS,31.0,2023-24,1.0,9.0,0.111,0.0,5.0,0.0,9.0,27.0,0.333,1.0,14.0,0.071
1629717,Armoni Brooks,1610612751,BKN,26.0,2023-24,0.0,0.0,0.0,0.0,3.0,0.0,11.0,29.0,0.379,0.0,3.0,0.0
1630204,Ashton Hagans,1610612757,POR,24.0,2023-24,1.0,2.0,0.5,1.0,1.0,1.0,6.0,22.0,0.273,2.0,3.0,0.667
1641709,Ausar Thompson,1610612765,DET,21.0,2023-24,5.0,31.0,0.161,10.0,35.0,0.286,6.0,43.0,0.14,15.0,66.0,0.227
1630559,Austin Reaves,1610612747,LAL,26.0,2023-24,10.0,36.0,0.278,11.0,27.0,0.407,133.0,354.0,0.376,21.0,63.0,0.333
1630245,Ayo Dosunmu,1610612741,CHI,24.0,2023-24,20.0,57.0,0.351,37.0,95.0,0.389,62.0,142.0,0.437,57.0,152.0,0.375
1628389,Bam Adebayo,1610612748,MIA,26.0,2023-24,0.0,1.0,0.0,3.0,6.0,0.5,12.0,35.0,0.343,3.0,7.0,0.429
1641767,Ben Sheppard,1610612754,IND,22.0,2023-24,12.0,34.0,0.353,21.0,49.0,0.429,16.0,73.0,0.219,33.0,83.0,0.398
1627732,Ben Simmons,1610612751,BKN,27.0,2023-24,0.0,0.0,0.0,0.0,0.0,0.0,0.0,0.0,0.0,0.0,0.0,0.0
1631097,Bennedict Mathurin,1610612754,IND,22.0,2023-24,6.0,13.0,0.462,5.0,12.0,0.417,69.0,189.0,0.365,11.0,25.0,0.44
1641731,Bilal Coulibaly,1610612764,WAS,19.0,2023-24,18.0,42.0,0.429,19.0,54.0,0.352,27.0,89.0,0.303,37.0,96.0,0.385
202687,Bismack Biyombo,1610612760,OKC,31.0,2023-24,0.0,0.0,0.0,0.0,0.0,0.0,0.0,0.0,0.0,0.0,0.0,0.0
1631104,Blake Wesley,1610612759,SAS,21.0,2023-24,1.0,5.0,0.2,7.0,13.0,0.538,4.0,35.0,0.114,8.0,18.0,0.444
1626246,Boban Marjanovic,1610612745,HOU,35.0,2023-24,0.0,0.0,0.0,0.0,0.0,0.0,0.0,2.0,0.0,0.0,0.0,0.0
1626171,Bobby Portis,1610612749,MIL,29.0,2023-24,22.0,58.0,0.379,21.0,50.0,0.42,57.0,138.0,0.413,43.0,108.0,0.398
203992,Bogdan Bogdanović,1610612737,ATL,31.0,2023-24,28.0,72.0,0.389,30.0,72.0,0.417,182.0,493.0,0.369,58.0,144.0,0.403
202711,Bojan Bogdanovic,1610612752,NYK,35.0,2023-24,17.0,45.0,0.378,25.0,55.0,0.455,91.0,234.0,0.389,42.0,100.0,0.42
1629626,Bol Bol,1610612756,PHX,24.0,2023-24,7.0,18.0,0.389,6.0,15.0,0.4,9.0,19.0,0.474,13.0,33.0,0.394
1630538,Bones Hyland,1610612746,LAC,23.0,2023-24,4.0,9.0,0.444,2.0,9.0,0.222,38.0,116.0,0.328,6.0,18.0,0.333
203078,Bradley Beal,1610612756,PHX,31.0,2023-24,15.0,34.0,0.441,17.0,40.0,0.425,69.0,161.0,0.429,32.0,74.0,0.432
1641764,Brandin Podziemski,1610612744,GSW,21.0,2023-24,9.0,29.0,0.31,10.0,20.0,0.5,71.0,184.0,0.386,19.0,49.0,0.388
1630527,Brandon Boston,1610612746,LAC,22.0,2023-24,3.0,7.0,0.429,2.0,8.0,0.25,9.0,37.0,0.243,5.0,15.0,0.333
1629634,Brandon Clarke,1610612763,MEM,27.0,2023-24,1.0,1.0,1.0,0.0,3.0,0.0,0.0,2.0,0.0,1.0,4.0,0.25
1627742,Brandon Ingram,1610612740,NOP,26.0,2023-24,4.0,12.0,0.333,8.0,21.0,0.381,74.0,207.0,0.357,12.0,33.0,0.364
1641706,Brandon Miller,1610612766,CHA,21.0,2023-24,17.0,47.0,0.362,20.0,47.0,0.426,147.0,395.0,0.372,37.0,94.0,0.394
1630314,Brandon Williams,1610612742,DAL,24.0,2023-24,0.0,0.0,0.0,0.0,2.0,0.0,3.0,13.0,0.231,0.0,2.0,0.0
1630296,Braxton Key,1610612743,DEN,27.0,2023-24,0.0,1.0,0.0,0.0,0.0,0.0,2.0,4.0,0.5,0.0,1.0,0.0
1641729,Brice Sensabaugh,1610612762,UTA,20.0,2023-24,7.0,20.0,0.35,5.0,14.0,0.357,22.0,81.0,0.272,12.0,34.0,0.353
201572,Brook Lopez,1610612749,MIL,36.0,2023-24,7.0,23.0,0.304,17.0,36.0,0.472,124.0,345.0,0.359,24.0,59.0,0.407
1628971,Bruce Brown,1610612761,TOR,27.0,2023-24,8.0,22.0,0.364,14.0,43.0,0.326,31.0,98.0,0.316,22.0,65.0,0.338
1628981,Bruno Fernando,1610612737,ATL,25.0,2023-24,0.0,0.0,0.0,0.0,0.0,0.0,0.0,4.0,0.0,0.0,0.0,0.0
1631121,Bryce McGowens,1610612766,CHA,21.0,2023-24,3.0,13.0,0.231,14.0,28.0,0.5,17.0,61.0,0.279,17.0,41.0,0.415
1631205,Buddy Boeheim,1610612765,DET,24.0,2023-24,0.0,1.0,0.0,1.0,4.0,0.25,7.0,20.0,0.35,1.0,5.0,0.2
1627741,Buddy Hield,1610612755,PHI,31.0,2023-24,28.0,63.0,0.444,20.0,44.0,0.455,171.0,461.0,0.371,48.0,107.0,0.449
203468,CJ McCollum,1610612740,NOP,32.0,2023-24,11.0,26.0,0.423,20.0,42.0,0.476,208.0,489.0,0.425,31.0,68.0,0.456
1630595,Cade Cunningham,1610612765,DET,22.0,2023-24,5.0,20.0,0.25,11.0,25.0,0.44,103.0,286.0,0.36,16.0,45.0,0.356
1631216,Caleb Houstan,1610612753,ORL,21.0,2023-24,16.0,42.0,0.381,14.0,33.0,0.424,42.0,118.0,0.356,30.0,75.0,0.4
1628997,Caleb Martin,1610612748,MIA,28.0,2023-24,17.0,46.0,0.37,16.0,48.0,0.333,48.0,136.0,0.353,33.0,94.0,0.351
1629629,Cam Reddish,1610612747,LAL,24.0,2023-24,14.0,31.0,0.452,9.0,37.0,0.243,14.0,42.0,0.333,23.0,68.0,0.338
1630560,Cam Thomas,1610612751,BKN,22.0,2023-24,18.0,37.0,0.486,10.0,21.0,0.476,116.0,337.0,0.344,28.0,58.0,0.483
1641715,Cam Whitmore,1610612745,HOU,19.0,2023-24,9.0,25.0,0.36,7.0,18.0,0.389,63.0,175.0,0.36,16.0,43.0,0.372
1629661,Cameron Johnson,1610612751,BKN,28.0,2023-24,29.0,64.0,0.453,26.0,56.0,0.464,83.0,232.0,0.358,55.0,120.0,0.458
1626166,Cameron Payne,1610612755,PHI,29.0,2023-24,2.0,12.0,0.167,7.0,24.0,0.292,95.0,230.0,0.413,9.0,36.0,0.25
1627747,Caris LeVert,1610612739,CLE,29.0,2023-24,14.0,43.0,0.326,8.0,25.0,0.32,86.0,262.0,0.328,22.0,68.0,0.324
1641717,Cason Wallace,1610612760,OKC,20.0,2023-24,28.0,61.0,0.459,27.0,62.0,0.435,43.0,111.0,0.387,55.0,123.0,0.447
1626224,Cedi Osman,1610612759,SAS,29.0,2023-24,11.0,24.0,0.458,14.0,30.0,0.467,61.0,167.0,0.365,25.0,54.0,0.463
1629646,Charles Bassey,1610612759,SAS,23.0,2023-24,0.0,0.0,0.0,0.0,0.0,0.0,0.0,1.0,0.0,0.0,0.0,0.0
1629718,Charlie Brown Jr.,1610612752,NYK,27.0,2023-24,0.0,0.0,0.0,1.0,2.0,0.5,1.0,5.0,0.2,1.0,2.0,0.5
1631096,Chet Holmgren,1610612760,OKC,22.0,2023-24,10.0,30.0,0.333,2.0,9.0,0.222,117.0,308.0,0.38,12.0,39.0,0.308
1629002,Chimezie Metu,1610612765,DET,27.0,2023-24,6.0,15.0,0.4,4.0,16.0,0.25,18.0,63.0,0.286,10.0,31.0,0.323
1628449,Chris Boucher,1610612761,TOR,31.0,2023-24,4.0,20.0,0.2,7.0,23.0,0.304,20.0,51.0,0.392,11.0,43.0,0.256
1630537,Chris Duarte,1610612758,SAC,27.0,2023-24,11.0,28.0,0.393,6.0,16.0,0.375,27.0,82.0,0.329,17.0,44.0,0.386
1641753,Chris Livingston,1610612749,MIL,20.0,2023-24,1.0,2.0,0.5,0.0,1.0,0.0,0.0,2.0,0.0,1.0,3.0,0.333
101108,Chris Paul,1610612744,GSW,39.0,2023-24,5.0,22.0,0.227,4.0,15.0,0.267,69.0,168.0,0.411,9.0,37.0,0.243
1631128,Christian Braun,1610612743,DEN,23.0,2023-24,11.0,34.0,0.324,7.0,24.0,0.292,45.0,105.0,0.429,18.0,58.0,0.31
1626174,Christian Wood,1610612747,LAL,28.0,2023-24,5.0,13.0,0.385,4.0,14.0,0.286,26.0,87.0,0.299,9.0,27.0,0.333
1629643,Chuma Okeke,1610612753,ORL,25.0,2023-24,8.0,13.0,0.615,2.0,12.0,0.167,13.0,56.0,0.232,10.0,25.0,0.4
203991,Clint Capela,1610612737,ATL,30.0,2023-24,0.0,0.0,0.0,0.0,0.0,0.0,0.0,0.0,0.0,0.0,0.0,0.0
1629632,Coby White,1610612741,CHI,24.0,2023-24,22.0,46.0,0.478,9.0,29.0,0.31,178.0,477.0,0.373,31.0,75.0,0.413
1628998,Cody Martin,1610612766,CHA,28.0,2023-24,7.0,22.0,0.318,4.0,10.0,0.4,16.0,54.0,0.296,11.0,32.0,0.344
203469,Cody Zeller,1610612740,NOP,31.0,2023-24,0.0,0.0,0.0,0.0,0.0,0.0,1.0,3.0,0.333,0.0,0.0,0.0
1641732,Colby Jones,1610612758,SAC,22.0,2023-24,1.0,6.0,0.167,0.0,2.0,0.0,1.0,14.0,0.071,1.0,8.0,0.125
1630175,Cole Anthony,1610612753,ORL,24.0,2023-24,14.0,35.0,0.4,5.0,23.0,0.217,74.0,214.0,0.346,19.0,58.0,0.328
1631306,Cole Swider,1610612748,MIA,25.0,2023-24,3.0,6.0,0.5,1.0,2.0,0.5,6.0,22.0,0.273,4.0,8.0,0.5
1630658,Colin Castleton,1610612747,LAL,24.0,2023-24,0.0,0.0,0.0,0.0,0.0,0.0,0.0,0.0,0.0,0.0,0.0,0.0
1631221,Collin Gillespie,1610612743,DEN,25.0,2023-24,1.0,2.0,0.5,1.0,2.0,0.5,13.0,34.0,0.382,2.0,4.0,0.5
1629012,Collin Sexton,1610612762,UTA,25.0,2023-24,21.0,44.0,0.477,12.0,32.0,0.375,95.0,247.0,0.385,33.0,76.0,0.434
1630557,Corey Kispert,1610612764,WAS,25.0,2023-24,22.0,58.0,0.379,18.0,50.0,0.36,144.0,370.0,0.389,40.0,108.0,0.37
202709,Cory Joseph,1610612744,GSW,32.0,2023-24,1.0,5.0,0.2,4.0,8.0,0.5,8.0,28.0,0.286,5.0,13.0,0.385
1641854,Craig Porter Jr.,1610612739,CLE,24.0,2023-24,1.0,3.0,0.333,0.0,3.0,0.0,11.0,27.0,0.407,1.0,6.0,0.167
1626156,D'Angelo Russell,1610612747,LAL,28.0,2023-24,18.0,46.0,0.391,10.0,27.0,0.37,198.0,467.0,0.424,28.0,73.0,0.384
1641793,D'Moi Hodge,1610612747,LAL,25.0,2023-24,0.0,2.0,0.0,1.0,1.0,1.0,2.0,9.0,0.222,1.0,3.0,0.333
1630618,D.J. Carton,1610612761,TOR,23.0,2023-24,0.0,0.0,0.0,1.0,3.0,0.333,0.0,1.0,0.0,1.0,3.0,0.333
1628391,D.J. Wilson,1610612753,ORL,28.0,2023-24,0.0,0.0,0.0,1.0,1.0,1.0,1.0,1.0,1.0,1.0,1.0,1.0
1629610,DaQuan Jeffries,1610612752,NYK,26.0,2023-24,1.0,4.0,0.25,0.0,0.0,0.0,1.0,6.0,0.167,1.0,4.0,0.25
1630227,Daishen Nix,1610612750,MIN,22.0,2023-24,0.0,0.0,0.0,0.0,3.0,0.0,6.0,14.0,0.429,0.0,3.0,0.0
1630625,Dalano Banton,1610612757,POR,24.0,2023-24,4.0,13.0,0.308,6.0,18.0,0.333,49.0,168.0,0.292,10.0,31.0,0.323
1631207,Dalen Terry,1610612741,CHI,21.0,2023-24,5.0,15.0,0.333,6.0,19.0,0.316,6.0,39.0,0.154,11.0,34.0,0.324
1627745,Damian Jones,1610612739,CLE,29.0,2023-24,1.0,3.0,0.333,1.0,3.0,0.333,1.0,8.0,0.125,2.0,6.0,0.333
203081,Damian Lillard,1610612749,MIL,33.0,2023-24,5.0,21.0,0.238,6.0,16.0,0.375,209.0,578.0,0.362,11.0,37.0,0.297
1629655,Daniel Gafford,1610612742,DAL,25.0,2023-24,0.0,0.0,0.0,0.0,0.0,0.0,0.0,0.0,0.0,0.0,0.0,0.0
1628464,Daniel Theis,1610612746,LAC,32.0,2023-24,2.0,11.0,0.182,4.0,8.0,0.5,20.0,51.0,0.392,6.0,19.0,0.316
201568,Danilo Gallinari,1610612749,MIL,35.0,2023-24,1.0,3.0,0.333,4.0,7.0,0.571,25.0,83.0,0.301,5.0,10.0,0.5
201980,Danny Green,1610612755,PHI,37.0,2023-24,0.0,0.0,0.0,0.0,1.0,0.0,0.0,0.0,0.0,0.0,1.0,0.0
203957,Dante Exum,1610612742,DAL,28.0,2023-24,10.0,25.0,0.4,11.0,22.0,0.5,32.0,59.0,0.542,21.0,47.0,0.447
1627863,Danuel House Jr.,1610612755,PHI,31.0,2023-24,2.0,9.0,0.222,7.0,17.0,0.412,6.0,22.0,0.273,9.0,26.0,0.346
203967,Dario Saric,1610612744,GSW,30.0,2023-24,5.0,15.0,0.333,1.0,10.0,0.1,68.0,172.0,0.395,6.0,25.0,0.24
1641727,Dariq Whitehead,1610612751,BKN,19.0,2023-24,0.0,1.0,0.0,0.0,0.0,0.0,0.0,2.0,0.0,0.0,1.0,0.0
1629647,Darius Bazley,1610612762,UTA,24.0,2023-24,1.0,3.0,0.333,1.0,2.0,0.5,0.0,3.0,0.0,2.0,5.0,0.4
1629636,Darius Garland,1610612739,CLE,24.0,2023-24,11.0,25.0,0.44,11.0,27.0,0.407,110.0,304.0,0.362,22.0,52.0,0.423
1630561,David Duke Jr.,1610612759,SAS,24.0,2023-24,1.0,2.0,0.5,0.0,0.0,0.0,2.0,4.0,0.5,1.0,2.0,0.5
1631223,David Roddy,1610612756,PHX,23.0,2023-24,10.0,31.0,0.323,9.0,22.0,0.409,29.0,110.0,0.264,19.0,53.0,0.358
1630558,Davion Mitchell,1610612758,SAC,25.0,2023-24,14.0,29.0,0.483,7.0,18.0,0.389,36.0,111.0,0.324,21.0,47.0,0.447
202722,Davis Bertans,1610612766,CHA,31.0,2023-24,9.0,28.0,0.321,8.0,19.0,0.421,59.0,152.0,0.388,17.0,47.0,0.362
1630549,Day'Ron Sharpe,1610612751,BKN,22.0,2023-24,0.0,0.0,0.0,1.0,4.0,0.25,3.0,11.0,0.273,1.0,4.0,0.25
1628368,De'Aaron Fox,1610612758,SAC,26.0,2023-24,25.0,52.0,0.481,10.0,31.0,0.323,179.0,496.0,0.361,35.0,83.0,0.422
1629631,De'Andre Hunter,1610612737,ATL,26.0,2023-24,22.0,55.0,0.4,19.0,46.0,0.413,76.0,203.0,0.374,41.0,101.0,0.406
1629001,De'Anthony Melton,1610612755,PHI,26.0,2023-24,8.0,22.0,0.364,5.0,19.0,0.263,64.0,173.0,0.37,13.0,41.0,0.317
201599,DeAndre Jordan,1610612743,DEN,35.0,2023-24,0.0,0.0,0.0,0.0,0.0,0.0,0.0,0.0,0.0,0.0,0.0,0.0
1630610,DeJon Jarreau,1610612763,MEM,26.0,2023-24,0.0,2.0,0.0,0.0,0.0,0.0,4.0,11.0,0.364,0.0,2.0,0.0
201942,DeMar DeRozan,1610612741,CHI,34.0,2023-24,20.0,45.0,0.444,8.0,26.0,0.308,48.0,155.0,0.31,28.0,71.0,0.394
1629731,Dean Wade,1610612739,CLE,27.0,2023-24,12.0,35.0,0.343,19.0,41.0,0.463,48.0,126.0,0.381,31.0,76.0,0.408
1629028,Deandre Ayton,1610612757,POR,25.0,2023-24,0.0,1.0,0.0,1.0,3.0,0.333,0.0,5.0,0.0,1.0,4.0,0.25
1627749,Dejounte Murray,1610612737,ATL,27.0,2023-24,35.0,81.0,0.432,24.0,55.0,0.436,142.0,417.0,0.341,59.0,136.0,0.434
1626153,Delon Wright,1610612748,MIA,32.0,2023-24,3.0,7.0,0.429,2.0,11.0,0.182,20.0,49.0,0.408,5.0,18.0,0.278
1630166,Deni Avdija,1610612764,WAS,23.0,2023-24,13.0,33.0,0.394,18.0,33.0,0.545,57.0,166.0,0.343,31.0,66.0,0.47
203471,Dennis Schröder,1610612751,BKN,30.0,2023-24,13.0,38.0,0.342,13.0,27.0,0.481,112.0,298.0,0.376,26.0,65.0,0.4
1628372,Dennis Smith Jr.,1610612751,BKN,26.0,2023-24,3.0,15.0,0.2,12.0,25.0,0.48,17.0,68.0,0.25,15.0,40.0,0.375
1641726,Dereck Lively II,1610612742,DAL,20.0,2023-24,0.0,1.0,0.0,0.0,1.0,0.0,0.0,0.0,0.0,0.0,2.0,0.0
1631220,Dereon Seabron,1610612740,NOP,24.0,2023-24,0.0,1.0,0.0,0.0,0.0,0.0,1.0,1.0,1.0,0.0,1.0,0.0
1627884,Derrick Jones Jr.,1610612742,DAL,27.0,2023-24,25.0,75.0,0.333,25.0,73.0,0.342,32.0,91.0,0.352,50.0,148.0,0.338
201565,Derrick Rose,1610612763,MEM,35.0,2023-24,3.0,8.0,0.375,4.0,7.0,0.571,8.0,26.0,0.308,7.0,15.0,0.467
1628401,Derrick White,1610612738,BOS,29.0,2023-24,17.0,45.0,0.378,27.0,66.0,0.409,152.0,384.0,0.396,44.0,111.0,0.396
1630217,Desmond Bane,1610612763,MEM,26.0,2023-24,14.0,28.0,0.5,11.0,27.0,0.407,112.0,304.0,0.368,25.0,55.0,0.455
1626164,Devin Booker,1610612756,PHX,27.0,2023-24,12.0,28.0,0.429,6.0,8.0,0.75,134.0,382.0,0.351,18.0,36.0,0.5
1630170,Devin Vassell,1610612759,SAS,23.0,2023-24,21.0,49.0,0.429,23.0,41.0,0.561,122.0,354.0,0.345,44.0,90.0,0.489
1628984,Devonte' Graham,1610612759,SAS,29.0,2023-24,1.0,7.0,0.143,2.0,5.0,0.4,22.0,70.0,0.314,3.0,12.0,0.25
1641926,Dexter Dennis,1610612742,DAL,25.0,2023-24,0.0,0.0,0.0,0.0,0.0,0.0,1.0,8.0,0.125,0.0,0.0,0.0
1628415,Dillon Brooks,1610612745,HOU,28.0,2023-24,13.0,36.0,0.361,13.0,26.0,0.5,106.0,305.0,0.348,26.0,62.0,0.419
1631376,Dmytro Skapintsev,1610612752,NYK,26.0,2023-24,,,,0.0,0.0,0.0,0.0,0.0,0.0,0.0,0.0,0.0
1627734,Domantas Sabonis,1610612758,SAC,28.0,2023-24,0.0,2.0,0.0,1.0,3.0,0.333,32.0,82.0,0.39,1.0,5.0,0.2
1631230,Dominick Barlow,1610612759,SAS,21.0,2023-24,0.0,1.0,0.0,3.0,7.0,0.429,0.0,1.0,0.0,3.0,8.0,0.375
1628378,Donovan Mitchell,1610612739,CLE,27.0,2023-24,3.0,13.0,0.231,5.0,13.0,0.385,174.0,467.0,0.373,8.0,26.0,0.308
1628978,Donte DiVincenzo,1610612752,NYK,27.0,2023-24,44.0,106.0,0.415,42.0,81.0,0.519,196.0,515.0,0.381,86.0,187.0,0.46
1627827,Dorian Finney-Smith,1610612751,BKN,31.0,2023-24,23.0,61.0,0.377,20.0,63.0,0.317,74.0,210.0,0.352,43.0,124.0,0.347
203926,Doug McDermott,1610612754,IND,32.0,2023-24,13.0,34.0,0.382,7.0,15.0,0.467,74.0,180.0,0.411,20.0,49.0,0.408
203110,Draymond Green,1610612744,GSW,34.0,2023-24,6.0,20.0,0.3,11.0,21.0,0.524,34.0,88.0,0.386,17.0,41.0,0.415
1629234,Drew Eubanks,1610612756,PHX,27.0,2023-24,2.0,2.0,1.0,1.0,1.0,1.0,0.0,0.0,0.0,3.0,3.0,1.0
1641809,Drew Peterson,1610612738,BOS,24.0,2023-24,0.0,1.0,0.0,0.0,0.0,0.0,3.0,4.0,0.75,0.0,1.0,0.0
1630696,Dru Smith,1610612748,MIA,26.0,2023-24,1.0,1.0,1.0,2.0,3.0,0.667,4.0,12.0,0.333,3.0,4.0,0.75
1629130,Duncan Robinson,1610612748,MIA,30.0,2023-24,21.0,57.0,0.368,27.0,58.0,0.466,139.0,356.0,0.39,48.0,115.0,0.417
1641871,Duop Reath,1610612757,POR,28.0,2023-24,8.0,21.0,0.381,13.0,25.0,0.52,67.0,199.0,0.337,21.0,46.0,0.457
203939,Dwight Powell,1610612742,DAL,32.0,2023-24,0.0,0.0,0.0,1.0,2.0,0.5,0.0,1.0,0.0,1.0,2.0,0.5
1629685,Dylan Windler,1610612737,ATL,27.0,2023-24,3.0,6.0,0.5,2.0,6.0,0.333,8.0,15.0,0.533,5.0,12.0,0.417
1630700,Dyson Daniels,1610612740,NOP,21.0,2023-24,6.0,15.0,0.4,14.0,38.0,0.368,22.0,78.0,0.282,20.0,53.0,0.377
1630604,E.J. Liddell,1610612740,NOP,23.0,2023-24,0.0,0.0,0.0,0.0,0.0,0.0,0.0,5.0,0.0,0.0,0.0,0.0
1641734,Emoni Bates,1610612739,CLE,20.0,2023-24,3.0,4.0,0.75,0.0,2.0,0.0,7.0,27.0,0.259,3.0,6.0,0.5
201569,Eric Gordon,1610612756,PHX,35.0,2023-24,9.0,26.0,0.346,25.0,57.0,0.439,116.0,313.0,0.371,34.0,83.0,0.41
1630647,Eugene Omoruyi,1610612764,WAS,27.0,2023-24,0.0,2.0,0.0,0.0,6.0,0.0,13.0,38.0,0.342,0.0,8.0,0.0
203095,Evan Fournier,1610612765,DET,31.0,2023-24,8.0,21.0,0.381,2.0,19.0,0.105,23.0,90.0,0.256,10.0,40.0,0.25
1630596,Evan Mobley,1610612739,CLE,23.0,2023-24,3.0,10.0,0.3,6.0,16.0,0.375,13.0,33.0,0.394,9.0,26.0,0.346
1630196,Filip Petrusev,1610612755,PHI,24.0,2023-24,0.0,0.0,0.0,0.0,0.0,0.0,0.0,0.0,0.0,0.0,0.0,0.0
1628373,Frank Ntilikina,1610612766,CHA,25.0,2023-24,0.0,0.0,0.0,0.0,3.0,0.0,1.0,5.0,0.2,0.0,3.0,0.0
1630532,Franz Wagner,1610612753,ORL,22.0,2023-24,6.0,25.0,0.24,3.0,16.0,0.188,85.0,289.0,0.294,9.0,41.0,0.22
1627832,Fred VanVleet,1610612745,HOU,30.0,2023-24,15.0,28.0,0.536,12.0,27.0,0.444,200.0,523.0,0.382,27.0,55.0,0.491
1627788,Furkan Korkmaz,1610612755,PHI,26.0,2023-24,0.0,2.0,0.0,2.0,2.0,1.0,12.0,36.0,0.333,2.0,4.0,0.5
1641713,GG Jackson,1610612763,MEM,19.0,2023-24,17.0,33.0,0.515,15.0,33.0,0.455,70.0,219.0,0.32,32.0,66.0,0.485
1629216,Gabe Vincent,1610612747,LAL,28.0,2023-24,0.0,2.0,0.0,0.0,3.0,0.0,3.0,23.0,0.13,0.0,5.0,0.0
202066,Garrett Temple,1610612761,TOR,38.0,2023-24,6.0,15.0,0.4,2.0,6.0,0.333,4.0,19.0,0.211,8.0,21.0,0.381
1629726,Garrison Mathews,1610612737,ATL,27.0,2023-24,11.0,30.0,0.367,20.0,36.0,0.556,54.0,127.0,0.425,31.0,66.0,0.47
203914,Gary Harris,1610612753,ORL,29.0,2023-24,25.0,59.0,0.424,12.0,32.0,0.375,39.0,113.0,0.345,37.0,91.0,0.407
1627780,Gary Payton II,1610612744,GSW,31.0,2023-24,6.0,21.0,0.286,7.0,16.0,0.438,7.0,18.0,0.389,13.0,37.0,0.351
1629018,Gary Trent Jr.,1610612761,TOR,25.0,2023-24,20.0,52.0,0.385,10.0,27.0,0.37,148.0,374.0,0.396,30.0,79.0,0.38
1627777,Georges Niang,1610612739,CLE,31.0,2023-24,24.0,79.0,0.304,26.0,64.0,0.406,99.0,253.0,0.391,50.0,143.0,0.35
203507,Giannis Antetokounmpo,1610612749,MIL,29.0,2023-24,0.0,3.0,0.0,0.0,0.0,0.0,34.0,120.0,0.283,0.0,3.0,0.0
1629048,Goga Bitadze,1610612753,ORL,24.0,2023-24,0.0,1.0,0.0,0.0,3.0,0.0,2.0,10.0,0.2,0.0,4.0,0.0
202330,Gordon Hayward,1610612760,OKC,34.0,2023-24,6.0,16.0,0.375,6.0,12.0,0.5,25.0,62.0,0.403,12.0,28.0,0.429
1641711,Gradey Dick,1610612761,TOR,20.0,2023-24,24.0,47.0,0.511,20.0,47.0,0.426,44.0,144.0,0.306,44.0,94.0,0.468
1629684,Grant Williams,1610612766,CHA,25.0,2023-24,19.0,69.0,0.275,23.0,45.0,0.511,84.0,221.0,0.38,42.0,114.0,0.368
1628960,Grayson Allen,1610612756,PHX,28.0,2023-24,48.0,85.0,0.565,17.0,50.0,0.34,140.0,310.0,0.452,65.0,135.0,0.481
1630535,Greg Brown III,1610612742,DAL,22.0,2023-24,0.0,0.0,0.0,0.0,0.0,0.0,1.0,3.0,0.333,0.0,0.0,0.0
1630611,Gui Santos,1610612744,GSW,22.0,2023-24,2.0,4.0,0.5,2.0,4.0,0.5,6.0,19.0,0.316,4.0,8.0,0.5
1628977,Hamidou Diallo,1610612764,WAS,25.0,2023-24,0.0,0.0,0.0,0.0,0.0,0.0,0.0,0.0,0.0,0.0,0.0,0.0
203084,Harrison Barnes,1610612758,SAC,32.0,2023-24,37.0,93.0,0.398,31.0,73.0,0.425,81.0,219.0,0.37,68.0,166.0,0.41
1628385,Harry Giles III,1610612747,LAL,26.0,2023-24,1.0,1.0,1.0,0.0,4.0,0.0,2.0,9.0,0.222,1.0,5.0,0.2
1629312,Haywood Highsmith,1610612748,MIA,27.0,2023-24,22.0,47.0,0.468,14.0,37.0,0.378,40.0,108.0,0.37,36.0,84.0,0.429
1630929,Henri Drell,1610612741,CHI,24.0,2023-24,1.0,2.0,0.5,0.0,1.0,0.0,1.0,3.0,0.333,1.0,3.0,0.333
1630529,Herbert Jones,1610612740,NOP,25.0,2023-24,23.0,68.0,0.338,47.0,82.0,0.573,44.0,123.0,0.358,70.0,150.0,0.467
1641816,Hunter Tyson,1610612743,DEN,24.0,2023-24,1.0,1.0,1.0,0.0,0.0,0.0,3.0,13.0,0.231,1.0,1.0,1.0
1630641,Ibou Badji,1610612757,POR,21.0,2023-24,0.0,0.0,0.0,0.0,0.0,0.0,0.0,0.0,0.0,0.0,0.0,0.0
1630193,Immanuel Quickley,1610612761,TOR,25.0,2023-24,11.0,36.0,0.306,15.0,52.0,0.288,145.0,345.0,0.42,26.0,88.0,0.295
1630171,Isaac Okoro,1610612739,CLE,23.0,2023-24,21.0,51.0,0.412,34.0,89.0,0.382,29.0,74.0,0.392,55.0,140.0,0.393
1628392,Isaiah Hartenstein,1610612752,NYK,26.0,2023-24,0.0,0.0,0.0,0.0,0.0,0.0,1.0,3.0,0.333,0.0,0.0,0.0
1630543,Isaiah Jackson,1610612754,IND,22.0,2023-24,0.0,0.0,0.0,0.0,2.0,0.0,0.0,2.0,0.0,0.0,2.0,0.0
1630198,Isaiah Joe,1610612760,OKC,24.0,2023-24,26.0,53.0,0.491,8.0,27.0,0.296,113.0,271.0,0.417,34.0,80.0,0.425
1630587,Isaiah Livers,1610612765,DET,25.0,2023-24,3.0,10.0,0.3,6.0,19.0,0.316,13.0,47.0,0.277,9.0,29.0,0.31
1630600,Isaiah Mobley,1610612739,CLE,24.0,2023-24,0.0,2.0,0.0,1.0,2.0,0.5,2.0,6.0,0.333,1.0,4.0,0.25
1630191,Isaiah Stewart,1610612765,DET,23.0,2023-24,9.0,32.0,0.281,14.0,32.0,0.438,44.0,111.0,0.396,23.0,64.0,0.359
202738,Isaiah Thomas,1610612756,PHX,35.0,2023-24,1.0,1.0,1.0,0.0,1.0,0.0,1.0,2.0,0.5,1.0,2.0,0.5
1631209,Isaiah Wong,1610612754,IND,23.0,2023-24,0.0,1.0,0.0,,,,0.0,0.0,0.0,0.0,1.0,0.0
202397,Ish Smith,1610612766,CHA,35.0,2023-24,1.0,1.0,1.0,0.0,0.0,0.0,3.0,6.0,0.5,1.0,1.0,1.0
1630688,Ish Wainright,1610612756,PHX,29.0,2023-24,2.0,3.0,0.667,1.0,2.0,0.5,4.0,15.0,0.267,3.0,5.0,0.6
1627826,Ivica Zubac,1610612746,LAC,27.0,2023-24,0.0,0.0,0.0,0.0,0.0,0.0,0.0,0.0,0.0,0.0,0.0,0.0
1631167,Izaiah Brockington,1610612740,NOP,24.0,2023-24,0.0,0.0,0.0,0.0,0.0,0.0,0.0,1.0,0.0,0.0,0.0,0.0
1631120,JD Davison,1610612738,BOS,21.0,2023-24,0.0,0.0,0.0,0.0,1.0,0.0,3.0,6.0,0.5,0.0,1.0,0.0
1630550,JT Thor,1610612766,CHA,21.0,2023-24,6.0,23.0,0.261,8.0,20.0,0.4,14.0,38.0,0.368,14.0,43.0,0.326
1629630,Ja Morant,1610612763,MEM,24.0,2023-24,1.0,2.0,0.5,0.0,3.0,0.0,13.0,46.0,0.283,1.0,5.0,0.2
201580,JaVale McGee,1610612758,SAC,36.0,2023-24,0.0,0.0,0.0,0.0,0.0,0.0,1.0,7.0,0.143,0.0,0.0,0.0
1631095,Jabari Smith Jr.,1610612745,HOU,21.0,2023-24,13.0,29.0,0.448,20.0,44.0,0.455,105.0,302.0,0.348,33.0,73.0,0.452
1631133,Jabari Walker,1610612757,POR,21.0,2023-24,15.0,32.0,0.469,5.0,35.0,0.143,21.0,71.0,0.296,20.0,67.0,0.299
1631298,Jack White,1610612760,OKC,26.0,2023-24,0.0,1.0,0.0,0.0,1.0,0.0,2.0,8.0,0.25,0.0,2.0,0.0
1631367,Jacob Gilyard,1610612751,BKN,25.0,2023-24,12.0,19.0,0.632,3.0,11.0,0.273,36.0,94.0,0.383,15.0,30.0,0.5
1631210,Jacob Toppin,1610612752,NYK,24.0,2023-24,0.0,0.0,0.0,0.0,1.0,0.0,1.0,3.0,0.333,0.0,1.0,0.0
1630702,Jaden Hardy,1610612742,DAL,21.0,2023-24,13.0,34.0,0.382,8.0,24.0,0.333,60.0,162.0,0.37,21.0,58.0,0.362
1631093,Jaden Ivey,1610612765,DET,22.0,2023-24,15.0,54.0,0.278,13.0,29.0,0.448,96.0,280.0,0.343,28.0,83.0,0.337
1630183,Jaden McDaniels,1610612750,MIN,23.0,2023-24,33.0,89.0,0.371,25.0,70.0,0.357,28.0,94.0,0.298,58.0,159.0,0.365
1630531,Jaden Springer,1610612738,BOS,21.0,2023-24,4.0,11.0,0.364,1.0,11.0,0.091,5.0,26.0,0.192,5.0,22.0,0.227
203109,Jae Crowder,1610612749,MIL,33.0,2023-24,16.0,44.0,0.364,14.0,33.0,0.424,28.0,88.0,0.318,30.0,77.0,0.39
1630256,Jae'Sean Tate,1610612745,HOU,28.0,2023-24,8.0,30.0,0.267,6.0,14.0,0.429,9.0,33.0,0.273,14.0,44.0,0.318
1630186,Jahmi'us Ramsey,1610612761,TOR,23.0,2023-24,1.0,2.0,0.5,1.0,4.0,0.25,4.0,16.0,0.25,2.0,6.0,0.333
1631170,Jaime Jaquez Jr.,1610612748,MIA,23.0,2023-24,22.0,59.0,0.373,13.0,49.0,0.265,30.0,90.0,0.333,35.0,108.0,0.324
1631222,Jake LaRavia,1610612763,MEM,22.0,2023-24,7.0,15.0,0.467,5.0,13.0,0.385,41.0,127.0,0.323,12.0,28.0,0.429
1627751,Jakob Poeltl,1610612761,TOR,28.0,2023-24,0.0,0.0,0.0,0.0,0.0,0.0,0.0,0.0,0.0,0.0,0.0,0.0
1628973,Jalen Brunson,1610612752,NYK,27.0,2023-24,9.0,21.0,0.429,24.0,51.0,0.471,178.0,453.0,0.393,33.0,72.0,0.458
1630622,Jalen Crutcher,1610612740,NOP,24.0,2023-24,0.0,0.0,0.0,0.0,0.0,0.0,0.0,0.0,0.0,0.0,0.0,0.0
1631105,Jalen Duren,1610612765,DET,20.0,2023-24,0.0,0.0,0.0,0.0,0.0,0.0,0.0,4.0,0.0,0.0,0.0,0.0
1630224,Jalen Green,1610612745,HOU,22.0,2023-24,12.0,29.0,0.414,10.0,29.0,0.345,179.0,544.0,0.329,22.0,58.0,0.379
1641720,Jalen Hood-Schifino,1610612747,LAL,21.0,2023-24,0.0,1.0,0.0,0.0,0.0,0.0,2.0,14.0,0.143,0.0,1.0,0.0
1630552,Jalen Johnson,1610612737,ATL,22.0,2023-24,9.0,29.0,0.31,9.0,32.0,0.281,53.0,138.0,0.384,18.0,61.0,0.295
1629667,Jalen McDaniels,1610612761,TOR,26.0,2023-24,2.0,8.0,0.25,4.0,14.0,0.286,6.0,49.0,0.122,6.0,22.0,0.273
1629618,Jalen Pickett,1610612743,DEN,24.0,2023-24,0.0,0.0,0.0,0.0,1.0,0.0,9.0,23.0,0.391,0.0,1.0,0.0
1641771,Jalen Slawson,1610612758,SAC,24.0,2023-24,0.0,0.0,0.0,0.0,0.0,0.0,0.0,2.0,0.0,0.0,0.0,0.0
1630188,Jalen Smith,1610612754,IND,24.0,2023-24,1.0,6.0,0.167,9.0,18.0,0.5,51.0,119.0,0.429,10.0,24.0,0.417
1630591,Jalen Suggs,1610612753,ORL,23.0,2023-24,24.0,59.0,0.407,15.0,45.0,0.333,114.0,280.0,0.407,39.0,104.0,0.375
1631114,Jalen Williams,1610612760,OKC,23.0,2023-24,7.0,12.0,0.583,6.0,14.0,0.429,90.0,215.0,0.419,13.0,26.0,0.5
1630592,Jalen Wilson,1610612751,BKN,23.0,2023-24,4.0,12.0,0.333,7.0,17.0,0.412,13.0,43.0,0.302,11.0,29.0,0.379
1631288,Jamal Cain,1610612748,MIA,25.0,2023-24,2.0,10.0,0.2,3.0,9.0,0.333,6.0,12.0,0.5,5.0,19.0,0.263
1627750,Jamal Murray,1610612743,DEN,27.0,2023-24,9.0,24.0,0.375,2.0,15.0,0.133,134.0,300.0,0.447,11.0,39.0,0.282
1631123,Jamaree Bouyea,1610612759,SAS,25.0,2023-24,0.0,0.0,0.0,0.0,0.0,0.0,1.0,8.0,0.125,0.0,0.0,0.0
1630547,James Bouknight,1610612766,CHA,23.0,2023-24,1.0,5.0,0.2,1.0,3.0,0.333,11.0,22.0,0.5,2.0,8.0,0.25
201935,James Harden,1610612746,LAC,34.0,2023-24,4.0,16.0,0.25,11.0,22.0,0.5,171.0,450.0,0.38,15.0,38.0,0.395
201949,James Johnson,1610612754,IND,37.0,2023-24,0.0,0.0,0.0,0.0,0.0,0.0,0.0,2.0,0.0,0.0,0.0,0.0
1630164,James Wiseman,1610612765,DET,23.0,2023-24,0.0,0.0,0.0,0.0,0.0,0.0,0.0,1.0,0.0,0.0,0.0,0.0
1641716,Jarace Walker,1610612754,IND,20.0,2023-24,1.0,8.0,0.125,3.0,4.0,0.75,18.0,43.0,0.419,4.0,12.0,0.333
1630215,Jared Butler,1610612764,WAS,23.0,2023-24,5.0,8.0,0.625,2.0,5.0,0.4,17.0,62.0,0.274,7.0,13.0,0.538
1631197,Jared Rhoden,1610612765,DET,24.0,2023-24,2.0,7.0,0.286,4.0,7.0,0.571,6.0,16.0,0.375,6.0,14.0,0.429
1628991,Jaren Jackson Jr.,1610612763,MEM,24.0,2023-24,6.0,31.0,0.194,12.0,26.0,0.462,99.0,301.0,0.329,18.0,57.0,0.316
1629020,Jarred Vanderbilt,1610612747,LAL,25.0,2023-24,2.0,7.0,0.286,6.0,14.0,0.429,0.0,5.0,0.0,8.0,21.0,0.381
1628386,Jarrett Allen,1610612739,CLE,26.0,2023-24,0.0,1.0,0.0,0.0,1.0,0.0,0.0,4.0,0.0,0.0,2.0,0.0
1630554,Jason Preston,1610612762,UTA,24.0,2023-24,0.0,1.0,0.0,0.0,0.0,0.0,0.0,2.0,0.0,0.0,1.0,0.0
1631241,Javon Freeman-Liberty,1610612761,TOR,24.0,2023-24,3.0,6.0,0.5,1.0,6.0,0.167,6.0,30.0,0.2,4.0,12.0,0.333
1629750,Javonte Green,1610612741,CHI,30.0,2023-24,2.0,8.0,0.25,4.0,9.0,0.444,4.0,10.0,0.4,6.0,17.0,0.353
1630606,Javonte Smart,1610612755,PHI,25.0,2023-24,,,,0.0,0.0,0.0,0.0,0.0,0.0,0.0,0.0,0.0
1629637,Jaxson Hayes,1610612747,LAL,24.0,2023-24,0.0,0.0,0.0,0.0,1.0,0.0,0.0,6.0,0.0,0.0,1.0,0.0
1630643,Jay Huff,1610612743,DEN,26.0,2023-24,0.0,0.0,0.0,0.0,0.0,0.0,3.0,9.0,0.333,0.0,0.0,0.0
1627759,Jaylen Brown,1610612738,BOS,27.0,2023-24,18.0,46.0,0.391,15.0,42.0,0.357,112.0,322.0,0.348,33.0,88.0,0.375
1629669,Jaylen Nowell,1610612758,SAC,24.0,2023-24,0.0,2.0,0.0,1.0,3.0,0.333,5.0,23.0,0.217,1.0,5.0,0.2
1631119,Jaylin Williams,1610612760,OKC,22.0,2023-24,9.0,23.0,0.391,3.0,11.0,0.273,41.0,110.0,0.373,12.0,34.0,0.353
1628369,Jayson Tatum,1610612738,BOS,26.0,2023-24,7.0,22.0,0.318,7.0,20.0,0.35,215.0,567.0,0.379,14.0,42.0,0.333
1630288,Jeff Dowtin Jr.,1610612755,PHI,27.0,2023-24,0.0,0.0,0.0,1.0,2.0,0.5,8.0,17.0,0.471,1.0,2.0,0.5
201145,Jeff Green,1610612745,HOU,37.0,2023-24,11.0,33.0,0.333,14.0,41.0,0.341,28.0,82.0,0.341,25.0,74.0,0.338
203924,Jerami Grant,1610612757,POR,30.0,2023-24,21.0,53.0,0.396,26.0,49.0,0.531,64.0,174.0,0.368,47.0,102.0,0.461
1630526,Jeremiah Robinson-Earl,1610612740,NOP,23.0,2023-24,5.0,11.0,0.455,3.0,11.0,0.273,5.0,17.0,0.294,8.0,22.0,0.364
1631110,Jeremy Sochan,1610612759,SAS,21.0,2023-24,13.0,37.0,0.351,11.0,38.0,0.289,46.0,148.0,0.311,24.0,75.0,0.32
1630579,Jericho Sims,1610612752,NYK,25.0,2023-24,0.0,0.0,0.0,0.0,0.0,0.0,0.0,0.0,0.0,0.0,0.0,0.0
1631257,Jermaine Samuels Jr.,1610612745,HOU,25.0,2023-24,0.0,1.0,0.0,0.0,1.0,0.0,0.0,0.0,0.0,0.0,2.0,0.0
1629010,Jerome Robinson,1610612744,GSW,27.0,2023-24,0.0,3.0,0.0,0.0,1.0,0.0,2.0,13.0,0.154,0.0,4.0,0.0
1641724,Jett Howard,1610612753,ORL,20.0,2023-24,0.0,2.0,0.0,0.0,0.0,0.0,7.0,23.0,0.304,0.0,2.0,0.0
1628975,Jevon Carter,1610612741,CHI,28.0,2023-24,16.0,37.0,0.432,7.0,24.0,0.292,54.0,172.0,0.314,23.0,61.0,0.377
202710,Jimmy Butler III,1610612748,MIA,34.0,2023-24,14.0,33.0,0.424,19.0,40.0,0.475,27.0,72.0,0.375,33.0,73.0,0.452
1629111,Jock Landale,1610612745,HOU,28.0,2023-24,0.0,3.0,0.0,1.0,1.0,1.0,9.0,36.0,0.25,1.0,4.0,0.25
203925,Joe Harris,1610612765,DET,32.0,2023-24,2.0,5.0,0.4,5.0,9.0,0.556,3.0,16.0,0.188,7.0,14.0,0.5
204060,Joe Ingles,1610612753,ORL,36.0,2023-24,5.0,15.0,0.333,12.0,19.0,0.632,53.0,125.0,0.424,17.0,34.0,0.5
203954,Joel Embiid,1610612755,PHI,30.0,2023-24,2.0,4.0,0.5,2.0,3.0,0.667,50.0,130.0,0.385,4.0,7.0,0.571
1628381,John Collins,1610612762,UTA,26.0,2023-24,13.0,34.0,0.382,25.0,69.0,0.362,48.0,129.0,0.372,38.0,103.0,0.369
1629723,John Konchar,1610612763,MEM,28.0,2023-24,11.0,41.0,0.268,6.0,19.0,0.316,21.0,60.0,0.35,17.0,60.0,0.283
1631098,Johnny Davis,1610612764,WAS,22.0,2023-24,5.0,9.0,0.556,2.0,9.0,0.222,7.0,21.0,0.333,7.0,18.0,0.389
1630548,Johnny Juzang,1610612762,UTA,23.0,2023-24,10.0,19.0,0.526,4.0,19.0,0.211,18.0,39.0,0.462,14.0,38.0,0.368
202685,Jonas Valančiūnas,1610612740,NOP,32.0,2023-24,2.0,12.0,0.167,2.0,12.0,0.167,33.0,96.0,0.344,4.0,24.0,0.167
1628371,Jonathan Isaac,1610612753,ORL,26.0,2023-24,15.0,30.0,0.5,10.0,26.0,0.385,17.0,55.0,0.309,25.0,56.0,0.446
1630228,Jonathan Kuminga,1610612744,GSW,21.0,2023-24,12.0,27.0,0.444,9.0,25.0,0.36,32.0,112.0,0.286,21.0,52.0,0.404
1629007,Jontay Porter,1610612765,DET,24.0,2023-24,1.0,2.0,0.5,2.0,3.0,0.667,17.0,55.0,0.309,3.0,5.0,0.6
203903,Jordan Clarkson,1610612762,UTA,32.0,2023-24,8.0,20.0,0.4,9.0,22.0,0.409,75.0,260.0,0.288,17.0,42.0,0.405
1630259,Jordan Ford,1610612758,SAC,26.0,2023-24,1.0,2.0,0.5,0.0,0.0,0.0,1.0,1.0,1.0,1.0,2.0,0.5
1630692,Jordan Goodwin,1610612763,MEM,25.0,2023-24,5.0,19.0,0.263,8.0,18.0,0.444,29.0,104.0,0.279,13.0,37.0,0.351
1641722,Jordan Hawkins,1610612740,NOP,22.0,2023-24,20.0,36.0,0.556,14.0,38.0,0.368,75.0,222.0,0.338,34.0,74.0,0.459
1629162,Jordan McLaughlin,1610612750,MIN,28.0,2023-24,6.0,18.0,0.333,13.0,26.0,0.5,22.0,44.0,0.5,19.0,44.0,0.432
1641757,Jordan Miller,1610612746,LAC,24.0,2023-24,1.0,1.0,1.0,0.0,1.0,0.0,0.0,0.0,0.0,1.0,2.0,0.5
1629670,Jordan Nwora,1610612761,TOR,25.0,2023-24,7.0,20.0,0.35,7.0,19.0,0.368,30.0,90.0,0.333,14.0,39.0,0.359
1629673,Jordan Poole,1610612764,WAS,25.0,2023-24,13.0,35.0,0.371,8.0,30.0,0.267,163.0,495.0,0.329,21.0,65.0,0.323
1641775,Jordan Walsh,1610612738,BOS,20.0,2023-24,0.0,2.0,0.0,0.0,2.0,0.0,2.0,5.0,0.4,0.0,4.0,0.0
1630631,Jose Alvarado,1610612740,NOP,26.0,2023-24,14.0,28.0,0.5,15.0,32.0,0.469,49.0,146.0,0.336,29.0,60.0,0.483
1630581,Josh Giddey,1610612760,OKC,21.0,2023-24,25.0,65.0,0.385,10.0,31.0,0.323,47.0,147.0,0.32,35.0,96.0,0.365
1630182,Josh Green,1610612742,DAL,23.0,2023-24,20.0,53.0,0.377,26.0,67.0,0.388,26.0,67.0,0.388,46.0,120.0,0.383
1628404,Josh Hart,1610612752,NYK,29.0,2023-24,8.0,26.0,0.308,14.0,39.0,0.359,58.0,192.0,0.302,22.0,65.0,0.338
1631169,Josh Minott,1610612750,MIN,21.0,2023-24,1.0,3.0,0.333,0.0,0.0,0.0,3.0,7.0,0.429,1.0,3.0,0.333
1629006,Josh Okogie,1610612756,PHX,25.0,2023-24,12.0,34.0,0.353,6.0,26.0,0.231,11.0,34.0,0.324,18.0,60.0,0.3
1626196,Josh Richardson,1610612748,MIA,30.0,2023-24,12.0,26.0,0.462,6.0,20.0,0.3,48.0,143.0,0.336,18.0,46.0,0.391
1630563,Joshua Primo,1610612746,LAC,21.0,2023-24,0.0,0.0,0.0,,,,0.0,1.0,0.0,0.0,0.0,0.0
201950,Jrue Holiday,1610612738,BOS,34.0,2023-24,30.0,51.0,0.588,25.0,40.0,0.625,83.0,230.0,0.361,55.0,91.0,0.604
1629308,Juan Toscano-Anderson,1610612758,SAC,31.0,2023-24,0.0,2.0,0.0,1.0,1.0,1.0,0.0,1.0,0.0,1.0,3.0,0.333
1631262,Jules Bernard,1610612764,WAS,24.0,2023-24,2.0,3.0,0.667,1.0,2.0,0.5,8.0,24.0,0.333,3.0,5.0,0.6
1630577,Julian Champagnie,1610612759,SAS,23.0,2023-24,19.0,49.0,0.388,14.0,44.0,0.318,68.0,184.0,0.37,33.0,93.0,0.355
1641763,Julian Phillips,1610612741,CHI,20.0,2023-24,3.0,9.0,0.333,7.0,13.0,0.538,2.0,16.0,0.125,10.0,22.0,0.455
1631124,Julian Strawther,1610612743,DEN,22.0,2023-24,3.0,10.0,0.3,3.0,6.0,0.5,35.0,122.0,0.287,6.0,16.0,0.375
203944,Julius Randle,1610612752,NYK,29.0,2023-24,8.0,19.0,0.421,11.0,18.0,0.611,57.0,207.0,0.275,19.0,37.0,0.514
1630551,Justin Champagnie,1610612764,WAS,23.0,2023-24,2.0,13.0,0.154,3.0,8.0,0.375,7.0,23.0,0.304,5.0,21.0,0.238
203200,Justin Holiday,1610612743,DEN,35.0,2023-24,16.0,33.0,0.485,18.0,37.0,0.486,21.0,66.0,0.318,34.0,70.0,0.486
1628382,Justin Jackson,1610612750,MIN,29.0,2023-24,,,,,,,0.0,0.0,0.0,,,
1631303,Justin Minaya,1610612757,POR,25.0,2023-24,3.0,7.0,0.429,1.0,5.0,0.2,8.0,37.0,0.216,4.0,12.0,0.333
203994,Jusuf Nurkić,1610612756,PHX,29.0,2023-24,1.0,6.0,0.167,0.0,3.0,0.0,21.0,81.0,0.259,1.0,9.0,0.111
1630231,KJ Martin,1610612755,PHI,23.0,2023-24,5.0,10.0,0.5,1.0,5.0,0.2,2.0,13.0,0.154,6.0,15.0,0.4
1629232,Kaiser Gates,1610612740,NOP,27.0,2023-24,0.0,0.0,0.0,0.0,0.0,0.0,0.0,2.0,0.0,0.0,0.0,0.0
1626157,Karl-Anthony Towns,1610612750,MIN,28.0,2023-24,9.0,21.0,0.429,3.0,8.0,0.375,124.0,297.0,0.418,12.0,29.0,0.414
202695,Kawhi Leonard,1610612746,LAC,33.0,2023-24,16.0,38.0,0.421,14.0,31.0,0.452,110.0,267.0,0.412,30.0,69.0,0.435
1631099,Keegan Murray,1610612758,SAC,23.0,2023-24,29.0,79.0,0.367,13.0,55.0,0.236,141.0,376.0,0.375,42.0,134.0,0.313
1628966,Keita Bates-Diop,1610612751,BKN,28.0,2023-24,8.0,24.0,0.333,6.0,20.0,0.3,7.0,25.0,0.28,14.0,44.0,0.318
1629640,Keldon Johnson,1610612759,SAS,24.0,2023-24,21.0,58.0,0.362,16.0,59.0,0.271,90.0,249.0,0.361,37.0,117.0,0.316
203482,Kelly Olynyk,1610612761,TOR,33.0,2023-24,6.0,11.0,0.545,7.0,18.0,0.389,47.0,126.0,0.373,13.0,29.0,0.448
1626162,Kelly Oubre Jr.,1610612755,PHI,28.0,2023-24,18.0,45.0,0.4,15.0,60.0,0.25,68.0,220.0,0.309,33.0,105.0,0.314
1631112,Kendall Brown,1610612754,IND,21.0,2023-24,0.0,1.0,0.0,0.0,0.0,0.0,0.0,1.0,0.0,0.0,1.0,0.0
1631254,Kenneth Lofton Jr.,1610612762,UTA,21.0,2023-24,0.0,2.0,0.0,1.0,2.0,0.5,6.0,20.0,0.3,1.0,4.0,0.25
1629026,Kenrich Williams,1610612760,OKC,29.0,2023-24,14.0,24.0,0.583,7.0,23.0,0.304,35.0,93.0,0.376,21.0,47.0,0.447
203484,Kentavious Caldwell-Pope,1610612743,DEN,31.0,2023-24,21.0,59.0,0.356,30.0,62.0,0.484,74.0,187.0,0.396,51.0,121.0,0.421
1631165,Keon Ellis,1610612758,SAC,24.0,2023-24,10.0,29.0,0.345,9.0,24.0,0.375,51.0,114.0,0.447,19.0,53.0,0.358
1630553,Keon Johnson,1610612751,BKN,22.0,2023-24,0.0,0.0,0.0,1.0,1.0,1.0,3.0,9.0,0.333,1.0,1.0,1.0
1630556,Kessler Edwards,1610612758,SAC,23.0,2023-24,4.0,12.0,0.333,5.0,10.0,0.5,11.0,30.0,0.367,9.0,22.0,0.409
201142,Kevin Durant,1610612756,PHX,35.0,2023-24,17.0,34.0,0.5,15.0,34.0,0.441,136.0,339.0,0.401,32.0,68.0,0.471
1628989,Kevin Huerter,1610612758,SAC,25.0,2023-24,11.0,30.0,0.367,16.0,32.0,0.5,96.0,279.0,0.344,27.0,62.0,0.435
1628995,Kevin Knox II,1610612757,POR,24.0,2023-24,5.0,11.0,0.455,7.0,25.0,0.28,19.0,58.0,0.328,12.0,36.0,0.333
201567,Kevin Love,1610612748,MIA,35.0,2023-24,5.0,18.0,0.278,4.0,17.0,0.235,75.0,208.0,0.361,9.0,35.0,0.257
1630284,Kevon Harris,1610612753,ORL,27.0,2023-24,,,,0.0,0.0,0.0,0.0,0.0,0.0,0.0,0.0,0.0
1626172,Kevon Looney,1610612744,GSW,28.0,2023-24,0.0,0.0,0.0,0.0,0.0,0.0,0.0,0.0,0.0,0.0,0.0,0.0
1641749,Keyontae Johnson,1610612760,OKC,24.0,2023-24,0.0,0.0,0.0,1.0,1.0,1.0,0.0,2.0,0.0,1.0,1.0,1.0
1641718,Keyonte George,1610612762,UTA,20.0,2023-24,14.0,34.0,0.412,7.0,24.0,0.292,126.0,379.0,0.332,21.0,58.0,0.362
203114,Khris Middleton,1610612749,MIL,32.0,2023-24,17.0,33.0,0.515,5.0,17.0,0.294,72.0,197.0,0.365,22.0,50.0,0.44
1630165,Killian Hayes,1610612765,DET,22.0,2023-24,6.0,10.0,0.6,2.0,11.0,0.182,14.0,53.0,0.264,8.0,21.0,0.381
1630184,Kira Lewis Jr.,1610612762,UTA,23.0,2023-24,0.0,3.0,0.0,0.0,5.0,0.0,4.0,25.0,0.16,0.0,8.0,0.0
202691,Klay Thompson,1610612744,GSW,34.0,2023-24,14.0,46.0,0.304,23.0,46.0,0.5,231.0,597.0,0.387,37.0,92.0,0.402
1641738,Kobe Brown,1610612746,LAC,24.0,2023-24,2.0,3.0,0.667,2.0,12.0,0.167,10.0,33.0,0.303,4.0,15.0,0.267
1641723,Kobe Bufkin,1610612737,ATL,20.0,2023-24,0.0,5.0,0.0,1.0,5.0,0.2,8.0,30.0,0.267,1.0,10.0,0.1
1628424,Kobi Simmons,1610612761,TOR,26.0,2023-24,0.0,1.0,0.0,0.0,3.0,0.0,2.0,4.0,0.5,0.0,4.0,0.0
1627739,Kris Dunn,1610612762,UTA,30.0,2023-24,10.0,19.0,0.526,6.0,21.0,0.286,25.0,70.0,0.357,16.0,40.0,0.4
1631200,Kris Murray,1610612757,POR,23.0,2023-24,11.0,41.0,0.268,17.0,50.0,0.34,21.0,91.0,0.231,28.0,91.0,0.308
204001,Kristaps Porziņģis,1610612738,BOS,28.0,2023-24,1.0,2.0,0.5,0.0,6.0,0.0,109.0,283.0,0.385,1.0,8.0,0.125
203937,Kyle Anderson,1610612750,MIN,30.0,2023-24,5.0,16.0,0.313,5.0,19.0,0.263,1.0,12.0,0.083,10.0,35.0,0.286
1628398,Kyle Kuzma,1610612764,WAS,28.0,2023-24,24.0,66.0,0.364,20.0,43.0,0.465,107.0,340.0,0.315,44.0,109.0,0.404
200768,Kyle Lowry,1610612755,PHI,38.0,2023-24,20.0,44.0,0.455,8.0,21.0,0.381,70.0,183.0,0.383,28.0,65.0,0.431
202681,Kyrie Irving,1610612742,DAL,32.0,2023-24,19.0,39.0,0.487,17.0,34.0,0.5,137.0,347.0,0.395,36.0,73.0,0.493
1630163,LaMelo Ball,1610612766,CHA,22.0,2023-24,9.0,22.0,0.409,7.0,10.0,0.7,54.0,165.0,0.327,16.0,32.0,0.5
1630205,Lamar Stevens,1610612763,MEM,26.0,2023-24,4.0,16.0,0.25,2.0,10.0,0.2,8.0,19.0,0.421,6.0,26.0,0.231
1629013,Landry Shamet,1610612764,WAS,27.0,2023-24,5.0,17.0,0.294,15.0,30.0,0.5,33.0,110.0,0.3,20.0,47.0,0.426
1626204,Larry Nance Jr.,1610612740,NOP,31.0,2023-24,8.0,14.0,0.571,8.0,24.0,0.333,11.0,24.0,0.458,16.0,38.0,0.421
1628374,Lauri Markkanen,1610612762,UTA,27.0,2023-24,21.0,45.0,0.467,15.0,38.0,0.395,139.0,355.0,0.392,36.0,83.0,0.434
2544,LeBron James,1610612747,LAL,39.0,2023-24,7.0,21.0,0.333,13.0,23.0,0.565,129.0,318.0,0.406,20.0,44.0,0.455
1641778,Leaky Black,1610612766,CHA,25.0,2023-24,3.0,6.0,0.5,2.0,4.0,0.5,4.0,10.0,0.4,5.0,10.0,0.5
1631159,Leonard Miller,1610612750,MIN,20.0,2023-24,1.0,1.0,1.0,0.0,1.0,0.0,1.0,3.0,0.333,1.0,2.0,0.5
1631311,Lester Quinones,1610612744,GSW,23.0,2023-24,4.0,9.0,0.444,4.0,8.0,0.5,23.0,69.0,0.333,8.0,17.0,0.471
1629623,Lindell Wigginton,1610612749,MIL,26.0,2023-24,0.0,0.0,0.0,0.0,0.0,0.0,0.0,2.0,0.0,0.0,0.0,0.0
1630322,Lindy Waters III,1610612760,OKC,26.0,2023-24,6.0,13.0,0.462,7.0,12.0,0.583,24.0,60.0,0.4,13.0,25.0,0.52
1629022,Lonnie Walker IV,1610612751,BKN,25.0,2023-24,16.0,35.0,0.457,12.0,28.0,0.429,76.0,207.0,0.367,28.0,63.0,0.444
1629652,Luguentz Dort,1610612760,OKC,25.0,2023-24,23.0,60.0,0.383,23.0,55.0,0.418,110.0,281.0,0.391,46.0,115.0,0.4
1629029,Luka Dončić,1610612742,DAL,25.0,2023-24,4.0,15.0,0.267,3.0,11.0,0.273,277.0,713.0,0.388,7.0,26.0,0.269
1630568,Luka Garza,1610612750,MIN,25.0,2023-24,1.0,2.0,0.5,0.0,0.0,0.0,8.0,30.0,0.267,1.0,2.0,0.5
1629677,Luka Samanic,1610612762,UTA,24.0,2023-24,5.0,17.0,0.294,2.0,9.0,0.222,6.0,38.0,0.158,7.0,26.0,0.269
1628379,Luke Kennard,1610612763,MEM,28.0,2023-24,5.0,16.0,0.313,6.0,12.0,0.5,96.0,210.0,0.457,11.0,28.0,0.393
1628436,Luke Kornet,1610612738,BOS,28.0,2023-24,0.0,0.0,0.0,0.0,0.0,0.0,1.0,1.0,1.0,0.0,0.0,0.0
1630201,Malachi Flynn,1610612765,DET,26.0,2023-24,5.0,17.0,0.294,7.0,10.0,0.7,44.0,142.0,0.31,12.0,27.0,0.444
1631103,Malaki Branham,1610612759,SAS,21.0,2023-24,11.0,35.0,0.314,17.0,39.0,0.436,65.0,194.0,0.335,28.0,74.0,0.378
1627763,Malcolm Brogdon,1610612757,POR,31.0,2023-24,6.0,16.0,0.375,6.0,10.0,0.6,70.0,173.0,0.405,12.0,26.0,0.462
1630608,Malcolm Cazalon,1610612765,DET,22.0,2023-24,,,,,,,0.0,0.0,0.0,,,
1627736,Malik Beasley,1610612749,MIL,27.0,2023-24,44.0,94.0,0.468,61.0,131.0,0.466,119.0,317.0,0.375,105.0,225.0,0.467
1628370,Malik Monk,1610612758,SAC,26.0,2023-24,10.0,31.0,0.323,15.0,32.0,0.469,123.0,360.0,0.342,25.0,63.0,0.397
1642013,Malik Williams,1610612761,TOR,25.0,2023-24,0.0,0.0,0.0,0.0,1.0,0.0,1.0,4.0,0.25,0.0,1.0,0.0
1629603,Mamadi Diakite,1610612752,NYK,27.0,2023-24,0.0,0.0,0.0,0.0,0.0,0.0,0.0,1.0,0.0,0.0,0.0,0.0
1641970,Maozinha Pereira,1610612763,MEM,23.0,2023-24,2.0,4.0,0.5,1.0,2.0,0.5,2.0,6.0,0.333,3.0,6.0,0.5
1630699,MarJon Beauchamp,1610612749,MIL,23.0,2023-24,4.0,13.0,0.308,10.0,18.0,0.556,16.0,44.0,0.364,14.0,31.0,0.452
202694,Marcus Morris Sr.,1610612739,CLE,34.0,2023-24,8.0,25.0,0.32,7.0,12.0,0.583,33.0,81.0,0.407,15.0,37.0,0.405
1631204,Marcus Sasser,1610612765,DET,23.0,2023-24,12.0,20.0,0.6,4.0,17.0,0.235,74.0,203.0,0.365,16.0,37.0,0.432
203935,Marcus Smart,1610612763,MEM,30.0,2023-24,7.0,20.0,0.35,4.0,14.0,0.286,31.0,98.0,0.316,11.0,34.0,0.324
1631109,Mark Williams,1610612766,CHA,22.0,2023-24,0.0,0.0,0.0,0.0,0.0,0.0,0.0,0.0,0.0,0.0,0.0,0.0
1628365,Markelle Fultz,1610612753,ORL,26.0,2023-24,0.0,8.0,0.0,3.0,5.0,0.6,1.0,4.0,0.25,3.0,13.0,0.231
202693,Markieff Morris,1610612742,DAL,34.0,2023-24,2.0,6.0,0.333,3.0,4.0,0.75,10.0,32.0,0.313,5.0,10.0,0.5
1641806,Markquis Nowell,1610612761,TOR,24.0,2023-24,0.0,0.0,0.0,,,,0.0,0.0,0.0,0.0,0.0,0.0
1629716,Marques Bolden,1610612766,CHA,26.0,2023-24,0.0,0.0,0.0,0.0,0.0,0.0,0.0,1.0,0.0,0.0,0.0,0.0
1628963,Marvin Bagley III,1610612764,WAS,25.0,2023-24,2.0,2.0,1.0,1.0,5.0,0.2,6.0,16.0,0.375,3.0,7.0,0.429
1630222,Mason Jones,1610612758,SAC,25.0,2023-24,0.0,1.0,0.0,0.0,0.0,0.0,2.0,6.0,0.333,0.0,1.0,0.0
203486,Mason Plumlee,1610612746,LAC,34.0,2023-24,0.0,2.0,0.0,0.0,2.0,0.0,0.0,2.0,0.0,0.0,4.0,0.0
1629680,Matisse Thybulle,1610612757,POR,27.0,2023-24,18.0,51.0,0.353,18.0,44.0,0.409,44.0,135.0,0.326,36.0,95.0,0.379
1630562,Matt Hurt,1610612763,MEM,24.0,2023-24,2.0,3.0,0.667,0.0,3.0,0.0,3.0,14.0,0.214,2.0,6.0,0.333
1630346,Matt Ryan,1610612740,NOP,27.0,2023-24,7.0,13.0,0.538,9.0,16.0,0.563,25.0,62.0,0.403,16.0,29.0,0.552
1631108,Max Christie,1610612747,LAL,21.0,2023-24,16.0,33.0,0.485,6.0,18.0,0.333,20.0,66.0,0.303,22.0,51.0,0.431
1629622,Max Strus,1610612739,CLE,28.0,2023-24,26.0,72.0,0.361,12.0,42.0,0.286,129.0,362.0,0.356,38.0,114.0,0.333
1628467,Maxi Kleber,1610612742,DAL,32.0,2023-24,5.0,20.0,0.25,3.0,13.0,0.231,24.0,59.0,0.407,8.0,33.0,0.242
1641721,Maxwell Lewis,1610612747,LAL,21.0,2023-24,1.0,2.0,0.5,0.0,0.0,0.0,0.0,6.0,0.0,1.0,2.0,0.5
1630695,Micah Potter,1610612762,UTA,26.0,2023-24,4.0,6.0,0.667,4.0,8.0,0.5,1.0,7.0,0.143,8.0,14.0,0.571
1629008,Michael Porter Jr.,1610612743,DEN,26.0,2023-24,36.0,87.0,0.414,17.0,35.0,0.486,167.0,431.0,0.387,53.0,122.0,0.434
1628969,Mikal Bridges,1610612751,BKN,27.0,2023-24,39.0,100.0,0.39,43.0,105.0,0.41,137.0,382.0,0.359,82.0,205.0,0.4
201144,Mike Conley,1610612750,MIN,36.0,2023-24,24.0,47.0,0.511,24.0,51.0,0.471,131.0,307.0,0.427,48.0,98.0,0.49
203488,Mike Muscala,1610612760,OKC,33.0,2023-24,2.0,10.0,0.2,8.0,14.0,0.571,18.0,71.0,0.254,10.0,24.0,0.417
1628970,Miles Bridges,1610612766,CHA,26.0,2023-24,18.0,50.0,0.36,12.0,41.0,0.293,127.0,352.0,0.361,30.0,91.0,0.33
1630540,Miles McBride,1610612752,NYK,23.0,2023-24,25.0,60.0,0.417,23.0,50.0,0.46,61.0,154.0,0.396,48.0,110.0,0.436
1629011,Mitchell Robinson,1610612752,NYK,26.0,2023-24,0.0,0.0,0.0,0.0,0.0,0.0,0.0,0.0,0.0,0.0,0.0,0.0
1628964,Mo Bamba,1610612755,PHI,26.0,2023-24,0.0,3.0,0.0,1.0,5.0,0.2,24.0,56.0,0.429,1.0,8.0,0.125
1628420,Monte Morris,1610612750,MIN,29.0,2023-24,10.0,19.0,0.526,1.0,4.0,0.25,16.0,45.0,0.356,11.0,23.0,0.478
1629021,Moritz Wagner,1610612753,ORL,27.0,2023-24,5.0,15.0,0.333,9.0,25.0,0.36,24.0,74.0,0.324,14.0,40.0,0.35
1629650,Moses Brown,1610612757,POR,24.0,2023-24,0.0,0.0,0.0,0.0,0.0,0.0,0.0,0.0,0.0,0.0,0.0,0.0
1630541,Moses Moody,1610612744,GSW,22.0,2023-24,9.0,29.0,0.31,8.0,26.0,0.308,55.0,145.0,0.379,17.0,55.0,0.309
1631338,Mouhamadou Gueye,1610612761,TOR,25.0,2023-24,0.0,0.0,0.0,0.0,0.0,0.0,0.0,3.0,0.0,0.0,0.0,0.0
1631243,Mouhamed Gueye,1610612737,ATL,21.0,2023-24,0.0,3.0,0.0,0.0,2.0,0.0,3.0,4.0,0.75,0.0,5.0,0.0
1631217,Moussa Diabaté,1610612746,LAC,22.0,2023-24,0.0,0.0,0.0,0.0,0.0,0.0,0.0,0.0,0.0,0.0,0.0,0.0
1626167,Myles Turner,1610612754,IND,28.0,2023-24,3.0,9.0,0.333,10.0,32.0,0.313,103.0,282.0,0.365,13.0,41.0,0.317
1630230,Naji Marshall,1610612740,NOP,26.0,2023-24,19.0,43.0,0.442,15.0,38.0,0.395,23.0,61.0,0.377,34.0,81.0,0.42
1629642,Nassir Little,1610612756,PHX,24.0,2023-24,5.0,16.0,0.313,3.0,9.0,0.333,13.0,45.0,0.289,8.0,25.0,0.32
1630207,Nate Hinton,1610612745,HOU,25.0,2023-24,0.0,1.0,0.0,0.0,1.0,0.0,7.0,12.0,0.583,0.0,2.0,0.0
1631466,Nate Williams,1610612745,HOU,25.0,2023-24,1.0,2.0,0.5,0.0,2.0,0.0,1.0,1.0,1.0,1.0,4.0,0.25
1641877,Nathan Mensah,1610612766,CHA,26.0,2023-24,0.0,0.0,0.0,0.0,0.0,0.0,0.0,0.0,0.0,0.0,0.0,0.0
1629675,Naz Reid,1610612750,MIN,24.0,2023-24,25.0,60.0,0.417,23.0,56.0,0.411,121.0,290.0,0.417,48.0,116.0,0.414
1629674,Neemias Queta,1610612738,BOS,24.0,2023-24,0.0,0.0,0.0,0.0,0.0,0.0,0.0,0.0,0.0,0.0,0.0,0.0
1629651,Nic Claxton,1610612751,BKN,25.0,2023-24,1.0,2.0,0.5,0.0,2.0,0.0,0.0,1.0,0.0,1.0,4.0,0.25
1630208,Nick Richards,1610612766,CHA,26.0,2023-24,0.0,0.0,0.0,0.0,0.0,0.0,0.0,1.0,0.0,0.0,0.0,0.0
1641733,Nick Smith Jr.,1610612766,CHA,20.0,2023-24,11.0,22.0,0.5,9.0,15.0,0.6,43.0,108.0,0.398,20.0,37.0,0.541
1629638,Nickeil Alexander-Walker,1610612750,MIN,25.0,2023-24,35.0,88.0,0.398,38.0,76.0,0.5,58.0,169.0,0.343,73.0,164.0,0.445
201587,Nicolas Batum,1610612755,PHI,35.0,2023-24,23.0,51.0,0.451,21.0,52.0,0.404,29.0,81.0,0.358,44.0,103.0,0.427
203999,Nikola Jokić,1610612743,DEN,29.0,2023-24,2.0,5.0,0.4,0.0,3.0,0.0,81.0,215.0,0.377,2.0,8.0,0.25
1631107,Nikola Jović,1610612748,MIA,21.0,2023-24,11.0,24.0,0.458,12.0,25.0,0.48,42.0,114.0,0.368,23.0,49.0,0.469
202696,Nikola Vučević,1610612741,CHI,33.0,2023-24,2.0,9.0,0.222,5.0,11.0,0.455,85.0,293.0,0.29,7.0,20.0,0.35
1641730,Noah Clowney,1610612751,BKN,19.0,2023-24,5.0,8.0,0.625,5.0,13.0,0.385,2.0,12.0,0.167,10.0,21.0,0.476
1626181,Norman Powell,1610612746,LAC,31.0,2023-24,45.0,90.0,0.5,25.0,38.0,0.658,97.0,254.0,0.382,70.0,128.0,0.547
1628384,OG Anunoby,1610612752,NYK,26.0,2023-24,38.0,82.0,0.463,22.0,54.0,0.407,42.0,131.0,0.321,60.0,136.0,0.441
1630167,Obi Toppin,1610612754,IND,26.0,2023-24,31.0,72.0,0.431,12.0,32.0,0.375,59.0,146.0,0.404,43.0,104.0,0.413
1630534,Ochai Agbaji,1610612761,TOR,24.0,2023-24,18.0,50.0,0.36,19.0,49.0,0.388,25.0,111.0,0.225,37.0,99.0,0.374
1630846,Olivier Sarr,1610612760,OKC,25.0,2023-24,1.0,2.0,0.5,1.0,1.0,1.0,0.0,3.0,0.0,2.0,3.0,0.667
1641765,Olivier-Maxence Prosper,1610612742,DAL,21.0,2023-24,6.0,20.0,0.3,0.0,5.0,0.0,7.0,20.0,0.35,6.0,25.0,0.24
1630209,Omer Yurtseven,1610612762,UTA,26.0,2023-24,1.0,3.0,0.333,2.0,8.0,0.25,2.0,13.0,0.154,3.0,11.0,0.273
1641931,Onuralp Bitim,1610612741,CHI,25.0,2023-24,2.0,10.0,0.2,2.0,5.0,0.4,8.0,29.0,0.276,4.0,15.0,0.267
1630168,Onyeka Okongwu,1610612737,ATL,23.0,2023-24,6.0,19.0,0.316,16.0,32.0,0.5,1.0,17.0,0.059,22.0,51.0,0.431
1631115,Orlando Robinson,1610612748,MIA,23.0,2023-24,2.0,2.0,1.0,2.0,2.0,1.0,4.0,11.0,0.364,4.0,4.0,1.0
1631131,Oscar Tshiebwe,1610612754,IND,24.0,2023-24,0.0,0.0,0.0,0.0,0.0,0.0,0.0,0.0,0.0,0.0,0.0,0.0
1629052,Oshae Brissett,1610612738,BOS,26.0,2023-24,4.0,15.0,0.267,4.0,10.0,0.4,7.0,30.0,0.233,8.0,25.0,0.32
203490,Otto Porter Jr.,1610612761,TOR,31.0,2023-24,1.0,1.0,1.0,3.0,8.0,0.375,4.0,14.0,0.286,4.0,9.0,0.444
1631172,Ousmane Dieng,1610612760,OKC,21.0,2023-24,7.0,11.0,0.636,4.0,11.0,0.364,10.0,48.0,0.208,11.0,22.0,0.5
200782,P.J. Tucker,1610612746,LAC,39.0,2023-24,5.0,15.0,0.333,8.0,20.0,0.4,0.0,0.0,0.0,13.0,35.0,0.371
1629023,P.J. Washington,1610612742,DAL,25.0,2023-24,16.0,66.0,0.242,12.0,50.0,0.24,104.0,295.0,0.353,28.0,116.0,0.241
1631094,Paolo Banchero,1610612753,ORL,21.0,2023-24,1.0,11.0,0.091,6.0,16.0,0.375,112.0,322.0,0.348,7.0,27.0,0.259
1627783,Pascal Siakam,1610612754,IND,30.0,2023-24,15.0,33.0,0.455,19.0,42.0,0.452,51.0,171.0,0.298,34.0,75.0,0.453
1626192,Pat Connaughton,1610612749,MIL,31.0,2023-24,19.0,41.0,0.463,20.0,58.0,0.345,43.0,139.0,0.309,39.0,99.0,0.394
1630311,Pat Spencer,1610612744,GSW,27.0,2023-24,0.0,0.0,0.0,0.0,0.0,0.0,0.0,2.0,0.0,0.0,0.0,0.0
1631116,Patrick Baldwin Jr.,1610612764,WAS,21.0,2023-24,2.0,7.0,0.286,5.0,11.0,0.455,24.0,79.0,0.304,7.0,18.0,0.389
201976,Patrick Beverley,1610612749,MIL,35.0,2023-24,14.0,26.0,0.538,13.0,33.0,0.394,34.0,122.0,0.279,27.0,59.0,0.458
1630172,Patrick Williams,1610612741,CHI,22.0,2023-24,8.0,21.0,0.381,13.0,27.0,0.481,38.0,100.0,0.38,21.0,48.0,0.438
201988,Patty Mills,1610612748,MIA,35.0,2023-24,5.0,14.0,0.357,4.0,13.0,0.308,15.0,60.0,0.25,9.0,27.0,0.333
202331,Paul George,1610612746,LAC,34.0,2023-24,21.0,39.0,0.538,19.0,53.0,0.358,203.0,495.0,0.41,40.0,92.0,0.435
1630194,Paul Reed,1610612755,PHI,25.0,2023-24,4.0,11.0,0.364,1.0,7.0,0.143,16.0,39.0,0.41,5.0,18.0,0.278
1630202,Payton Pritchard,1610612738,BOS,26.0,2023-24,23.0,56.0,0.411,21.0,48.0,0.438,102.0,273.0,0.374,44.0,104.0,0.423
1631250,Pete Nance,1610612739,CLE,24.0,2023-24,0.0,0.0,0.0,0.0,0.0,0.0,1.0,1.0,1.0,0.0,0.0,0.0
1631212,Peyton Watson,1610612743,DEN,21.0,2023-24,9.0,32.0,0.281,11.0,37.0,0.297,25.0,77.0,0.325,20.0,69.0,0.29
1630173,Precious Achiuwa,1610612752,NYK,24.0,2023-24,7.0,30.0,0.233,7.0,16.0,0.438,12.0,51.0,0.235,14.0,46.0,0.304
1629656,Quentin Grimes,1610612765,DET,24.0,2023-24,24.0,64.0,0.375,4.0,19.0,0.211,53.0,157.0,0.338,28.0,83.0,0.337
1631245,Quenton Jackson,1610612754,IND,25.0,2023-24,0.0,0.0,0.0,0.0,0.0,0.0,0.0,0.0,0.0,0.0,0.0,0.0
1630181,R.J. Hampton,1610612748,MIA,23.0,2023-24,0.0,2.0,0.0,0.0,1.0,0.0,1.0,5.0,0.2,0.0,3.0,0.0
1629628,RJ Barrett,1610612761,TOR,24.0,2023-24,9.0,28.0,0.321,27.0,63.0,0.429,54.0,159.0,0.34,36.0,91.0,0.396
1630564,RaiQuan Gray,1610612759,SAS,24.0,2023-24,0.0,1.0,0.0,0.0,0.0,0.0,3.0,6.0,0.5,0.0,1.0,0.0
1641712,Rayan Rupert,1610612757,POR,20.0,2023-24,7.0,20.0,0.35,3.0,7.0,0.429,18.0,51.0,0.353,10.0,27.0,0.37
203493,Reggie Bullock Jr.,1610612745,HOU,33.0,2023-24,9.0,17.0,0.529,7.0,12.0,0.583,11.0,38.0,0.289,16.0,29.0,0.552
202704,Reggie Jackson,1610612743,DEN,34.0,2023-24,10.0,29.0,0.345,14.0,31.0,0.452,78.0,220.0,0.355,24.0,60.0,0.4
1626158,Richaun Holmes,1610612764,WAS,30.0,2023-24,1.0,2.0,0.5,0.0,0.0,0.0,0.0,1.0,0.0,1.0,2.0,0.5
1641741,Ricky Council IV,1610612755,PHI,22.0,2023-24,2.0,6.0,0.333,2.0,4.0,0.5,8.0,22.0,0.364,4.0,10.0,0.4
203496,Robert Covington,1610612755,PHI,33.0,2023-24,2.0,6.0,0.333,5.0,10.0,0.5,12.0,40.0,0.3,7.0,16.0,0.438
1629057,Robert Williams III,1610612757,POR,26.0,2023-24,0.0,0.0,0.0,0.0,0.0,0.0,0.0,0.0,0.0,0.0,0.0,0.0
201577,Robin Lopez,1610612749,MIL,36.0,2023-24,1.0,4.0,0.25,1.0,1.0,1.0,0.0,3.0,0.0,2.0,5.0,0.4
1631199,Ron Harper Jr.,1610612761,TOR,24.0,2023-24,0.0,0.0,0.0,,,,0.0,0.0,0.0,0.0,0.0,0.0
1626220,Royce O'Neale,1610612756,PHX,31.0,2023-24,23.0,50.0,0.46,10.0,26.0,0.385,123.0,339.0,0.363,33.0,76.0,0.434
203497,Rudy Gobert,1610612750,MIN,32.0,2023-24,0.0,0.0,0.0,0.0,0.0,0.0,0.0,2.0,0.0,0.0,0.0,0.0
1629060,Rui Hachimura,1610612747,LAL,26.0,2023-24,32.0,67.0,0.478,17.0,42.0,0.405,49.0,123.0,0.398,49.0,109.0,0.45
201566,Russell Westbrook,1610612746,LAC,35.0,2023-24,8.0,31.0,0.258,11.0,37.0,0.297,23.0,86.0,0.267,19.0,68.0,0.279
1627853,Ryan Arcidiacono,1610612752,NYK,30.0,2023-24,0.0,0.0,0.0,0.0,1.0,0.0,0.0,5.0,0.0,0.0,1.0,0.0
1631157,Ryan Rollins,1610612749,MIL,21.0,2023-24,1.0,1.0,1.0,0.0,0.0,0.0,2.0,3.0,0.667,1.0,1.0,1.0
1630240,Saben Lee,1610612756,PHX,25.0,2023-24,1.0,6.0,0.167,0.0,4.0,0.0,1.0,6.0,0.167,1.0,10.0,0.1
1630180,Saddiq Bey,1610612737,ATL,25.0,2023-24,39.0,128.0,0.305,14.0,49.0,0.286,60.0,180.0,0.333,53.0,177.0,0.299
1630573,Sam Hauser,1610612738,BOS,26.0,2023-24,23.0,51.0,0.451,37.0,72.0,0.514,137.0,340.0,0.403,60.0,123.0,0.488
1630241,Sam Merrill,1610612739,CLE,28.0,2023-24,18.0,43.0,0.419,13.0,29.0,0.448,112.0,281.0,0.399,31.0,72.0,0.431
1630572,Sandro Mamukelashvili,1610612759,SAS,25.0,2023-24,1.0,8.0,0.125,4.0,11.0,0.364,14.0,42.0,0.333,5.0,19.0,0.263
1630583,Santi Aldama,1610612763,MEM,23.0,2023-24,18.0,46.0,0.391,10.0,49.0,0.204,78.0,209.0,0.373,28.0,95.0,0.295
1628426,Sasha Vezenkov,1610612758,SAC,28.0,2023-24,9.0,20.0,0.45,7.0,18.0,0.389,29.0,81.0,0.358,16.0,38.0,0.421
1630703,Scoot Henderson,1610612757,POR,20.0,2023-24,7.0,20.0,0.35,4.0,14.0,0.286,76.0,230.0,0.33,11.0,34.0,0.324
1630567,Scottie Barnes,1610612761,TOR,22.0,2023-24,6.0,25.0,0.24,10.0,23.0,0.435,86.0,248.0,0.347,16.0,48.0,0.333
1630590,Scotty Pippen Jr.,1610612763,MEM,23.0,2023-24,1.0,3.0,0.333,3.0,5.0,0.6,26.0,64.0,0.406,4.0,8.0,0.5
203552,Seth Curry,1610612766,CHA,33.0,2023-24,13.0,21.0,0.619,5.0,19.0,0.263,20.0,67.0,0.299,18.0,40.0,0.45
1641754,Seth Lundy,1610612737,ATL,24.0,2023-24,0.0,2.0,0.0,2.0,3.0,0.667,1.0,8.0,0.125,2.0,5.0,0.4
1631101,Shaedon Sharpe,1610612757,POR,21.0,2023-24,8.0,20.0,0.4,3.0,13.0,0.231,49.0,144.0,0.34,11.0,33.0,0.333
1628983,Shai Gilgeous-Alexander,1610612760,OKC,25.0,2023-24,8.0,13.0,0.615,1.0,4.0,0.25,86.0,252.0,0.341,9.0,17.0,0.529
1629003,Shake Milton,1610612752,NYK,27.0,2023-24,5.0,11.0,0.455,6.0,16.0,0.375,7.0,36.0,0.194,11.0,27.0,0.407
1627885,Shaquille Harrison,1610612763,MEM,30.0,2023-24,,,,,,,0.0,0.0,0.0,,,
1631321,Sidy Cissoko,1610612759,SAS,20.0,2023-24,0.0,2.0,0.0,1.0,5.0,0.2,0.0,5.0,0.0,1.0,7.0,0.143
1631323,Simone Fontecchio,1610612765,DET,28.0,2023-24,29.0,73.0,0.397,36.0,77.0,0.468,69.0,184.0,0.375,65.0,150.0,0.433
1630219,Skylar Mays,1610612747,LAL,26.0,2023-24,2.0,4.0,0.5,0.0,4.0,0.0,14.0,46.0,0.304,2.0,8.0,0.25
203915,Spencer Dinwiddie,1610612747,LAL,31.0,2023-24,20.0,38.0,0.526,28.0,56.0,0.5,76.0,272.0,0.279,48.0,94.0,0.511
1630649,Stanley Umude,1610612765,DET,25.0,2023-24,4.0,13.0,0.308,10.0,16.0,0.625,10.0,24.0,0.417,14.0,29.0,0.483
201939,Stephen Curry,1610612744,GSW,36.0,2023-24,22.0,42.0,0.524,20.0,36.0,0.556,315.0,796.0,0.396,42.0,78.0,0.538
1629004,Svi Mykhailiuk,1610612738,BOS,27.0,2023-24,14.0,23.0,0.609,2.0,7.0,0.286,26.0,77.0,0.338,16.0,30.0,0.533
204456,T.J. McConnell,1610612754,IND,32.0,2023-24,2.0,4.0,0.5,4.0,5.0,0.8,12.0,34.0,0.353,6.0,9.0,0.667
203933,T.J. Warren,1610612750,MIN,30.0,2023-24,1.0,2.0,0.5,0.0,3.0,0.0,1.0,8.0,0.125,1.0,5.0,0.2
201959,Taj Gibson,1610612765,DET,39.0,2023-24,1.0,6.0,0.167,0.0,2.0,0.0,1.0,2.0,0.5,1.0,8.0,0.125
1629659,Talen Horton-Tucker,1610612762,UTA,23.0,2023-24,9.0,22.0,0.409,4.0,16.0,0.25,47.0,142.0,0.331,13.0,38.0,0.342
1631106,Tari Eason,1610612745,HOU,23.0,2023-24,2.0,4.0,0.5,3.0,12.0,0.25,13.0,34.0,0.382,5.0,16.0,0.313
1627752,Taurean Prince,1610612747,LAL,30.0,2023-24,32.0,83.0,0.386,26.0,76.0,0.342,83.0,194.0,0.428,58.0,159.0,0.365
1641707,Taylor Hendricks,1610612762,UTA,20.0,2023-24,15.0,33.0,0.455,18.0,43.0,0.419,20.0,64.0,0.313,33.0,76.0,0.434
1631386,Taze Moore,1610612757,POR,26.0,2023-24,0.0,2.0,0.0,0.0,0.0,0.0,1.0,5.0,0.2,0.0,2.0,0.0
1629611,Terance Mann,1610612746,LAC,27.0,2023-24,26.0,65.0,0.4,17.0,45.0,0.378,28.0,93.0,0.301,43.0,110.0,0.391
1631173,Terquavion Smith,1610612755,PHI,21.0,2023-24,1.0,2.0,0.5,0.0,2.0,0.0,12.0,31.0,0.387,1.0,4.0,0.25
1626179,Terry Rozier,1610612748,MIA,30.0,2023-24,30.0,78.0,0.385,16.0,52.0,0.308,103.0,278.0,0.371,46.0,130.0,0.354
1630678,Terry Taylor,1610612741,CHI,24.0,2023-24,1.0,4.0,0.25,1.0,3.0,0.333,0.0,2.0,0.0,2.0,7.0,0.286
201152,Thaddeus Young,1610612756,PHX,36.0,2023-24,1.0,4.0,0.25,0.0,0.0,0.0,0.0,3.0,0.0,1.0,4.0,0.25
203648,Thanasis Antetokounmpo,1610612749,MIL,31.0,2023-24,0.0,0.0,0.0,0.0,1.0,0.0,0.0,0.0,0.0,0.0,1.0,0.0
1630177,Theo Maledon,1610612756,PHX,23.0,2023-24,1.0,4.0,0.25,1.0,4.0,0.25,3.0,20.0,0.15,2.0,8.0,0.25
1628418,Thomas Bryant,1610612748,MIA,26.0,2023-24,1.0,2.0,0.5,1.0,5.0,0.2,2.0,15.0,0.133,2.0,7.0,0.286
203501,Tim Hardaway Jr.,1610612742,DAL,32.0,2023-24,25.0,73.0,0.342,36.0,82.0,0.439,150.0,439.0,0.342,61.0,155.0,0.394
1641851,Timmy Allen,1610612763,MEM,24.0,2023-24,0.0,4.0,0.0,0.0,1.0,0.0,0.0,2.0,0.0,0.0,5.0,0.0
202699,Tobias Harris,1610612755,PHI,31.0,2023-24,8.0,35.0,0.229,20.0,35.0,0.571,63.0,188.0,0.335,28.0,70.0,0.4
1628470,Torrey Craig,1610612741,CHI,33.0,2023-24,16.0,41.0,0.39,9.0,31.0,0.29,35.0,81.0,0.432,25.0,72.0,0.347
1641787,Tosan Evbuomwan,1610612765,DET,23.0,2023-24,7.0,15.0,0.467,4.0,10.0,0.4,1.0,7.0,0.143,11.0,25.0,0.44
1641739,Toumani Camara,1610612757,POR,24.0,2023-24,14.0,40.0,0.35,13.0,39.0,0.333,31.0,93.0,0.333,27.0,79.0,0.342
1629027,Trae Young,1610612737,ATL,25.0,2023-24,5.0,12.0,0.417,7.0,15.0,0.467,163.0,437.0,0.373,12.0,27.0,0.444
1631218,Trayce Jackson-Davis,1610612744,GSW,24.0,2023-24,0.0,0.0,0.0,0.0,0.0,0.0,0.0,1.0,0.0,0.0,0.0,0.0
1630200,Tre Jones,1610612759,SAS,24.0,2023-24,13.0,37.0,0.351,16.0,41.0,0.39,34.0,110.0,0.309,29.0,78.0,0.372
1630544,Tre Mann,1610612766,CHA,23.0,2023-24,6.0,15.0,0.4,7.0,12.0,0.583,34.0,99.0,0.343,13.0,27.0,0.481
1630570,Trendon Watford,1610612751,BKN,23.0,2023-24,5.0,13.0,0.385,2.0,11.0,0.182,20.0,44.0,0.455,7.0,24.0,0.292
1630235,Trent Forrest,1610612737,ATL,26.0,2023-24,1.0,4.0,0.25,0.0,1.0,0.0,1.0,5.0,0.2,1.0,5.0,0.2
1630243,Trevelin Queen,1610612753,ORL,27.0,2023-24,1.0,4.0,0.25,0.0,2.0,0.0,2.0,11.0,0.182,1.0,6.0,0.167
1641998,Trey Jemison III,1610612763,MEM,24.0,2023-24,0.0,0.0,0.0,0.0,0.0,0.0,0.0,0.0,0.0,0.0,0.0,0.0
1626168,Trey Lyles,1610612758,SAC,28.0,2023-24,18.0,47.0,0.383,14.0,38.0,0.368,52.0,131.0,0.397,32.0,85.0,0.376
1630530,Trey Murphy III,1610612740,NOP,24.0,2023-24,21.0,47.0,0.447,16.0,48.0,0.333,132.0,349.0,0.378,37.0,95.0,0.389
202684,Tristan Thompson,1610612739,CLE,33.0,2023-24,0.0,0.0,0.0,0.0,0.0,0.0,0.0,0.0,0.0,0.0,0.0,0.0
1641774,Tristan Vukcevic,1610612764,WAS,21.0,2023-24,0.0,1.0,0.0,0.0,2.0,0.0,10.0,33.0,0.303,0.0,3.0,0.0
1628972,Troy Brown Jr.,1610612765,DET,24.0,2023-24,7.0,25.0,0.28,7.0,24.0,0.292,33.0,90.0,0.367,14.0,49.0,0.286
1629660,Ty Jerome,1610612739,CLE,26.0,2023-24,0.0,0.0,0.0,0.0,0.0,0.0,0.0,1.0,0.0,0.0,0.0,0.0
1631102,TyTy Washington Jr.,1610612749,MIL,22.0,2023-24,0.0,0.0,0.0,1.0,1.0,1.0,1.0,5.0,0.2,1.0,1.0,1.0
1629639,Tyler Herro,1610612748,MIA,24.0,2023-24,2.0,10.0,0.2,17.0,32.0,0.531,113.0,290.0,0.39,19.0,42.0,0.452
1630169,Tyrese Haliburton,1610612754,IND,24.0,2023-24,4.0,14.0,0.286,11.0,33.0,0.333,180.0,484.0,0.372,15.0,47.0,0.319
1630178,Tyrese Maxey,1610612755,PHI,23.0,2023-24,13.0,24.0,0.542,12.0,21.0,0.571,187.0,521.0,0.359,25.0,45.0,0.556
1626145,Tyus Jones,1610612764,WAS,28.0,2023-24,18.0,43.0,0.419,12.0,22.0,0.545,76.0,191.0,0.398,30.0,65.0,0.462
1628962,Udoka Azubuike,1610612756,PHX,24.0,2023-24,0.0,0.0,0.0,0.0,0.0,0.0,0.0,0.0,0.0,0.0,0.0,0.0
1630586,Usman Garuba,1610612744,GSW,22.0,2023-24,0.0,0.0,0.0,0.0,0.0,0.0,0.0,1.0,0.0,0.0,0.0,0.0
203995,Vasilije Micic,1610612766,CHA,30.0,2023-24,2.0,11.0,0.182,0.0,3.0,0.0,41.0,140.0,0.293,2.0,14.0,0.143
1641705,Victor Wembanyama,1610612759,SAS,20.0,2023-24,7.0,11.0,0.636,5.0,11.0,0.455,116.0,371.0,0.313,12.0,22.0,0.545
1631246,Vince Williams Jr.,1610612763,MEM,23.0,2023-24,17.0,43.0,0.395,9.0,32.0,0.281,53.0,134.0,0.396,26.0,75.0,0.347
1630249,Vít Krejčí,1610612737,ATL,24.0,2023-24,4.0,13.0,0.308,3.0,6.0,0.5,21.0,49.0,0.429,7.0,19.0,0.368
1631117,Walker Kessler,1610612762,UTA,22.0,2023-24,2.0,12.0,0.167,2.0,7.0,0.286,0.0,0.0,0.0,4.0,19.0,0.211
1628976,Wendell Carter Jr.,1610612753,ORL,25.0,2023-24,11.0,35.0,0.314,13.0,37.0,0.351,40.0,99.0,0.404,24.0,72.0,0.333
1631111,Wendell Moore Jr.,1610612750,MIN,22.0,2023-24,0.0,0.0,0.0,0.0,2.0,0.0,0.0,4.0,0.0,0.0,2.0,0.0
1629117,Wenyen Gabriel,1610612738,BOS,27.0,2023-24,0.0,1.0,0.0,1.0,2.0,0.5,0.0,3.0,0.0,1.0,3.0,0.333
202083,Wesley Matthews,1610612737,ATL,37.0,2023-24,7.0,12.0,0.583,5.0,17.0,0.294,12.0,40.0,0.3,12.0,29.0,0.414
1629875,Xavier Moon,1610612746,LAC,29.0,2023-24,0.0,1.0,0.0,0.0,1.0,0.0,2.0,15.0,0.133,0.0,2.0,0.0
1630214,Xavier Tillman,1610612738,BOS,25.0,2023-24,5.0,31.0,0.161,5.0,20.0,0.25,10.0,30.0,0.333,10.0,51.0,0.196
1629139,Yuta Watanabe,1610612763,MEM,29.0,2023-24,5.0,19.0,0.263,5.0,18.0,0.278,15.0,48.0,0.313,10.0,37.0,0.27
1628380,Zach Collins,1610612759,SAS,26.0,2023-24,4.0,13.0,0.308,2.0,6.0,0.333,52.0,162.0,0.321,6.0,19.0,0.316
203897,Zach LaVine,1610612741,CHI,29.0,2023-24,9.0,17.0,0.529,5.0,14.0,0.357,45.0,138.0,0.326,14.0,31.0,0.452
1630285,Zavier Simpson,1610612765,DET,27.0,2023-24,0.0,1.0,0.0,0.0,1.0,0.0,5.0,15.0,0.333,0.0,2.0,0.0
1630192,Zeke Nnaji,1610612743,DEN,23.0,2023-24,0.0,3.0,0.0,2.0,6.0,0.333,4.0,14.0,0.286,2.0,9.0,0.222
1630533,Ziaire Williams,1610612763,MEM,22.0,2023-24,10.0,36.0,0.278,17.0,41.0,0.415,31.0,110.0,0.282,27.0,77.0,0.351
1629627,Zion Williamson,1610612740,NOP,23.0,2023-24,1.0,1.0,1.0,1.0,1.0,1.0,4.0,16.0,0.25,2.0,2.0,1.0
1630639,A.J. Lawson,1610612761,TOR,24.0,2024-25,8.0,21.0,0.381,3.0,15.0,0.2,22.0,65.0,0.338,11.0,36.0,0.306
1631260,AJ Green,1610612749,MIL,25.0,2024-25,23.0,48.0,0.479,36.0,64.0,0.563,95.0,248.0,0.383,59.0,112.0,0.527
1642358,AJ Johnson,1610612764,WAS,20.0,2024-25,2.0,6.0,0.333,3.0,6.0,0.5,19.0,76.0,0.25,5.0,12.0,0.417
203932,Aaron Gordon,1610612743,DEN,29.0,2024-25,17.0,38.0,0.447,14.0,27.0,0.519,44.0,106.0,0.415,31.0,65.0,0.477
1628988,Aaron Holiday,1610612745,HOU,28.0,2024-25,13.0,24.0,0.542,4.0,12.0,0.333,55.0,144.0,0.382,17.0,36.0,0.472
1630174,Aaron Nesmith,1610612754,IND,25.0,2024-25,16.0,36.0,0.444,23.0,42.0,0.548,45.0,117.0,0.385,39.0,78.0,0.5
1630598,Aaron Wiggins,1610612760,OKC,26.0,2024-25,24.0,72.0,0.333,17.0,44.0,0.386,89.0,222.0,0.401,41.0,116.0,0.353
1641745,Adam Flagler,1610612760,OKC,25.0,2024-25,0.0,5.0,0.0,0.0,4.0,0.0,14.0,63.0,0.222,0.0,9.0,0.0
1641766,Adama Sanogo,1610612741,CHI,23.0,2024-25,0.0,0.0,0.0,0.0,0.0,0.0,0.0,0.0,0.0,0.0,0.0,0.0
1641737,Adem Bona,1610612755,PHI,22.0,2024-25,0.0,1.0,0.0,0.0,0.0,0.0,0.0,0.0,0.0,0.0,1.0,0.0
1642349,Ajay Mitchell,1610612760,OKC,23.0,2024-25,5.0,13.0,0.385,2.0,5.0,0.4,16.0,41.0,0.39,7.0,18.0,0.389
201143,Al Horford,1610612738,BOS,39.0,2024-25,18.0,44.0,0.409,22.0,62.0,0.355,74.0,207.0,0.357,40.0,106.0,0.377
202692,Alec Burks,1610612748,MIA,33.0,2024-25,29.0,71.0,0.408,13.0,32.0,0.406,46.0,103.0,0.447,42.0,103.0,0.408
1627936,Alex Caruso,1610612760,OKC,31.0,2024-25,11.0,28.0,0.393,15.0,35.0,0.429,34.0,107.0,0.318,26.0,63.0,0.413
1642505,Alex Ducas,1610612760,OKC,24.0,2024-25,3.0,5.0,0.6,2.0,4.0,0.5,5.0,12.0,0.417,5.0,9.0,0.556
203458,Alex Len,1610612747,LAL,32.0,2024-25,1.0,2.0,0.5,0.0,2.0,0.0,1.0,5.0,0.2,1.0,4.0,0.25
1642024,Alex Reese,1610612755,PHI,26.0,2024-25,1.0,2.0,0.5,2.0,13.0,0.154,12.0,25.0,0.48,3.0,15.0,0.2
1642259,Alex Sarr,1610612764,WAS,20.0,2024-25,12.0,35.0,0.343,7.0,18.0,0.389,86.0,288.0,0.299,19.0,53.0,0.358
1631214,Alondes Williams,1610612746,LAC,26.0,2024-25,,,,,,,1.0,1.0,1.0,,,
1630578,Alperen Sengun,1610612745,HOU,22.0,2024-25,2.0,2.0,1.0,0.0,4.0,0.0,19.0,84.0,0.226,2.0,6.0,0.333
1641708,Amen Thompson,1610612745,HOU,22.0,2024-25,8.0,17.0,0.471,12.0,37.0,0.324,5.0,35.0,0.143,20.0,54.0,0.37
1629599,Amir Coffey,1610612746,LAC,28.0,2024-25,16.0,44.0,0.364,27.0,50.0,0.54,58.0,153.0,0.379,43.0,94.0,0.457
203083,Andre Drummond,1610612755,PHI,31.0,2024-25,2.0,5.0,0.4,0.0,3.0,0.0,1.0,10.0,0.1,2.0,8.0,0.25
1641748,Andre Jackson Jr.,1610612749,MIL,23.0,2024-25,6.0,17.0,0.353,10.0,26.0,0.385,14.0,33.0,0.424,16.0,43.0,0.372
1629614,Andrew Nembhard,1610612754,IND,25.0,2024-25,8.0,26.0,0.308,6.0,21.0,0.286,37.0,127.0,0.291,14.0,47.0,0.298
203952,Andrew Wiggins,1610612748,MIA,30.0,2024-25,14.0,36.0,0.389,11.0,24.0,0.458,105.0,288.0,0.365,25.0,60.0,0.417
1629014,Anfernee Simons,1610612757,POR,26.0,2024-25,13.0,38.0,0.342,8.0,21.0,0.381,194.0,529.0,0.367,21.0,59.0,0.356
1641710,Anthony Black,1610612753,ORL,21.0,2024-25,10.0,34.0,0.294,21.0,44.0,0.477,31.0,116.0,0.267,31.0,78.0,0.397
203076,Anthony Davis,1610612742,DAL,32.0,2024-25,1.0,8.0,0.125,0.0,3.0,0.0,34.0,113.0,0.301,1.0,11.0,0.091
1630162,Anthony Edwards,1610612750,MIN,23.0,2024-25,26.0,61.0,0.426,17.0,39.0,0.436,277.0,701.0,0.395,43.0,100.0,0.43
1630264,Anthony Gill,1610612764,WAS,32.0,2024-25,2.0,8.0,0.25,2.0,5.0,0.4,6.0,18.0,0.333,4.0,13.0,0.308
1641817,Anton Watson,1610612752,NYK,24.0,2024-25,0.0,0.0,0.0,0.0,0.0,0.0,0.0,1.0,0.0,0.0,0.0,0.0
1641810,Antonio Reeves,1610612740,NOP,24.0,2024-25,7.0,25.0,0.28,9.0,22.0,0.409,35.0,81.0,0.432,16.0,47.0,0.34
1630574,Ariel Hukporti,1610612752,NYK,23.0,2024-25,0.0,0.0,0.0,0.0,0.0,0.0,0.0,0.0,0.0,0.0,0.0,0.0
1642422,Armel Traore,1610612747,LAL,22.0,2024-25,0.0,4.0,0.0,0.0,1.0,0.0,0.0,2.0,0.0,0.0,5.0,0.0
1641709,Ausar Thompson,1610612765,DET,22.0,2024-25,3.0,13.0,0.231,4.0,13.0,0.308,4.0,19.0,0.211,7.0,26.0,0.269
1630559,Austin Reaves,1610612747,LAL,27.0,2024-25,15.0,39.0,0.385,17.0,30.0,0.567,168.0,455.0,0.369,32.0,69.0,0.464
1630245,Ayo Dosunmu,1610612741,CHI,25.0,2024-25,12.0,35.0,0.343,15.0,42.0,0.357,35.0,112.0,0.313,27.0,77.0,0.351
1628389,Bam Adebayo,1610612748,MIA,27.0,2024-25,19.0,42.0,0.452,11.0,24.0,0.458,49.0,155.0,0.316,30.0,66.0,0.455
1631248,Baylor Scheierman,1610612738,BOS,24.0,2024-25,4.0,13.0,0.308,4.0,12.0,0.333,18.0,57.0,0.316,8.0,25.0,0.32
1641767,Ben Sheppard,1610612754,IND,23.0,2024-25,15.0,50.0,0.3,25.0,68.0,0.368,28.0,81.0,0.346,40.0,118.0,0.339
1627732,Ben Simmons,1610612746,LAC,28.0,2024-25,0.0,0.0,0.0,0.0,0.0,0.0,0.0,0.0,0.0,0.0,0.0,0.0
1631097,Bennedict Mathurin,1610612754,IND,23.0,2024-25,5.0,11.0,0.455,13.0,34.0,0.382,80.0,240.0,0.333,18.0,45.0,0.4
1641731,Bilal Coulibaly,1610612764,WAS,20.0,2024-25,12.0,35.0,0.343,7.0,21.0,0.333,44.0,168.0,0.262,19.0,56.0,0.339
202687,Bismack Biyombo,1610612759,SAS,32.0,2024-25,0.0,0.0,0.0,0.0,0.0,0.0,0.0,0.0,0.0,0.0,0.0,0.0
1631104,Blake Wesley,1610612759,SAS,22.0,2024-25,3.0,8.0,0.375,4.0,13.0,0.308,10.0,37.0,0.27,7.0,21.0,0.333
1626171,Bobby Portis,1610612749,MIL,30.0,2024-25,8.0,20.0,0.4,13.0,28.0,0.464,44.0,130.0,0.338,21.0,48.0,0.438
1641752,Bobi Klintman,1610612765,DET,22.0,2024-25,0.0,1.0,0.0,1.0,1.0,1.0,1.0,3.0,0.333,1.0,2.0,0.5
203992,Bogdan Bogdanović,1610612746,LAC,32.0,2024-25,11.0,30.0,0.367,12.0,32.0,0.375,82.0,226.0,0.363,23.0,62.0,0.371
1629626,Bol Bol,1610612756,PHX,25.0,2024-25,9.0,26.0,0.346,9.0,25.0,0.36,14.0,42.0,0.333,18.0,51.0,0.353
1630538,Bones Hyland,1610612750,MIN,24.0,2024-25,3.0,6.0,0.5,1.0,2.0,0.5,28.0,73.0,0.384,4.0,8.0,0.5
203078,Bradley Beal,1610612756,PHX,32.0,2024-25,23.0,50.0,0.46,13.0,37.0,0.351,66.0,177.0,0.373,36.0,87.0,0.414
1642382,Branden Carlson,1610612760,OKC,26.0,2024-25,2.0,9.0,0.222,5.0,11.0,0.455,15.0,46.0,0.326,7.0,20.0,0.35
1641764,Brandin Podziemski,1610612744,GSW,22.0,2024-25,18.0,33.0,0.545,4.0,22.0,0.182,93.0,250.0,0.372,22.0,55.0,0.4
1630527,Brandon Boston,1610612740,NOP,23.0,2024-25,3.0,12.0,0.25,7.0,20.0,0.35,39.0,108.0,0.361,10.0,32.0,0.313
1629634,Brandon Clarke,1610612763,MEM,28.0,2024-25,0.0,9.0,0.0,1.0,5.0,0.2,0.0,3.0,0.0,1.0,14.0,0.071
1627742,Brandon Ingram,1610612761,TOR,27.0,2024-25,2.0,6.0,0.333,1.0,5.0,0.2,40.0,104.0,0.385,3.0,11.0,0.273
1641706,Brandon Miller,1610612766,CHA,22.0,2024-25,5.0,20.0,0.25,3.0,6.0,0.5,96.0,263.0,0.365,8.0,26.0,0.308
1630314,Brandon Williams,1610612742,DAL,25.0,2024-25,2.0,5.0,0.4,4.0,8.0,0.5,18.0,45.0,0.4,6.0,13.0,0.462
1630296,Braxton Key,1610612744,GSW,28.0,2024-25,,,,,,,0.0,1.0,0.0,,,
1641729,Brice Sensabaugh,1610612762,UTA,21.0,2024-25,33.0,66.0,0.5,28.0,55.0,0.509,96.0,250.0,0.384,61.0,121.0,0.504
1642355,Bronny James,1610612747,LAL,20.0,2024-25,1.0,4.0,0.25,1.0,4.0,0.25,7.0,24.0,0.292,2.0,8.0,0.25
201572,Brook Lopez,1610612749,MIL,37.0,2024-25,7.0,16.0,0.438,15.0,23.0,0.652,117.0,334.0,0.35,22.0,39.0,0.564
1628971,Bruce Brown,1610612740,NOP,28.0,2024-25,1.0,6.0,0.167,16.0,36.0,0.444,10.0,38.0,0.263,17.0,42.0,0.405
1628981,Bruno Fernando,1610612761,TOR,26.0,2024-25,0.0,0.0,0.0,0.0,0.0,0.0,0.0,0.0,0.0,0.0,0.0,0.0
1631121,Bryce McGowens,1610612757,POR,22.0,2024-25,0.0,0.0,0.0,0.0,1.0,0.0,0.0,3.0,0.0,0.0,1.0,0.0
1642267,Bub Carrington,1610612764,WAS,19.0,2024-25,6.0,18.0,0.333,15.0,45.0,0.333,117.0,343.0,0.341,21.0,63.0,0.333
1627741,Buddy Hield,1610612744,GSW,32.0,2024-25,27.0,81.0,0.333,25.0,54.0,0.463,151.0,413.0,0.366,52.0,135.0,0.385
203468,CJ McCollum,1610612740,NOP,33.0,2024-25,13.0,27.0,0.481,11.0,41.0,0.268,147.0,391.0,0.376,24.0,68.0,0.353
1630595,Cade Cunningham,1610612765,DET,23.0,2024-25,4.0,12.0,0.333,4.0,9.0,0.444,142.0,394.0,0.36,8.0,21.0,0.381
1631216,Caleb Houstan,1610612753,ORL,22.0,2024-25,11.0,33.0,0.333,7.0,23.0,0.304,46.0,104.0,0.442,18.0,56.0,0.321
1628997,Caleb Martin,1610612742,DAL,29.0,2024-25,10.0,19.0,0.526,11.0,25.0,0.44,16.0,57.0,0.281,21.0,44.0,0.477
1642353,Cam Christie,1610612746,LAC,19.0,2024-25,0.0,3.0,0.0,0.0,0.0,0.0,2.0,10.0,0.2,0.0,3.0,0.0
1629629,Cam Reddish,1610612747,LAL,25.0,2024-25,5.0,14.0,0.357,2.0,9.0,0.222,6.0,24.0,0.25,7.0,23.0,0.304
1642285,Cam Spencer,1610612763,MEM,25.0,2024-25,2.0,5.0,0.4,0.0,1.0,0.0,17.0,46.0,0.37,2.0,6.0,0.333
1630560,Cam Thomas,1610612751,BKN,23.0,2024-25,4.0,16.0,0.25,2.0,8.0,0.25,62.0,170.0,0.365,6.0,24.0,0.25
1641715,Cam Whitmore,1610612745,HOU,20.0,2024-25,8.0,21.0,0.381,9.0,21.0,0.429,48.0,141.0,0.34,17.0,42.0,0.405
1629661,Cameron Johnson,1610612751,BKN,29.0,2024-25,22.0,54.0,0.407,18.0,39.0,0.462,119.0,315.0,0.378,40.0,93.0,0.43
1626166,Cameron Payne,1610612752,NYK,30.0,2024-25,4.0,11.0,0.364,5.0,17.0,0.294,84.0,228.0,0.368,9.0,28.0,0.321
1627747,Caris LeVert,1610612737,ATL,30.0,2024-25,20.0,46.0,0.435,18.0,44.0,0.409,68.0,194.0,0.351,38.0,90.0,0.422
1641717,Cason Wallace,1610612760,OKC,21.0,2024-25,19.0,58.0,0.328,13.0,38.0,0.342,42.0,112.0,0.375,32.0,96.0,0.333
1629646,Charles Bassey,1610612759,SAS,24.0,2024-25,0.0,0.0,0.0,0.0,0.0,0.0,0.0,0.0,0.0,0.0,0.0,0.0
1631096,Chet Holmgren,1610612760,OKC,23.0,2024-25,6.0,13.0,0.462,3.0,7.0,0.429,35.0,95.0,0.368,9.0,20.0,0.45
1628449,Chris Boucher,1610612761,TOR,32.0,2024-25,16.0,38.0,0.421,18.0,49.0,0.367,36.0,106.0,0.34,34.0,87.0,0.391
1630537,Chris Duarte,1610612741,CHI,28.0,2024-25,1.0,1.0,1.0,0.0,0.0,0.0,4.0,13.0,0.308,1.0,1.0,1.0
1641753,Chris Livingston,1610612749,MIL,21.0,2024-25,0.0,0.0,0.0,0.0,3.0,0.0,0.0,5.0,0.0,0.0,3.0,0.0
101108,Chris Paul,1610612759,SAS,40.0,2024-25,7.0,24.0,0.292,10.0,25.0,0.4,123.0,320.0,0.384,17.0,49.0,0.347
1631128,Christian Braun,1610612743,DEN,24.0,2024-25,20.0,46.0,0.435,6.0,28.0,0.214,63.0,149.0,0.423,26.0,74.0,0.351
1631132,Christian Koloko,1610612747,LAL,25.0,2024-25,0.0,2.0,0.0,0.0,0.0,0.0,0.0,2.0,0.0,0.0,2.0,0.0
1629643,Chuma Okeke,1610612739,CLE,26.0,2024-25,3.0,5.0,0.6,3.0,8.0,0.375,5.0,15.0,0.333,6.0,13.0,0.462
203991,Clint Capela,1610612737,ATL,31.0,2024-25,0.0,0.0,0.0,0.0,0.0,0.0,0.0,1.0,0.0,0.0,0.0,0.0
1629632,Coby White,1610612741,CHI,25.0,2024-25,23.0,54.0,0.426,8.0,27.0,0.296,185.0,495.0,0.374,31.0,81.0,0.383
1628998,Cody Martin,1610612756,PHX,29.0,2024-25,14.0,41.0,0.341,9.0,40.0,0.225,20.0,70.0,0.286,23.0,81.0,0.284
1642262,Cody Williams,1610612762,UTA,20.0,2024-25,14.0,44.0,0.318,6.0,36.0,0.167,15.0,55.0,0.273,20.0,80.0,0.25
1641732,Colby Jones,1610612764,WAS,23.0,2024-25,3.0,7.0,0.429,1.0,6.0,0.167,12.0,36.0,0.333,4.0,13.0,0.308
1630175,Cole Anthony,1610612763,MEM,25.0,2024-25,9.0,23.0,0.391,6.0,11.0,0.545,62.0,182.0,0.341,15.0,34.0,0.441
1631306,Cole Swider,1610612754,IND,26.0,2024-25,5.0,13.0,0.385,2.0,7.0,0.286,8.0,27.0,0.296,7.0,20.0,0.35
1630658,Colin Castleton,1610612761,TOR,25.0,2024-25,0.0,5.0,0.0,2.0,6.0,0.333,0.0,5.0,0.0,2.0,11.0,0.182
1631221,Collin Gillespie,1610612756,PHX,26.0,2024-25,7.0,13.0,0.538,4.0,8.0,0.5,28.0,67.0,0.418,11.0,21.0,0.524
1629012,Collin Sexton,1610612762,UTA,26.0,2024-25,15.0,33.0,0.455,13.0,28.0,0.464,82.0,209.0,0.392,28.0,61.0,0.459
1630557,Corey Kispert,1610612764,WAS,26.0,2024-25,11.0,28.0,0.393,10.0,29.0,0.345,99.0,268.0,0.369,21.0,57.0,0.368
202709,Cory Joseph,1610612753,ORL,33.0,2024-25,4.0,9.0,0.444,5.0,16.0,0.313,30.0,81.0,0.37,9.0,25.0,0.36
1641854,Craig Porter Jr.,1610612739,CLE,25.0,2024-25,2.0,7.0,0.286,3.0,6.0,0.5,15.0,33.0,0.455,5.0,13.0,0.385
1642385,Cui Cui,1610612751,BKN,22.0,2024-25,,,,0.0,2.0,0.0,0.0,1.0,0.0,0.0,2.0,0.0
1626156,D'Angelo Russell,1610612751,BKN,29.0,2024-25,5.0,15.0,0.333,4.0,18.0,0.222,104.0,325.0,0.32,9.0,33.0,0.273
1630618,D.J. Carton,1610612761,TOR,24.0,2024-25,0.0,1.0,0.0,0.0,0.0,0.0,0.0,2.0,0.0,0.0,1.0,0.0
1629610,DaQuan Jeffries,1610612766,CHA,27.0,2024-25,17.0,51.0,0.333,14.0,29.0,0.483,24.0,83.0,0.289,31.0,80.0,0.388
1631342,Daeqwon Plowden,1610612737,ATL,26.0,2024-25,2.0,4.0,0.5,1.0,3.0,0.333,6.0,10.0,0.6,3.0,7.0,0.429
1630227,Daishen Nix,1610612750,MIN,23.0,2024-25,0.0,0.0,0.0,0.0,1.0,0.0,0.0,0.0,0.0,0.0,1.0,0.0
1630625,Dalano Banton,1610612757,POR,25.0,2024-25,8.0,22.0,0.364,11.0,26.0,0.423,53.0,172.0,0.308,19.0,48.0,0.396
1631207,Dalen Terry,1610612741,CHI,22.0,2024-25,11.0,26.0,0.423,6.0,21.0,0.286,20.0,57.0,0.351,17.0,47.0,0.362
1642261,Dalton Knecht,1610612747,LAL,24.0,2024-25,25.0,57.0,0.439,18.0,41.0,0.439,85.0,240.0,0.354,43.0,98.0,0.439
203081,Damian Lillard,1610612749,MIL,34.0,2024-25,9.0,20.0,0.45,8.0,22.0,0.364,180.0,478.0,0.377,17.0,42.0,0.405
1641878,Damion Baugh,1610612766,CHA,24.0,2024-25,0.0,13.0,0.0,2.0,6.0,0.333,10.0,37.0,0.27,2.0,19.0,0.105
1627814,Damion Lee,1610612756,PHX,32.0,2024-25,3.0,7.0,0.429,1.0,6.0,0.167,5.0,24.0,0.208,4.0,13.0,0.308
1629655,Daniel Gafford,1610612742,DAL,26.0,2024-25,0.0,0.0,0.0,0.0,0.0,0.0,0.0,0.0,0.0,0.0,0.0,0.0
1628464,Daniel Theis,1610612740,NOP,33.0,2024-25,0.0,5.0,0.0,0.0,4.0,0.0,9.0,28.0,0.321,0.0,9.0,0.0
1642450,Daniss Jenkins,1610612765,DET,23.0,2024-25,0.0,1.0,0.0,0.0,1.0,0.0,1.0,5.0,0.2,0.0,2.0,0.0
203957,Dante Exum,1610612742,DAL,29.0,2024-25,8.0,11.0,0.727,2.0,6.0,0.333,13.0,35.0,0.371,10.0,17.0,0.588
203967,Dario Saric,1610612743,DEN,31.0,2024-25,1.0,2.0,0.5,1.0,2.0,0.5,5.0,22.0,0.227,2.0,4.0,0.5
1641727,Dariq Whitehead,1610612751,BKN,20.0,2024-25,5.0,13.0,0.385,4.0,7.0,0.571,24.0,55.0,0.436,9.0,20.0,0.45
1629636,Darius Garland,1610612739,CLE,25.0,2024-25,17.0,43.0,0.395,15.0,41.0,0.366,180.0,444.0,0.405,32.0,84.0,0.381
1630561,David Duke Jr.,1610612759,SAS,25.0,2024-25,1.0,3.0,0.333,2.0,2.0,1.0,0.0,1.0,0.0,3.0,5.0,0.6
1631223,David Roddy,1610612745,HOU,24.0,2024-25,3.0,7.0,0.429,4.0,10.0,0.4,12.0,44.0,0.273,7.0,17.0,0.412
1630558,Davion Mitchell,1610612748,MIA,26.0,2024-25,9.0,27.0,0.333,9.0,16.0,0.563,66.0,164.0,0.402,18.0,43.0,0.419
1630549,Day'Ron Sharpe,1610612751,BKN,23.0,2024-25,1.0,4.0,0.25,4.0,9.0,0.444,6.0,32.0,0.188,5.0,13.0,0.385
1628368,De'Aaron Fox,1610612759,SAS,27.0,2024-25,19.0,47.0,0.404,4.0,19.0,0.211,95.0,313.0,0.304,23.0,66.0,0.348
1629631,De'Andre Hunter,1610612739,CLE,27.0,2024-25,21.0,55.0,0.382,22.0,61.0,0.361,114.0,270.0,0.422,43.0,116.0,0.371
1629001,De'Anthony Melton,1610612751,BKN,27.0,2024-25,2.0,2.0,1.0,1.0,2.0,0.5,10.0,31.0,0.323,3.0,4.0,0.75
201599,DeAndre Jordan,1610612743,DEN,36.0,2024-25,0.0,0.0,0.0,0.0,0.0,0.0,0.0,0.0,0.0,0.0,0.0,0.0
201942,DeMar DeRozan,1610612758,SAC,35.0,2024-25,23.0,65.0,0.354,8.0,20.0,0.4,53.0,165.0,0.321,31.0,85.0,0.365
1629731,Dean Wade,1610612739,CLE,28.0,2024-25,18.0,48.0,0.375,20.0,43.0,0.465,42.0,131.0,0.321,38.0,91.0,0.418
1629028,Deandre Ayton,1610612757,POR,26.0,2024-25,0.0,8.0,0.0,1.0,8.0,0.125,5.0,16.0,0.313,1.0,16.0,0.063
1627749,Dejounte Murray,1610612740,NOP,28.0,2024-25,8.0,21.0,0.381,2.0,8.0,0.25,42.0,145.0,0.29,10.0,29.0,0.345
1626153,Delon Wright,1610612752,NYK,33.0,2024-25,3.0,6.0,0.5,6.0,15.0,0.4,11.0,52.0,0.212,9.0,21.0,0.429
1630166,Deni Avdija,1610612757,POR,24.0,2024-25,10.0,31.0,0.323,11.0,37.0,0.297,104.0,273.0,0.381,21.0,68.0,0.309
203471,Dennis Schröder,1610612765,DET,31.0,2024-25,10.0,23.0,0.435,8.0,13.0,0.615,109.0,332.0,0.328,18.0,36.0,0.5
1641726,Dereck Lively II,1610612742,DAL,21.0,2024-25,0.0,0.0,0.0,0.0,0.0,0.0,0.0,0.0,0.0,0.0,0.0,0.0
1627884,Derrick Jones Jr.,1610612746,LAC,28.0,2024-25,17.0,59.0,0.288,26.0,60.0,0.433,35.0,99.0,0.354,43.0,119.0,0.361
1628401,Derrick White,1610612738,BOS,30.0,2024-25,29.0,63.0,0.46,24.0,60.0,0.4,212.0,568.0,0.373,53.0,123.0,0.431
1630217,Desmond Bane,1610612753,ORL,27.0,2024-25,16.0,50.0,0.32,10.0,33.0,0.303,138.0,335.0,0.412,26.0,83.0,0.313
1626164,Devin Booker,1610612756,PHX,28.0,2024-25,11.0,32.0,0.344,15.0,43.0,0.349,157.0,476.0,0.33,26.0,75.0,0.347
1642269,Devin Carter,1610612758,SAC,23.0,2024-25,3.0,7.0,0.429,2.0,9.0,0.222,13.0,45.0,0.289,5.0,16.0,0.313
1630170,Devin Vassell,1610612759,SAS,24.0,2024-25,24.0,60.0,0.4,22.0,46.0,0.478,112.0,323.0,0.347,46.0,106.0,0.434
1628415,Dillon Brooks,1610612745,HOU,29.0,2024-25,22.0,59.0,0.373,23.0,59.0,0.39,141.0,350.0,0.403,45.0,118.0,0.381
1641794,Dillon Jones,1610612760,OKC,23.0,2024-25,3.0,10.0,0.3,0.0,4.0,0.0,13.0,49.0,0.265,3.0,14.0,0.214
1627734,Domantas Sabonis,1610612758,SAC,29.0,2024-25,1.0,1.0,1.0,3.0,7.0,0.429,61.0,148.0,0.412,4.0,8.0,0.5
1631230,Dominick Barlow,1610612737,ATL,22.0,2024-25,1.0,11.0,0.091,3.0,11.0,0.273,3.0,5.0,0.6,4.0,22.0,0.182
1642270,Donovan Clingan,1610612757,POR,21.0,2024-25,2.0,4.0,0.5,0.0,1.0,0.0,12.0,44.0,0.273,2.0,5.0,0.4
1628378,Donovan Mitchell,1610612739,CLE,28.0,2024-25,19.0,36.0,0.528,11.0,29.0,0.379,203.0,565.0,0.359,30.0,65.0,0.462
1628978,Donte DiVincenzo,1610612750,MIN,28.0,2024-25,29.0,57.0,0.509,9.0,32.0,0.281,136.0,347.0,0.392,38.0,89.0,0.427
1627827,Dorian Finney-Smith,1610612747,LAL,32.0,2024-25,30.0,69.0,0.435,24.0,56.0,0.429,75.0,188.0,0.399,54.0,125.0,0.432
203926,Doug McDermott,1610612758,SAC,33.0,2024-25,10.0,20.0,0.5,3.0,8.0,0.375,31.0,73.0,0.425,13.0,28.0,0.464
203110,Draymond Green,1610612744,GSW,35.0,2024-25,10.0,52.0,0.192,24.0,49.0,0.49,46.0,144.0,0.319,34.0,101.0,0.337
1629234,Drew Eubanks,1610612746,LAC,28.0,2024-25,1.0,2.0,0.5,2.0,3.0,0.667,0.0,1.0,0.0,3.0,5.0,0.6
1641809,Drew Peterson,1610612738,BOS,25.0,2024-25,3.0,8.0,0.375,0.0,2.0,0.0,10.0,23.0,0.435,3.0,10.0,0.3
1631166,Drew Timme,1610612751,BKN,24.0,2024-25,2.0,4.0,0.5,0.0,2.0,0.0,7.0,28.0,0.25,2.0,6.0,0.333
1630696,Dru Smith,1610612748,MIA,27.0,2024-25,4.0,7.0,0.571,3.0,4.0,0.75,9.0,19.0,0.474,7.0,11.0,0.636
1629130,Duncan Robinson,1610612748,MIA,31.0,2024-25,19.0,45.0,0.422,22.0,54.0,0.407,149.0,384.0,0.388,41.0,99.0,0.414
1641871,Duop Reath,1610612757,POR,29.0,2024-25,1.0,8.0,0.125,7.0,17.0,0.412,26.0,81.0,0.321,8.0,25.0,0.32
203939,Dwight Powell,1610612742,DAL,33.0,2024-25,1.0,1.0,1.0,1.0,3.0,0.333,0.0,1.0,0.0,2.0,4.0,0.5
1630700,Dyson Daniels,1610612737,ATL,22.0,2024-25,6.0,21.0,0.286,19.0,36.0,0.528,55.0,172.0,0.32,25.0,57.0,0.439
1630604,E.J. Liddell,1610612741,CHI,24.0,2024-25,0.0,0.0,0.0,0.0,0.0,0.0,3.0,10.0,0.3,0.0,0.0,0.0
203901,Elfrid Payton,1610612740,NOP,31.0,2024-25,0.0,0.0,0.0,0.0,1.0,0.0,1.0,5.0,0.2,0.0,1.0,0.0
1641989,Elijah Harkless,1610612762,UTA,25.0,2024-25,3.0,5.0,0.6,0.0,3.0,0.0,4.0,17.0,0.235,3.0,8.0,0.375
1641801,Emanuel Miller,1610612741,CHI,25.0,2024-25,0.0,0.0,0.0,0.0,0.0,0.0,0.0,1.0,0.0,0.0,0.0,0.0
1641734,Emoni Bates,1610612739,CLE,21.0,2024-25,0.0,1.0,0.0,2.0,2.0,1.0,9.0,27.0,0.333,2.0,3.0,0.667
1642402,Enrique Freeman,1610612754,IND,24.0,2024-25,0.0,5.0,0.0,1.0,3.0,0.333,0.0,2.0,0.0,1.0,8.0,0.125
201569,Eric Gordon,1610612755,PHI,36.0,2024-25,5.0,11.0,0.455,5.0,8.0,0.625,46.0,116.0,0.397,10.0,19.0,0.526
1630596,Evan Mobley,1610612739,CLE,24.0,2024-25,9.0,24.0,0.375,11.0,24.0,0.458,65.0,181.0,0.359,20.0,48.0,0.417
1630532,Franz Wagner,1610612753,ORL,23.0,2024-25,10.0,25.0,0.4,9.0,18.0,0.5,85.0,306.0,0.278,19.0,43.0,0.442
1627832,Fred VanVleet,1610612745,HOU,31.0,2024-25,8.0,28.0,0.286,8.0,21.0,0.381,143.0,404.0,0.354,16.0,49.0,0.327
1641713,GG Jackson,1610612763,MEM,20.0,2024-25,5.0,17.0,0.294,3.0,10.0,0.3,24.0,68.0,0.353,8.0,27.0,0.296
1629216,Gabe Vincent,1610612747,LAL,29.0,2024-25,21.0,65.0,0.323,23.0,47.0,0.489,65.0,196.0,0.332,44.0,112.0,0.393
202066,Garrett Temple,1610612761,TOR,39.0,2024-25,1.0,5.0,0.2,1.0,4.0,0.25,4.0,19.0,0.211,2.0,9.0,0.222
1629726,Garrison Mathews,1610612737,ATL,28.0,2024-25,15.0,25.0,0.6,25.0,44.0,0.568,45.0,149.0,0.302,40.0,69.0,0.58
203914,Gary Harris,1610612753,ORL,30.0,2024-25,11.0,27.0,0.407,5.0,16.0,0.313,20.0,58.0,0.345,16.0,43.0,0.372
1627780,Gary Payton II,1610612744,GSW,32.0,2024-25,9.0,23.0,0.391,13.0,31.0,0.419,9.0,41.0,0.22,22.0,54.0,0.407
1629018,Gary Trent Jr.,1610612749,MIL,26.0,2024-25,29.0,62.0,0.468,22.0,45.0,0.489,129.0,326.0,0.396,51.0,107.0,0.477
1627777,Georges Niang,1610612737,ATL,32.0,2024-25,41.0,91.0,0.451,25.0,70.0,0.357,100.0,248.0,0.403,66.0,161.0,0.41
203507,Giannis Antetokounmpo,1610612749,MIL,30.0,2024-25,0.0,1.0,0.0,0.0,2.0,0.0,14.0,59.0,0.237,0.0,3.0,0.0
1629048,Goga Bitadze,1610612753,ORL,25.0,2024-25,0.0,1.0,0.0,0.0,5.0,0.0,3.0,21.0,0.143,0.0,6.0,0.0
1641711,Gradey Dick,1610612761,TOR,21.0,2024-25,12.0,42.0,0.286,18.0,46.0,0.391,84.0,237.0,0.354,30.0,88.0,0.341
1629684,Grant Williams,1610612766,CHA,26.0,2024-25,3.0,8.0,0.375,2.0,8.0,0.25,22.0,58.0,0.379,5.0,16.0,0.313
1628960,Grayson Allen,1610612756,PHX,29.0,2024-25,31.0,60.0,0.517,18.0,39.0,0.462,100.0,251.0,0.398,49.0,99.0,0.495
1627824,Guerschon Yabusele,1610612755,PHI,29.0,2024-25,11.0,32.0,0.344,14.0,39.0,0.359,79.0,200.0,0.395,25.0,71.0,0.352
1630611,Gui Santos,1610612744,GSW,23.0,2024-25,4.0,13.0,0.308,11.0,26.0,0.423,19.0,63.0,0.302,15.0,39.0,0.385
203084,Harrison Barnes,1610612759,SAS,33.0,2024-25,46.0,102.0,0.451,51.0,103.0,0.495,59.0,153.0,0.386,97.0,205.0,0.473
1631127,Harrison Ingram,1610612759,SAS,22.0,2024-25,0.0,0.0,0.0,0.0,0.0,0.0,0.0,1.0,0.0,0.0,0.0,0.0
1629312,Haywood Highsmith,1610612748,MIA,28.0,2024-25,26.0,59.0,0.441,24.0,53.0,0.453,39.0,121.0,0.322,50.0,112.0,0.446
1630529,Herbert Jones,1610612740,NOP,26.0,2024-25,9.0,21.0,0.429,5.0,16.0,0.313,8.0,34.0,0.235,14.0,37.0,0.378
1641816,Hunter Tyson,1610612743,DEN,25.0,2024-25,4.0,11.0,0.364,2.0,12.0,0.167,17.0,51.0,0.333,6.0,23.0,0.261
1630193,Immanuel Quickley,1610612761,TOR,26.0,2024-25,2.0,10.0,0.2,8.0,15.0,0.533,75.0,199.0,0.377,10.0,25.0,0.4
1642403,Isaac Jones,1610612758,SAC,24.0,2024-25,2.0,4.0,0.5,1.0,2.0,0.5,0.0,2.0,0.0,3.0,6.0,0.5
1630171,Isaac Okoro,1610612739,CLE,24.0,2024-25,21.0,45.0,0.467,15.0,48.0,0.313,20.0,58.0,0.345,36.0,93.0,0.387
1642268,Isaiah Collier,1610612762,UTA,20.0,2024-25,11.0,35.0,0.314,4.0,9.0,0.444,26.0,120.0,0.217,15.0,44.0,0.341
1642384,Isaiah Crawford,1610612758,SAC,23.0,2024-25,1.0,1.0,1.0,0.0,0.0,0.0,0.0,4.0,0.0,1.0,1.0,1.0
1628392,Isaiah Hartenstein,1610612760,OKC,27.0,2024-25,0.0,2.0,0.0,0.0,1.0,0.0,0.0,16.0,0.0,0.0,3.0,0.0
1630543,Isaiah Jackson,1610612754,IND,23.0,2024-25,0.0,0.0,0.0,0.0,0.0,0.0,0.0,0.0,0.0,0.0,0.0,0.0
1630198,Isaiah Joe,1610612760,OKC,25.0,2024-25,32.0,53.0,0.604,18.0,36.0,0.5,142.0,377.0,0.377,50.0,89.0,0.562
1630600,Isaiah Mobley,1610612755,PHI,25.0,2024-25,0.0,1.0,0.0,,,,1.0,2.0,0.5,0.0,1.0,0.0
1641815,Isaiah Stevens,1610612748,MIA,24.0,2024-25,0.0,0.0,0.0,,,,0.0,1.0,0.0,0.0,0.0,0.0
1630191,Isaiah Stewart,1610612765,DET,24.0,2024-25,1.0,6.0,0.167,2.0,3.0,0.667,14.0,44.0,0.318,3.0,9.0,0.333
1631209,Isaiah Wong,1610612766,CHA,24.0,2024-25,0.0,2.0,0.0,1.0,2.0,0.5,12.0,28.0,0.429,1.0,4.0,0.25
1627826,Ivica Zubac,1610612746,LAC,28.0,2024-25,0.0,0.0,0.0,0.0,0.0,0.0,0.0,0.0,0.0,0.0,0.0,0.0
1631120,JD Davison,1610612738,BOS,22.0,2024-25,0.0,0.0,0.0,1.0,3.0,0.333,3.0,15.0,0.2,1.0,3.0,0.333
1630550,JT Thor,1610612764,WAS,22.0,2024-25,1.0,7.0,0.143,0.0,4.0,0.0,5.0,10.0,0.5,1.0,11.0,0.091
1629630,Ja Morant,1610612763,MEM,25.0,2024-25,12.0,33.0,0.364,5.0,20.0,0.25,71.0,227.0,0.313,17.0,53.0,0.321
1642266,Ja'Kobe Walter,1610612761,TOR,20.0,2024-25,11.0,39.0,0.282,8.0,19.0,0.421,46.0,126.0,0.365,19.0,58.0,0.328
1631095,Jabari Smith Jr.,1610612745,HOU,22.0,2024-25,9.0,21.0,0.429,14.0,44.0,0.318,75.0,212.0,0.354,23.0,65.0,0.354
1631133,Jabari Walker,1610612757,POR,22.0,2024-25,7.0,13.0,0.538,10.0,22.0,0.455,11.0,36.0,0.306,17.0,35.0,0.486
1629098,Jack McVeigh,1610612745,HOU,29.0,2024-25,1.0,3.0,0.333,2.0,3.0,0.667,1.0,7.0,0.143,3.0,6.0,0.5
1642050,Jackson Rowe,1610612744,GSW,28.0,2024-25,2.0,4.0,0.5,0.0,0.0,0.0,1.0,6.0,0.167,2.0,4.0,0.5
1631210,Jacob Toppin,1610612737,ATL,25.0,2024-25,2.0,3.0,0.667,2.0,3.0,0.667,1.0,4.0,0.25,4.0,6.0,0.667
1630702,Jaden Hardy,1610612742,DAL,22.0,2024-25,7.0,19.0,0.368,12.0,30.0,0.4,57.0,147.0,0.388,19.0,49.0,0.388
1631093,Jaden Ivey,1610612765,DET,23.0,2024-25,3.0,16.0,0.188,9.0,17.0,0.529,51.0,118.0,0.432,12.0,33.0,0.364
1630183,Jaden McDaniels,1610612750,MIN,24.0,2024-25,28.0,91.0,0.308,24.0,72.0,0.333,48.0,137.0,0.35,52.0,163.0,0.319
1630531,Jaden Springer,1610612762,UTA,22.0,2024-25,2.0,15.0,0.133,2.0,8.0,0.25,8.0,24.0,0.333,4.0,23.0,0.174
203109,Jae Crowder,1610612758,SAC,34.0,2024-25,1.0,4.0,0.25,1.0,4.0,0.25,2.0,7.0,0.286,2.0,8.0,0.25
1630256,Jae'Sean Tate,1610612745,HOU,29.0,2024-25,7.0,15.0,0.467,7.0,16.0,0.438,2.0,15.0,0.133,14.0,31.0,0.452
1626143,Jahlil Okafor,1610612754,IND,29.0,2024-25,0.0,0.0,0.0,0.0,0.0,0.0,0.0,0.0,0.0,0.0,0.0,0.0
1642443,Jahmir Young,1610612741,CHI,24.0,2024-25,0.0,0.0,0.0,0.0,0.0,0.0,1.0,2.0,0.5,0.0,0.0,0.0
1631170,Jaime Jaquez Jr.,1610612748,MIA,24.0,2024-25,13.0,36.0,0.361,5.0,28.0,0.179,19.0,53.0,0.358,18.0,64.0,0.281
1631222,Jake LaRavia,1610612758,SAC,23.0,2024-25,8.0,21.0,0.381,6.0,17.0,0.353,45.0,102.0,0.441,14.0,38.0,0.368
1627751,Jakob Poeltl,1610612761,TOR,29.0,2024-25,0.0,0.0,0.0,1.0,1.0,1.0,0.0,1.0,0.0,1.0,1.0,1.0
1641779,Jalen Bridges,1610612756,PHX,24.0,2024-25,1.0,2.0,0.5,1.0,1.0,1.0,0.0,4.0,0.0,2.0,3.0,0.667
1628973,Jalen Brunson,1610612752,NYK,28.0,2024-25,7.0,25.0,0.28,17.0,34.0,0.5,128.0,338.0,0.379,24.0,59.0,0.407
1631105,Jalen Duren,1610612765,DET,21.0,2024-25,0.0,0.0,0.0,0.0,0.0,0.0,0.0,0.0,0.0,0.0,0.0,0.0
1630224,Jalen Green,1610612745,HOU,23.0,2024-25,8.0,30.0,0.267,20.0,44.0,0.455,206.0,587.0,0.351,28.0,74.0,0.378
1641720,Jalen Hood-Schifino,1610612755,PHI,22.0,2024-25,2.0,3.0,0.667,1.0,3.0,0.333,11.0,40.0,0.275,3.0,6.0,0.5
1630552,Jalen Johnson,1610612737,ATL,23.0,2024-25,5.0,17.0,0.294,9.0,27.0,0.333,30.0,95.0,0.316,14.0,44.0,0.318
1629667,Jalen McDaniels,1610612758,SAC,27.0,2024-25,0.0,0.0,0.0,0.0,0.0,0.0,0.0,0.0,0.0,0.0,0.0,0.0
1629618,Jalen Pickett,1610612743,DEN,25.0,2024-25,8.0,18.0,0.444,9.0,20.0,0.45,23.0,62.0,0.371,17.0,38.0,0.447
1630188,Jalen Smith,1610612741,CHI,25.0,2024-25,7.0,22.0,0.318,6.0,16.0,0.375,58.0,183.0,0.317,13.0,38.0,0.342
1630591,Jalen Suggs,1610612753,ORL,24.0,2024-25,12.0,28.0,0.429,4.0,8.0,0.5,60.0,202.0,0.297,16.0,36.0,0.444
1631114,Jalen Williams,1610612760,OKC,24.0,2024-25,10.0,23.0,0.435,3.0,12.0,0.25,111.0,305.0,0.364,13.0,35.0,0.371
1630592,Jalen Wilson,1610612751,BKN,24.0,2024-25,15.0,48.0,0.313,23.0,65.0,0.354,84.0,248.0,0.339,38.0,113.0,0.336
1631288,Jamal Cain,1610612740,NOP,26.0,2024-25,6.0,20.0,0.3,6.0,19.0,0.316,14.0,41.0,0.341,12.0,39.0,0.308
1627750,Jamal Murray,1610612743,DEN,28.0,2024-25,10.0,27.0,0.37,5.0,13.0,0.385,141.0,354.0,0.398,15.0,40.0,0.375
1642347,Jamal Shead,1610612761,TOR,22.0,2024-25,9.0,20.0,0.45,5.0,15.0,0.333,58.0,184.0,0.315,14.0,35.0,0.4
1631123,Jamaree Bouyea,1610612749,MIL,26.0,2024-25,0.0,0.0,0.0,0.0,0.0,0.0,1.0,5.0,0.2,0.0,0.0,0.0
201935,James Harden,1610612746,LAC,35.0,2024-25,4.0,9.0,0.444,8.0,21.0,0.381,223.0,638.0,0.35,12.0,30.0,0.4
201949,James Johnson,1610612754,IND,38.0,2024-25,0.0,0.0,0.0,0.0,0.0,0.0,0.0,3.0,0.0,0.0,0.0,0.0
1630164,James Wiseman,1610612754,IND,24.0,2024-25,0.0,0.0,0.0,,,,0.0,1.0,0.0,0.0,0.0,0.0
1642419,Jamison Battle,1610612761,TOR,24.0,2024-25,28.0,64.0,0.438,16.0,44.0,0.364,61.0,151.0,0.404,44.0,108.0,0.407
1641716,Jarace Walker,1610612754,IND,21.0,2024-25,9.0,23.0,0.391,10.0,23.0,0.435,56.0,138.0,0.406,19.0,46.0,0.413
1630215,Jared Butler,1610612755,PHI,24.0,2024-25,10.0,22.0,0.455,7.0,16.0,0.438,43.0,131.0,0.328,17.0,38.0,0.447
1642272,Jared McCain,1610612755,PHI,21.0,2024-25,5.0,17.0,0.294,5.0,13.0,0.385,41.0,103.0,0.398,10.0,30.0,0.333
1631197,Jared Rhoden,1610612761,TOR,25.0,2024-25,5.0,10.0,0.5,3.0,8.0,0.375,4.0,21.0,0.19,8.0,18.0,0.444
1628991,Jaren Jackson Jr.,1610612763,MEM,25.0,2024-25,15.0,40.0,0.375,18.0,44.0,0.409,113.0,300.0,0.377,33.0,84.0,0.393
1629020,Jarred Vanderbilt,1610612747,LAL,26.0,2024-25,2.0,9.0,0.222,7.0,17.0,0.412,0.0,5.0,0.0,9.0,26.0,0.346
1628386,Jarrett Allen,1610612739,CLE,27.0,2024-25,0.0,0.0,0.0,0.0,2.0,0.0,0.0,3.0,0.0,0.0,2.0,0.0
1629750,Javonte Green,1610612739,CLE,31.0,2024-25,6.0,28.0,0.214,16.0,42.0,0.381,24.0,71.0,0.338,22.0,70.0,0.314
1629637,Jaxson Hayes,1610612747,LAL,25.0,2024-25,0.0,1.0,0.0,0.0,0.0,0.0,0.0,2.0,0.0,0.0,1.0,0.0
1630643,Jay Huff,1610612763,MEM,27.0,2024-25,8.0,26.0,0.308,10.0,24.0,0.417,62.0,149.0,0.416,18.0,50.0,0.36
1627759,Jaylen Brown,1610612738,BOS,28.0,2024-25,13.0,33.0,0.394,18.0,38.0,0.474,85.0,287.0,0.296,31.0,71.0,0.437
1641740,Jaylen Clark,1610612750,MIN,23.0,2024-25,9.0,17.0,0.529,3.0,12.0,0.25,10.0,20.0,0.5,12.0,29.0,0.414
1641798,Jaylen Martin,1610612764,WAS,21.0,2024-25,0.0,5.0,0.0,1.0,2.0,0.5,6.0,16.0,0.375,1.0,7.0,0.143
1629669,Jaylen Nowell,1610612764,WAS,25.0,2024-25,3.0,3.0,1.0,0.0,3.0,0.0,5.0,21.0,0.238,3.0,6.0,0.5
1631301,Jaylen Sims,1610612766,CHA,26.0,2024-25,0.0,1.0,0.0,1.0,2.0,0.5,5.0,12.0,0.417,1.0,3.0,0.333
1642377,Jaylen Wells,1610612763,MEM,21.0,2024-25,35.0,100.0,0.35,21.0,54.0,0.389,82.0,238.0,0.345,56.0,154.0,0.364
1631119,Jaylin Williams,1610612760,OKC,23.0,2024-25,7.0,10.0,0.7,7.0,13.0,0.538,47.0,129.0,0.364,14.0,23.0,0.609
1642281,Jaylon Tyson,1610612739,CLE,22.0,2024-25,1.0,13.0,0.077,8.0,14.0,0.571,11.0,31.0,0.355,9.0,27.0,0.333
1628369,Jayson Tatum,1610612738,BOS,27.0,2024-25,13.0,34.0,0.382,7.0,11.0,0.636,230.0,683.0,0.337,20.0,45.0,0.444
1641789,Jazian Gortman,1610612742,DAL,22.0,2024-25,0.0,3.0,0.0,2.0,2.0,1.0,2.0,6.0,0.333,2.0,5.0,0.4
1630288,Jeff Dowtin Jr.,1610612755,PHI,28.0,2024-25,4.0,11.0,0.364,3.0,6.0,0.5,21.0,53.0,0.396,7.0,17.0,0.412
201145,Jeff Green,1610612745,HOU,38.0,2024-25,7.0,22.0,0.318,9.0,21.0,0.429,13.0,36.0,0.361,16.0,43.0,0.372
203924,Jerami Grant,1610612757,POR,31.0,2024-25,15.0,39.0,0.385,28.0,76.0,0.368,65.0,180.0,0.361,43.0,115.0,0.374
1630526,Jeremiah Robinson-Earl,1610612740,NOP,24.0,2024-25,20.0,42.0,0.476,20.0,50.0,0.4,16.0,72.0,0.222,40.0,92.0,0.435
1631110,Jeremy Sochan,1610612759,SAS,22.0,2024-25,6.0,15.0,0.4,5.0,23.0,0.217,17.0,53.0,0.321,11.0,38.0,0.289
1630579,Jericho Sims,1610612749,MIL,26.0,2024-25,0.0,0.0,0.0,0.0,0.0,0.0,0.0,0.0,0.0,0.0,0.0,0.0
1642399,Jesse Edwards,1610612750,MIN,25.0,2024-25,,,,,,,0.0,0.0,0.0,,,
1641724,Jett Howard,1610612753,ORL,21.0,2024-25,10.0,27.0,0.37,7.0,19.0,0.368,38.0,138.0,0.275,17.0,46.0,0.37
1628975,Jevon Carter,1610612741,CHI,29.0,2024-25,6.0,19.0,0.316,4.0,6.0,0.667,25.0,80.0,0.313,10.0,25.0,0.4
202710,Jimmy Butler III,1610612744,GSW,35.0,2024-25,7.0,22.0,0.318,14.0,33.0,0.424,11.0,47.0,0.234,21.0,55.0,0.382
1629111,Jock Landale,1610612745,HOU,29.0,2024-25,0.0,1.0,0.0,0.0,1.0,0.0,11.0,24.0,0.458,0.0,2.0,0.0
204060,Joe Ingles,1610612750,MIN,37.0,2024-25,0.0,0.0,0.0,0.0,2.0,0.0,3.0,13.0,0.231,0.0,2.0,0.0
203954,Joel Embiid,1610612755,PHI,31.0,2024-25,0.0,0.0,0.0,0.0,0.0,0.0,23.0,77.0,0.299,0.0,0.0,0.0
1628381,John Collins,1610612762,UTA,27.0,2024-25,8.0,24.0,0.333,17.0,34.0,0.5,34.0,90.0,0.378,25.0,58.0,0.431
1629723,John Konchar,1610612763,MEM,29.0,2024-25,9.0,24.0,0.375,3.0,9.0,0.333,11.0,28.0,0.393,12.0,33.0,0.364
1631098,Johnny Davis,1610612764,WAS,23.0,2024-25,1.0,5.0,0.2,1.0,7.0,0.143,5.0,17.0,0.294,2.0,12.0,0.167
1642277,Johnny Furphy,1610612754,IND,20.0,2024-25,4.0,14.0,0.286,4.0,8.0,0.5,7.0,28.0,0.25,8.0,22.0,0.364
1630548,Johnny Juzang,1610612762,UTA,24.0,2024-25,23.0,61.0,0.377,30.0,68.0,0.441,65.0,185.0,0.351,53.0,129.0,0.411
202685,Jonas Valančiūnas,1610612758,SAC,33.0,2024-25,0.0,1.0,0.0,0.0,2.0,0.0,8.0,34.0,0.235,0.0,3.0,0.0
1628371,Jonathan Isaac,1610612753,ORL,27.0,2024-25,8.0,36.0,0.222,22.0,61.0,0.361,9.0,54.0,0.167,30.0,97.0,0.309
1630228,Jonathan Kuminga,1610612744,GSW,22.0,2024-25,8.0,26.0,0.308,5.0,20.0,0.25,33.0,103.0,0.32,13.0,46.0,0.283
1642367,Jonathan Mogbo,1610612761,TOR,23.0,2024-25,3.0,15.0,0.2,7.0,18.0,0.389,7.0,35.0,0.2,10.0,33.0,0.303
203903,Jordan Clarkson,1610612762,UTA,33.0,2024-25,6.0,12.0,0.5,6.0,14.0,0.429,72.0,203.0,0.355,12.0,26.0,0.462
1630692,Jordan Goodwin,1610612747,LAL,26.0,2024-25,4.0,16.0,0.25,9.0,17.0,0.529,13.0,35.0,0.371,13.0,33.0,0.394
1641722,Jordan Hawkins,1610612740,NOP,23.0,2024-25,18.0,52.0,0.346,17.0,35.0,0.486,75.0,245.0,0.306,35.0,87.0,0.402
1629162,Jordan McLaughlin,1610612759,SAS,29.0,2024-25,0.0,8.0,0.0,3.0,5.0,0.6,16.0,32.0,0.5,3.0,13.0,0.231
1641757,Jordan Miller,1610612746,LAC,25.0,2024-25,1.0,9.0,0.111,1.0,4.0,0.25,6.0,25.0,0.24,2.0,13.0,0.154
1629673,Jordan Poole,1610612764,WAS,26.0,2024-25,12.0,23.0,0.522,7.0,34.0,0.206,216.0,562.0,0.384,19.0,57.0,0.333
1641775,Jordan Walsh,1610612738,BOS,21.0,2024-25,3.0,14.0,0.214,3.0,10.0,0.3,9.0,31.0,0.29,6.0,24.0,0.25
1630631,Jose Alvarado,1610612740,NOP,27.0,2024-25,12.0,25.0,0.48,11.0,39.0,0.282,88.0,244.0,0.361,23.0,64.0,0.359
1630528,Josh Christopher,1610612748,MIA,23.0,2024-25,0.0,1.0,0.0,0.0,1.0,0.0,2.0,9.0,0.222,0.0,2.0,0.0
1630581,Josh Giddey,1610612741,CHI,22.0,2024-25,19.0,46.0,0.413,12.0,33.0,0.364,73.0,198.0,0.369,31.0,79.0,0.392
1630182,Josh Green,1610612766,CHA,24.0,2024-25,32.0,76.0,0.421,31.0,77.0,0.403,34.0,94.0,0.362,63.0,153.0,0.412
1628404,Josh Hart,1610612752,NYK,30.0,2024-25,10.0,35.0,0.286,10.0,31.0,0.323,64.0,186.0,0.344,20.0,66.0,0.303
1631169,Josh Minott,1610612750,MIN,22.0,2024-25,6.0,20.0,0.3,3.0,6.0,0.5,5.0,17.0,0.294,9.0,26.0,0.346
1629006,Josh Okogie,1610612766,CHA,26.0,2024-25,9.0,27.0,0.333,10.0,22.0,0.455,13.0,43.0,0.302,19.0,49.0,0.388
1626196,Josh Richardson,1610612748,MIA,31.0,2024-25,0.0,2.0,0.0,1.0,4.0,0.25,5.0,16.0,0.313,1.0,6.0,0.167
201950,Jrue Holiday,1610612738,BOS,35.0,2024-25,18.0,60.0,0.3,13.0,42.0,0.31,77.0,204.0,0.377,31.0,102.0,0.304
1630577,Julian Champagnie,1610612759,SAS,24.0,2024-25,37.0,84.0,0.44,25.0,68.0,0.368,116.0,328.0,0.354,62.0,152.0,0.408
1641763,Julian Phillips,1610612741,CHI,21.0,2024-25,20.0,50.0,0.4,21.0,53.0,0.396,9.0,50.0,0.18,41.0,103.0,0.398
1631124,Julian Strawther,1610612743,DEN,23.0,2024-25,14.0,26.0,0.538,7.0,16.0,0.438,73.0,227.0,0.322,21.0,42.0,0.5
203944,Julius Randle,1610612750,MIN,30.0,2024-25,9.0,38.0,0.237,13.0,36.0,0.361,86.0,239.0,0.36,22.0,74.0,0.297
1630551,Justin Champagnie,1610612764,WAS,24.0,2024-25,13.0,42.0,0.31,10.0,22.0,0.455,51.0,128.0,0.398,23.0,64.0,0.359
1642348,Justin Edwards,1610612755,PHI,21.0,2024-25,11.0,33.0,0.333,9.0,17.0,0.529,49.0,140.0,0.35,20.0,50.0,0.4
1631303,Justin Minaya,1610612757,POR,26.0,2024-25,1.0,2.0,0.5,0.0,1.0,0.0,1.0,7.0,0.143,1.0,3.0,0.333
203994,Jusuf Nurkić,1610612766,CHA,30.0,2024-25,2.0,4.0,0.5,3.0,8.0,0.375,27.0,92.0,0.293,5.0,12.0,0.417
1630231,KJ Martin,1610612762,UTA,24.0,2024-25,11.0,27.0,0.407,3.0,17.0,0.176,1.0,14.0,0.071,14.0,44.0,0.318
1642354,KJ Simpson,1610612766,CHA,22.0,2024-25,3.0,10.0,0.3,2.0,9.0,0.222,28.0,111.0,0.252,5.0,19.0,0.263
1630539,Kai Jones,1610612742,DAL,24.0,2024-25,0.0,1.0,0.0,0.0,0.0,0.0,1.0,4.0,0.25,0.0,1.0,0.0
1626157,Karl-Anthony Towns,1610612752,NYK,29.0,2024-25,3.0,11.0,0.273,4.0,11.0,0.364,135.0,316.0,0.427,7.0,22.0,0.318
1631255,Karlo Matković,1610612740,NOP,24.0,2024-25,5.0,15.0,0.333,8.0,21.0,0.381,8.0,30.0,0.267,13.0,36.0,0.361
202695,Kawhi Leonard,1610612746,LAC,34.0,2024-25,8.0,17.0,0.471,3.0,11.0,0.273,67.0,162.0,0.414,11.0,28.0,0.393
1630811,Keaton Wallace,1610612737,ATL,26.0,2024-25,2.0,5.0,0.4,2.0,5.0,0.4,23.0,71.0,0.324,4.0,10.0,0.4
1631099,Keegan Murray,1610612758,SAC,24.0,2024-25,34.0,81.0,0.42,17.0,54.0,0.315,103.0,313.0,0.329,51.0,135.0,0.378
1631232,Keion Brooks Jr.,1610612740,NOP,24.0,2024-25,4.0,12.0,0.333,3.0,5.0,0.6,7.0,26.0,0.269,7.0,17.0,0.412
1642276,Kel'el Ware,1610612748,MIA,21.0,2024-25,3.0,13.0,0.231,1.0,8.0,0.125,31.0,88.0,0.352,4.0,21.0,0.19
1629640,Keldon Johnson,1610612759,SAS,25.0,2024-25,9.0,47.0,0.191,18.0,52.0,0.346,60.0,175.0,0.343,27.0,99.0,0.273
203482,Kelly Olynyk,1610612740,NOP,34.0,2024-25,3.0,3.0,1.0,3.0,7.0,0.429,27.0,69.0,0.391,6.0,10.0,0.6
1626162,Kelly Oubre Jr.,1610612755,PHI,29.0,2024-25,14.0,40.0,0.35,16.0,45.0,0.356,41.0,157.0,0.261,30.0,85.0,0.353
1629026,Kenrich Williams,1610612760,OKC,30.0,2024-25,10.0,24.0,0.417,9.0,22.0,0.409,47.0,125.0,0.376,19.0,46.0,0.413
203484,Kentavious Caldwell-Pope,1610612763,MEM,32.0,2024-25,20.0,67.0,0.299,21.0,52.0,0.404,72.0,211.0,0.341,41.0,119.0,0.345
1631165,Keon Ellis,1610612758,SAC,25.0,2024-25,36.0,69.0,0.522,18.0,39.0,0.462,85.0,213.0,0.399,54.0,108.0,0.5
1630553,Keon Johnson,1610612751,BKN,23.0,2024-25,20.0,56.0,0.357,19.0,66.0,0.288,87.0,277.0,0.314,39.0,122.0,0.32
1642352,Keshad Johnson,1610612748,MIA,24.0,2024-25,0.0,1.0,0.0,0.0,0.0,0.0,3.0,6.0,0.5,0.0,1.0,0.0
1630556,Kessler Edwards,1610612742,DAL,24.0,2024-25,6.0,17.0,0.353,4.0,11.0,0.364,12.0,26.0,0.462,10.0,28.0,0.357
201142,Kevin Durant,1610612756,PHX,36.0,2024-25,22.0,42.0,0.524,22.0,46.0,0.478,116.0,284.0,0.408,44.0,88.0,0.5
1628989,Kevin Huerter,1610612741,CHI,26.0,2024-25,17.0,45.0,0.378,22.0,51.0,0.431,93.0,294.0,0.316,39.0,96.0,0.406
1628995,Kevin Knox II,1610612744,GSW,25.0,2024-25,1.0,3.0,0.333,0.0,3.0,0.0,3.0,9.0,0.333,1.0,6.0,0.167
201567,Kevin Love,1610612748,MIA,36.0,2024-25,3.0,11.0,0.273,2.0,3.0,0.667,19.0,52.0,0.365,5.0,14.0,0.357
1641755,Kevin McCullar Jr.,1610612752,NYK,24.0,2024-25,0.0,0.0,0.0,0.0,0.0,0.0,0.0,1.0,0.0,0.0,0.0,0.0
1629645,Kevin Porter Jr.,1610612749,MIL,25.0,2024-25,3.0,9.0,0.333,7.0,15.0,0.467,45.0,153.0,0.294,10.0,24.0,0.417
1626172,Kevon Looney,1610612744,GSW,29.0,2024-25,1.0,1.0,1.0,1.0,1.0,1.0,0.0,2.0,0.0,2.0,2.0,1.0
1641718,Keyonte George,1610612762,UTA,21.0,2024-25,16.0,32.0,0.5,20.0,42.0,0.476,138.0,433.0,0.319,36.0,74.0,0.486
203114,Khris Middleton,1610612764,WAS,33.0,2024-25,4.0,15.0,0.267,3.0,7.0,0.429,41.0,110.0,0.373,7.0,22.0,0.318
1630165,Killian Hayes,1610612751,BKN,23.0,2024-25,1.0,3.0,0.333,0.0,0.0,0.0,7.0,18.0,0.389,1.0,3.0,0.333
202691,Klay Thompson,1610612742,DAL,35.0,2024-25,17.0,57.0,0.298,43.0,99.0,0.434,156.0,397.0,0.393,60.0,156.0,0.385
1641738,Kobe Brown,1610612746,LAC,25.0,2024-25,2.0,4.0,0.5,1.0,2.0,0.5,3.0,20.0,0.15,3.0,6.0,0.5
1641723,Kobe Bufkin,1610612737,ATL,21.0,2024-25,1.0,2.0,0.5,0.0,4.0,0.0,3.0,12.0,0.25,1.0,6.0,0.167
1627739,Kris Dunn,1610612746,LAC,31.0,2024-25,19.0,55.0,0.345,20.0,57.0,0.351,36.0,111.0,0.324,39.0,112.0,0.348
1631200,Kris Murray,1610612757,POR,24.0,2024-25,5.0,29.0,0.172,12.0,32.0,0.375,10.0,59.0,0.169,17.0,61.0,0.279
204001,Kristaps Porziņģis,1610612738,BOS,29.0,2024-25,2.0,7.0,0.286,4.0,10.0,0.4,97.0,233.0,0.416,6.0,17.0,0.353
203937,Kyle Anderson,1610612748,MIA,31.0,2024-25,8.0,21.0,0.381,6.0,12.0,0.5,11.0,33.0,0.333,14.0,33.0,0.424
1642271,Kyle Filipowski,1610612762,UTA,21.0,2024-25,14.0,34.0,0.412,15.0,43.0,0.349,48.0,142.0,0.338,29.0,77.0,0.377
1628398,Kyle Kuzma,1610612749,MIL,29.0,2024-25,21.0,46.0,0.457,8.0,39.0,0.205,66.0,225.0,0.293,29.0,85.0,0.341
200768,Kyle Lowry,1610612755,PHI,39.0,2024-25,2.0,10.0,0.2,5.0,10.0,0.5,22.0,66.0,0.333,7.0,20.0,0.35
1630283,Kylor Kelley,1610612747,LAL,27.0,2024-25,0.0,0.0,0.0,0.0,0.0,0.0,0.0,0.0,0.0,0.0,0.0,0.0
202681,Kyrie Irving,1610612742,DAL,33.0,2024-25,16.0,36.0,0.444,14.0,24.0,0.583,114.0,298.0,0.383,30.0,60.0,0.5
1642273,Kyshawn George,1610612764,WAS,21.0,2024-25,17.0,48.0,0.354,9.0,26.0,0.346,88.0,277.0,0.318,26.0,74.0,0.351
1630163,LaMelo Ball,1610612766,CHA,23.0,2024-25,7.0,23.0,0.304,9.0,27.0,0.333,163.0,471.0,0.346,16.0,50.0,0.32
1630205,Lamar Stevens,1610612763,MEM,27.0,2024-25,1.0,4.0,0.25,1.0,6.0,0.167,6.0,16.0,0.375,2.0,10.0,0.2
1629013,Landry Shamet,1610612752,NYK,28.0,2024-25,9.0,24.0,0.375,20.0,40.0,0.5,33.0,91.0,0.363,29.0,64.0,0.453
1626204,Larry Nance Jr.,1610612737,ATL,32.0,2024-25,5.0,11.0,0.455,8.0,17.0,0.471,21.0,46.0,0.457,13.0,28.0,0.464
1628374,Lauri Markkanen,1610612762,UTA,28.0,2024-25,16.0,39.0,0.41,14.0,34.0,0.412,108.0,325.0,0.332,30.0,73.0,0.411
2544,LeBron James,1610612747,LAL,40.0,2024-25,8.0,23.0,0.348,5.0,14.0,0.357,136.0,357.0,0.381,13.0,37.0,0.351
1631159,Leonard Miller,1610612750,MIN,21.0,2024-25,0.0,0.0,0.0,0.0,0.0,0.0,0.0,5.0,0.0,0.0,0.0,0.0
1631311,Lester Quinones,1610612740,NOP,24.0,2024-25,1.0,4.0,0.25,1.0,3.0,0.333,11.0,37.0,0.297,2.0,7.0,0.286
1641857,Liam Robbins,1610612749,MIL,25.0,2024-25,0.0,0.0,0.0,0.0,0.0,0.0,0.0,2.0,0.0,0.0,0.0,0.0
1630322,Lindy Waters III,1610612765,DET,27.0,2024-25,11.0,29.0,0.379,8.0,29.0,0.276,45.0,128.0,0.352,19.0,58.0,0.328
1629022,Lonnie Walker IV,1610612755,PHI,26.0,2024-25,1.0,9.0,0.111,5.0,10.0,0.5,39.0,105.0,0.371,6.0,19.0,0.316
1628366,Lonzo Ball,1610612741,CHI,27.0,2024-25,12.0,24.0,0.5,5.0,20.0,0.25,50.0,147.0,0.34,17.0,44.0,0.386
1629652,Luguentz Dort,1610612760,OKC,26.0,2024-25,20.0,52.0,0.385,27.0,60.0,0.45,123.0,301.0,0.409,47.0,112.0,0.42
1629029,Luka Dončić,1610612747,LAL,26.0,2024-25,7.0,18.0,0.389,3.0,7.0,0.429,167.0,454.0,0.368,10.0,25.0,0.4
1630568,Luka Garza,1610612750,MIN,26.0,2024-25,0.0,2.0,0.0,0.0,1.0,0.0,10.0,33.0,0.303,0.0,3.0,0.0
1628379,Luke Kennard,1610612763,MEM,29.0,2024-25,19.0,30.0,0.633,15.0,36.0,0.417,80.0,196.0,0.408,34.0,66.0,0.515
1628436,Luke Kornet,1610612738,BOS,29.0,2024-25,0.0,0.0,0.0,0.0,1.0,0.0,0.0,2.0,0.0,0.0,1.0,0.0
1631247,Luke Travers,1610612739,CLE,23.0,2024-25,0.0,2.0,0.0,0.0,3.0,0.0,0.0,4.0,0.0,0.0,5.0,0.0
1630644,Mac McClung,1610612753,ORL,26.0,2024-25,0.0,0.0,0.0,0.0,0.0,0.0,0.0,1.0,0.0,0.0,0.0,0.0
1630201,Malachi Flynn,1610612759,SAS,27.0,2024-25,0.0,0.0,0.0,0.0,0.0,0.0,1.0,4.0,0.25,0.0,0.0,0.0
1631103,Malaki Branham,1610612759,SAS,22.0,2024-25,4.0,11.0,0.364,4.0,6.0,0.667,26.0,67.0,0.388,8.0,17.0,0.471
1627763,Malcolm Brogdon,1610612764,WAS,32.0,2024-25,1.0,4.0,0.25,1.0,1.0,1.0,14.0,50.0,0.28,2.0,5.0,0.4
1642502,Malevy Leons,1610612760,OKC,25.0,2024-25,0.0,0.0,0.0,0.0,1.0,0.0,0.0,0.0,0.0,0.0,1.0,0.0
1627736,Malik Beasley,1610612765,DET,28.0,2024-25,47.0,87.0,0.54,41.0,80.0,0.513,231.0,597.0,0.387,88.0,167.0,0.527
1628370,Malik Monk,1610612758,SAC,27.0,2024-25,13.0,33.0,0.394,11.0,20.0,0.55,115.0,373.0,0.308,24.0,53.0,0.453
1630699,MarJon Beauchamp,1610612752,NYK,24.0,2024-25,3.0,7.0,0.429,0.0,3.0,0.0,7.0,19.0,0.368,3.0,10.0,0.3
1630542,Marcus Bagley,1610612755,PHI,23.0,2024-25,1.0,5.0,0.2,3.0,8.0,0.375,1.0,19.0,0.053,4.0,13.0,0.308
1630585,Marcus Garrett,1610612766,CHA,26.0,2024-25,0.0,1.0,0.0,1.0,2.0,0.5,2.0,5.0,0.4,1.0,3.0,0.333
1631204,Marcus Sasser,1610612765,DET,24.0,2024-25,3.0,13.0,0.231,6.0,10.0,0.6,49.0,129.0,0.38,9.0,23.0,0.391
203935,Marcus Smart,1610612764,WAS,31.0,2024-25,8.0,24.0,0.333,5.0,16.0,0.313,36.0,98.0,0.367,13.0,40.0,0.325
1631109,Mark Williams,1610612766,CHA,23.0,2024-25,0.0,1.0,0.0,0.0,0.0,0.0,0.0,3.0,0.0,0.0,1.0,0.0
1628365,Markelle Fultz,1610612758,SAC,27.0,2024-25,2.0,4.0,0.5,1.0,2.0,0.5,1.0,2.0,0.5,3.0,6.0,0.5
202693,Markieff Morris,1610612747,LAL,35.0,2024-25,1.0,7.0,0.143,0.0,4.0,0.0,8.0,24.0,0.333,1.0,11.0,0.091
1628963,Marvin Bagley III,1610612763,MEM,26.0,2024-25,1.0,4.0,0.25,0.0,2.0,0.0,2.0,13.0,0.154,1.0,6.0,0.167
1630222,Mason Jones,1610612758,SAC,26.0,2024-25,0.0,0.0,0.0,0.0,1.0,0.0,1.0,7.0,0.143,0.0,1.0,0.0
203486,Mason Plumlee,1610612756,PHX,35.0,2024-25,0.0,2.0,0.0,0.0,0.0,0.0,0.0,1.0,0.0,0.0,2.0,0.0
1641824,Matas Buzelis,1610612741,CHI,20.0,2024-25,35.0,81.0,0.432,14.0,54.0,0.259,47.0,131.0,0.359,49.0,135.0,0.363
1629680,Matisse Thybulle,1610612757,POR,28.0,2024-25,5.0,14.0,0.357,6.0,12.0,0.5,10.0,22.0,0.455,11.0,26.0,0.423
1630346,Matt Ryan,1610612740,NOP,28.0,2024-25,1.0,5.0,0.2,1.0,3.0,0.333,4.0,11.0,0.364,2.0,8.0,0.25
1631108,Max Christie,1610612742,DAL,22.0,2024-25,27.0,63.0,0.429,18.0,54.0,0.333,70.0,195.0,0.359,45.0,117.0,0.385
1629622,Max Strus,1610612739,CLE,29.0,2024-25,22.0,54.0,0.407,15.0,39.0,0.385,76.0,199.0,0.382,37.0,93.0,0.398
1628467,Maxi Kleber,1610612747,LAL,33.0,2024-25,1.0,5.0,0.2,3.0,12.0,0.25,9.0,32.0,0.281,4.0,17.0,0.235
1641721,Maxwell Lewis,1610612751,BKN,22.0,2024-25,4.0,13.0,0.308,3.0,7.0,0.429,12.0,30.0,0.4,7.0,20.0,0.35
1630695,Micah Potter,1610612762,UTA,27.0,2024-25,11.0,27.0,0.407,8.0,31.0,0.258,12.0,40.0,0.3,19.0,58.0,0.328
1629008,Michael Porter Jr.,1610612743,DEN,27.0,2024-25,17.0,31.0,0.548,15.0,32.0,0.469,161.0,418.0,0.385,32.0,63.0,0.508
1628969,Mikal Bridges,1610612752,NYK,28.0,2024-25,38.0,98.0,0.388,55.0,121.0,0.455,71.0,233.0,0.305,93.0,219.0,0.425
201144,Mike Conley,1610612750,MIN,37.0,2024-25,19.0,40.0,0.475,25.0,48.0,0.521,83.0,221.0,0.376,44.0,88.0,0.5
1628970,Miles Bridges,1610612766,CHA,27.0,2024-25,18.0,55.0,0.327,24.0,56.0,0.429,99.0,333.0,0.297,42.0,111.0,0.378
1630540,Miles McBride,1610612752,NYK,24.0,2024-25,21.0,51.0,0.412,13.0,40.0,0.325,81.0,218.0,0.372,34.0,91.0,0.374
1641936,Miles Norris,1610612738,BOS,25.0,2024-25,0.0,0.0,0.0,0.0,0.0,0.0,2.0,7.0,0.286,0.0,0.0,0.0
1629011,Mitchell Robinson,1610612752,NYK,27.0,2024-25,0.0,0.0,0.0,0.0,0.0,0.0,0.0,0.0,0.0,0.0,0.0,0.0
1628964,Mo Bamba,1610612740,NOP,27.0,2024-25,5.0,10.0,0.5,0.0,9.0,0.0,10.0,35.0,0.286,5.0,19.0,0.263
1628420,Monte Morris,1610612756,PHX,30.0,2024-25,4.0,19.0,0.211,11.0,22.0,0.5,16.0,45.0,0.356,15.0,41.0,0.366
1629021,Moritz Wagner,1610612753,ORL,28.0,2024-25,5.0,12.0,0.417,4.0,12.0,0.333,18.0,51.0,0.353,9.0,24.0,0.375
1629650,Moses Brown,1610612742,DAL,25.0,2024-25,0.0,0.0,0.0,0.0,0.0,0.0,0.0,0.0,0.0,0.0,0.0,0.0
1630541,Moses Moody,1610612744,GSW,23.0,2024-25,27.0,61.0,0.443,28.0,67.0,0.418,71.0,209.0,0.34,55.0,128.0,0.43
1631243,Mouhamed Gueye,1610612737,ATL,22.0,2024-25,6.0,22.0,0.273,6.0,27.0,0.222,9.0,32.0,0.281,12.0,49.0,0.245
1631217,Moussa Diabaté,1610612766,CHA,23.0,2024-25,0.0,1.0,0.0,0.0,1.0,0.0,0.0,4.0,0.0,0.0,2.0,0.0
1626167,Myles Turner,1610612754,IND,29.0,2024-25,9.0,15.0,0.6,19.0,41.0,0.463,128.0,338.0,0.379,28.0,56.0,0.5
1642368,N'Faly Dante,1610612745,HOU,23.0,2024-25,0.0,0.0,0.0,0.0,0.0,0.0,0.0,0.0,0.0,0.0,0.0,0.0
1641772,Nae'Qwan Tomlin,1610612739,CLE,24.0,2024-25,0.0,0.0,0.0,0.0,1.0,0.0,2.0,9.0,0.222,0.0,1.0,0.0
1630230,Naji Marshall,1610612742,DAL,27.0,2024-25,21.0,58.0,0.362,10.0,48.0,0.208,29.0,104.0,0.279,31.0,106.0,0.292
1631466,Nate Williams,1610612745,HOU,26.0,2024-25,0.0,6.0,0.0,3.0,7.0,0.429,3.0,13.0,0.231,3.0,13.0,0.231
1629675,Naz Reid,1610612750,MIN,25.0,2024-25,25.0,63.0,0.397,17.0,48.0,0.354,133.0,349.0,0.381,42.0,111.0,0.378
1629674,Neemias Queta,1610612738,BOS,25.0,2024-25,0.0,0.0,0.0,0.0,1.0,0.0,0.0,1.0,0.0,0.0,1.0,0.0
1629651,Nic Claxton,1610612751,BKN,26.0,2024-25,1.0,4.0,0.25,1.0,4.0,0.25,3.0,13.0,0.231,2.0,8.0,0.25
1630208,Nick Richards,1610612756,PHX,27.0,2024-25,0.0,0.0,0.0,0.0,2.0,0.0,0.0,0.0,0.0,0.0,2.0,0.0
1641733,Nick Smith Jr.,1610612766,CHA,21.0,2024-25,15.0,42.0,0.357,8.0,22.0,0.364,81.0,241.0,0.336,23.0,64.0,0.359
1629638,Nickeil Alexander-Walker,1610612750,MIN,26.0,2024-25,29.0,56.0,0.518,36.0,81.0,0.444,76.0,229.0,0.332,65.0,137.0,0.474
201587,Nicolas Batum,1610612746,LAC,36.0,2024-25,22.0,48.0,0.458,25.0,54.0,0.463,41.0,101.0,0.406,47.0,102.0,0.461
203999,Nikola Jokić,1610612743,DEN,30.0,2024-25,4.0,5.0,0.8,4.0,10.0,0.4,128.0,294.0,0.435,8.0,15.0,0.533
1631107,Nikola Jović,1610612748,MIA,22.0,2024-25,20.0,37.0,0.541,18.0,43.0,0.419,40.0,130.0,0.308,38.0,80.0,0.475
202696,Nikola Vučević,1610612741,CHI,34.0,2024-25,7.0,16.0,0.438,4.0,11.0,0.364,118.0,293.0,0.403,11.0,27.0,0.407
1641730,Noah Clowney,1610612751,BKN,20.0,2024-25,12.0,36.0,0.333,12.0,33.0,0.364,63.0,191.0,0.33,24.0,69.0,0.348
1626181,Norman Powell,1610612746,LAC,32.0,2024-25,13.0,35.0,0.371,13.0,31.0,0.419,153.0,359.0,0.426,26.0,66.0,0.394
1628384,OG Anunoby,1610612752,NYK,27.0,2024-25,49.0,128.0,0.383,33.0,88.0,0.375,89.0,243.0,0.366,82.0,216.0,0.38
1630167,Obi Toppin,1610612754,IND,27.0,2024-25,35.0,78.0,0.449,19.0,42.0,0.452,56.0,176.0,0.318,54.0,120.0,0.45
1630534,Ochai Agbaji,1610612761,TOR,25.0,2024-25,29.0,68.0,0.426,30.0,76.0,0.395,42.0,109.0,0.385,59.0,144.0,0.41
1641765,Olivier-Maxence Prosper,1610612742,DAL,22.0,2024-25,3.0,14.0,0.214,6.0,21.0,0.286,3.0,16.0,0.188,9.0,35.0,0.257
1630168,Onyeka Okongwu,1610612737,ATL,24.0,2024-25,7.0,15.0,0.467,21.0,66.0,0.318,20.0,66.0,0.303,28.0,81.0,0.346
1631115,Orlando Robinson,1610612761,TOR,24.0,2024-25,0.0,1.0,0.0,2.0,6.0,0.333,15.0,45.0,0.333,2.0,7.0,0.286
1631131,Oscar Tshiebwe,1610612762,UTA,25.0,2024-25,0.0,0.0,0.0,0.0,0.0,0.0,0.0,0.0,0.0,0.0,0.0,0.0
1629052,Oshae Brissett,1610612755,PHI,27.0,2024-25,0.0,1.0,0.0,2.0,5.0,0.4,4.0,12.0,0.333,2.0,6.0,0.333
1642345,Oso Ighodaro,1610612756,PHX,22.0,2024-25,0.0,0.0,0.0,0.0,0.0,0.0,0.0,1.0,0.0,0.0,0.0,0.0
1631172,Ousmane Dieng,1610612760,OKC,22.0,2024-25,0.0,6.0,0.0,7.0,16.0,0.438,16.0,49.0,0.327,7.0,22.0,0.318
200782,P.J. Tucker,1610612752,NYK,40.0,2024-25,2.0,3.0,0.667,1.0,2.0,0.5,0.0,1.0,0.0,3.0,5.0,0.6
1629023,P.J. Washington,1610612742,DAL,26.0,2024-25,21.0,54.0,0.389,11.0,31.0,0.355,59.0,154.0,0.383,32.0,85.0,0.376
1628408,PJ Dozier,1610612750,MIN,28.0,2024-25,1.0,1.0,1.0,0.0,0.0,0.0,1.0,2.0,0.5,1.0,1.0,1.0
1641790,PJ Hall,1610612743,DEN,23.0,2024-25,0.0,0.0,0.0,0.0,0.0,0.0,2.0,8.0,0.25,0.0,0.0,0.0
1642359,Pacôme Dadiet,1610612752,NYK,19.0,2024-25,0.0,3.0,0.0,1.0,5.0,0.2,5.0,11.0,0.455,1.0,8.0,0.125
1631094,Paolo Banchero,1610612753,ORL,22.0,2024-25,2.0,9.0,0.222,5.0,17.0,0.294,80.0,241.0,0.332,7.0,26.0,0.269
1627783,Pascal Siakam,1610612754,IND,31.0,2024-25,18.0,41.0,0.439,21.0,56.0,0.375,87.0,226.0,0.385,39.0,97.0,0.402
1626192,Pat Connaughton,1610612749,MIL,32.0,2024-25,1.0,8.0,0.125,3.0,12.0,0.25,22.0,61.0,0.361,4.0,20.0,0.2
1630311,Pat Spencer,1610612744,GSW,28.0,2024-25,1.0,3.0,0.333,0.0,0.0,0.0,4.0,19.0,0.211,1.0,3.0,0.333
1631116,Patrick Baldwin Jr.,1610612746,LAC,22.0,2024-25,1.0,1.0,1.0,2.0,3.0,0.667,10.0,19.0,0.526,3.0,4.0,0.75
1630172,Patrick Williams,1610612741,CHI,23.0,2024-25,12.0,28.0,0.429,11.0,33.0,0.333,73.0,211.0,0.346,23.0,61.0,0.377
201988,Patty Mills,1610612746,LAC,36.0,2024-25,3.0,6.0,0.5,3.0,6.0,0.5,20.0,63.0,0.317,6.0,12.0,0.5
202331,Paul George,1610612755,PHI,35.0,2024-25,7.0,21.0,0.333,7.0,28.0,0.25,82.0,218.0,0.376,14.0,49.0,0.286
1630194,Paul Reed,1610612765,DET,26.0,2024-25,0.0,0.0,0.0,1.0,5.0,0.2,7.0,23.0,0.304,1.0,5.0,0.2
1630202,Payton Pritchard,1610612738,BOS,27.0,2024-25,16.0,39.0,0.41,32.0,65.0,0.492,207.0,514.0,0.403,48.0,104.0,0.462
1641796,Pelle Larsson,1610612748,MIA,24.0,2024-25,6.0,16.0,0.375,7.0,17.0,0.412,19.0,62.0,0.306,13.0,33.0,0.394
1631250,Pete Nance,1610612749,MIL,25.0,2024-25,0.0,1.0,0.0,1.0,1.0,1.0,8.0,21.0,0.381,1.0,2.0,0.5
1631212,Peyton Watson,1610612743,DEN,22.0,2024-25,22.0,49.0,0.449,12.0,27.0,0.444,14.0,59.0,0.237,34.0,76.0,0.447
1630762,Phillip Wheeler,1610612755,PHI,23.0,2024-25,0.0,0.0,0.0,0.0,3.0,0.0,0.0,7.0,0.0,0.0,3.0,0.0
1630173,Precious Achiuwa,1610612752,NYK,25.0,2024-25,7.0,22.0,0.318,1.0,6.0,0.167,2.0,8.0,0.25,8.0,28.0,0.286
1629656,Quentin Grimes,1610612755,PHI,25.0,2024-25,33.0,66.0,0.5,16.0,35.0,0.457,113.0,320.0,0.353,49.0,101.0,0.485
1631245,Quenton Jackson,1610612754,IND,26.0,2024-25,3.0,9.0,0.333,1.0,4.0,0.25,11.0,27.0,0.407,4.0,13.0,0.308
1642439,Quincy Olivari,1610612747,LAL,24.0,2024-25,0.0,0.0,0.0,0.0,1.0,0.0,1.0,4.0,0.25,0.0,1.0,0.0
1642366,Quinten Post,1610612744,GSW,25.0,2024-25,9.0,23.0,0.391,12.0,26.0,0.462,52.0,129.0,0.403,21.0,49.0,0.429
1629628,RJ Barrett,1610612761,TOR,25.0,2024-25,12.0,32.0,0.375,17.0,39.0,0.436,78.0,234.0,0.333,29.0,71.0,0.408
1642484,RayJ Dennis,1610612754,IND,24.0,2024-25,0.0,1.0,0.0,0.0,2.0,0.0,6.0,17.0,0.353,0.0,3.0,0.0
1641712,Rayan Rupert,1610612757,POR,21.0,2024-25,5.0,15.0,0.333,4.0,8.0,0.5,7.0,36.0,0.194,9.0,23.0,0.391
1641736,Reece Beekman,1610612751,BKN,23.0,2024-25,2.0,9.0,0.222,2.0,7.0,0.286,3.0,24.0,0.125,4.0,16.0,0.25
1642263,Reed Sheppard,1610612745,HOU,21.0,2024-25,4.0,12.0,0.333,2.0,12.0,0.167,42.0,118.0,0.356,6.0,24.0,0.25
202704,Reggie Jackson,1610612755,PHI,35.0,2024-25,2.0,8.0,0.25,4.0,7.0,0.571,19.0,58.0,0.328,6.0,15.0,0.4
1626158,Richaun Holmes,1610612764,WAS,31.0,2024-25,0.0,1.0,0.0,0.0,1.0,0.0,0.0,1.0,0.0,0.0,2.0,0.0
1641741,Ricky Council IV,1610612755,PHI,23.0,2024-25,11.0,23.0,0.478,7.0,21.0,0.333,37.0,165.0,0.224,18.0,44.0,0.409
1642434,Riley Minix,1610612759,SAS,24.0,2024-25,,,,0.0,0.0,0.0,0.0,1.0,0.0,0.0,0.0,0.0
1642265,Rob Dillingham,1610612750,MIN,20.0,2024-25,4.0,7.0,0.571,2.0,5.0,0.4,19.0,62.0,0.306,6.0,12.0,0.5
1629057,Robert Williams III,1610612757,POR,27.0,2024-25,0.0,1.0,0.0,1.0,1.0,1.0,0.0,1.0,0.0,1.0,2.0,0.5
1631199,Ron Harper Jr.,1610612765,DET,25.0,2024-25,0.0,1.0,0.0,0.0,2.0,0.0,0.0,3.0,0.0,0.0,3.0,0.0
1641842,Ronald Holland II,1610612765,DET,19.0,2024-25,6.0,28.0,0.214,9.0,47.0,0.191,21.0,73.0,0.288,15.0,75.0,0.2
1626220,Royce O'Neale,1610612756,PHX,32.0,2024-25,30.0,63.0,0.476,27.0,49.0,0.551,122.0,326.0,0.374,57.0,112.0,0.509
203497,Rudy Gobert,1610612750,MIN,33.0,2024-25,0.0,0.0,0.0,0.0,0.0,0.0,0.0,0.0,0.0,0.0,0.0,0.0
1629060,Rui Hachimura,1610612747,LAL,27.0,2024-25,22.0,57.0,0.386,27.0,53.0,0.509,53.0,137.0,0.387,49.0,110.0,0.445
201566,Russell Westbrook,1610612743,DEN,36.0,2024-25,18.0,50.0,0.36,27.0,56.0,0.482,49.0,184.0,0.266,45.0,106.0,0.425
1642346,Ryan Dunn,1610612756,PHX,22.0,2024-25,25.0,73.0,0.342,26.0,81.0,0.321,31.0,110.0,0.282,51.0,154.0,0.331
1631157,Ryan Rollins,1610612749,MIL,22.0,2024-25,16.0,31.0,0.516,9.0,21.0,0.429,24.0,68.0,0.353,25.0,52.0,0.481
1630573,Sam Hauser,1610612738,BOS,27.0,2024-25,25.0,57.0,0.439,26.0,56.0,0.464,115.0,285.0,0.404,51.0,113.0,0.451
1630241,Sam Merrill,1610612739,CLE,29.0,2024-25,22.0,55.0,0.4,11.0,29.0,0.379,104.0,284.0,0.366,33.0,84.0,0.393
1630572,Sandro Mamukelashvili,1610612759,SAS,26.0,2024-25,4.0,14.0,0.286,6.0,21.0,0.286,50.0,125.0,0.4,10.0,35.0,0.286
1630583,Santi Aldama,1610612763,MEM,24.0,2024-25,22.0,52.0,0.423,14.0,38.0,0.368,84.0,232.0,0.362,36.0,90.0,0.4
1630703,Scoot Henderson,1610612757,POR,21.0,2024-25,10.0,23.0,0.435,8.0,22.0,0.364,86.0,248.0,0.347,18.0,45.0,0.4
1630567,Scottie Barnes,1610612761,TOR,23.0,2024-25,11.0,32.0,0.344,3.0,9.0,0.333,62.0,234.0,0.265,14.0,41.0,0.341
1630590,Scotty Pippen Jr.,1610612763,MEM,24.0,2024-25,8.0,26.0,0.308,16.0,21.0,0.762,63.0,171.0,0.368,24.0,47.0,0.511
203552,Seth Curry,1610612766,CHA,34.0,2024-25,16.0,29.0,0.552,16.0,30.0,0.533,51.0,123.0,0.415,32.0,59.0,0.542
1631101,Shaedon Sharpe,1610612757,POR,22.0,2024-25,18.0,45.0,0.4,12.0,39.0,0.308,117.0,384.0,0.305,30.0,84.0,0.357
1628983,Shai Gilgeous-Alexander,1610612760,OKC,26.0,2024-25,4.0,12.0,0.333,1.0,3.0,0.333,158.0,419.0,0.377,5.0,15.0,0.333
1629003,Shake Milton,1610612747,LAL,28.0,2024-25,5.0,18.0,0.278,7.0,18.0,0.389,26.0,69.0,0.377,12.0,36.0,0.333
1631321,Sidy Cissoko,1610612757,POR,21.0,2024-25,1.0,2.0,0.5,1.0,3.0,0.333,1.0,8.0,0.125,2.0,5.0,0.4
1631323,Simone Fontecchio,1610612765,DET,29.0,2024-25,12.0,39.0,0.308,12.0,46.0,0.261,52.0,140.0,0.371,24.0,85.0,0.282
1627746,Skal Labissiere,1610612758,SAC,29.0,2024-25,0.0,0.0,0.0,0.0,0.0,0.0,1.0,1.0,1.0,0.0,0.0,0.0
203915,Spencer Dinwiddie,1610612742,DAL,32.0,2024-25,14.0,29.0,0.483,12.0,34.0,0.353,83.0,263.0,0.316,26.0,63.0,0.413
1642461,Spencer Jones,1610612743,DEN,24.0,2024-25,0.0,7.0,0.0,0.0,4.0,0.0,1.0,6.0,0.167,0.0,11.0,0.0
1630649,Stanley Umude,1610612749,MIL,26.0,2024-25,1.0,5.0,0.2,1.0,5.0,0.2,1.0,5.0,0.2,2.0,10.0,0.2
201939,Stephen Curry,1610612744,GSW,37.0,2024-25,24.0,55.0,0.436,17.0,30.0,0.567,269.0,693.0,0.388,41.0,85.0,0.482
1642264,Stephon Castle,1610612759,SAS,20.0,2024-25,5.0,16.0,0.313,12.0,34.0,0.353,78.0,279.0,0.28,17.0,50.0,0.34
203500,Steven Adams,1610612745,HOU,31.0,2024-25,0.0,0.0,0.0,0.0,0.0,0.0,0.0,0.0,0.0,0.0,0.0,0.0
1629004,Svi Mykhailiuk,1610612762,UTA,28.0,2024-25,10.0,32.0,0.313,8.0,19.0,0.421,52.0,150.0,0.347,18.0,51.0,0.353
204456,T.J. McConnell,1610612754,IND,33.0,2024-25,4.0,10.0,0.4,2.0,6.0,0.333,9.0,32.0,0.281,6.0,16.0,0.375
201959,Taj Gibson,1610612766,CHA,40.0,2024-25,1.0,1.0,1.0,0.0,1.0,0.0,0.0,0.0,0.0,1.0,2.0,0.5
1629659,Talen Horton-Tucker,1610612741,CHI,24.0,2024-25,8.0,15.0,0.533,3.0,12.0,0.25,30.0,95.0,0.316,11.0,27.0,0.407
1631106,Tari Eason,1610612745,HOU,24.0,2024-25,9.0,26.0,0.346,17.0,45.0,0.378,37.0,112.0,0.33,26.0,71.0,0.366
1627752,Taurean Prince,1610612749,MIL,31.0,2024-25,48.0,94.0,0.511,30.0,79.0,0.38,69.0,160.0,0.431,78.0,173.0,0.451
1641707,Taylor Hendricks,1610612762,UTA,21.0,2024-25,1.0,3.0,0.333,2.0,4.0,0.5,0.0,5.0,0.0,3.0,7.0,0.429
1631386,Taze Moore,1610612757,POR,27.0,2024-25,0.0,0.0,0.0,0.0,0.0,0.0,1.0,3.0,0.333,0.0,0.0,0.0
1629611,Terance Mann,1610612737,ATL,28.0,2024-25,10.0,34.0,0.294,23.0,44.0,0.523,27.0,85.0,0.318,33.0,78.0,0.423
1629056,Terence Davis,1610612758,SAC,28.0,2024-25,,,,,,,0.0,1.0,0.0,,,
1630545,Terrence Shannon Jr.,1610612750,MIN,24.0,2024-25,4.0,7.0,0.571,4.0,14.0,0.286,3.0,10.0,0.3,8.0,21.0,0.381
1626179,Terry Rozier,1610612748,MIA,31.0,2024-25,24.0,84.0,0.286,14.0,55.0,0.255,53.0,165.0,0.321,38.0,139.0,0.273
1630678,Terry Taylor,1610612758,SAC,25.0,2024-25,0.0,0.0,0.0,,,,0.0,0.0,0.0,0.0,0.0,0.0
1628418,Thomas Bryant,1610612754,IND,27.0,2024-25,9.0,25.0,0.36,13.0,28.0,0.464,26.0,95.0,0.274,22.0,53.0,0.415
1642275,Tidjane Salaün,1610612766,CHA,19.0,2024-25,12.0,26.0,0.462,4.0,20.0,0.2,42.0,159.0,0.264,16.0,46.0,0.348
203501,Tim Hardaway Jr.,1610612765,DET,33.0,2024-25,18.0,43.0,0.419,25.0,70.0,0.357,125.0,344.0,0.363,43.0,113.0,0.381
202699,Tobias Harris,1610612765,DET,32.0,2024-25,13.0,42.0,0.31,34.0,80.0,0.425,44.0,142.0,0.31,47.0,122.0,0.385
1642449,Tolu Smith,1610612765,DET,24.0,2024-25,0.0,0.0,0.0,0.0,0.0,0.0,0.0,0.0,0.0,0.0,0.0,0.0
1628396,Tony Bradley,1610612754,IND,27.0,2024-25,1.0,2.0,0.5,0.0,1.0,0.0,0.0,0.0,0.0,1.0,3.0,0.333
1628470,Torrey Craig,1610612738,BOS,34.0,2024-25,5.0,16.0,0.313,4.0,13.0,0.308,15.0,37.0,0.405,9.0,29.0,0.31
1641787,Tosan Evbuomwan,1610612751,BKN,24.0,2024-25,3.0,15.0,0.2,7.0,19.0,0.368,14.0,43.0,0.326,10.0,34.0,0.294
1641739,Toumani Camara,1610612757,POR,25.0,2024-25,28.0,78.0,0.359,29.0,83.0,0.349,78.0,198.0,0.394,57.0,161.0,0.354
1629027,Trae Young,1610612737,ATL,26.0,2024-25,8.0,19.0,0.421,14.0,32.0,0.438,195.0,586.0,0.333,22.0,51.0,0.431
1631218,Trayce Jackson-Davis,1610612744,GSW,25.0,2024-25,0.0,0.0,0.0,0.0,2.0,0.0,0.0,1.0,0.0,0.0,2.0,0.0
1630200,Tre Jones,1610612741,CHI,25.0,2024-25,5.0,13.0,0.385,6.0,11.0,0.545,8.0,24.0,0.333,11.0,24.0,0.458
1630544,Tre Mann,1610612766,CHA,24.0,2024-25,4.0,7.0,0.571,2.0,8.0,0.25,18.0,45.0,0.4,6.0,15.0,0.4
1630570,Trendon Watford,1610612751,BKN,24.0,2024-25,2.0,13.0,0.154,5.0,11.0,0.455,22.0,63.0,0.349,7.0,24.0,0.292
1642280,Trentyn Flowers,1610612746,LAC,20.0,2024-25,0.0,1.0,0.0,0.0,0.0,0.0,0.0,1.0,0.0,0.0,1.0,0.0
1630243,Trevelin Queen,1610612753,ORL,28.0,2024-25,3.0,10.0,0.3,5.0,9.0,0.556,14.0,54.0,0.259,8.0,19.0,0.421
1641725,Trey Alexander,1610612743,DEN,22.0,2024-25,1.0,2.0,0.5,1.0,3.0,0.333,1.0,12.0,0.083,2.0,5.0,0.4
1641998,Trey Jemison III,1610612747,LAL,25.0,2024-25,0.0,0.0,0.0,0.0,0.0,0.0,0.0,0.0,0.0,0.0,0.0,0.0
1626168,Trey Lyles,1610612758,SAC,29.0,2024-25,21.0,44.0,0.477,7.0,31.0,0.226,53.0,163.0,0.325,28.0,75.0,0.373
1630530,Trey Murphy III,1610612740,NOP,25.0,2024-25,21.0,41.0,0.512,13.0,32.0,0.406,124.0,364.0,0.341,34.0,73.0,0.466
202684,Tristan Thompson,1610612739,CLE,34.0,2024-25,0.0,0.0,0.0,0.0,1.0,0.0,0.0,2.0,0.0,0.0,1.0,0.0
1641774,Tristan Vukcevic,1610612764,WAS,22.0,2024-25,3.0,9.0,0.333,1.0,3.0,0.333,34.0,88.0,0.386,4.0,12.0,0.333
1641783,Tristan da Silva,1610612753,ORL,24.0,2024-25,15.0,44.0,0.341,20.0,53.0,0.377,45.0,141.0,0.319,35.0,97.0,0.361
1641803,Tristen Newton,1610612750,MIN,24.0,2024-25,0.0,0.0,0.0,0.0,0.0,0.0,0.0,3.0,0.0,0.0,0.0,0.0
1629660,Ty Jerome,1610612739,CLE,27.0,2024-25,13.0,22.0,0.591,6.0,17.0,0.353,92.0,212.0,0.434,19.0,39.0,0.487
1631102,TyTy Washington Jr.,1610612756,PHX,23.0,2024-25,2.0,4.0,0.5,0.0,4.0,0.0,2.0,13.0,0.154,2.0,8.0,0.25
1629639,Tyler Herro,1610612748,MIA,25.0,2024-25,17.0,36.0,0.472,20.0,45.0,0.444,214.0,587.0,0.365,37.0,81.0,0.457
1642278,Tyler Kolek,1610612752,NYK,24.0,2024-25,1.0,4.0,0.25,3.0,7.0,0.429,10.0,35.0,0.286,4.0,11.0,0.364
1641890,Tyler Smith,1610612749,MIL,20.0,2024-25,1.0,2.0,0.5,3.0,8.0,0.375,9.0,20.0,0.45,4.0,10.0,0.4
1630169,Tyrese Haliburton,1610612754,IND,25.0,2024-25,9.0,17.0,0.529,10.0,27.0,0.37,199.0,509.0,0.391,19.0,44.0,0.432
1631213,Tyrese Martin,1610612751,BKN,26.0,2024-25,18.0,46.0,0.391,18.0,46.0,0.391,63.0,188.0,0.335,36.0,92.0,0.391
1630178,Tyrese Maxey,1610612755,PHI,24.0,2024-25,6.0,18.0,0.333,8.0,27.0,0.296,147.0,430.0,0.342,14.0,45.0,0.311
1630623,Tyson Etienne,1610612751,BKN,25.0,2024-25,3.0,5.0,0.6,3.0,9.0,0.333,7.0,30.0,0.233,6.0,14.0,0.429
1626145,Tyus Jones,1610612756,PHX,29.0,2024-25,44.0,83.0,0.53,27.0,66.0,0.409,95.0,252.0,0.377,71.0,149.0,0.477
1642279,Ulrich Chomche,1610612761,TOR,19.0,2024-25,0.0,0.0,0.0,0.0,0.0,0.0,0.0,0.0,0.0,0.0,0.0,0.0
203995,Vasilije Micic,1610612756,PHX,31.0,2024-25,0.0,1.0,0.0,1.0,3.0,0.333,44.0,121.0,0.364,1.0,4.0,0.25
1641705,Victor Wembanyama,1610612759,SAS,21.0,2024-25,5.0,20.0,0.25,4.0,7.0,0.571,133.0,370.0,0.359,9.0,27.0,0.333
1631246,Vince Williams Jr.,1610612763,MEM,24.0,2024-25,8.0,17.0,0.471,4.0,12.0,0.333,14.0,65.0,0.215,12.0,29.0,0.414
1628427,Vlatko Čančar,1610612743,DEN,28.0,2024-25,0.0,1.0,0.0,2.0,3.0,0.667,2.0,11.0,0.182,2.0,4.0,0.5
1630249,Vít Krejčí,1610612737,ATL,25.0,2024-25,9.0,24.0,0.375,16.0,22.0,0.727,65.0,160.0,0.406,25.0,46.0,0.543
1631117,Walker Kessler,1610612762,UTA,23.0,2024-25,4.0,7.0,0.571,0.0,1.0,0.0,2.0,25.0,0.08,4.0,8.0,0.5
1628976,Wendell Carter Jr.,1610612753,ORL,26.0,2024-25,10.0,37.0,0.27,5.0,21.0,0.238,22.0,100.0,0.22,15.0,58.0,0.259
1631111,Wendell Moore Jr.,1610612766,CHA,23.0,2024-25,5.0,10.0,0.5,4.0,12.0,0.333,5.0,19.0,0.263,9.0,22.0,0.409
1630214,Xavier Tillman,1610612738,BOS,26.0,2024-25,0.0,8.0,0.0,1.0,5.0,0.2,4.0,19.0,0.211,1.0,13.0,0.077
1642530,Yuki Kawamura,1610612763,MEM,24.0,2024-25,0.0,0.0,0.0,1.0,3.0,0.333,6.0,20.0,0.3,1.0,3.0,0.333
1641879,Yuri Collins,1610612744,GSW,24.0,2024-25,0.0,0.0,0.0,0.0,0.0,0.0,0.0,0.0,0.0,0.0,0.0,0.0
1642274,Yves Missi,1610612740,NOP,21.0,2024-25,0.0,0.0,0.0,0.0,0.0,0.0,0.0,0.0,0.0,0.0,0.0,0.0
1642258,Zaccharie Risacher,1610612737,ATL,20.0,2024-25,34.0,73.0,0.466,30.0,73.0,0.411,58.0,198.0,0.293,64.0,146.0,0.438
1628380,Zach Collins,1610612741,CHI,27.0,2024-25,4.0,11.0,0.364,3.0,14.0,0.214,25.0,81.0,0.309,7.0,25.0,0.28
1641744,Zach Edey,1610612763,MEM,23.0,2024-25,2.0,9.0,0.222,2.0,7.0,0.286,14.0,36.0,0.389,4.0,16.0,0.25
203897,Zach LaVine,1610612758,SAC,30.0,2024-25,26.0,50.0,0.52,18.0,44.0,0.409,195.0,442.0,0.441,44.0,94.0,0.468
1630192,Zeke Nnaji,1610612743,DEN,24.0,2024-25,3.0,12.0,0.25,6.0,16.0,0.375,8.0,24.0,0.333,9.0,28.0,0.321
1630533,Ziaire Williams,1610612751,BKN,23.0,2024-25,18.0,54.0,0.333,22.0,75.0,0.293,63.0,171.0,0.368,40.0,129.0,0.31
1629627,Zion Williamson,1610612740,NOP,24.0,2024-25,0.0,1.0,0.0,0.0,0.0,0.0,3.0,11.0,0.273,0.0,1.0,0.0
1642389,Zyon Pullin,1610612763,MEM,24.0,2024-25,,,,0.0,0.0,0.0,0.0,0.0,0.0,0.0,0.0,0.0
